concept,neighbor,cosine_similarity,rank
為る,行使,0.971299,1
為る,遂げる,0.970575,2
為る,行う,0.968596,3
為る,取り組む,0.96384,4
為る,実践,0.961108,5
居る,留まる,0.976259,1
居る,滞在,0.972251,2
居る,暮らす,0.970192,3
居る,体,0.963063,4
居る,現物,0.962174,5
御,経,0.972831,1
御,伝,0.9625,2
御,仲,0.957812,3
御,君,0.957739,4
御,士,0.957308,5
有る,要素,0.98006,1
有る,言及,0.973559,2
有る,所在,0.970834,3
有る,要する,0.97036,4
有る,入る,0.966457,5
成る,続く,0.943342,1
成る,論,0.942175,2
成る,生,0.940611,3
成る,成る可く,0.938738,4
成る,出来上がる,0.938526,5
か,み,0.994008,1
か,き,0.992158,2
か,じ,0.990612,3
か,ぐ,0.990213,4
か,ま,0.989664,5
言う,問う,0.971984,1
言う,向ける,0.967292,2
言う,セリフ,0.96517,3
言う,講じる,0.964724,4
言う,向き合う,0.961344,5
出来る,進める,0.962161,1
出来る,行う,0.962038,2
出来る,めざす,0.95984,3
出来る,能,0.958972,4
出来る,続ける,0.958762,5
無い,無し,0.965413,1
無い,不在,0.948063,2
無い,無,0.934595,3
無い,陰性,0.926653,4
無い,非,0.925847,5
ず,む,0.990573,1
ず,げ,0.984876,2
ず,ぶ,0.983634,3
ず,ひ,0.983382,4
ず,い,0.982282,5
見る,聞く,0.979302,1
見る,観察,0.963413,2
見る,聞こえる,0.962675,3
見る,読み取る,0.952747,4
見る,問い,0.95124,5
方,一環,0.971266,1
方,節,0.966245,2
方,欄,0.965345,3
方,型,0.965311,4
方,量,0.965114,5
思う,感じる,0.970285,1
思う,感覚,0.968559,2
思う,体感,0.962946,3
思う,経験,0.961155,4
思う,考え,0.961137,5
良い,良好,0.997391,1
良い,グッド,0.995276,2
良い,良く,0.993257,3
良い,好,0.990602,4
良い,優良,0.978228,5
行く,取る,0.982972,1
行く,運ぶ,0.977826,2
行く,開ける,0.973902,3
行く,触る,0.971031,4
行く,触れる,0.968632,5
人,ヒューマン,0.984123,1
人,人間,0.973978,2
人,人々,0.960077,3
人,ライフ,0.948643,4
人,生活,0.948368,5
其の,者,0.986371,1
其の,此の,0.985327,2
其の,題する,0.984892,3
其の,此方,0.982248,4
其の,状,0.98224,5
ね,もん,0.991226,1
ね,たま,0.977185,2
ね,ふ,0.971321,3
ね,つ,0.970208,4
ね,ち,0.967509,5
年,世代,0.956132,1
年,週,0.954284,2
年,年々,0.952208,3
年,毎月,0.950652,4
年,毎週,0.950488,5
此の,其の,0.985327,1
此の,かく,0.980587,2
此の,此方,0.980307,3
此の,当該,0.980303,4
此の,ー,0.980138,5
日,サン,0.967235,1
日,陽,0.953301,2
日,明,0.95073,3
日,東,0.940943,4
日,至る,0.937832,5
さん,係,0.979783,1
さん,か,0.976222,2
さん,項,0.976043,3
さん,つう,0.97501,4
さん,ごと,0.973432,5
下さる,賜る,0.962789,1
下さる,済む,0.961218,2
下さる,備わる,0.955661,3
下さる,誠,0.951943,4
下さる,礼,0.9494,5
為,s,0.98613,1
為,p,0.984376,2
為,c,0.984334,3
為,j,0.983642,4
為,基づく,0.982681,5
時,到着,0.971859,1
時,沿い,0.962405,2
時,年々,0.961739,3
時,月間,0.961326,4
時,デー,0.959559,5
ば,む,0.990305,1
ば,ぜ,0.982378,2
ば,しょう,0.98002,3
ば,ず,0.979804,4
ば,どん,0.976665,5
物,形,0.967703,1
物,対象,0.966278,2
物,テクスチャー,0.966038,3
物,表面,0.964477,4
物,素材,0.963581,5
来る,来,0.968847,1
来る,行き,0.965743,2
来る,向ける,0.963143,3
来る,到来,0.960795,4
来る,訪れる,0.959362,5
月,丘,0.946219,1
月,山,0.94587,2
月,ノース,0.933145,3
月,天,0.92491,4
月,北,0.917691,5
頂く,要る,0.975869,1
頂く,たり,0.971061,2
頂く,たって,0.968492,3
頂く,番,0.959976,4
頂く,さら,0.957026,5
場合,方面,0.967645,1
場合,前提,0.964529,2
場合,おける,0.960802,3
場合,同じく,0.959218,4
場合,関する,0.958911,5
中,状,0.98803,1
中,的中,0.986676,2
中,ミドル,0.986612,3
中,一部,0.984492,4
中,中間,0.984006,5
使う,用いる,0.987073,1
使う,使い,0.977383,2
使う,出掛ける,0.974815,3
使う,購入者,0.963065,4
使う,乗る,0.959113,5
つく,作,0.980126,1
つく,編,0.975506,2
つく,プレ,0.974871,3
つく,能,0.971666,4
つく,成す,0.970448,5
よる,息,0.916759,1
よる,残る,0.907242,2
よる,ナイト,0.905267,3
よる,待つ,0.902811,4
よる,静か,0.901422,5
此れ,其れ,0.983721,1
此れ,原,0.978472,2
此れ,然も,0.975502,3
此れ,ふる,0.963055,4
此れ,かしら,0.958922,5
何,選択肢,0.987725,1
何,f,0.987711,2
何,続き,0.987241,3
何,OP,0.987107,4
何,t,0.986931,5
てる,まい,0.977231,1
てる,てく,0.974302,2
てる,プレ,0.96995,3
てる,り,0.969297,4
てる,ぎ,0.967988,5
又,まじ,0.949044,1
又,びっ,0.938568,2
又,次,0.932044,3
又,ば,0.923872,4
又,又々,0.919315,5
よ,ち,0.986543,1
よ,じゃ,0.985801,2
よ,げ,0.98098,3
よ,つ,0.979192,4
よ,ず,0.977971,5
仕舞う,仕舞い,0.956596,1
仕舞う,御,0.946528,2
仕舞う,坊,0.921588,3
仕舞う,挙式,0.921283,4
仕舞う,御数,0.913507,5
其れ,此れ,0.983721,1
其れ,一方,0.971132,2
其れ,原,0.970103,3
其れ,彼れ,0.967845,4
其れ,どなた,0.964623,5
自分,自己,0.989543,1
自分,私自身,0.985429,2
自分,御自身,0.981223,3
自分,自分自身,0.978494,4
自分,自身,0.977276,5
私,自,0.980826,1
私,個,0.974203,2
私,以内,0.971724,3
私,我が,0.968739,4
私,個別,0.968128,5
時間,タイム,0.980187,1
時間,視覚,0.94819,2
時間,時刻,0.938775,3
時間,見通し,0.936024,4
時間,資源,0.929824,5
後,間,0.958059,1
後,末,0.94209,2
後,ラスト,0.939479,3
後,アンド,0.934739,4
後,卒,0.93112,5
等,平,0.978881,1
等,同一,0.973285,2
等,同じ,0.971637,3
等,所在,0.966424,4
等,要素,0.966245,5
円,球,0.967943,1
円,直線,0.965965,2
円,真っ直ぐ,0.962265,3
円,円形,0.962196,4
円,丸,0.956009,5
たり,要る,0.977238,1
たり,ろ,0.976973,2
たり,さら,0.976758,3
たり,へん,0.976603,4
たり,じ,0.974854,5
様,中島,0.973106,1
様,的中,0.964209,2
様,其の,0.964194,3
様,里,0.961381,4
様,伝,0.960996,5
つ,ふ,0.99273,1
つ,ち,0.989432,2
つ,し,0.986997,3
つ,む,0.985335,4
つ,い,0.981373,5
おる,下す,0.960506,1
おる,おお,0.95954,2
おる,脇,0.948802,3
おる,返し,0.94868,4
おる,たん,0.947531,5
多い,沢山,0.966464,1
多い,数多く,0.947593,2
多い,大量,0.946428,3
多い,大勢,0.924709,4
多い,広がり,0.921987,5
って,えー,0.962491,1
って,ぉ,0.952514,2
って,すら,0.94245,3
って,っ,0.941233,4
って,ん,0.940591,5
情報,リソース,0.955108,1
情報,資料,0.941372,2
情報,科目,0.939801,3
情報,論理,0.938736,4
情報,職種,0.934291,5
者,其の,0.986371,1
者,誰,0.98226,2
者,此方,0.978845,3
者,有,0.978682,4
者,有り,0.977435,5
必要,必要性,0.971105,1
必要,存知,0.951612,2
必要,備える,0.943116,3
必要,読み,0.94235,4
必要,居住,0.940611,5
さ,こ,0.986282,1
さ,す,0.985298,2
さ,な,0.98488,3
さ,じゃ,0.976613,4
さ,ふ,0.97428,5
紹介,含める,0.972297,1
紹介,メンバー,0.967619,2
紹介,表す,0.963004,3
紹介,項,0.962397,4
紹介,合意,0.961873,5
行う,取り組む,0.979916,1
行う,為る,0.968596,2
行う,遂げる,0.965688,3
行う,アプローチ,0.965599,4
行う,果たす,0.964475,5
的,おける,0.975546,1
的,同じく,0.974616,2
的,同,0.97439,3
的,条,0.973188,4
的,in,0.971675,5
な,す,0.987419,1
な,じゃ,0.985125,2
な,さ,0.98488,3
な,こ,0.982945,4
な,ふ,0.979326,5
日本,ジャパン,0.977673,1
日本,京都市,0.96347,2
日本,神戸市,0.957253,3
日本,神戸,0.951642,4
日本,英国,0.947474,5
所,段,0.985182,1
所,度,0.981919,2
所,条,0.979985,3
所,里,0.978868,4
所,録,0.978424,5
前,先,0.971429,1
前,即,0.968843,2
前,し,0.966361,3
前,回,0.964774,4
前,な,0.964008,5
おく,留める,0.97575,1
おく,すむ,0.966834,2
おく,宿,0.965847,3
おく,置き,0.965667,4
おく,在留,0.96494,5
第,ド,0.986442,1
第,在,0.98435,2
第,d,0.983668,3
第,ver,0.983289,4
第,by,0.983015,5
分かる,答える,0.961284,1
分かる,適当,0.959507,2
分かる,テキスト,0.95949,3
分かる,表す,0.958486,4
分かる,ノーマル,0.95678,5
他,彼れ,0.976744,1
他,一方,0.960648,2
他,彼,0.960035,3
他,どう,0.95559,4
他,扱い,0.954037,5
方法,解析,0.975635,1
方法,手法,0.967868,2
方法,作用,0.961576,3
方法,方式,0.958035,4
方法,機能,0.957299,5
持つ,所持,0.983092,1
持つ,持ち,0.981787,2
持つ,本人,0.979945,3
持つ,就く,0.975579,4
持つ,対象者,0.972474,5
取る,行く,0.982972,1
取る,取り出す,0.972099,2
取る,送る,0.96818,3
取る,取り寄せる,0.96642,4
取る,引き取る,0.966316,5
けれど,欠ける,0.9364,1
けれど,未,0.933674,2
けれど,不備,0.931653,3
けれど,アンダー,0.929446,4
けれど,不足,0.92686,5
作る,書き込み,0.937651,1
作る,操る,0.93711,2
作る,操作,0.935895,3
作る,取り組む,0.922986,4
作る,処置,0.920508,5
分,即,0.947588,1
分,in,0.944275,2
分,(^O^),0.94262,3
分,その,0.940256,4
分,前,0.93864,5
商品,製品,0.971265,1
商品,品目,0.961861,2
商品,器,0.956089,3
商品,アイテム,0.956061,4
商品,プロフィール,0.953873,5
考える,思考,0.993709,1
考える,考え,0.966629,2
考える,振り返る,0.955443,3
考える,思い出す,0.954685,4
考える,認知,0.944709,5
呉れる,ちゃう,0.869007,1
呉れる,びっ,0.863128,2
呉れる,扠,0.861431,3
呉れる,あんな,0.860882,4
呉れる,因む,0.859772,5
出る,出す,0.978179,1
出る,放出,0.961915,2
出る,回り,0.959275,3
出る,通す,0.95927,4
出る,来る,0.957574,5
使用,用,0.979676,1
使用,to,0.970362,2
使用,使い,0.967793,3
使用,作,0.966648,4
使用,選定,0.966495,5
目,ヘッド,0.972329,1
目,視,0.968515,2
目,目線,0.963646,3
目,フット,0.958196,4
目,はかる,0.956426,5
気,映る,0.933046,1
気,晩,0.930611,2
気,時,0.926046,3
気,経つ,0.923728,4
気,エコー,0.92274,5
遣る,引き取る,0.963128,1
遣る,替える,0.959749,2
遣る,取る,0.956513,3
遣る,返る,0.953155,4
遣る,回す,0.95114,5
易い,手軽,0.957737,1
易い,容易,0.949679,2
易い,あっさり,0.943863,3
易い,簡単,0.930756,4
易い,簡易,0.925265,5
可能,セカンド,0.878152,1
可能,中々,0.875176,2
可能,半,0.870447,3
可能,時々,0.869723,4
可能,間に合う,0.869411,5
此方,其の,0.982248,1
此方,此の,0.980307,2
此方,者,0.978845,3
此方,甲,0.978747,4
此方,有,0.978289,5
利用,投入,0.96841,1
利用,作用,0.963652,2
利用,使用,0.958352,3
利用,更新,0.958191,4
利用,起用,0.955498,5
どう,どういう,0.973318,1
どう,こう,0.970975,2
どう,ふ,0.970828,3
どう,つ,0.970356,4
どう,ろ,0.969456,5
事,文句,0.984663,1
事,テキスト,0.984296,2
事,文,0.982107,3
事,トピック,0.981633,4
事,類,0.97855,5
高い,上位,0.948141,1
高い,高,0.943212,2
高い,大,0.937315,3
高い,大きな,0.93647,4
高い,最大,0.932259,5
今回,次回,0.960671,1
今回,次ぐ,0.958844,2
今回,今度,0.957533,3
今回,関連,0.957228,4
今回,今,0.95535,5
皆,都,0.985482,1
皆,同様,0.970075,2
皆,概ね,0.96588,3
皆,常,0.964231,4
皆,テーマ,0.962188,5
上,奥,0.967227,1
上,以降,0.965512,2
上,其方,0.965057,3
上,満,0.963875,4
上,フル,0.962181,5
今,随時,0.966965,1
今,今週,0.964274,2
今,いま,0.963368,3
今,今回,0.95535,4
今,直近,0.954483,5
会社,企業,0.98287,1
会社,カンパニー,0.975287,2
会社,株式会社,0.975228,3
会社,商社,0.972863,4
会社,商売,0.971932,5
致す,受け止める,0.967063,1
致す,認める,0.96527,2
致す,了承,0.960923,3
致す,寄る,0.959723,4
致す,づける,0.958832,5
ながら,引く,0.952255,1
ながら,向く,0.94444,2
ながら,再び,0.934586,3
ながら,向ける,0.93382,4
ながら,或る,0.933719,5
御座る,歴,0.923593,1
御座る,道,0.919418,2
御座る,原則,0.918457,3
御座る,御覧,0.915314,4
御座る,御節,0.912776,5
回,ろ,0.979863,1
回,し,0.979152,2
回,つ,0.971164,3
回,ねん,0.97101,4
回,ごと,0.970055,5
購入,買い,0.989752,1
購入,購買,0.986518,2
購入,買う,0.983267,3
購入,入手,0.979149,4
購入,お買い上げ,0.974878,5
達,シン,0.983323,1
達,価,0.981075,2
達,特,0.981055,3
達,博,0.980618,4
達,トレ,0.980067,5
本,冊,0.960894,1
本,レコード,0.959938,2
本,ブック,0.950638,3
本,章,0.947343,4
本,本の,0.945861,5
入る,受け取り,0.972135,1
入る,有る,0.966457,2
入る,到着,0.965318,3
入る,着く,0.964666,4
入る,言及,0.96316,5
仕事,工作,0.991774,1
仕事,働く,0.959963,2
仕事,ジョブ,0.959789,3
仕事,管理,0.95786,4
仕事,ビジネス,0.954908,5
子供,チャイルド,0.983715,1
子供,子供達,0.976603,2
子供,児童,0.971258,3
子供,小児,0.966575,4
子供,児,0.962185,5
知る,読み,0.965526,1
知る,読み取る,0.964576,2
知る,頭,0.955945,3
知る,覚える,0.955542,4
知る,留意,0.952765,5
し,ふ,0.991146,1
し,つ,0.986997,2
し,ろ,0.986755,3
し,こ,0.983932,4
し,ねん,0.982402,5
話,話す,0.977212,1
話,会話,0.969728,2
話,講じる,0.965864,3
話,対話,0.961912,4
話,セリフ,0.961178,5
以上,上記,0.98737,1
以上,一部,0.973917,2
以上,前述,0.973636,3
以上,題する,0.971966,4
以上,案,0.971656,5
無料,無償,0.975797,1
無料,低価格,0.905789,2
無料,格安,0.899499,3
無料,安価,0.886711,4
無料,半額,0.885729,5
用,要,0.984543,1
用,to,0.983327,2
用,u,0.982263,3
用,使用,0.979676,4
用,選,0.977703,5
店,店舗,0.993905,1
店,ショップ,0.992919,2
店,商店,0.989671,3
店,店頭,0.970363,4
店,販売店,0.96097,5
確認,計上,0.975759,1
確認,取り扱い,0.971405,2
確認,取り扱う,0.966735,3
確認,承認,0.961992,4
確認,輸入,0.960806,5
サービス,コース,0.970932,1
サービス,講習,0.965474,2
サービス,ジョブ,0.965056,3
サービス,ワーク,0.956893,4
サービス,応用,0.955866,5
貰う,就く,0.968734,1
貰う,受け取る,0.967053,2
貰う,着く,0.964206,3
貰う,受ける,0.963497,4
貰う,取り寄せる,0.961219,5
感じる,思う,0.970285,1
感じる,感覚,0.969749,2
感じる,体感,0.965604,3
感じる,感じ,0.965415,4
感じる,実感,0.961486,5
記事,文章,0.984119,1
記事,解説,0.977397,2
記事,講座,0.96332,3
記事,講演,0.962252,4
記事,コンテンツ,0.959216,5
食べる,食らう,0.979658,1
食べる,食う,0.977277,2
食べる,飲む,0.954376,3
食べる,呼吸,0.952625,4
食べる,帰る,0.952573,5
サイト,施設,0.975777,1
サイト,ホームページ,0.964641,2
サイト,道路,0.963029,3
サイト,号線,0.95656,4
サイト,ポータル,0.95527,5
受ける,受け取る,0.97477,1
受ける,就く,0.967625,2
受ける,貰う,0.963497,3
受ける,どなた,0.963274,4
受ける,受け取り,0.959381,5
対応,合意,0.978243,1
対応,メンバー,0.977574,2
対応,員,0.976907,3
対応,含める,0.972916,4
対応,関する,0.971791,5
迚も,なんて,0.889425,1
迚も,何気,0.879234,2
迚も,ぽい,0.874725,3
迚も,ぇ,0.872616,4
迚も,緩む,0.870488,5
少し,些細,0.972728,1
少し,少々,0.966679,2
少し,微,0.964132,3
少し,少量,0.958401,4
少し,小,0.957353,5
此処,背景,0.979955,1
此処,何処,0.970954,2
此処,並ぶ,0.965213,3
此処,水平,0.962036,4
此処,どこ,0.961656,5
入れる,ワン,0.970306,1
入れる,入れ,0.969502,2
入れる,掛かる,0.961386,3
入れる,入る,0.956229,4
入れる,戻る,0.954024,5
ポイント,スタンド,0.955745,1
ポイント,オーダー,0.929091,2
ポイント,トーク,0.928639,3
ポイント,com,0.92742,4
ポイント,レート,0.923773,5
そんな,って,0.934616,1
そんな,すら,0.933443,2
そんな,なんて,0.92588,3
そんな,えー,0.924702,4
そんな,ううん,0.924072,5
書く,書き,0.967234,1
書く,執筆,0.964264,2
書く,写る,0.963716,3
書く,書き込む,0.952327,4
書く,読み,0.943336,5
出す,出る,0.978179,1
出す,通す,0.96589,2
出す,出し,0.963911,3
出す,向ける,0.959172,4
出す,放出,0.958658,5
くらい,ゆう,0.977421,1
くらい,ふく,0.971469,2
くらい,着,0.969149,3
くらい,つき,0.968964,4
くらい,有り,0.967939,5
写真,フォト,0.973277,1
写真,画像,0.954965,2
写真,本の,0.939075,3
写真,物件,0.930344,4
写真,品物,0.924663,5
聞く,見る,0.979302,1
聞く,聞こえる,0.970288,2
聞く,触る,0.958635,3
聞く,尋ねる,0.952879,4
聞く,口,0.950783,5
内容,文,0.988535,1
内容,題材,0.977217,2
内容,文句,0.97713,3
内容,事,0.976846,4
内容,題,0.976495,5
人気,大人気,0.976549,1
人気,流行る,0.964182,2
人気,売れる,0.928485,3
人気,盛り上げる,0.922359,4
人気,流行,0.915155,5
性,昨夜,0.743711,1
性,費やす,0.74276,2
性,におい,0.733758,3
性,やら,0.73351,4
性,出費,0.730705,5
楽しむ,喜ぶ,0.977541,1
楽しむ,楽しみ,0.966065,2
楽しむ,喜び,0.963015,3
楽しむ,幸せ,0.958184,4
楽しむ,楽々,0.955213,5
問題,現,0.948594,1
問題,前後,0.946959,2
問題,毎,0.94016,3
問題,他,0.937851,4
問題,場合,0.93779,5
関する,類,0.983662,1
関する,向け,0.981544,2
関する,関連,0.977664,3
関する,系,0.97752,4
関する,的中,0.977293,5
読む,読み,0.965923,1
読む,学ぶ,0.94981,2
読む,復習,0.948646,3
読む,読書,0.946745,4
読む,歩む,0.945167,5
知れる,師,0.96083,1
知れる,知見,0.952052,2
知れる,コラム,0.951719,3
知れる,知,0.949568,4
知れる,先生,0.946183,5
数,本数,0.981994,1
数,数値,0.969579,2
数,位置,0.966297,3
数,ロケーション,0.964658,4
数,面積,0.964066,5
貴方,名,0.974932,1
貴方,品,0.965611,2
貴方,選定,0.963128,3
貴方,在住,0.961528,4
貴方,着,0.961074,5
大,大きな,0.987145,1
大,グランド,0.974401,2
大,大型,0.96867,3
大,九,0.964572,4
大,メジャー,0.960382,5
同じ,同一,0.981126,1
同じ,等,0.971637,2
同じ,同等,0.968135,3
同じ,均一,0.955635,4
同じ,番目,0.954553,5
市,城,0.974472,1
市,放送,0.972457,2
市,ステージ,0.967805,3
市,球団,0.96742,4
市,会社,0.961112,5
次,半,0.944812,1
次,分,0.93513,2
次,二,0.934535,3
次,又,0.932044,4
次,セカンド,0.928142,5
状態,そのまま,0.971308,1
状態,所在,0.970762,2
状態,等,0.966166,3
状態,値,0.965445,4
状態,条件,0.965273,5
世界,ワールド,0.98025,1
世界,世界観,0.92107,2
世界,国,0.911888,3
世界,国家,0.910871,4
世界,世界的,0.909166,5
相談,手助け,0.94758,1
相談,携わる,0.943916,2
相談,顧客,0.941192,3
相談,遣り方,0.937308,4
相談,見舞い,0.936716,5
全て,全部,0.97882,1
全て,全,0.956238,2
全て,オール,0.954354,3
全て,整体,0.944896,4
全て,総,0.942555,5
本当,真,0.957376,1
本当,本物,0.933273,2
本当,確実,0.93143,3
本当,判明,0.929506,4
本当,確か,0.923693,5
効果,延長,0.96022,1
効果,続ける,0.957671,2
効果,能,0.957069,3
効果,及ぼす,0.954509,4
効果,続く,0.953001,5
選ぶ,選び,0.986926,1
選ぶ,選択,0.977044,2
選ぶ,我,0.966091,3
選ぶ,用いる,0.965282,4
選ぶ,使い,0.96213,5
買う,購入,0.983267,1
買う,買い,0.979248,2
買う,入手,0.972717,3
買う,購買,0.967033,4
買う,送付,0.964342,5
女性,婦人,0.98236,1
女性,女,0.970584,2
女性,女子,0.963134,3
女性,目元,0.941136,4
女性,夫妻,0.935504,5
セット,型,0.967708,1
セット,レイヤー,0.964287,2
セット,タイプ,0.961361,3
セット,セッティング,0.96078,4
セット,列,0.960605,5
上げる,引き上げる,0.953755,1
上げる,張る,0.949898,2
上げる,伸ばす,0.948054,3
上げる,向かう,0.945516,4
上げる,ターン,0.945489,5
サイズ,オブジェクト,0.946129,1
サイズ,種別,0.943241,2
サイズ,時点,0.94258,3
サイズ,フロア,0.940909,4
サイズ,窓,0.940862,5
会,接する,0.978162,1
会,有,0.97338,2
会,現,0.972373,3
会,有り,0.971604,4
会,きく,0.970825,5
是非,片方,0.919679,1
是非,おる,0.910408,2
是非,有無,0.909007,3
是非,下す,0.907982,4
是非,返す,0.905704,5
付く,付け,0.978487,1
付く,当てる,0.968639,2
付く,取り,0.966737,3
付く,付ける,0.961169,4
付く,約,0.960646,5
点,ドット,0.936866,1
点,粒,0.930972,2
点,ピン,0.9002,3
点,インチ,0.898855,4
点,リットル,0.895648,5
好き,喜ぶ,0.974992,1
好き,大好き,0.967256,2
好き,好む,0.963689,3
好き,感激,0.960797,4
好き,再会,0.959174,5
もう,過ぎ,0.956714,1
もう,どうせ,0.932235,2
もう,故,0.929035,3
もう,ストール,0.922263,4
もう,そんな,0.920919,5
良く,良い,0.993257,1
良く,良好,0.992965,2
良く,グッド,0.990895,3
良く,好,0.990103,4
良く,優良,0.979883,5
然し,但し,0.934571,1
然し,仕方,0.921049,2
然し,格別,0.917019,3
然し,前回,0.9114,4
然し,未だ,0.904361,5
場所,地点,0.994937,1
場所,ロケーション,0.988717,2
場所,プレース,0.977311,3
場所,エリア,0.965919,4
場所,事実,0.962688,5
今日,本日,0.986572,1
今日,現在,0.968569,2
今日,当日,0.962002,3
今日,今月,0.960253,4
今日,今時,0.949293,5
内,以内,0.985933,1
内,中身,0.974313,2
内,自,0.970461,3
内,内部,0.965803,4
内,うち,0.965755,5
色,単語,0.938601,1
色,見える,0.937519,2
色,見,0.936773,3
色,通称,0.936354,4
色,週,0.93287,5
御勧め,メリット,0.98416,1
御勧め,利点,0.975041,2
御勧め,長所,0.974485,3
御勧め,肯定,0.972462,4
御勧め,グッド,0.967961,5
簡単,単純,0.982651,1
簡単,シンプル,0.979114,2
簡単,簡易,0.975616,3
簡単,ベーシック,0.940514,4
簡単,素麺,0.937294,5
力,割る,0.958983,1
力,切る,0.939609,2
力,捕まえる,0.908265,3
力,打つ,0.907797,4
力,狙う,0.904307,5
掛かる,入れる,0.961386,1
掛かる,受ける,0.954696,2
掛かる,受け取る,0.954417,3
掛かる,就く,0.952934,4
掛かる,受け取り,0.952496,5
度,所,0.981919,1
度,節,0.980489,2
度,量,0.979049,3
度,段,0.978198,4
度,欄,0.97749,5
デザイン,設計,0.974752,1
デザイン,造形,0.943019,2
デザイン,生成,0.929443,3
デザイン,応用,0.927909,4
デザイン,ソリューション,0.922437,5
始める,始め,0.965324,1
始める,着手,0.964171,2
始める,依頼,0.963403,3
始める,出発,0.960183,4
始める,開始,0.958508,5
家,お家,0.991501,1
家,ホーム,0.981571,2
家,マイホーム,0.979721,3
家,我が家,0.978007,4
家,家庭,0.977924,5
参加,参加者,0.976938,1
参加,参画,0.970016,2
参加,講じる,0.949275,3
参加,交換,0.948905,4
参加,出場,0.947293,5
対する,回,0.961248,1
対する,毎,0.960738,2
対する,対,0.958572,3
対する,頃,0.956426,4
対する,別名,0.954634,5
ブログ,チャット,0.943816,1
ブログ,半袖,0.907336,2
ブログ,助手,0.901694,3
ブログ,アシスト,0.901358,4
ブログ,投稿,0.897455,5
以下,下記,0.997302,1
以下,〇,0.994001,2
以下,イ,0.986191,3
以下,X1,0.984519,4
以下,一種,0.983819,5
際,博,0.985966,1
際,シン,0.979589,2
際,以降,0.978196,3
際,トレ,0.977151,4
際,プレ,0.977092,5
開催,開催中,0.970964,1
開催,出演,0.966369,2
開催,発表,0.963732,3
開催,公表,0.958423,4
開催,業種,0.95759,5
カード,眼鏡,0.962949,1
カード,ウォッチ,0.960516,2
カード,杯,0.958018,3
カード,カップ,0.957279,4
カード,ボールペン,0.955392,5
生活,ライフ,0.984149,1
生活,生涯,0.968775,2
生活,生きる,0.956066,3
生活,ヒューマン,0.954463,4
生活,人,0.948368,5
過ぎる,過ぎ,0.893642,1
過ぎる,余計,0.872985,2
過ぎる,ギャップ,0.864686,3
過ぎる,太る,0.858958,4
過ぎる,故,0.852429,5
大きい,最長,0.955915,1
大きい,長,0.954593,2
大きい,大きな,0.951688,3
大きい,太,0.94334,4
大きい,大量,0.940186,5
現在,今時,0.968742,1
現在,今日,0.968569,2
現在,今年,0.960039,3
現在,本年,0.943471,4
現在,当日,0.935462,5
先ず,一先ず,0.984923,1
先ず,はじめ,0.964831,2
先ず,もと,0.964658,3
先ず,一応,0.961002,4
先ず,入れ,0.960972,5
販売,売り,0.971045,1
販売,出店,0.963692,2
販売,リクルート,0.960698,3
販売,発売,0.956512,4
販売,事業者,0.956259,5
沢山,多い,0.966464,1
沢山,数多く,0.959018,2
沢山,大量,0.958971,3
沢山,膨大,0.946802,4
沢山,多く,0.941796,5
手,ハンド,0.979755,1
手,右手,0.969762,2
手,頭,0.962168,3
手,手足,0.960768,4
手,頭部,0.955419,5
更に,更なる,0.979602,1
更に,倍,0.972599,2
更に,益々,0.967893,3
更に,もっと,0.966604,4
更に,最多,0.954164,5
名,指,0.979879,1
名,着,0.977753,2
名,貴方,0.974932,3
名,項,0.974234,4
名,記,0.974074,5
企業,会社,0.98287,1
企業,商業,0.980056,2
企業,ビジネス,0.979144,3
企業,カンパニー,0.977242,4
企業,プレス,0.970445,5
動画,ビデオ,0.992141,1
動画,映像,0.960924,2
動画,オンライン,0.946324,3
動画,配信,0.944972,4
動画,経済的,0.896496,5
合わせる,和,0.963145,1
合わせる,的中,0.95863,2
合わせる,対応,0.957385,3
合わせる,調,0.95463,4
合わせる,合わせ,0.953401,5
結果,出来上がり,0.976309,1
結果,案,0.966895,2
結果,結論,0.965908,3
結果,結果的,0.964503,4
結果,判明,0.962969,5
東京,上海,0.987486,1
東京,大阪市,0.970345,2
東京,北京,0.967142,3
東京,大阪,0.966867,4
東京,東京都,0.96524,5
訳,答える,0.970497,1
訳,主に,0.967267,2
訳,判断,0.967053,3
訳,要約,0.966253,4
訳,解析,0.966106,5
楽しい,楽しみ,0.954058,1
楽しい,陽気,0.949998,2
楽しい,趣味,0.94156,3
楽しい,ハッピー,0.918086,4
楽しい,わくわく,0.9158,5
理由,考慮,0.969179,1
理由,存知,0.968621,2
理由,中身,0.96696,3
理由,基調,0.962117,4
理由,主体,0.961029,5
車,車両,0.985218,1
車,自動車,0.974694,2
車,カー,0.97171,3
車,Windows,0.950409,4
車,マイカー,0.946165,5
味,フレーバー,0.954231,1
味,香り,0.935661,2
味,感覚,0.932088,3
味,味覚,0.928226,4
味,風味,0.926802,5
間,後,0.958059,1
間,とある,0.95472,2
間,後々,0.95439,3
間,頃,0.954003,4
間,あら,0.950173,5
確り,定着,0.967579,1
確り,証,0.966017,2
確り,据える,0.964813,3
確り,守,0.964635,4
確り,済み,0.962593,5
約,向け,0.984564,1
約,有,0.982061,2
約,代,0.979554,3
約,部,0.977396,4
約,д,0.975842,5
感じ,気持ち,0.977454,1
感じ,感じる,0.965415,2
感じ,実感,0.961107,3
感じ,ムード,0.957985,4
感じ,気分,0.957135,5
地域,地区,0.9774,1
地域,区域,0.970407,2
地域,産地,0.96709,3
地域,ロケーション,0.961259,4
地域,地点,0.951289,5
感,なれる,0.965526,1
感,感想,0.957809,2
感,受け入れる,0.95545,3
感,自ら,0.953191,4
感,実感,0.951889,5
かける,張る,0.97304,1
かける,キャッチ,0.972706,2
かける,発,0.96192,3
かける,振り,0.94541,4
かける,通す,0.941242,5
強い,有力,0.959984,1
強い,強,0.943615,2
強い,がっつり,0.917274,3
強い,全力,0.912743,4
強い,強力,0.911952,5
実際,現実的,0.977157,1
実際,実写,0.962033,2
実際,概ね,0.955478,3
実際,リアル,0.954946,4
実際,事,0.951927,5
違う,相違,0.920837,1
違う,逆,0.915233,2
違う,異,0.911819,3
違う,ずれる,0.911514,4
違う,避ける,0.907819,5
心,旨み,0.953813,1
心,自己,0.951165,2
心,命,0.950114,3
心,自分自身,0.948214,4
心,育つ,0.946081,5
美味しい,美味しさ,0.97811,1
美味しい,奇麗,0.911854,2
美味しい,褒美,0.900413,3
美味しい,カッコイイ,0.894079,4
美味しい,素敵,0.892459,5
にて,ル,0.984939,1
にて,かく,0.982923,2
にて,イン,0.982255,3
にて,其方,0.980475,4
にて,ては,0.980083,5
機能,分析,0.979771,1
機能,職,0.974037,2
機能,コース,0.968411,3
機能,実用,0.967053,4
機能,制定,0.964487,5
直ぐ,直ちに,0.972722,1
直ぐ,追い付く,0.919713,2
直ぐ,プッシュ,0.915895,3
直ぐ,直接,0.903778,4
直ぐ,掴む,0.901265,5
有り難う,一昨,0.812193,1
有り難う,未だ未だ,0.807191,2
有り難う,後遺,0.804882,3
有り難う,嘗て,0.791671,4
有り難う,過ぎ,0.788374,5
一寸,僅か,0.970534,1
一寸,細い,0.947668,2
一寸,少量,0.942011,3
一寸,最短,0.937333,4
一寸,微,0.936472,5
願う,期待,0.960056,1
願う,願い,0.949496,2
願う,志望,0.938011,3
願う,祈願,0.935219,4
願う,願望,0.922803,5
変わる,変わり,0.978757,1
変わる,移る,0.960428,2
変わる,変化,0.944652,3
変わる,変動,0.896678,4
変わる,流す,0.889105,5
登録,申し込み,0.971462,1
登録,請求,0.971053,2
登録,送付,0.970081,3
登録,オーダー,0.969394,4
登録,記入,0.966831,5
ちゃん,ぷ,0.95846,1
ちゃん,ぃ,0.941423,2
ちゃん,とも,0.938852,3
ちゃん,あん,0.935631,4
ちゃん,(^_^;),0.934788,5
対策,事業主,0.95939,1
対策,更新,0.943825,2
対策,処理,0.943107,3
対策,研修,0.942932,4
対策,運用,0.942663,5
歳,留める,0.947991,1
歳,宿,0.944742,2
歳,長年,0.943761,3
歳,本来,0.940041,4
歳,源,0.935616,5
様々,各種,0.963123,1
様々,全般,0.954105,2
様々,各地,0.948724,3
様々,多種,0.939249,4
様々,一般,0.933449,5
笑い,笑う,0.98971,1
笑い,遊,0.91668,2
笑い,ドッグ,0.912224,3
笑い,楽しむ,0.908483,4
笑い,笑顔,0.904078,5
管理,事業,0.983255,1
管理,マネージメント,0.974973,2
管理,工作,0.971226,3
管理,業務,0.963402,4
管理,生産,0.962129,5
通り,営業日,0.941802,1
通り,会場,0.941434,2
通り,街道,0.940972,3
通り,配布,0.936438,4
通り,店頭,0.935825,5
環境,時代,0.918785,1
環境,資源,0.910723,2
環境,人口,0.91008,3
環境,ワールド,0.906149,4
環境,国,0.904125,5
関係,事,0.964759,1
関係,因子,0.962295,2
関係,方面,0.961442,3
関係,現,0.96026,4
関係,様子,0.958692,5
品,特徴,0.977106,1
品,質,0.977074,2
品,記述,0.976513,3
品,特性,0.975867,4
品,具体的,0.973842,5
ゲーム,エンターテインメント,0.883545,1
ゲーム,ゲーミング,0.882373,2
ゲーム,ポケモン,0.881758,3
ゲーム,RPG,0.878963,4
ゲーム,アディダス,0.85808,5
特に,特,0.955918,1
特に,ザ,0.949576,2
特に,ぎ,0.948065,3
特に,ジャン,0.946213,4
特に,まい,0.945587,5
事業,プロジェクト,0.983482,1
事業,管理,0.983255,2
事業,ビジネス,0.975528,3
事業,商売,0.972646,4
事業,施策,0.969506,5
見える,当たり前,0.961473,1
見える,見,0.956515,2
見える,いえる,0.951647,3
見える,有る,0.947089,4
見える,常温,0.946603,5
ページ,収録,0.97265,1
ページ,字幕,0.972483,2
ページ,セクション,0.970403,3
ページ,板,0.967133,4
ページ,スライド,0.9666,5
こんな,どう,0.969323,1
こんな,こう,0.968669,2
こんな,ろ,0.966818,3
こんな,つ,0.964441,4
こんな,ふ,0.963239,5
大学,高等学校,0.990829,1
大学,カレッジ,0.970997,2
大学,東大,0.958426,3
大学,大学院,0.951135,4
大学,コンサルティング,0.942344,5
予約,オーダー,0.963014,1
予約,注文,0.961986,2
予約,予定,0.952871,3
予約,換算,0.947833,4
予約,日程,0.947786,5
活動,アプローチ,0.970562,1
活動,進行,0.959581,2
活動,行う,0.959242,3
活動,作用,0.955101,4
活動,取り組み,0.951302,5
少ない,少,0.987555,1
少ない,最小,0.986631,2
少ない,少なめ,0.978803,3
少ない,低,0.976003,4
少ない,最低限,0.953684,5
部分,短,0.934136,1
部分,初,0.928759,2
部分,とこ,0.922494,3
部分,付属,0.922451,4
部分,半,0.920694,5
県,歴代,0.941804,1
県,区域,0.926829,2
県,県立,0.922905,3
県,地名,0.920107,4
県,地区,0.918697,5
のみ,単,0.965105,1
のみ,どころ,0.958731,2
のみ,単に,0.953368,3
のみ,下,0.953347,4
のみ,底,0.945905,5
提供,支持,0.982395,1
提供,是,0.972359,2
提供,当然,0.97029,3
提供,出題,0.966095,4
提供,解決,0.964308,5
設定,敷地内,0.971571,1
設定,内訳,0.967814,2
設定,明細,0.966794,3
設定,文書,0.962039,4
設定,セクション,0.961372,5
イベント,事件,0.958907,1
イベント,行事,0.955463,2
イベント,開催中,0.952251,3
イベント,集会,0.948538,4
イベント,集客,0.948047,5
体,身,0.977795,1
体,姿,0.974543,2
体,額,0.966008,3
体,面,0.965533,4
体,眉,0.964586,5
経験,実感,0.964827,1
経験,思う,0.961155,2
経験,感覚,0.959683,3
経験,感じる,0.9579,4
経験,思想,0.953181,5
安心,安心感,0.993514,1
安心,居心地,0.959803,2
安心,余裕,0.951495,3
安心,家,0.948367,4
安心,ホーム,0.948021,5
欲しい,期待,0.915637,1
欲しい,好む,0.915009,2
欲しい,嬉しい,0.913117,3
欲しい,好き,0.912701,4
欲しい,買い求める,0.912058,5
御客様,主人,0.956234,1
御客様,御礼,0.952987,2
御客様,奥様,0.952737,3
御客様,誠,0.949836,4
御客様,意義,0.94788,5
駅,事業所,0.963743,1
駅,商社,0.958035,2
駅,街,0.956887,3
駅,店舗,0.953558,4
駅,売り場,0.953491,5
つける,付ける,0.973114,1
つける,当てる,0.968215,2
つける,取り,0.966146,3
つける,づける,0.960817,4
つける,すすめる,0.960577,5
続ける,能,0.980915,1
続ける,進める,0.978216,2
続ける,引き続く,0.97538,3
続ける,果たす,0.974584,4
続ける,通過,0.970863,5
化,際,0.975574,1
化,トレ,0.975026,2
化,フォー,0.973853,3
化,博,0.973427,4
化,合,0.971132,5
べし,斯く,0.966798,1
べし,さす,0.964743,2
べし,猶,0.950968,3
べし,たり,0.949366,4
べし,ず,0.947596,5
気持ち,気分,0.981824,1
気持ち,感じ,0.977454,2
気持ち,ムード,0.965392,3
気持ち,機嫌,0.957578,4
気持ち,好み,0.955079,5
価格,値段,0.959124,1
価格,見積もり,0.942083,2
価格,納期,0.941416,3
価格,バージョン,0.939841,4
価格,税込み,0.938355,5
状況,シチュエーション,0.981428,1
状況,事由,0.975907,2
状況,様子,0.966015,3
状況,シーン,0.965061,4
状況,事情,0.961274,5
注意,留意,0.973218,1
注意,握る,0.955807,2
注意,履く,0.952478,3
注意,立ち上がる,0.947259,4
注意,捉える,0.947242,5
箇月,ロース,0.959741,1
箇月,ねん,0.95796,2
箇月,頃,0.950821,3
箇月,たま,0.95053,4
箇月,あん,0.950486,5
アップ,もっと,0.976782,1
アップ,ハイ,0.973976,2
アップ,増,0.97339,3
アップ,プラス,0.960834,4
アップ,MAX,0.960312,5
変更,異動,0.900023,1
変更,移る,0.888703,2
変更,変,0.884986,3
変更,変える,0.880781,4
変更,出走,0.873182,5
一番,最,0.968054,1
一番,トップ,0.962191,2
一番,上位,0.951363,3
一番,最も,0.951102,4
一番,高,0.948564,5
どんな,各,0.978012,1
どんな,何人,0.977094,2
どんな,どなた,0.975994,3
どんな,どっち,0.970736,4
どんな,条件,0.961488,5
勿論,証,0.966883,1
勿論,署,0.963439,2
勿論,こく,0.950862,3
勿論,歴,0.947573,4
勿論,弁,0.940768,5
タイプ,分類,0.979074,1
タイプ,型,0.972849,2
タイプ,欄,0.972753,3
タイプ,レベル,0.970091,4
タイプ,件,0.96986,5
一緒,迎える,0.961359,1
一緒,趣旨,0.95831,2
一緒,一同,0.954797,3
一緒,セリフ,0.952134,4
一緒,招く,0.951599,5
可愛い,可愛らしい,0.974475,1
可愛い,キュート,0.964361,2
可愛い,心地良い,0.914132,3
可愛い,優しい,0.8979,4
可愛い,素敵,0.895099,5
種類,トピック,0.980706,1
種類,概要,0.979622,2
種類,主題,0.977631,3
種類,有する,0.977196,4
種類,常,0.974253,5
意味,意思,0.987599,1
意味,意義,0.982785,2
意味,文句,0.967883,3
意味,表す,0.967549,4
意味,方面,0.964224,5
色々,若干,0.950227,1
色々,其々,0.947507,2
色々,各種,0.946381,3
色々,途中,0.938035,4
色々,色んな,0.937607,5
水,ウォーター,0.973789,1
水,酸素,0.940079,2
水,作物,0.93562,3
水,屋外,0.933612,4
水,大豆,0.931721,5
型,量,0.975545,1
型,タイプ,0.972849,2
型,セクション,0.96899,3
型,セット,0.967708,4
型,方,0.965311,5
代,部,0.984866,1
代,期,0.981796,2
代,ver,0.981306,3
代,約,0.979554,4
代,by,0.976692,5
僕,我,0.987699,1
僕,本人,0.980466,2
僕,我が,0.974561,3
僕,日頃,0.974468,4
僕,所持,0.969752,5
系,類,0.982986,1
系,式,0.978034,2
系,関する,0.97752,3
系,段,0.977069,4
系,含有,0.976566,5
長い,全長,0.946766,1
長い,大体,0.937796,2
長い,幅,0.937254,3
長い,長,0.936097,4
長い,大きい,0.932916,5
学校,高校,0.991611,1
学校,スクール,0.987131,2
学校,キャンパス,0.96302,3
学校,教室,0.958421,4
学校,高等学校,0.955428,5
金,ゴールド,0.921372,1
金,本革,0.913606,2
金,宝,0.911747,3
金,レザー,0.906967,4
金,一番,0.904845,5
表示,結論,0.976352,1
表示,含める,0.974205,2
表示,表記,0.974157,3
表示,記載,0.96972,4
表示,要約,0.96849,5
個人,ニーズ,0.969785,1
個人,本人,0.963871,2
個人,ユーザー,0.96037,3
個人,ボディー,0.955249,4
個人,日頃,0.953377,5
付き,マイ,0.975629,1
付き,係,0.975393,2
付き,つき,0.969668,3
付き,さん,0.969321,4
付き,着,0.968912,5
誰,どの,0.983063,1
誰,者,0.98226,2
誰,どれ,0.980841,3
誰,何者,0.980112,4
誰,何事,0.979736,5
大切,誇り,0.968253,1
大切,重視,0.965723,2
大切,重宝,0.955069,3
大切,肝心,0.948978,4
大切,愛する,0.946465,5
得る,満たす,0.972469,1
得る,獲得,0.964118,2
得る,付与,0.963327,3
得る,取り戻す,0.958687,4
得る,与える,0.958391,5
解説,記事,0.977397,1
解説,要約,0.968696,2
解説,Q&A,0.966183,3
解説,提供,0.957376,4
解説,文章,0.955865,5
新しい,新た,0.913549,1
新しい,新品,0.912308,2
新しい,新商品,0.906272,3
新しい,新,0.895945,4
新しい,ニュー,0.89214,5
作品,作者,0.943455,1
作品,著書,0.923233,2
作品,文学,0.923105,3
作品,小説,0.922851,4
作品,出品,0.915032,5
メール,Eメール,0.996788,1
メール,メール便,0.955269,2
メール,メールアドレス,0.927063,3
メール,配達,0.922093,4
メール,決済,0.915371,5
説明,回答,0.99142,1
説明,述べる,0.988402,2
説明,提示,0.988361,3
説明,実例,0.985602,4
説明,答え,0.983942,5
どこ,背景,0.969181,1
どこ,何処,0.965843,2
どこ,等,0.96248,3
どこ,種類,0.961874,4
どこ,此処,0.961656,5
部,期,0.986533,1
部,代,0.984866,2
部,処,0.982506,3
部,録,0.980774,4
部,条,0.978804,5
可成,表す,0.968484,1
可成,表現,0.962113,2
可成,述べる,0.960633,3
可成,センス,0.960094,4
可成,語,0.958633,5
未だ,残す,0.948142,1
未だ,残る,0.94319,2
未だ,つめる,0.930655,3
未だ,仕方,0.929655,4
未だ,余,0.923652,5
奇麗,褒美,0.983845,1
奇麗,美品,0.972207,2
奇麗,美しい,0.970663,3
奇麗,美,0.953253,4
奇麗,素敵,0.952436,5
下,単,0.963339,1
下,ロー,0.958933,2
下,ぼ,0.956411,3
下,のみ,0.953347,4
下,底,0.951471,5
多く,多,0.97525,1
多く,大半,0.964751,2
多く,拡張,0.959228,3
多く,大,0.954576,4
多く,ワイド,0.954312,5
データ,CSS,0.947032,1
データ,インターフェース,0.934831,2
データ,在庫,0.933679,3
データ,予報,0.928466,4
データ,シリコン,0.928099,5
唯,センチ,0.977735,1
唯,此れ,0.951469,2
唯,さえ,0.945675,3
唯,然も,0.943884,4
唯,かしら,0.939053,5
期間,並べる,0.976737,1
期間,フェーズ,0.964643,2
期間,パス,0.958258,3
期間,段階,0.955199,4
期間,アクセス,0.953615,5
余り,待ち,0.903985,1
余り,単なる,0.901315,2
余り,余る,0.90122,3
余り,残り,0.899828,4
余り,ん,0.895663,5
先生,店長,0.956861,1
先生,紳士,0.951567,2
先生,知れる,0.946183,3
先生,師,0.939441,4
先生,教師,0.938966,5
こう,ぐ,0.988436,1
こう,か,0.988239,2
こう,ごと,0.986184,3
こう,い,0.983656,4
こう,ろ,0.983161,5
電話,シューズ,0.948541,1
電話,財布,0.943318,2
電話,ウォレット,0.942395,3
電話,キーボード,0.9386,4
電話,口座,0.933033,5
作業,タスク,0.976667,1
作業,処理,0.962302,2
作業,操作,0.961505,3
作業,セッション,0.95329,4
作業,処置,0.945744,5
一人,個々,0.981067,1
一人,一口,0.949497,2
一人,個体,0.94782,3
一人,個別,0.94125,4
一人,過ごす,0.92883,5
以外,別々,0.935871,1
以外,後ろ,0.906077,2
以外,後方,0.902511,3
以外,裏,0.900283,4
以外,分離,0.885537,5
治療,療法,0.976102,1
治療,薬用,0.975152,2
治療,セラピー,0.965612,3
治療,リハビリテーション,0.958609,4
治療,診療,0.950777,5
家族,ファミリー,0.979483,1
家族,母親,0.977174,2
家族,家庭,0.974196,3
家族,姉妹,0.970888,4
家族,お母さん,0.970446,5
別,不要,0.967321,1
別,避ける,0.964541,2
別,ノー,0.952113,3
別,回避,0.948448,4
別,オフ,0.947023,5
発送,配達,0.979289,1
発送,配送,0.977896,2
発送,代行,0.957998,3
発送,発注,0.951128,4
発送,受注,0.949885,5
凄い,怖い,0.940139,1
凄い,恐ろしい,0.929903,2
凄い,闇,0.926186,3
凄い,恐怖,0.921165,4
凄い,過酷,0.920406,5
画像,フォト,0.971847,1
画像,写真,0.954965,2
画像,形状,0.953511,3
画像,材質,0.952139,4
画像,オブジェクト,0.948549,5
合う,似合う,0.965461,1
合う,しっくり,0.957686,2
合う,幸,0.950786,3
合う,人柄,0.949123,4
合う,取り入れる,0.946419,5
大きな,大,0.987145,1
大きな,大型,0.975005,2
大きな,グランド,0.962744,3
大きな,大規模,0.960973,4
大きな,大きい,0.951688,5
矢張り,武,0.821059,1
矢張り,一気,0.798312,2
矢張り,打ち,0.797023,3
矢張り,一挙,0.795352,4
矢張り,越す,0.79424,5
形,水準,0.970688,1
形,表面,0.968251,2
形,物,0.967703,3
形,形態,0.958983,4
形,材質,0.958328,5
特徴,特性,0.989767,1
特徴,説明,0.981783,2
特徴,記述,0.981433,3
特徴,状,0.979699,4
特徴,品,0.977106,5
体験,経験者,0.932178,1
体験,体感,0.929821,2
体験,体験談,0.921259,3
体験,生活,0.919129,4
体験,手掛ける,0.911857,5
時代,世紀,0.942998,1
時代,人口,0.938523,2
時代,各国,0.934919,3
時代,地区,0.933029,4
時代,情勢,0.9299,5
生,認識,0.967491,1
生,履く,0.96085,2
生,意思,0.956557,3
生,意義,0.954518,4
生,語,0.953119,5
伝える,講じる,0.964931,1
伝える,Q&A,0.963722,2
伝える,合意,0.963468,3
伝える,導く,0.962907,4
伝える,繋ぐ,0.961247,5
料理,クッキング,0.96165,1
料理,製菓,0.923771,2
料理,調理,0.913754,3
料理,レシピ,0.910003,4
料理,ボーカル,0.904165,5
最近,今時,0.938075,1
最近,直近,0.924563,2
最近,今,0.922738,3
最近,随時,0.916254,4
最近,今度,0.903535,5
程度,女,0.912885,1
程度,状,0.911284,2
程度,NG,0.910591,3
程度,率,0.909889,4
程度,その後,0.9095,5
支援,支持,0.985799,1
支援,サポート,0.983565,2
支援,助ける,0.977843,3
支援,ヘルプ,0.976576,4
支援,手伝う,0.974007,5
先,前,0.971429,1
先,一先ず,0.970707,2
先,即ち,0.965931,3
先,割と,0.962878,4
先,頃,0.958665,5
法,法的,0.978588,1
法,機構,0.951209,2
法,系統,0.949552,3
法,制度,0.94784,4
法,組織,0.945524,5
悪い,不良,0.989658,1
悪い,有害,0.972422,2
悪い,最悪,0.963815,3
悪い,ネガティブ,0.95932,4
悪い,汚い,0.959077,5
探す,探し,0.948877,1
探す,拾う,0.932239,2
探す,運ぶ,0.910063,3
探す,取り出す,0.907438,4
探す,放る,0.903356,5
り,ま,0.99501,1
り,き,0.993892,2
り,ぎ,0.989679,3
り,み,0.988261,4
り,わ,0.987883,5
a,l,0.986032,1
a,どの,0.985773,2
a,n,0.984242,3
a,甲,0.983287,4
a,どのような,0.982758,5
言葉,セリフ,0.9432,1
言葉,語,0.941293,2
言葉,言語,0.939589,3
言葉,生徒,0.938966,4
言葉,視覚,0.936143,5
枚,ステー,0.982053,1
枚,ブラン,0.981625,2
枚,幾,0.979356,3
枚,其方,0.976443,4
枚,ル,0.975281,5
初めて,偶に,0.838872,1
初めて,時折,0.837642,2
初めて,偶々,0.81917,3
初めて,初回,0.812656,4
初めて,一瞬,0.790595,5
CM,SE,0.991391,1
CM,DS,0.991031,2
CM,ES,0.990593,3
CM,ST,0.989797,4
CM,SD,0.986491,5
予定,スケジュール,0.980295,1
予定,日程,0.979027,2
予定,予約,0.952871,3
予定,計画,0.944028,4
予定,プラン,0.943723,5
頃,な,0.975719,1
頃,さ,0.973101,2
頃,じゃ,0.970934,3
頃,割と,0.963953,4
頃,こ,0.961439,5
早い,早,0.964757,1
早い,早々,0.941181,2
早い,あさ,0.921431,3
早い,汁,0.91942,4
早い,御早う,0.917594,5
最後,最終,0.94634,1
最後,界,0.945133,2
最後,上限,0.927212,3
最後,大体,0.923981,4
最後,陸,0.922471,5
飲む,着る,0.976814,1
飲む,食らう,0.955929,2
飲む,食べる,0.954376,3
飲む,着ける,0.952762,4
飲む,持ち帰る,0.952266,5
チェック,許可,0.97059,1
チェック,代金,0.963641,2
チェック,グレード,0.963051,3
チェック,ユニット,0.95216,4
チェック,パート,0.95073,5
含む,含有,0.979515,1
含む,類,0.977202,2
含む,おける,0.975311,3
含む,関する,0.975255,4
含む,所,0.974961,5
相手,二人,0.962522,1
相手,対象者,0.943849,2
相手,各々,0.942485,3
相手,異性,0.940745,4
相手,受け取る,0.939757,5
子,弟,0.942328,1
子,リトル,0.922573,2
子,とこ,0.921509,3
子,初,0.914609,4
子,後輩,0.91303,5
原因,要因,0.960385,1
原因,場合,0.953884,2
原因,現,0.937353,3
原因,問題,0.937253,4
原因,況して,0.93415,5
元,代,0.961038,1
元,版,0.956963,2
元,端,0.954828,3
元,期,0.947519,4
元,所,0.94718,5
システム,系統,0.991769,1
システム,機構,0.954799,2
システム,ポリシー,0.949966,3
システム,スペック,0.947901,4
システム,法,0.9446,5
カラー,色彩,0.955026,1
カラー,色,0.932279,2
カラー,毎週,0.921492,3
カラー,単語,0.919291,4
カラー,兼用,0.908921,5
今年,本年,0.986182,1
今年,今時,0.967323,2
今年,今年度,0.965554,3
今年,今季,0.965372,4
今年,現在,0.960039,5
注文,発注,0.981493,1
注文,オーダー,0.974996,2
注文,納車,0.969394,3
注文,賃貸,0.965069,4
注文,ご入金,0.96276,5
肌,顎,0.964939,1
肌,胸,0.959579,2
肌,ショルダー,0.952455,3
肌,腹,0.949718,4
肌,フット,0.947038,5
作成,制作,0.955282,1
作成,編集,0.953588,2
作成,製作,0.944664,3
作成,作り,0.940319,4
作成,更新,0.937803,5
オンライン,ビデオ,0.963767,1
オンライン,配信,0.958863,2
オンライン,動画,0.946324,3
オンライン,映像,0.922343,4
オンライン,デリバリー,0.919994,5
映画,ムービー,0.977006,1
映画,シネマ,0.957219,2
映画,アニメ,0.921733,3
映画,劇,0.919139,4
映画,アニメーション,0.914676,5
希望,希望者,0.951004,1
希望,治癒,0.949214,2
希望,好意,0.935912,3
希望,幸い,0.93472,4
希望,感激,0.934647,5
スタッフ,職員,0.962538,1
スタッフ,刊行,0.960505,2
スタッフ,発表,0.960235,3
スタッフ,掲載,0.958338,4
スタッフ,説明会,0.958248,5
実,案,0.980666,1
実,具体,0.979819,2
実,出来上がり,0.979502,3
実,調,0.979404,4
実,此方,0.977533,5
続く,続出,0.986391,1
続く,続き,0.977388,2
続く,状,0.974942,3
続く,示す,0.97416,4
続く,判断,0.97319,5
嬉しい,喜ぶ,0.963389,1
嬉しい,好き,0.954654,2
嬉しい,ハッピー,0.953245,3
嬉しい,おめでとう,0.952352,4
嬉しい,楽しむ,0.950162,5
限定,限度,0.887753,1
限定,グラム,0.883336,2
限定,一層,0.879508,3
限定,クローズ,0.879366,4
限定,固定,0.876026,5
サポート,ヘルプ,0.987973,1
サポート,支援,0.983565,2
サポート,保護,0.974141,3
サポート,助ける,0.968027,4
サポート,ガイド,0.966169,5
待つ,待機,0.956562,1
待つ,辺り,0.953887,2
待つ,側面,0.950286,3
待つ,息,0.950159,4
待つ,停,0.947803,5
いつ,同日,0.966941,1
いつ,何時,0.966154,2
いつ,言及,0.957132,3
いつ,立ち寄る,0.95601,4
いつ,多少,0.955397,5
増える,増す,0.985261,1
増える,上昇,0.945584,2
増える,上がる,0.939255,3
増える,増加,0.936129,4
増える,増殖,0.922709,5
送料,配送料,0.984158,1
送料,運賃,0.936391,2
送料,手数,0.895191,3
送料,料金,0.892269,4
送料,コスト,0.88162,5
理解,把握,0.96472,1
理解,解明,0.963913,2
理解,認識,0.960832,3
理解,果たす,0.95765,4
理解,書き方,0.955359,5
安い,安価,0.986647,1
安い,低価格,0.952995,2
安い,格安,0.941556,3
安い,少額,0.919362,4
安い,最安値,0.918461,5
働く,ジョブ,0.97512,1
働く,工作,0.974582,2
働く,仕事,0.959963,3
働く,ワーク,0.957925,4
働く,サービス,0.952011,5
健康,ヘルス,0.991077,1
健康,保健,0.973326,2
健康,栄養,0.969295,3
健康,スキル,0.963649,4
健康,技能,0.962264,5
新,ニュー,0.957558,1
新,新しい,0.895945,2
新,新た,0.881032,3
新,新設,0.85682,4
新,新着,0.8284,5
いつも,ずっと,0.973465,1
いつも,常時,0.961134,2
いつも,所属,0.959267,3
いつも,属する,0.958798,4
いつも,身,0.956664,5
選手,アスリート,0.932127,1
選手,現役,0.922575,2
選手,体育,0.899275,3
選手,スポーツ,0.892438,4
選手,主演,0.881608,5
話す,話,0.977212,1
話す,会話,0.973351,2
話す,対話,0.969573,3
話す,講じる,0.965077,4
話す,話し合う,0.959492,5
毎日,日々,0.987171,1
毎日,一日,0.978562,2
毎日,読者,0.973685,3
毎日,週間,0.96237,4
毎日,毎朝,0.962286,5
ネット,ネットワーク,0.935917,1
ネット,ウェブサイト,0.931388,2
ネット,ウェブ,0.925155,3
ネット,プラットフォーム,0.923079,4
ネット,Webサイト,0.921809,5
彼,彼れ,0.972953,1
彼,けん,0.972365,2
彼,回,0.963821,3
彼,し,0.963629,4
彼,つ,0.96162,5
料金,賃料,0.973948,1
料金,コスト,0.973521,2
料金,運賃,0.953404,3
料金,費用,0.94819,4
料金,会費,0.946793,5
式,題,0.986518,1
式,類,0.981193,2
式,案,0.980987,3
式,的中,0.980878,4
式,タイトル,0.980389,5
営業,セールス,0.959087,1
営業,連携,0.956412,2
営業,研修会,0.954259,3
営業,マネージャー,0.953648,4
営業,商工,0.95205,5
評価,目的,0.970266,1
評価,定める,0.967737,2
評価,判明,0.967409,3
評価,確定,0.967051,4
評価,適用,0.964473,5
センター,セントラル,0.984313,1
センター,中央,0.975462,2
センター,同社,0.968887,3
センター,中心,0.964186,4
センター,展示,0.962944,5
技術,IT,0.976078,1
技術,工学,0.970901,2
技術,ソフトウェア,0.96546,3
技術,工程,0.962114,4
技術,自動化,0.959893,5
自然,木々,0.965984,1
自然,森林,0.960599,2
自然,樹木,0.947362,3
自然,樹,0.934584,4
自然,森,0.930194,5
店舗,店,0.993905,1
店舗,商店,0.993267,2
店舗,ショップ,0.993127,3
店舗,売り場,0.970892,4
店舗,販売店,0.970542,5
撮影,撮る,0.950258,1
撮影,描く,0.948576,2
撮影,書き方,0.948062,3
撮影,書き,0.947122,4
撮影,手法,0.944858,5
連絡,フィードバック,0.960534,1
連絡,メッセージ,0.956758,2
連絡,返信,0.951177,3
連絡,会う,0.948815,4
連絡,勤める,0.946211,5
何故,どう,0.96596,1
何故,どういう,0.951276,2
何故,こんな,0.927029,3
何故,若干,0.926551,4
何故,引く,0.922669,5
アプリ,アプリケーション,0.983847,1
アプリ,APP,0.975087,2
アプリ,Android,0.933787,3
アプリ,クレジットカード,0.922535,4
アプリ,サブスク,0.922294,5
社会,社会的,0.92629,1
社会,日米,0.920213,2
社会,アジア,0.912172,3
社会,中国,0.907537,4
社会,中日,0.898109,5
m,p,0.997122,1
m,f,0.997004,2
m,j,0.996997,3
m,t,0.996334,4
m,k,0.995103,5
コロナ,感染症,0.877392,1
コロナ,ガン,0.858006,2
コロナ,がんがん,0.855215,3
コロナ,コロナウイルス,0.855181,4
コロナ,交通事故,0.854296,5
難しい,難い,0.95716,1
難しい,難関,0.945351,2
難しい,難,0.905857,3
難しい,トラウマ,0.818591,4
難しい,困難,0.811255,5
調査,実務,0.960883,1
調査,調べる,0.953919,2
調査,打ち合わせ,0.952709,3
調査,取材,0.952528,4
調査,実証,0.951162,5
上がる,上げ,0.966606,1
上がる,上り,0.958525,2
上がる,上る,0.958348,3
上がる,増す,0.953607,4
上がる,上昇,0.952001,5
施設,サイト,0.975777,1
施設,道路,0.970686,2
施設,校舎,0.961179,3
施設,建物,0.955636,4
施設,都道府県,0.953258,5
重要,重点,0.964247,1
重要,指導者,0.962118,2
重要,効果的,0.954865,3
重要,主力,0.952907,4
重要,主役,0.952256,5
素材,成分,0.97005,1
素材,具材,0.969553,2
素材,文書,0.967485,3
素材,物,0.963581,4
素材,材質,0.963226,5
イメージ,ビジュアル,0.975969,1
イメージ,ビュー,0.94748,2
イメージ,具材,0.943066,3
イメージ,画像,0.942944,4
イメージ,表示,0.93319,5
難い,難しい,0.95716,1
難い,難,0.945585,2
難い,難関,0.921627,3
難い,トラウマ,0.894563,4
難い,困難,0.879281,5
どの,どのような,0.992219,1
どの,どれ,0.98878,2
どの,a,0.985773,3
どの,誰,0.983063,4
どの,n,0.982626,5
コース,課程,0.971954,1
コース,制定,0.971286,2
コース,サービス,0.970932,3
コース,講習,0.968692,4
コース,機能,0.968411,5
選択,選び,0.982437,1
選択,選,0.97829,2
選択,選ぶ,0.977044,3
選択,My,0.97266,4
選択,選定,0.969626,5
株式,トレード,0.897977,1
株式,株価,0.891705,2
株式,IPO,0.886911,3
株式,為替,0.872223,4
株式,証券,0.844265,5
うち,自,0.970644,1
うち,個,0.968491,2
うち,私,0.967454,3
うち,込める,0.966896,4
うち,以内,0.966873,5
ケース,方面,0.974571,1
ケース,具体,0.974258,2
ケース,案,0.973956,3
ケース,所定,0.971537,4
ケース,記載,0.971067,5
勉強,集中力,0.93317,1
勉強,復習,0.921573,2
勉強,メモリ,0.903488,3
勉強,練習,0.902907,4
勉強,学習,0.900687,5
対象,値,0.977127,1
対象,所在,0.976511,2
対象,要素,0.976312,3
対象,同一,0.968149,4
対象,放置,0.966577,5
英語,コース,0.958319,1
英語,サービス,0.95154,2
英語,課程,0.948554,3
英語,プレゼンテーション,0.943226,4
英語,問題集,0.943101,5
みたい,たり,0.971002,1
みたい,さら,0.970049,2
みたい,べい,0.969281,3
みたい,み,0.966957,4
みたい,つき,0.96677,5
学ぶ,学習,0.984912,1
学ぶ,学び,0.980409,2
学ぶ,学,0.975884,3
学ぶ,学会,0.975391,4
学ぶ,復習,0.963288,5
男性,マン,0.980341,1
男性,男子,0.977493,2
男性,男,0.971503,3
男性,リアル,0.929022,4
男性,実際,0.923767,5
纏める,纏う,0.966589,1
纏める,写し,0.954074,2
纏める,綴る,0.948572,3
纏める,きく,0.948236,4
纏める,すすめる,0.948199,5
部屋,室,0.989057,1
部屋,ルーム,0.981584,2
部屋,室内,0.975316,3
部屋,衣類,0.966459,4
部屋,床,0.965185,5
最初,始まり,0.939637,1
最初,初め,0.934457,2
最初,序盤,0.921385,3
最初,当初,0.919802,4
最初,早期,0.91362,5
夏,夏季,0.987857,1
夏,初夏,0.955783,2
夏,サマー,0.955656,3
夏,日差し,0.934087,4
夏,春夏,0.927323,5
旨い,心掛ける,0.968023,1
旨い,旨み,0.9654,2
旨い,賜る,0.964694,3
旨い,孫,0.953317,4
旨い,頼る,0.950125,5
研究,リサーチ,0.987311,1
研究,研究者,0.959299,2
研究,理科,0.946556,3
研究,学術,0.943083,4
研究,実務,0.942462,5
開発,プロデュース,0.959592,1
開発,事業,0.952782,2
開発,プロジェクト,0.949387,3
開発,製作,0.940794,4
開発,アップデート,0.940168,5
付ける,仕入れる,0.97421,1
付ける,つける,0.973114,2
付ける,掛ける,0.97226,3
付ける,取り寄せる,0.968704,4
付ける,替える,0.968219,5
結婚,婚姻,0.994621,1
結婚,婚,0.961357,2
結婚,成婚,0.950693,3
結婚,結婚式,0.927128,4
結婚,婚約,0.927034,5
声,音,0.970101,1
声,聞こえる,0.968998,2
声,聞く,0.948282,3
声,見る,0.947227,4
声,回る,0.941198,5
負担,負荷,0.921669,1
負担,手間,0.921433,2
負担,疲労,0.902955,3
負担,後悔,0.900376,4
負担,頭痛,0.894748,5
交換,参加,0.948905,1
交換,参加者,0.940821,2
交換,出す,0.934224,3
交換,参画,0.933766,4
交換,出番,0.93283,5
客,既に,0.96097,1
客,名義,0.959062,2
客,件,0.958065,3
客,同,0.957624,4
客,入力,0.957528,5
なし,未使用,0.91205,1
なし,全く,0.91083,2
なし,対象外,0.904859,3
なし,無,0.89724,4
なし,省略,0.872973,5
影響,今後,0.918543,1
影響,繰り広げる,0.914993,2
影響,本年,0.911363,3
影響,この先,0.908742,4
影響,多い,0.905721,5
保険,不動産,0.956743,1
保険,Windows,0.942192,2
保険,パスポート,0.934424,3
保険,PC,0.933927,4
保険,年金,0.931419,5
業務,職務,0.974387,1
業務,任務,0.971507,2
業務,運営,0.970522,3
業務,実務,0.963544,4
業務,管理,0.963402,5
乗る,乗せる,0.97485,1
乗る,行く,0.967896,2
乗る,出掛ける,0.963639,3
乗る,開く,0.96204,4
乗る,仕入れる,0.961776,5
各,どんな,0.978012,1
各,どなた,0.977847,2
各,何人,0.976453,3
各,どういう,0.97194,4
各,な,0.969275,5
今後,本年,0.967351,1
今後,今年,0.956245,2
今後,将来的,0.948407,3
今後,今時,0.94748,4
今後,今年度,0.947272,5
二人,各々,0.964433,1
二人,相手,0.962522,2
二人,受け止める,0.959549,3
二人,交える,0.958009,4
二人,どなた,0.95787,5
一覧,一覧表,0.982943,1
一覧,セクション,0.971856,2
一覧,字幕,0.965541,3
一覧,見出し,0.962709,4
一覧,表,0.960794,5
ホテル,ショールーム,0.937927,1
ホテル,会議室,0.932541,2
ホテル,デパート,0.928953,3
ホテル,百貨店,0.927536,4
ホテル,ホテルルートイン,0.927289,5
参考,出典,0.990665,1
参考,参照,0.972596,2
参考,基準,0.969702,3
参考,一定,0.96835,4
参考,セクション,0.967048,5
教える,教え,0.99092,1
教える,教,0.981756,2
教える,レッスン,0.968564,3
教える,寄与,0.96106,4
教える,指導,0.960845,5
線,直線,0.981709,1
線,管,0.954199,2
線,真っ直ぐ,0.950751,3
線,辺,0.949077,4
線,本数,0.945386,5
大変,圧倒,0.921315,1
大変,危険性,0.915334,2
大変,怒り,0.913728,3
大変,怒る,0.900952,4
大変,プレッシャー,0.889829,5
なんて,あー,0.941817,1
なんて,そんな,0.92588,2
なんて,なんか,0.924501,3
なんて,えっ,0.920474,4
なんて,ああ,0.919353,5
口コミ,関与,0.921453,1
口コミ,チャット,0.915165,2
口コミ,外出,0.909273,3
口コミ,関わる,0.908098,4
口コミ,対話,0.903336,5
足,フット,0.984357,1
足,左手,0.981604,2
足,脚,0.976867,3
足,腰,0.972907,4
足,年齢,0.969166,5
詳細,解答,0.968016,1
詳細,研,0.965475,2
詳細,解析,0.964628,3
詳細,理,0.961273,4
詳細,特徴,0.956967,5
号,on,0.961555,1
号,キャスター,0.958531,2
号,vol.,0.958128,3
号,版,0.956777,4
号,オン,0.954507,5
花,フラワー,0.983122,1
花,桃,0.956054,2
花,チューリップ,0.946626,3
花,ラベンダー,0.94196,4
花,蓮,0.940086,5
改善,メリット,0.973032,1
改善,利点,0.972267,2
改善,有利,0.961273,3
改善,改良,0.95278,4
改善,オススメ,0.951988,5
君,令,0.975837,1
君,ジャン,0.97545,2
君,ポール,0.975233,3
君,せい,0.974908,4
君,首,0.974817,5
活用,進展,0.954199,1
活用,発展,0.95207,2
活用,増進,0.951058,3
活用,効能,0.947785,4
活用,器用,0.945342,5
実施,執行,0.978531,1
実施,実行,0.976553,2
実施,運用,0.974881,3
実施,処理,0.973378,4
実施,任務,0.969434,5
g,w,0.9969,1
g,v,0.996866,2
g,V,0.996563,3
g,RE,0.995585,4
g,r,0.995431,5
国,国家,0.950597,1
国,国民,0.945655,2
国,ワールド,0.939957,3
国,世紀,0.936204,4
国,網羅,0.93591,5
場,区域,0.979211,1
場,周囲,0.974322,2
場,表面,0.973138,3
場,フィールド,0.969249,4
場,地区,0.965036,5
一,l,0.990775,1
一,ユ,0.988135,2
一,n,0.987794,3
一,ド,0.984794,4
一,デ,0.984178,5
投資,ファイナンシャル,0.937495,1
投資,金融,0.915304,2
投資,ポートフォリオ,0.914498,3
投資,リフォーム,0.913537,4
投資,クレジットカード,0.912716,5
目的,適用,0.972706,1
目的,定める,0.970915,2
目的,評価,0.970266,3
目的,判明,0.968966,4
目的,取得,0.968878,5
位,一層,0.971391,1
位,レベル,0.967205,2
位,値,0.966104,3
位,放置,0.962118,4
位,ポジション,0.961807,5
其々,若干,0.969619,1
其々,双方,0.960399,2
其々,両者,0.958429,3
其々,何人,0.953725,4
其々,とある,0.952397,5
個,自,0.977076,1
個,私,0.974203,2
個,うち,0.968491,3
個,以内,0.965214,4
個,一員,0.964148,5
風,波動,0.927103,1
風,レイン,0.922954,2
風,雨,0.916485,3
風,波,0.90249,4
風,潮,0.882295,5
海外,外国,0.953147,1
海外,向こう,0.917998,2
海外,社外,0.896551,3
海外,外側,0.885242,4
海外,外,0.875537,5
契約,合同,0.990688,1
契約,OS,0.957444,2
契約,契約書,0.953275,3
契約,IP,0.935336,4
契約,実装,0.933877,5
御洒落,エレガント,0.928959,1
御洒落,優雅,0.907961,2
御洒落,上品,0.90543,3
御洒落,魅力的,0.903482,4
御洒落,美品,0.900262,5
発生,生じる,0.960038,1
発生,出現,0.916841,2
発生,起こる,0.902373,3
発生,分岐,0.888688,4
発生,現れる,0.882753,5
呼ぶ,叫ぶ,0.988383,1
呼ぶ,行く,0.961577,2
呼ぶ,渡す,0.958656,3
呼ぶ,開ける,0.957049,4
呼ぶ,触る,0.955408,5
問い合わせ,返事,0.969816,1
問い合わせ,アクセス,0.966868,2
問い合わせ,出席,0.965437,3
問い合わせ,問い合わせる,0.963202,4
問い合わせ,申し込む,0.963017,5
工事,施工,0.902216,1
工事,刑事,0.842005,2
工事,軍事,0.833241,3
工事,農薬,0.82941,4
工事,作戦,0.819054,5
版,レポ,0.98082,1
版,定める,0.972021,2
版,一式,0.970543,3
版,所定,0.965762,4
版,CC,0.964827,5
開始,始め,0.975316,1
開始,次回,0.961691,2
開始,輸入,0.959967,3
開始,始める,0.958508,4
開始,即,0.953198,5
一度,すら,0.921645,1
一度,抜き,0.921593,2
一度,一昨,0.918591,3
一度,溜まる,0.908565,4
一度,コマ,0.906084,5
詳しい,中級,0.942445,1
詳しい,高等,0.929512,2
詳しい,詳細,0.925538,3
詳しい,本格的,0.909776,4
詳しい,成果,0.904567,5
時期,何時,0.956777,1
時期,水曜,0.949412,2
時期,月間,0.948248,3
時期,頻度,0.946284,4
時期,通る,0.943038,5
非常,大幅,0.92969,1
非常,大いに,0.925641,2
非常,著しい,0.895348,3
非常,ピーク,0.860355,4
非常,圧巻,0.85223,5
もっと,更なる,0.977556,1
もっと,アップ,0.976782,2
もっと,増,0.97675,3
もっと,益々,0.971335,4
もっと,ハイ,0.969419,5
ちゃう,つい,0.945234,1
ちゃう,なんて,0.875473,2
ちゃう,わあ,0.869967,3
ちゃう,呉れる,0.869007,4
ちゃう,ぱっ,0.868312,5
高,最,0.986085,1
高,高め,0.984188,2
高,上位,0.979918,3
高,最大,0.977658,4
高,トップ,0.976887,5
人間,人,0.973978,1
人間,ヒューマン,0.962792,2
人間,人々,0.938634,3
人間,生活,0.936313,4
人間,ライフ,0.930636,5
基本,入門,0.976874,1
基本,基本的,0.975381,2
基本,基礎,0.970409,3
基本,有する,0.96404,4
基本,要素,0.962807,5
頑張る,克服,0.952732,1
頑張る,動機,0.952131,2
頑張る,努力,0.94881,3
頑張る,救う,0.948775,4
頑張る,決意,0.948466,5
掲載,週刊,0.974922,1
掲載,公表,0.97071,2
掲載,当店,0.970669,3
掲載,成立,0.967048,4
掲載,本店,0.965525,5
向け,約,0.984564,1
向け,関する,0.981544,2
向け,有,0.979254,3
向け,含有,0.975272,4
向け,式,0.972366,5
医療,医学,0.97797,1
医療,ヘルスケア,0.974115,2
医療,医科,0.957996,3
医療,メディカル,0.957496,4
医療,医,0.952307,5
らしい,きっと,0.931357,1
らしい,センス,0.931155,2
らしい,取り入れる,0.928091,3
らしい,彼是,0.925278,4
らしい,似合う,0.923052,5
可能性,変化,0.851948,1
可能性,試みる,0.836284,2
可能性,変わる,0.833918,3
可能性,生じる,0.829697,4
可能性,リキッド,0.826396,5
必ず,必須,0.963023,1
必ず,確実,0.95556,2
必ず,確立,0.941463,3
必ず,確定,0.933005,4
必ず,はっきり,0.932386,5
モデル,模型,0.978401,1
モデル,モジュール,0.948402,2
モデル,プロダクト,0.947543,3
モデル,建て,0.940225,4
モデル,IC,0.938125,5
関連,関する,0.977664,1
関連,類,0.975707,2
関連,有,0.973916,3
関連,含有,0.970495,4
関連,何事,0.968709,5
殆ど,予備,0.912142,1
殆ど,中々,0.910457,2
殆ど,条件,0.906613,3
殆ど,凡そ,0.905868,4
殆ど,多少,0.905505,5
大阪,横浜市,0.988396,1
大阪,大阪市,0.987662,2
大阪,横浜,0.977834,3
大阪,名古屋,0.973296,4
大阪,大阪府,0.973025,5
異なる,相違,0.916581,1
異なる,差,0.898275,2
異なる,弱る,0.892324,3
異なる,見逃す,0.892284,4
異なる,違う,0.892074,5
御覧,源,0.962586,1
御覧,縁,0.956725,2
御覧,拝見,0.955588,3
御覧,どうぞ,0.953029,4
御覧,ソース,0.950248,5
メリット,利点,0.99473,1
メリット,長所,0.989129,2
メリット,御勧め,0.98416,3
メリット,有利,0.977686,4
メリット,グッド,0.974367,5
顔,フェイス,0.962975,1
顔,スキン,0.956745,2
顔,世帯,0.947265,3
顔,頭部,0.942784,4
顔,ヘッド,0.939947,5
ビジネス,企業,0.979144,1
ビジネス,商業,0.978756,2
ビジネス,マネージメント,0.977955,3
ビジネス,事業,0.975528,4
ビジネス,商売,0.972348,5
存在,見える,0.936894,1
存在,所在,0.93417,2
存在,事実,0.927713,3
存在,要素,0.92758,4
存在,当たり前,0.927319,5
過ごす,就く,0.965472,1
過ごす,居る,0.958849,2
過ごす,受け止める,0.958475,3
過ごす,日頃,0.958208,4
過ごす,留まる,0.956475,5
公開,公的,0.974688,1
公開,共有,0.963032,2
公開,公共,0.960663,3
公開,ユニバーサル,0.956069,4
公開,通用,0.952609,5
終わる,辺り,0.934185,1
終わる,終了,0.932961,2
終わる,終わり,0.932626,3
終わる,待つ,0.921113,4
終わる,止め,0.920655,5
引く,接する,0.960528,1
引く,向ける,0.960471,2
引く,引き,0.957475,3
引く,向く,0.956313,4
引く,交える,0.953939,5
とも,あん,0.982982,1
とも,ふ,0.980275,2
とも,み,0.978856,3
とも,つう,0.977848,4
とも,か,0.976836,5
買い取り,売却,0.948751,1
買い取り,入金,0.948481,2
買い取り,出資,0.935227,3
買い取り,代行,0.926691,4
買い取り,買い付け,0.926359,5
有り,着,0.98928,1
有り,項,0.988049,2
有り,料,0.983526,3
有り,抜粋,0.982146,4
有り,録,0.981219,5
業,役,0.941509,1
業,石原,0.940754,2
業,大和,0.936731,3
業,史,0.931363,4
業,店長,0.930735,5
便利,利便性,0.960049,1
便利,速乾,0.90665,2
便利,収益,0.905728,3
便利,効率,0.904978,4
便利,報酬,0.904197,5
共,合わせ,0.979048,1
共,通,0.977458,2
共,合,0.975571,3
共,並びに,0.974864,4
共,連,0.974382,5
比較,比較的,0.929342,1
比較,比,0.919528,2
比較,次ぐ,0.913077,3
比較,判別,0.909978,4
比較,類似,0.908773,5
ブランド,本部,0.934517,1
ブランド,商標,0.933404,2
ブランド,ブランディング,0.930576,3
ブランド,ユーロ,0.92854,4
ブランド,ステーション,0.919434,5
条件,状態,0.965273,1
条件,何人,0.963527,2
条件,どんな,0.961488,3
条件,多少,0.958514,4
条件,同,0.958509,5
切る,割る,0.982684,1
切る,力,0.939609,2
切る,開閉,0.926327,3
切る,グリップ,0.917421,4
切る,開ける,0.912683,5
込む,こつ,0.969628,1
込む,ぐっ,0.926728,2
込む,ウチ,0.923182,3
込む,入り込む,0.922351,4
込む,ぼ,0.921144,5
中々,凡そ,0.947362,1
中々,セカンド,0.937081,2
中々,譲る,0.936978,3
中々,ずつ,0.93566,4
中々,一応,0.935055,5
侭,ねた,0.94508,1
侭,ベイト,0.86496,2
侭,言い訳,0.860038,3
侭,思い込み,0.844951,4
侭,偏る,0.837844,5
発表,説明会,0.978504,1
発表,公表,0.970666,2
発表,会議,0.967292,3
発表,司会,0.964437,4
発表,開催,0.963732,5
目指す,志,0.969887,1
目指す,見込む,0.964707,2
目指す,達する,0.961094,3
目指す,志望,0.960689,4
目指す,培う,0.952005,5
追加,添加,0.947902,1
追加,付,0.930217,2
追加,レンジ,0.929967,3
追加,投入,0.928837,4
追加,sim,0.916852,5
メニュー,レイアウト,0.963598,1
メニュー,集計,0.958468,2
メニュー,エントランス,0.957956,3
メニュー,カタログ,0.953832,4
メニュー,一覧,0.952783,5
すすめ,応援,0.955815,1
すすめ,陽性,0.954232,2
すすめ,勝利,0.950329,3
すすめ,促進,0.949158,4
すすめ,勝ち,0.949147,5
安全,安全性,0.992735,1
安全,セーフティー,0.980854,2
安全,衛生,0.952942,3
安全,保障,0.950976,4
安全,保護,0.94708,5
検索,サーチ,0.980899,1
検索,求人情報,0.954591,2
検索,翻訳,0.95142,3
検索,算出,0.94847,4
検索,求人,0.946125,5
製品,プロダクト,0.981992,1
製品,商品,0.971265,2
製品,UI,0.958789,3
製品,カレンダー,0.947667,4
製品,装備,0.943557,5
配信,オンライン,0.958863,1
配信,ビデオ,0.958408,2
配信,デリバリー,0.950705,3
配信,商材,0.945578,4
配信,配送,0.945576,5
病院,医院,0.994311,1
病院,医療機関,0.946612,2
病院,銀行,0.934131,3
病院,バンク,0.925932,4
病院,医学部,0.922066,5
公式,制服,0.966101,1
公式,カタログ,0.963901,2
公式,規格,0.963633,3
公式,図面,0.961966,4
公式,規約,0.954492,5
纏め,纏う,0.976043,1
纏め,巻,0.961048,2
纏め,巻き,0.95176,3
纏め,構う,0.946901,4
纏め,纏める,0.94149,5
氏,こそ,0.950954,1
氏,おば,0.947804,2
氏,丈,0.946441,3
氏,宛て,0.944974,4
氏,留める,0.944754,5
置く,受け取り,0.975281,1
置く,放置,0.972049,2
置く,収める,0.969472,3
置く,ベース,0.966358,4
置く,値,0.965798,5
決める,決定,0.966898,1
決める,扱う,0.963776,2
決める,行う,0.960467,3
決める,預ける,0.958277,4
決める,取り組む,0.957745,5
登場,出番,0.956907,1
登場,見せる,0.953819,2
登場,通う,0.95294,3
登場,来,0.950862,4
登場,一緒,0.949879,5
名前,名字,0.987049,1
名前,氏名,0.98669,2
名前,本名,0.968234,3
名前,ネーム,0.947699,4
名前,住む,0.928432,5
大人,成年,0.966491,1
大人,父親,0.937813,2
大人,成人,0.934593,3
大人,夫,0.933559,4
大人,本編,0.933513,5
質問,見,0.972262,1
質問,問,0.964928,2
質問,問う,0.960378,3
質問,パス,0.95941,4
質問,乗る,0.957711,5
シリーズ,系列,0.975708,1
シリーズ,本学,0.962793,2
シリーズ,総合,0.955671,3
シリーズ,統合,0.953064,4
シリーズ,講演,0.952337,5
若し,折,0.918816,1
若し,放つ,0.912138,2
若し,返る,0.907307,3
若し,傾ける,0.902461,4
若し,但し,0.901835,5
違い,頼む,0.931464,1
違い,離す,0.920317,2
違い,下ろす,0.919016,3
違い,下す,0.918382,4
違い,接触,0.910905,5
台,盤,0.983275,1
台,板,0.974261,2
台,覆う,0.967112,3
台,器,0.965715,4
台,ナンバー,0.963774,5
超,最大限,0.944538,1
超,最大級,0.933396,2
超,最大,0.924219,3
超,高,0.913219,4
超,MAX,0.912819,5
求める,確かめる,0.964424,1
求める,選ぶ,0.961124,2
求める,取る,0.955712,3
求める,のぞく,0.954988,4
求める,任せる,0.953848,5
量,度,0.979049,1
量,型,0.975545,2
量,節,0.971788,3
量,分類,0.969755,4
量,所,0.967749,5
専用,専属,0.904071,1
専用,特化,0.887941,2
専用,専任,0.795097,3
専用,私立,0.778378,4
専用,カスタム,0.775986,5
アイテム,品物,0.9737,1
アイテム,物件,0.965363,2
アイテム,オブジェクト,0.963246,3
アイテム,物品,0.96293,4
アイテム,録画,0.957108,5
スマホ,携帯電話,0.990462,1
スマホ,スマートフォン,0.990153,2
スマホ,パソコン,0.918273,3
スマホ,モバイル,0.914133,4
スマホ,タブレット,0.900374,5
用意,プロミス,0.953282,1
用意,旨,0.949015,2
用意,補充,0.948274,3
用意,製,0.943469,4
用意,設ける,0.941925,5
会員,メンバー,0.962673,1
会員,適用,0.957758,2
会員,用途,0.949746,3
会員,使用,0.949387,4
会員,ターゲット,0.947362,5
期待,関心,0.961946,1
期待,願う,0.960056,2
期待,求める,0.951241,3
期待,買い求める,0.948585,4
期待,体感,0.930248,5
全国,全域,0.961585,1
全国,全日本,0.959901,2
全国,数百,0.944822,3
全国,多数,0.943248,4
全国,世界的,0.939814,5
ばかり,次々,0.940267,1
ばかり,ウエー,0.900927,2
ばかり,振り,0.900398,3
ばかり,振る,0.89481,4
ばかり,直後,0.894083,5
更新,投入,0.962953,1
更新,アップデート,0.962893,2
更新,処理,0.961476,3
更新,利用,0.958191,4
更新,起用,0.953841,5
専門,専門家,0.967014,1
専門,エキスパート,0.962453,2
専門,専門的,0.960293,3
専門,博士,0.958603,4
専門,専業,0.95231,5
住宅,住居,0.993942,1
住宅,家屋,0.988896,2
住宅,住まい,0.986296,3
住宅,ハウス,0.98277,4
住宅,宿泊,0.975428,5
意識,マインド,0.946661,1
意識,脳,0.930315,2
意識,人間関係,0.925723,3
意識,人生,0.923297,4
意識,脳内,0.918361,5
送る,取る,0.96818,1
送る,取り寄せる,0.96809,2
送る,仕入れる,0.96557,3
送る,乗せる,0.965487,4
送る,渡す,0.963321,5
教育,教,0.970635,1
教育,知育,0.960248,2
教育,教授,0.945602,3
教育,教師,0.940194,4
教育,インストラクター,0.938922,5
変化,変わる,0.944652,1
変化,変わり,0.906036,2
変化,移る,0.898004,3
変化,チェンジ,0.893541,4
変化,転換,0.890528,5
生きる,活,0.976097,1
生きる,ライフ,0.969453,2
生きる,学会,0.957697,3
生きる,生活,0.956066,4
生きる,生体,0.949456,5
変える,チェンジ,0.945592,1
変える,試みる,0.91885,2
変える,試み,0.917535,3
変える,起こす,0.900824,4
変える,変化,0.88779,5
中心,中央,0.976337,1
中心,セントラル,0.971302,2
中心,センター,0.964186,3
中心,列,0.963562,4
中心,統一,0.962762,5
全,オール,0.978889,1
全,全面,0.968611,2
全,総,0.967075,3
全,全部,0.966321,4
全,主要,0.958962,5
メーカー,事業所,0.955909,1
メーカー,製造,0.952244,2
メーカー,加工,0.949509,3
メーカー,機体,0.939332,4
メーカー,ファクトリー,0.936945,5
費用,コスト,0.975399,1
費用,賃料,0.958828,2
費用,返却,0.952799,3
費用,家賃,0.95097,4
費用,料金,0.94819,5
プレゼント,ギフト,0.98869,1
プレゼント,贈り物,0.987357,2
プレゼント,贈与,0.926379,3
プレゼント,特典,0.922245,4
プレゼント,お気に入り,0.908851,5
気軽,軽やか,0.918946,1
気軽,カジュアル,0.902292,2
気軽,手軽,0.897971,3
気軽,柔らか,0.888246,4
気軽,軽い,0.884175,5
普通,通常,0.983714,1
普通,ノーマル,0.979447,2
普通,一般,0.966938,3
普通,日常,0.966415,4
普通,概ね,0.965449,5
転職,引っ越し,0.930197,1
転職,引っ越す,0.920222,2
転職,移住,0.91622,3
転職,就職,0.896961,4
転職,インターンシップ,0.879272,5
案内,立地,0.953661,1
案内,掲載,0.947805,2
案内,報告,0.946796,3
案内,ガイドライン,0.945998,4
案内,通路,0.943915,5
全く,無,0.956119,1
全く,オフ,0.946621,2
全く,陰性,0.93384,3
全く,不在,0.932798,4
全く,無し,0.932265,5
徒歩,歩行,0.947265,1
徒歩,ウォーキング,0.941927,2
徒歩,散歩,0.917515,3
徒歩,ウォーク,0.912235,4
徒歩,歩く,0.911097,5
ウェブ,WWW,0.983133,1
ウェブ,ネットワーク,0.959917,2
ウェブ,インターネット,0.959856,3
ウェブ,クラウド,0.950841,4
ウェブ,YouTube,0.939779,5
一般,一般的,0.993781,1
一般,通常,0.983667,2
一般,全般,0.979457,3
一般,通用,0.97442,4
一般,普通,0.966938,5
終了,休業,0.962857,1
終了,止め,0.960047,2
終了,停止,0.957067,3
終了,停,0.95474,4
終了,閉店,0.948718,5
過去,古く,0.962212,1
過去,古い,0.937626,2
過去,以前,0.928871,3
過去,古,0.918136,4
過去,昔,0.917786,5
食事,飲食,0.981936,1
食事,食生活,0.981862,2
食事,食,0.966186,3
食事,フード,0.955474,4
食事,朝食,0.952762,5
人生,一生,0.928422,1
人生,生涯,0.926391,2
人生,意識,0.923297,3
人生,人間関係,0.917454,4
人生,知能,0.900356,5
オススメ,メリット,0.967853,1
オススメ,利点,0.967554,2
オススメ,御勧め,0.962444,3
オススメ,有利,0.96231,4
オススメ,改善,0.951988,5
光,晴れ,0.931175,1
光,晴れる,0.923069,2
光,昼,0.919586,3
光,緑,0.913947,4
光,朝日,0.909476,5
依頼,要望,0.97484,1
依頼,請求,0.972501,2
依頼,送付,0.968285,3
依頼,申し込み,0.966943,4
依頼,登録,0.965461,5
ー,n,0.981775,1
ー,此の,0.980138,2
ー,一,0.979383,3
ー,どの,0.978991,4
ー,ユ,0.978851,5
面白い,コメディー,0.786502,1
面白い,楽しい,0.765191,2
面白い,お笑い,0.751275,3
面白い,多彩,0.716457,4
面白い,遊び,0.704535,5
社,合,0.977543,1
社,中,0.976641,2
社,在,0.975219,3
社,状,0.97475,4
社,通,0.974313,5
一部,中,0.984492,1
一部,英文,0.983702,2
一部,回答,0.980447,3
一部,状,0.979673,4
一部,提示,0.978206,5
s,p,0.996068,1
s,m,0.994967,2
s,c,0.994732,3
s,j,0.993972,4
s,l,0.993574,5
こそ,承る,0.969398,1
こそ,了承,0.966814,2
こそ,録,0.966047,3
こそ,宛て,0.964205,4
こそ,属,0.964028,5
準備,内訳,0.961466,1
準備,補正,0.952666,2
準備,記入,0.952548,3
準備,取り揃える,0.948929,4
準備,計上,0.944969,5
年間,年度,0.982859,1
年間,年次,0.98254,2
年間,シーズン,0.976172,3
年間,毎年,0.968973,4
年間,週,0.949423,5
プラン,計画,0.992333,1
プラン,プランニング,0.969662,2
プラン,プランナー,0.961388,3
プラン,スケジュール,0.951547,4
プラン,手配,0.946875,5
求人,求人情報,0.973677,1
求人,検索,0.946125,2
求人,投票,0.942567,3
求人,ジョブ,0.938148,4
求人,打ち合わせ,0.937898,5
OK,一定,0.961124,1
OK,タイプ,0.957858,2
OK,項目,0.953508,3
OK,分類,0.952203,4
OK,片,0.94861,5
不安,苦戦,0.939563,1
不安,慌てる,0.924656,2
不安,煩い,0.92098,3
不安,神経質,0.916649,4
不安,不安定,0.905185,5
スポーツ,体育,0.992726,1
スポーツ,サッカー,0.93663,2
スポーツ,野球,0.933065,3
スポーツ,運動会,0.91486,4
スポーツ,テニス,0.904403,5
行動,行為,0.989724,1
行動,言動,0.973319,2
行動,動作,0.959168,3
行動,手掛ける,0.955648,4
行動,振る舞う,0.949382,5
筈,つめる,0.907734,1
筈,こつ,0.906022,2
筈,杖,0.903731,3
筈,ウチ,0.892558,4
筈,一味,0.882765,5
旅行,トラベル,0.992182,1
旅行,旅,0.960851,2
旅行,観光,0.943949,3
旅行,アクティビティー,0.927013,4
旅行,モチベーション,0.908754,5
画面,品揃え,0.939508,1
画面,コンテンツ,0.938421,2
画面,レイアウト,0.935096,3
画面,出力,0.935081,4
画面,全部,0.934133,5
レベル,タイプ,0.970091,1
レベル,ポジション,0.969591,2
レベル,位,0.967205,3
レベル,値,0.964424,4
レベル,型,0.960422,5
得,ラ,0.981839,1
得,ア,0.981253,2
得,価,0.979234,3
得,吉,0.97877,4
得,基づく,0.978572,5
書,書面,0.953082,1
書,ブック,0.949022,2
書,書籍,0.946675,3
書,冊子,0.946038,4
書,冊,0.944264,5
運営,業務,0.970522,1
運営,委員会,0.962968,2
運営,施策,0.959082,3
運営,自治体,0.95221,4
運営,事業者,0.951782,5
魅力,魅力的,0.982731,1
魅力,もてる,0.927759,2
魅力,熱愛,0.92183,3
魅力,魅了,0.919772,4
魅力,チャーム,0.917636,5
朝,あさ,0.977523,1
朝,午前,0.9715,2
朝,デー,0.965534,3
朝,午前中,0.964325,4
朝,明け,0.95427,5
グループ,群,0.971727,1
グループ,集団,0.971612,2
グループ,集結,0.953856,3
グループ,合流,0.94835,4
グループ,共同,0.940814,5
進む,進める,0.985471,1
進む,続ける,0.964375,2
進む,向かう,0.959734,3
進む,出来る,0.958048,4
進む,到達,0.948475,5
感染,感染者,0.966449,1
感染,感染症,0.945402,2
感染,出血,0.922463,3
感染,事故,0.918267,4
感染,トラブル,0.917063,5
ランキング,号線,0.929298,1
ランキング,集計,0.924097,2
ランキング,チャート,0.923722,3
ランキング,銘柄,0.921766,4
ランキング,協定,0.917262,5
自身,御自身,0.980004,1
自身,自分,0.977276,2
自身,私自身,0.96754,3
自身,セルフ,0.965329,4
自身,納得,0.963175,5
特別,特製,0.921358,1
特別,スペシャル,0.919002,2
特別,特色,0.863461,3
特別,逸品,0.851342,4
特別,豪華,0.835477,5
会う,交わす,0.965749,1
会う,訪問,0.965383,2
会う,挨拶,0.957083,3
会う,向ける,0.956966,4
会う,言う,0.9566,5
テレビ,TV,0.990019,1
テレビ,家電,0.963788,2
テレビ,モニター,0.936477,3
テレビ,時計,0.926662,4
テレビ,Windows,0.923755,5
成長,意欲,0.956076,1
成長,モチベーション,0.953125,2
成長,上達,0.94869,3
成長,充実,0.948419,4
成長,深める,0.940261,5
チーム,連携,0.966372,1
チーム,協働,0.958757,2
チーム,コラボ,0.954916,3
チーム,協同,0.954697,4
チーム,コラボレーション,0.951728,5
年度,年間,0.982859,1
年度,年次,0.978938,2
年度,シーズン,0.957131,3
年度,学年,0.956978,4
年度,毎年,0.952064,5
最大,高,0.977658,1
最大,最高,0.968669,2
最大,最大級,0.966438,3
最大,最多,0.966349,4
最大,最,0.965652,5
申し込み,申請,0.988789,1
申し込み,請求,0.976365,2
申し込み,登録,0.971462,3
申し込み,依頼,0.966943,4
申し込み,送付,0.960839,5
大会,首都圏,0.957106,1
大会,リーグ,0.956715,2
大会,キャンペーン,0.947041,3
大会,展示会,0.943908,4
大会,球団,0.941804,5
最新,新作,0.893954,1
最新,トレンド,0.853743,2
最新,イノベーション,0.853534,3
最新,タレント,0.849339,4
最新,進歩,0.84612,5
頭,眼,0.975716,1
頭,身体,0.971844,2
頭,腰,0.963577,3
頭,頭部,0.962348,4
頭,手,0.962168,5
繋がる,繋がり,0.966513,1
繋がる,繋げる,0.959125,2
繋がる,関与,0.950288,3
繋がる,発達,0.931837,4
繋がる,通じる,0.928006,5
猫,キャット,0.974206,1
猫,にゃん,0.904446,2
猫,少年,0.868723,3
猫,子猫,0.865013,4
猫,少女,0.861518,5
当たる,肢,0.958322,1
当たる,引き,0.956769,2
当たる,取り,0.954646,3
当たる,とれる,0.952494,4
当たる,接する,0.950557,5
始まる,始め,0.955857,1
始まる,現れる,0.934041,2
始まる,途中,0.931381,3
始まる,出来,0.929957,4
始まる,開始,0.924894,5
近く,近辺,0.987875,1
近く,付近,0.98043,2
近く,近い,0.969595,3
近く,近隣,0.957001,4
近く,隣接,0.951091,5
最高,最大級,0.97473,1
最高,最大,0.968669,2
最高,最,0.967785,3
最高,高,0.965586,4
最高,上位,0.951827,5
通常,普通,0.983714,1
通常,一般,0.983667,2
通常,概ね,0.977874,3
通常,一般的,0.977513,4
通常,ノーマル,0.970751,5
機,オート,0.961119,1
機,工,0.950016,2
機,搭載,0.940803,3
機,コントロール,0.94024,4
機,キャスター,0.937868,5
例えば,即ち,0.962536,1
例えば,基本,0.948652,2
例えば,来,0.946663,3
例えば,どういう,0.939424,4
例えば,さ,0.937573,5
採用,コース,0.958706,1
採用,リクルート,0.956409,2
採用,起用,0.955407,3
採用,研修,0.946322,4
採用,更新,0.94502,5
御店,店頭,0.962654,1
御店,町,0.958552,2
御店,週刊,0.956628,3
御店,飲食店,0.956444,4
御店,販売店,0.955819,5
高校,学校,0.991611,1
高校,スクール,0.980696,2
高校,カレッジ,0.969845,3
高校,高等学校,0.966227,4
高校,キャンパス,0.952307,5
側,側面,0.978075,1
側,どころ,0.975119,2
側,サイド,0.970573,3
側,合間,0.960413,4
側,上下,0.955014,5
思い,抱える,0.964389,1
思い,思う,0.958292,2
思い,実感,0.953145,3
思い,感,0.95087,4
思い,込める,0.950765,5
道,歴代,0.948565,1
道,史,0.944849,2
道,歴,0.939438,3
道,原則,0.936393,4
道,種目,0.934475,5
描く,書き,0.975727,1
描く,写る,0.951168,2
描く,撮影,0.948576,3
描く,書き方,0.945645,4
描く,執筆,0.942428,5
与える,しめる,0.97604,1
与える,任せる,0.972794,2
与える,有り,0.972393,3
与える,都合,0.968914,4
与える,きく,0.968722,5
感想,感,0.957809,1
感想,パーソナル,0.954444,2
感想,実感,0.954339,3
感想,見解,0.953992,4
感想,見方,0.951806,5
身体,頭,0.971844,1
身体,頭部,0.968113,2
身体,手足,0.967377,3
身体,腰,0.960593,4
身体,眼,0.960244,5
完全,全,0.957614,1
完全,最終的,0.952914,2
完全,フル,0.946174,3
完全,上部,0.94141,4
完全,主要,0.939461,5
辛い,苦しい,0.989974,1
辛い,不幸,0.96734,2
辛い,痛い,0.966582,3
辛い,苦しむ,0.96234,4
辛い,挫折,0.95709,5
収納,本棚,0.969621,1
収納,床,0.969053,2
収納,キャビネット,0.968495,3
収納,宿泊,0.966535,4
収納,ベッド,0.959512,5
クリック,タップ,0.894007,1
クリック,アップロード,0.865381,2
クリック,切り替える,0.856563,3
クリック,スプレー,0.849564,4
クリック,スナップ,0.838483,5
知識,知見,0.964931,1
知識,真実,0.954039,2
知識,真相,0.949895,3
知識,不可欠,0.925719,4
知識,語学,0.918201,5
設置,配置,0.976889,1
設置,セットアップ,0.975046,2
設置,スクリプト,0.963388,3
設置,モジュール,0.957825,4
設置,パッケージ,0.952041,5
募集,演習,0.939304,1
募集,中継,0.936195,2
募集,業者,0.926626,3
募集,配布,0.923269,4
募集,リレー,0.919842,5
エリア,区域,0.972923,1
エリア,表面,0.972427,2
エリア,並ぶ,0.967254,3
エリア,場所,0.965919,4
エリア,区間,0.96535,5
宜しく,宜しい,0.987002,1
宜しく,心地良い,0.961378,2
宜しく,楽々,0.956108,3
宜しく,温か,0.951183,4
宜しく,スマイル,0.950204,5
試験,選考,0.953649,1
試験,模試,0.941694,2
試験,関数,0.941006,3
試験,算定,0.932385,4
試験,計算,0.920442,5
美しい,奇麗,0.970663,1
美しい,美品,0.951674,2
美しい,褒美,0.948095,3
美しい,素敵,0.92085,4
美しい,カッコイイ,0.920678,5
音,声,0.970101,1
音,聞こえる,0.952885,2
音,見る,0.944871,3
音,回り,0.942813,4
音,響き,0.940405,5
興味,関心,0.942494,1
興味,味わう,0.9324,2
興味,味わい,0.932288,3
興味,楽しむ,0.929087,4
興味,期待,0.926655,5
調べる,視察,0.970524,1
調べる,考察,0.969123,2
調べる,調べ,0.965752,3
調べる,調査,0.953919,4
調べる,尋ねる,0.952451,5
外,外側,0.977173,1
外,外部,0.962491,2
外,向こう,0.951831,3
外,公,0.939566,4
外,分布,0.939264,5
雰囲気,ビュー,0.938301,1
雰囲気,テクスチャー,0.927513,2
雰囲気,バスト,0.927272,3
雰囲気,ベージュ,0.927243,4
雰囲気,外観,0.924678,5
ユーザー,利用者,0.987983,1
ユーザー,読者,0.972338,2
ユーザー,個人,0.96037,3
ユーザー,見方,0.957277,4
ユーザー,日々,0.954657,5
介護,養護,0.886934,1
介護,育児,0.876152,2
介護,家計,0.875309,3
介護,眼科,0.867753,4
介護,介護職,0.862003,5
ショップ,商店,0.99568,1
ショップ,店舗,0.993127,2
ショップ,店,0.992919,3
ショップ,店頭,0.967891,4
ショップ,販売店,0.966323,5
取得,計,0.975887,1
取得,適用,0.971669,2
取得,撮る,0.970994,3
取得,目的,0.968878,4
取得,ステップ,0.966657,5
下記,以下,0.997302,1
下記,〇,0.995124,2
下記,イ,0.984591,3
下記,一種,0.984014,4
下記,X1,0.980852,5
見付ける,取れる,0.962349,1
見付ける,届く,0.960858,2
見付ける,沿う,0.959105,3
見付ける,問,0.953022,4
見付ける,見付かる,0.952239,5
制度,機構,0.983953,1
制度,法的,0.957013,2
制度,機関,0.955643,3
制度,規程,0.953253,4
制度,協定,0.950844,5
立つ,聞こえる,0.964505,1
立つ,見,0.961134,2
立つ,毎日,0.958792,3
立つ,日々,0.955754,4
立つ,読み取る,0.953365,5
届く,届ける,0.976575,1
届く,受け付ける,0.975518,2
届く,取れる,0.970616,3
届く,大抵,0.962698,4
届く,有する,0.961194,5
当社,弊社,0.974262,1
当社,同社,0.974125,2
当社,系列,0.963384,3
当社,本学,0.962943,4
当社,一家,0.962348,5
投稿,発信,0.937096,1
投稿,参加,0.931541,2
投稿,応答,0.929495,3
投稿,送信,0.929195,4
投稿,リンク,0.927508,5
教室,スクール,0.976683,1
教室,会議室,0.9744,2
教室,学校,0.958421,3
教室,店,0.957955,4
教室,オフィス,0.955878,5
地,陸,0.976176,1
地,ランド,0.976073,2
地,地面,0.969461,3
地,アース,0.965512,4
地,土,0.963238,5
学習,学ぶ,0.984912,1
学習,学,0.984643,2
学習,学び,0.98308,3
学習,復習,0.961134,4
学習,学会,0.958549,5
全体,全体的,0.987877,1
全体,整体,0.980427,2
全体,全部,0.967974,3
全体,中央,0.962894,4
全体,規模,0.960858,5
遊ぶ,遊び,0.953152,1
遊ぶ,笑う,0.905154,2
遊ぶ,笑い,0.902481,3
遊ぶ,プレー,0.90151,4
遊ぶ,遊,0.887648,5
音楽,ミュージック,0.974044,1
音楽,歌,0.933907,2
音楽,ソング,0.917112,3
音楽,ドラマ,0.906504,4
音楽,楽曲,0.903577,5
夢,夢中,0.945404,1
夢,ドリーム,0.850876,2
夢,模索,0.799001,3
夢,迷う,0.751664,4
夢,迷い,0.722464,5
山,マウンテン,0.950579,1
山,森,0.947381,2
山,月,0.94587,3
山,林,0.938272,4
山,丘,0.93589,5
歩く,歩む,0.992357,1
歩く,歩行,0.989479,2
歩く,歩,0.987558,3
歩く,ウォーク,0.985426,4
歩く,走る,0.981716,5
週間,毎月,0.97486,1
週間,毎週,0.973202,2
週間,毎日,0.96237,3
週間,セリフ,0.957909,4
週間,デイリー,0.955623,5
講座,講演,0.984691,1
講座,課程,0.983835,2
講座,授業,0.970446,3
講座,本学,0.966177,4
講座,講師,0.964273,5
レッスン,教え,0.976131,1
レッスン,教,0.972731,2
レッスン,教える,0.968564,3
レッスン,課程,0.968291,4
レッスン,実用,0.960527,5
物件,物品,0.992726,1
物件,品物,0.981277,2
物件,オブジェクト,0.977169,3
物件,オブジェ,0.96895,4
物件,アイテム,0.965363,5
十分,済み,0.972687,1
十分,備わる,0.972159,2
十分,判明,0.964674,3
十分,表示,0.962634,4
十分,相当,0.962269,5
W,H,0.998809,1
W,V,0.996893,2
W,g,0.993454,3
W,IH,0.992119,4
W,RE,0.988599,5
配送,配達,0.991054,1
配送,デリバリー,0.978432,2
配送,発送,0.977896,3
配送,決済,0.947601,4
配送,ジョブ,0.946662,5
印象,印象的,0.975749,1
印象,態度,0.948886,2
印象,感,0.945526,3
印象,なれる,0.944943,4
印象,感想,0.93418,5
夜,夜間,0.964814,1
夜,夜中,0.943388,2
夜,ナイト,0.91388,3
夜,影,0.894937,4
夜,終わり,0.894839,5
以前,昔,0.983882,1
以前,古い,0.943753,2
以前,旧,0.941756,3
以前,オールド,0.938972,4
以前,古く,0.932172,5
入り,節,0.965463,1
入り,要する,0.964294,2
入り,参照,0.963795,3
入り,受信,0.962829,4
入り,入る,0.962796,5
指定,cm,0.969675,1
指定,定める,0.967808,2
指定,付,0.967678,3
指定,所定,0.965172,4
指定,パート,0.964954,5
中国,アメリカ,0.971219,1
中国,米国,0.971012,2
中国,US,0.956425,3
中国,アジア,0.952938,4
中国,中華,0.95067,5
バッグ,靴,0.968574,1
バッグ,シューズ,0.967932,2
バッグ,ハンドバッグ,0.959177,3
バッグ,眼鏡,0.958098,4
バッグ,カード,0.951348,5
運動,エクササイズ,0.963206,1
運動,フィットネス,0.950861,2
運動,アクティビティー,0.939665,3
運動,練る,0.932768,4
運動,学習,0.930498,5
b,l,0.993124,1
b,d,0.993091,2
b,p,0.992601,3
b,c,0.992496,4
b,u,0.992165,5
法人,カンパニー,0.955532,1
法人,株式会社,0.954706,2
法人,会社,0.952872,3
法人,企業,0.948641,4
法人,法律,0.943358,5
調整,遣り方,0.958752,1
調整,依頼,0.953972,2
調整,処置,0.95085,3
調整,受講,0.948085,4
調整,補正,0.945713,5
屋,フローリング,0.962139,1
屋,土台,0.939761,2
屋,室,0.939265,3
屋,台,0.939208,4
屋,ファブリック,0.935328,5
料,録,0.985207,1
料,有り,0.983526,2
料,段,0.978393,3
料,項,0.977849,4
料,ごと,0.974594,5
ドラマ,ミュージック,0.909351,1
ドラマ,音楽,0.906504,2
ドラマ,アレンジ,0.897701,3
ドラマ,ライティング,0.893427,4
ドラマ,MC,0.880685,5
口,ハンド,0.97684,1
口,腕,0.969414,2
口,イヤー,0.962522,3
口,右手,0.96226,4
口,舌,0.962033,5
届ける,届く,0.976575,1
届ける,答える,0.966753,2
届ける,デイリー,0.96659,3
届ける,取れる,0.965291,4
届ける,返答,0.965234,5
練習,復習,0.961584,1
練習,習う,0.961153,2
練習,手入れ,0.956509,3
練習,練る,0.954928,4
練習,修繕,0.944575,5
越える,越え,0.970347,1
越える,勢,0.944391,2
越える,越す,0.933785,3
越える,乗り切る,0.921769,4
越える,上る,0.914158,5
アクセス,問い合わせ,0.966868,1
アクセス,返事,0.961621,2
アクセス,ご利用,0.961571,3
アクセス,パス,0.960225,4
アクセス,視聴,0.960132,5
キャンペーン,広報,0.96849,1
キャンペーン,PR,0.956258,2
キャンペーン,シティー,0.955366,3
キャンペーン,宣伝,0.951706,4
キャンペーン,プロモーション,0.950288,5
担当,担当者,0.986378,1
担当,計上,0.972143,2
担当,取り扱う,0.956537,3
担当,確認,0.955869,4
担当,責任者,0.95529,5
毎,即,0.976026,1
毎,条,0.975733,2
毎,毎度,0.970636,3
毎,翌,0.970219,4
毎,ごと,0.969453,5
不動産,保険,0.956743,1
不動産,年金,0.950602,2
不動産,財産,0.942888,3
不動産,担保,0.927355,4
不動産,資産,0.925643,5
ブラック,隔離,0.906269,1
ブラック,黒い,0.896538,2
ブラック,暗い,0.891781,3
ブラック,陰,0.868851,4
ブラック,決して,0.863889,5
検査,点検,0.964476,1
検査,選考,0.956263,2
検査,検証,0.952616,3
検査,テスト,0.950394,4
検査,仕入れ,0.948767,5
すすめる,づける,0.976584,1
すすめる,割と,0.967263,2
すすめる,回,0.964293,3
すすめる,し,0.963805,4
すすめる,ろ,0.963039,5
向ける,問,0.97318,1
向ける,向き合う,0.970339,2
向ける,要請,0.970121,3
向ける,沿う,0.968856,4
向ける,言う,0.967292,5
本日,今日,0.986572,1
本日,今月,0.966073,2
本日,明日,0.95844,3
本日,同日,0.954888,4
本日,当日,0.952404,5
シンプル,簡単,0.979114,1
シンプル,単純,0.978947,2
シンプル,ベーシック,0.95636,3
シンプル,入門,0.942814,4
シンプル,無難,0.937081,5
症状,発症,0.904693,1
症状,消耗,0.89774,2
症状,依存,0.890168,3
症状,症,0.887168,4
症状,疲れる,0.880238,5
どれ,どの,0.98878,1
どれ,どのような,0.981908,2
どれ,誰,0.980841,3
どれ,a,0.979751,4
どれ,n,0.976062,5
活躍,積極,0.977054,1
活躍,活躍中,0.976677,2
活躍,積極的,0.968995,3
活躍,アクティブ,0.962434,4
活躍,熱心,0.944158,5
入力,輸入,0.985286,1
入力,件,0.983166,2
入力,ご指定,0.979131,3
入力,エントリー,0.9692,4
入力,インプット,0.968441,5
或る,或いは,0.952516,1
或る,どっち,0.933867,2
或る,ながら,0.933719,3
或る,例えば,0.925064,4
或る,頃,0.923438,5
代表,代表的,0.98527,1
代表,結論,0.969071,2
代表,誌,0.963289,3
代表,表明,0.95831,4
代表,メイン,0.957862,5
取り引き,売買,0.957075,1
取り引き,営業,0.931283,2
取り引き,販売,0.930718,3
取り引き,事業者,0.928986,4
取り引き,措置,0.92634,5
自由,機会,0.917488,1
自由,チャンス,0.898519,2
自由,意欲,0.89716,3
自由,エナジー,0.887756,4
自由,柔軟性,0.887729,5
検討,考慮,0.977586,1
検討,扱う,0.95613,2
検討,理由,0.953636,3
検討,見解,0.952804,4
検討,見直す,0.951659,5
野菜,豆腐,0.975001,1
野菜,米,0.966232,2
野菜,白菜,0.964704,3
野菜,ブロッコリー,0.962417,4
野菜,梨,0.962266,5
資格,信頼性,0.967943,1
資格,維持,0.960404,2
資格,真面目,0.955332,3
資格,承諾,0.955126,4
資格,確保,0.953684,5
スタイル,パーソナル,0.938294,1
スタイル,My,0.93163,2
スタイル,メーク,0.926886,3
スタイル,ヘアスタイル,0.9254,4
スタイル,選び方,0.92315,5
最も,最,0.984383,1
最も,高,0.974919,2
最も,高め,0.974489,3
最も,トップ,0.971177,4
最も,高める,0.961929,5
判断,主張,0.979298,1
判断,主に,0.977846,2
判断,答え,0.976938,3
判断,表明,0.974718,4
判断,示す,0.973682,5
悩み,悩む,0.942513,1
悩み,心配,0.920348,2
悩み,悩ます,0.919042,3
悩み,疲れ,0.914791,4
悩み,後悔,0.914365,5
初,部分,0.928759,1
初,ずつ,0.924922,2
初,初め,0.920992,3
初,リトル,0.920709,4
初,初回,0.914669,5
比べる,頻度,0.957913,1
比べる,見,0.934432,2
比べる,何時,0.931776,3
比べる,いつ,0.926586,4
比べる,時期,0.923948,5
残る,残す,0.957999,1
残る,底,0.952965,2
残る,余る,0.947086,3
残る,未だ,0.94319,4
残る,息,0.942892,5
解決,解析,0.97434,1
解決,支持,0.968476,2
解決,分析,0.966946,3
解決,解明,0.965576,4
解決,提供,0.964308,5
お金,マネー,0.985939,1
お金,金銭,0.981658,2
お金,資金,0.941649,3
お金,エアコン,0.905789,4
お金,クレジットカード,0.897633,5
小さい,小さめ,0.983467,1
小さい,小さな,0.981905,2
小さい,小,0.981584,3
小さい,スモール,0.978517,4
小さい,些細,0.970331,5
プロ,CS,0.976088,1
プロ,TEL,0.972019,2
プロ,EA,0.971054,3
プロ,VS,0.969436,4
プロ,AT,0.968609,5
面,姿,0.986535,1
面,身,0.979315,2
面,眉,0.971611,3
面,反映,0.970463,4
面,額,0.970259,5
関わる,関与,0.963742,1
関わる,動詞,0.962817,2
関わる,振る舞う,0.957418,3
関わる,喋る,0.95261,4
関わる,言動,0.952262,5
作り,造,0.951149,1
作り,PIC,0.949442,2
作り,製,0.943879,3
作り,造り,0.942528,4
作り,作成,0.940319,5
テーマ,主題,0.992268,1
テーマ,トピック,0.986227,2
テーマ,題材,0.975867,3
テーマ,概要,0.974555,4
テーマ,種類,0.971593,5
ホーム,お家,0.99144,1
ホーム,我が家,0.988253,2
ホーム,自宅,0.987451,3
ホーム,御自宅,0.985682,4
ホーム,家,0.981571,5
今日は,半年,0.966598,1
今日は,次回,0.958323,2
今日は,日々,0.957243,3
今日は,途中,0.957066,4
今日は,明日,0.956737,5
金額,残高,0.952678,1
金額,請求書,0.945356,2
金額,録音,0.942243,3
金額,値段,0.941994,4
金額,録画,0.940685,5
当,要,0.982766,1
当,当該,0.981906,2
当,ル,0.979388,3
当,イン,0.978087,4
当,NG,0.977103,5
試す,試行,0.950381,1
試す,試みる,0.946816,2
試す,試し,0.940351,3
試す,試み,0.939497,4
試す,換える,0.916907,5
移動,動かす,0.956364,1
移動,動く,0.953948,2
移動,モーション,0.942587,3
移動,切り替え,0.939268,4
移動,動き,0.938822,5
スキル,技能,0.994773,1
スキル,健康,0.963649,2
スキル,ヘルス,0.959141,3
スキル,学び,0.956872,4
スキル,権利,0.94827,5
結構,構造,0.988867,1
結構,形式,0.96522,2
結構,クラス,0.962129,3
結構,構成,0.957922,4
結構,フォルム,0.957231,5
開く,開ける,0.980184,1
開く,注ぐ,0.976559,2
開く,開き,0.970846,3
開く,乗る,0.96204,4
開く,回る,0.958384,5
深い,奥深い,0.933102,1
深い,深刻,0.895611,2
深い,運命,0.876486,3
深い,重厚,0.858299,4
深い,永遠,0.839629,5
町,タウン,0.98572,1
町,市内,0.960177,2
町,御店,0.958552,3
町,学級,0.951186,4
町,店頭,0.947239,5
スタート,ショット,0.927361,1
スタート,始動,0.9092,2
スタート,立ち上げる,0.901346,3
スタート,即日,0.894859,4
スタート,開始,0.884696,5
区,スケール,0.968276,1
区,域,0.96134,2
区,公,0.960542,3
区,集,0.956409,4
区,全体,0.95618,5
素敵,褒美,0.968978,1
素敵,カッコイイ,0.959037,2
素敵,奇麗,0.952436,3
素敵,美,0.92373,4
素敵,美しい,0.92085,5
周辺,いずれ,0.933747,1
周辺,合間,0.926132,2
周辺,側,0.92613,3
周辺,側面,0.919262,4
周辺,サイド,0.918835,5
オープン,開放,0.978592,1
オープン,共同,0.926662,2
オープン,多種,0.922421,3
オープン,多様,0.906127,4
オープン,幅広い,0.903776,5
手続き,メソッド,0.974146,1
手続き,手順,0.966074,2
手続き,算定,0.959159,3
手続き,改訂,0.957317,4
手続き,製法,0.955828,5
市場,マーケット,0.977854,1
市場,流通,0.971611,2
市場,広報,0.949939,3
市場,キャンペーン,0.948895,4
市場,マスコミ,0.944581,5
大事,重大,0.919861,1
大事,主役,0.917959,2
大事,指導者,0.912823,3
大事,使命,0.912703,4
大事,国民,0.912268,5
漫画,コミック,0.987727,1
漫画,コミックス,0.953128,2
漫画,アニメ,0.912617,3
漫画,アニメーション,0.88526,4
漫画,イラスト,0.874058,5
機会,チャンス,0.947003,1
機会,自由,0.917488,2
機会,発見,0.913885,3
機会,意欲,0.890602,4
機会,希望者,0.879561,5
美容,コスメ,0.963075,1
美容,スタイリング,0.93861,2
美容,エステ,0.928552,3
美容,ビューティー,0.924012,4
美容,化粧品,0.920386,5
報告,報告書,0.983867,1
報告,レポート,0.976919,2
報告,方針,0.973615,3
報告,職員,0.965735,4
報告,刊行,0.963401,5
因み,受ける,0.955666,1
因み,込める,0.954165,2
因み,受け止める,0.95325,3
因み,其れ,0.9525,4
因み,具合,0.951993,5
自宅,御自宅,0.991804,1
自宅,我が家,0.988624,2
自宅,ホーム,0.987451,3
自宅,お家,0.98619,4
自宅,居宅,0.974172,5
展開,広げる,0.946075,1
展開,促す,0.937746,2
展開,広める,0.934757,3
展開,続編,0.93387,4
展開,中盤,0.931911,5
香り,アロマ,0.93966,1
香り,風味,0.939575,2
香り,味,0.935661,3
香り,フレーバー,0.932971,4
香り,色味,0.922578,5
発売,リリース,0.97743,1
発売,販売中,0.968359,2
発売,上映,0.967304,3
発売,販売,0.956512,4
発売,施策,0.955047,5
コメント,メッセージ,0.957458,1
コメント,返事,0.956348,2
コメント,出席,0.953166,3
コメント,本日,0.946173,4
コメント,アクセス,0.945589,5
コーヒー,友達,0.936496,1
コーヒー,友人,0.930696,2
コーヒー,パートナー,0.928645,3
コーヒー,フレンド,0.926583,4
コーヒー,親切,0.923337,5
友達,友人,0.996488,1
友達,フレンド,0.989759,2
友達,友,0.984458,3
友達,ファミリー,0.97505,4
友達,仲間,0.972366,5
経営,マネージメント,0.979972,1
経営,物流,0.96866,2
経営,ビジネス,0.967325,3
経営,経済,0.963365,4
経営,企業,0.952506,5
普段,日頃,0.985711,1
普段,姿,0.964084,2
普段,日々,0.963629,3
普段,受け止める,0.960986,4
普段,体,0.960373,5
既に,予め,0.966509,1
既に,在留,0.965985,2
既に,所,0.965931,3
既に,一定,0.964811,4
既に,身,0.964774,5
計画,プラン,0.992333,1
計画,プランニング,0.985653,2
計画,テクニック,0.964435,3
計画,プランナー,0.962118,4
計画,職,0.949176,5
有名,著名,0.975856,1
有名,有名人,0.922006,2
有名,大賞,0.89619,3
有名,スター,0.876525,4
有名,名物,0.866137,5
カメラ,モニター,0.943437,1
カメラ,機材,0.942418,2
カメラ,ナビ,0.942167,3
カメラ,ブラウザ,0.939668,4
カメラ,ツール,0.929531,5
位置,所在地,0.98834,1
位置,年月日,0.980026,2
位置,時点,0.974751,3
位置,地点,0.968857,4
位置,日数,0.967448,5
様子,状況,0.966015,1
様子,事,0.965282,2
様子,我々,0.96352,3
様子,現,0.96308,4
様子,文句,0.961118,5
守る,守,0.966156,1
守る,守護,0.962978,2
守る,保護,0.962849,3
守る,誠,0.957773,4
守る,頼り,0.956751,5
率,令,0.964578,1
率,ver,0.963252,2
率,比,0.962756,3
率,レポ,0.962595,4
率,並びに,0.96136,5
例,文,0.969863,1
例,何事,0.969438,2
例,前提,0.968651,3
例,前半,0.968007,4
例,具体,0.966503,5
但し,然し,0.934571,1
但し,前回,0.920377,2
但し,まあ,0.920031,3
但し,って,0.916962,4
但し,若し,0.901835,5
落ちる,落下,0.972212,1
落ちる,落とす,0.967714,2
落ちる,傾く,0.946731,3
落ちる,滑り,0.945428,4
落ちる,下落,0.941314,5
平成,令和,0.940286,1
平成,業種,0.919239,2
平成,議員,0.915529,3
平成,配布,0.908543,4
平成,開催,0.9085,5
ウイルス,害虫,0.886092,1
ウイルス,感染者,0.878653,2
ウイルス,感染,0.878593,3
ウイルス,損なう,0.875309,4
ウイルス,ハザード,0.86319,5
姿,面,0.986535,1
姿,眉,0.979921,2
姿,身,0.979303,3
姿,中身,0.976868,4
姿,体,0.974543,5
なり,い,0.985982,1
なり,じ,0.981956,2
なり,け,0.981166,3
なり,ぐ,0.979533,4
なり,め,0.978496,5
身,面,0.979315,1
身,姿,0.979303,2
身,体,0.977795,3
身,中身,0.97558,4
身,反映,0.975297,5
動く,動き,0.972709,1
動く,モーション,0.969136,2
動く,移動,0.953948,3
動く,動かす,0.950351,4
動く,可動,0.925341,5
了承,基,0.970357,1
了承,済み,0.970351,2
了承,守,0.970043,3
了承,こそ,0.966814,4
了承,承る,0.966189,5
周り,周囲,0.987915,1
周り,場,0.958792,2
周り,方々,0.956932,3
周り,表面,0.949989,4
周り,デー,0.946523,5
加える,集める,0.952134,1
加える,通す,0.949929,2
加える,出す,0.942338,3
加える,進む,0.939947,4
加える,取得,0.939146,5
曲,黄,0.932864,1
曲,成る,0.926336,2
曲,発色,0.915659,3
曲,明,0.910712,4
曲,様,0.909222,5
指導,助言,0.964941,1
指導,支援,0.964116,2
指導,教え,0.961367,3
指導,ガイド,0.961161,4
指導,教える,0.960845,5
公園,パーク,0.987357,1
公園,園内,0.948853,2
公園,晴れ,0.904288,3
公園,和食,0.904227,4
公園,観光地,0.902227,5
海,オーシャン,0.984532,1
海,海洋,0.97391,2
海,東海,0.92924,3
海,太平洋,0.92558,4
海,大河,0.924176,5
忘れる,遣る気,0.93064,1
忘れる,諦める,0.924245,2
忘れる,尽きる,0.921534,3
忘れる,捨離,0.916528,4
忘れる,やめる,0.914459,5
ファン,ユース,0.930167,1
ファン,年生,0.922775,2
ファン,フォロー,0.921094,3
ファン,放課後,0.914692,4
ファン,お出掛け,0.911526,5
役,業,0.941509,1
役,廻,0.933937,2
役,経,0.931613,3
役,大久保,0.927093,4
役,仲,0.927014,5
記載,欄,0.985917,1
記載,段,0.98382,2
記載,表記,0.983596,3
記載,含める,0.980412,4
記載,項目,0.980139,5
実現,分析,0.961178,1
実現,解決,0.959725,2
実現,解析,0.959257,3
実現,機能,0.957588,4
実現,進行,0.956087,5
階,格,0.98034,1
階,こく,0.976421,2
階,立,0.971216,3
階,桁,0.970059,4
階,庫,0.969817,5
戻る,収める,0.962694,1
戻る,受け取り,0.956521,2
戻る,寄せる,0.954663,3
戻る,入れる,0.954024,4
戻る,読み込む,0.953922,5
春,春夏,0.98258,1
春,初夏,0.960481,2
春,咲く,0.921796,3
春,開花,0.918669,4
春,夏,0.909874,5
選,u,0.979213,1
選,選択,0.97829,2
選,選定,0.977789,3
選,用,0.977703,4
選,要,0.975974,5
制作,製作,0.988169,1
制作,編集,0.963703,2
制作,建てる,0.956605,3
制作,作成,0.955282,4
制作,組み立てる,0.942587,5
稼ぐ,稼ぎ,0.977045,1
稼ぐ,購買,0.955598,2
稼ぐ,習う,0.946404,3
稼ぐ,買い,0.944352,4
稼ぐ,進捗,0.94248,5
上記,以上,0.98737,1
上記,前述,0.987318,2
上記,題する,0.984511,3
上記,前記,0.984032,4
上記,在,0.980768,5
注目,着目,0.93013,1
注目,関与,0.893315,2
注目,影響,0.888962,3
注目,直結,0.888385,4
注目,キャッチ,0.884792,5
メンバー,員,0.987382,1
メンバー,対応,0.977574,2
メンバー,含める,0.968722,3
メンバー,合意,0.968293,4
メンバー,紹介,0.967619,5
通販,決済,0.919888,1
通販,配送,0.918091,2
通販,配達,0.913267,3
通販,ブラウザ,0.911173,4
通販,ショッピング,0.908933,5
付け,付く,0.978487,1
付け,約,0.970593,2
付け,当てる,0.968976,3
付け,ぴん,0.965797,4
付け,パート,0.965261,5
番,タレ,0.976531,1
番,り,0.97591,2
番,がる,0.974635,3
番,産,0.970794,4
番,へん,0.96863,5
放送,市,0.972457,1
放送,上映,0.966279,2
放送,ステージ,0.962476,3
放送,プレス,0.961259,4
放送,球団,0.957827,5
そのまま,ソース,0.977722,1
そのまま,状態,0.971308,2
そのまま,受け取り,0.968783,3
そのまま,所在,0.962982,4
そのまま,要素,0.962957,5
どちら,どういう,0.975032,1
どちら,各,0.965518,2
どちら,何人,0.963137,3
どちら,どんな,0.960253,4
どちら,どっち,0.959131,5
成分,値,0.975799,1
成分,表記,0.975602,2
成分,ソース,0.972308,3
成分,ベース,0.971567,4
成分,素材,0.97005,5
決定,決める,0.966898,1
決定,解く,0.957063,2
決定,遂げる,0.947178,3
決定,果たす,0.946301,4
決定,方法,0.945558,5
事前,予め,0.970781,1
事前,もと,0.965261,2
事前,一先ず,0.963821,3
事前,被せる,0.961908,4
事前,任せ,0.961138,5
木,樹,0.988085,1
木,樹木,0.978792,2
木,ツリー,0.967376,3
木,木々,0.96726,4
木,ウッド,0.963655,5
件,入力,0.983166,1
件,ご指定,0.976938,2
件,オブ,0.974112,3
件,表記,0.973744,4
件,エントリー,0.970735,5
患者,ニーズ,0.91565,1
患者,待遇,0.909287,2
患者,個人,0.906931,3
患者,クライアント,0.902848,4
患者,読者,0.899695,5
スペース,宇宙,0.916817,1
スペース,銀河,0.837715,2
スペース,ロシア,0.810091,3
スペース,コスモス,0.803423,4
スペース,高山,0.782443,5
彼女,受け入れ,0.983725,1
彼女,受け入れる,0.98094,2
彼女,都合,0.966204,3
彼女,くらい,0.965271,4
彼女,許容,0.965005,5
学生,高校生,0.983875,1
学生,生徒,0.976588,2
学生,中学生,0.956293,3
学生,会話,0.944846,4
学生,対話,0.939802,5
トップ,上位,0.980385,1
トップ,TOP,0.977168,2
トップ,高,0.976887,3
トップ,最,0.974112,4
トップ,最も,0.971177,5
アメリカ,米国,0.994706,1
アメリカ,中国,0.971219,2
アメリカ,US,0.962939,3
アメリカ,欧州,0.948501,4
アメリカ,日米,0.945853,5
売る,売り,0.949093,1
売る,売買,0.947767,2
売る,送信,0.941705,3
売る,派遣,0.9286,4
売る,販売,0.928522,5
種,源,0.951218,1
種,芝,0.944328,2
種,グラウンド,0.938399,3
種,山葵,0.938111,4
種,菅,0.935505,5
新品,新商品,0.973623,1
新品,新しい,0.912308,2
新品,新型,0.884597,3
新品,新規,0.880211,4
新品,新作,0.85031,5
生まれる,誕生,0.944242,1
生まれる,生後,0.929982,2
生まれる,癒す,0.900277,3
生まれる,乳,0.895573,4
生まれる,愈,0.882315,5
予想,預かる,0.963058,1
予想,注ぐ,0.957416,2
予想,預ける,0.956709,3
予想,向ける,0.946442,4
予想,尋ねる,0.944857,5
導入,出典,0.975253,1
導入,概要,0.971765,2
導入,概ね,0.968048,3
導入,常,0.967373,4
導入,参考,0.96612,5
d,t,0.99618,1
d,p,0.994645,2
d,j,0.994643,3
d,m,0.994633,4
d,c,0.994381,5
マンション,ロレックス,0.907067,1
マンション,スーツ,0.903795,2
マンション,邸,0.876561,3
マンション,不動産,0.874535,4
マンション,Mac,0.863686,5
mm,by,0.965026,1
mm,CC,0.963757,2
mm,z,0.961475,3
mm,代,0.961468,4
mm,cm,0.961461,5
クラブ,市,0.943449,1
クラブ,モール,0.938055,2
クラブ,駅前,0.929042,3
クラブ,百貨店,0.926725,4
クラブ,都心,0.925893,5
編,作,0.989681,1
編,j,0.978791,2
編,d,0.97814,3
編,k,0.977296,4
編,CH,0.976807,5
長,ロング,0.968943,1
長,フル,0.963692,2
長,オール,0.96166,3
長,数十,0.95993,4
長,太,0.958784,5
トレーニング,訓練,0.986515,1
トレーニング,エクササイズ,0.95455,2
トレーニング,フィットネス,0.949719,3
トレーニング,生産性,0.949238,4
トレーニング,トレーナー,0.946626,5
オリジナル,ユニーク,0.870742,1
オリジナル,特色,0.846652,2
オリジナル,特別,0.818269,3
オリジナル,独特,0.812228,4
オリジナル,特徴的,0.799711,5
秋,夕方,0.941825,1
秋,季節,0.93053,2
秋,四季,0.92735,3
秋,西日本,0.92359,4
秋,海岸,0.914659,5
新た,新規,0.929624,1
新た,新しい,0.913549,2
新た,ニュー,0.887004,3
新た,新,0.881032,4
新た,新商品,0.809634,5
ホームページ,サイト,0.964641,1
ホームページ,インデックス,0.957754,2
ホームページ,字幕,0.955367,3
ホームページ,ボード,0.954364,4
ホームページ,拠点,0.953479,5
猶,タレ,0.977509,1
猶,圭,0.97491,2
猶,漸と,0.966142,3
猶,たり,0.96209,4
猶,択,0.956807,5
カバー,トート,0.931742,1
カバー,飾る,0.925256,2
カバー,ラッピング,0.919386,3
カバー,名入れ,0.916389,4
カバー,ラップ,0.911998,5
ダイエット,禁煙,0.94243,1
ダイエット,燃費,0.932808,2
ダイエット,対処法,0.925125,3
ダイエット,減量,0.915426,4
ダイエット,ビタミン,0.903968,5
障害,被害,0.900665,1
障害,欠点,0.890616,2
障害,遅れ,0.885691,3
障害,痺れ,0.880941,4
障害,赤字,0.878813,5
見せる,開示,0.959018,1
見せる,一通り,0.953976,2
見せる,登場,0.953819,3
見せる,代表的,0.952979,4
見せる,周,0.950467,5
成功,充実,0.970826,1
成功,高める,0.964626,2
成功,豊か,0.963298,3
成功,増進,0.952442,4
成功,上手,0.951919,5
保護,サポート,0.974141,1
保護,守る,0.962849,2
保護,信頼,0.960613,3
保護,ヘルプ,0.959305,4
保護,保障,0.956872,5
企画,プロデュース,0.948012,1
企画,製作,0.940467,2
企画,プロジェクト,0.931994,3
企画,開発,0.929068,4
企画,事業,0.927242,5
文字,字,0.974222,1
文字,ワード,0.95338,2
文字,単語,0.951934,3
文字,食材,0.945501,4
文字,プレース,0.94249,5
大丈夫,在住,0.95113,1
大丈夫,着く,0.947969,2
大丈夫,在留,0.941951,3
大丈夫,帰り,0.941211,4
大丈夫,ほっと,0.940913,5
一日,日々,0.992651,1
一日,毎日,0.978562,2
一日,読者,0.961596,3
一日,半年,0.961217,4
一日,意思,0.959838,5
気付く,望む,0.967002,1
気付く,触れる,0.960527,2
気付く,留意,0.957516,3
気付く,見なす,0.955973,4
気付く,起きる,0.95299,5
c,p,0.995851,1
c,s,0.994732,2
c,d,0.994381,3
c,k,0.99329,4
c,j,0.993063,5
流れ,流,0.959244,1
流れ,波,0.913711,2
流れ,ウェーブ,0.910723,3
流れ,繰り広げる,0.896793,4
流れ,流れる,0.884397,5
話題,金曜日,0.95546,1
話題,木曜,0.952147,2
話題,今季,0.947876,3
話題,当日,0.946645,4
話題,来場,0.94638,5
ライブ,トレンド,0.925008,1
ライブ,賑わう,0.901135,2
ライブ,ソーシャル,0.899458,3
ライブ,メキシコ,0.892829,4
ライブ,盛り上がり,0.889864,5
韓国,オランダ,0.954346,1
韓国,台北,0.954244,2
韓国,香港,0.950398,3
韓国,日本,0.942934,4
韓国,神戸,0.935859,5
温泉,ハニー,0.939818,1
温泉,茶,0.935568,2
温泉,蜜,0.935361,3
温泉,恵み,0.930455,4
温泉,蜂蜜,0.93027,5
バランス,ペース,0.967561,1
バランス,適量,0.95259,2
バランス,適当,0.950911,3
バランス,目,0.947267,4
バランス,適度,0.946869,5
押さえる,決め手,0.93843,1
押さえる,捉える,0.9364,2
押さえる,決める,0.934282,3
押さえる,課する,0.933927,4
押さえる,誓う,0.928442,5
表現,キャラ,0.977219,1
表現,センス,0.97611,2
表現,描写,0.962342,3
表現,可成,0.962113,4
表現,意,0.961578,5
処理,タスク,0.978478,1
処理,実施,0.973378,2
処理,任務,0.968144,3
処理,制御,0.967992,4
処理,実行,0.96499,5
館,校舎,0.965956,1
館,博物,0.951195,2
館,施設,0.945841,3
館,館内,0.940729,4
館,州,0.940615,5
カフェ,喫茶店,0.992916,1
カフェ,レストラン,0.957545,2
カフェ,ベーカリー,0.949827,3
カフェ,飲食店,0.948119,4
カフェ,ダイニング,0.940167,5
ご利用,応答,0.965569,1
ご利用,取得,0.962436,2
ご利用,返答,0.961732,3
ご利用,アクセス,0.961571,4
ご利用,閲覧,0.958892,5
観光,トラベル,0.951685,1
観光,旅行,0.943949,2
観光,アクティビティー,0.908495,3
観光,バースデー,0.908061,4
観光,誕生日,0.907715,5
私達,人物,0.969621,1
私達,キャラ,0.966472,2
私達,言い方,0.964707,3
私達,センス,0.96135,4
私達,名詞,0.959862,5
広告,宣伝,0.96859,1
広告,メディア,0.936282,2
広告,媒体,0.93153,3
広告,プロモーション,0.926788,4
広告,ムービー,0.915343,5
期,部,0.986533,1
期,こく,0.985178,2
期,里,0.982931,3
期,代,0.981796,4
期,令,0.976688,5
悩む,悩ます,0.992915,1
悩む,困る,0.964472,2
悩む,心配,0.954063,3
悩む,悩み,0.942513,4
悩む,疲れ,0.921497,5
季節,四季,0.953652,1
季節,秋,0.93053,2
季節,シーズン,0.930468,3
季節,昼,0.928983,4
季節,河川,0.92778,5
優しい,やさしい,0.982794,1
優しい,和らげる,0.955105,2
優しい,ほっこり,0.947021,3
優しい,大人しい,0.944603,4
優しい,心地良い,0.944376,5
新型,新商品,0.908431,1
新型,新品,0.884597,2
新型,新しい,0.879189,3
新型,新規,0.868594,4
新型,斬新,0.866584,5
帰る,帰り,0.973284,1
帰る,住む,0.965465,2
帰る,帰宅,0.965107,3
帰る,持ち帰る,0.963651,4
帰る,住まう,0.962505,5
進める,進む,0.985471,1
進める,続ける,0.978216,2
進める,出来る,0.962161,3
進める,能,0.95943,4
進める,通過,0.958738,5
スーパー,東急,0.970432,1
スーパー,マート,0.962672,2
スーパー,モール,0.961102,3
スーパー,電車,0.960318,4
スーパー,百貨店,0.958704,5
丁寧,マナー,0.944156,1
丁寧,御客様,0.939448,2
丁寧,礼,0.938047,3
丁寧,配慮,0.934555,4
丁寧,御礼,0.926933,5
ボタン,スイッチ,0.950116,1
ボタン,タイマー,0.925002,2
ボタン,マーカー,0.920812,3
ボタン,チケット,0.919711,4
ボタン,変数,0.918372,5
日々,一日,0.992651,1
日々,毎日,0.987171,2
日々,読者,0.972674,3
日々,見なす,0.967012,4
日々,普段,0.963629,5
小,スモール,0.984473,1
小,小さい,0.981584,2
小,小さな,0.981463,3
小,小さめ,0.975032,4
小,リトル,0.965213,5
自動,計算,0.964722,1
自動,プログラム,0.960551,2
自動,機器,0.950886,3
自動,機体,0.94684,4
自動,電気,0.94666,5
脱毛,育毛剤,0.942711,1
脱毛,美白,0.927639,2
脱毛,ホワイトニング,0.915636,3
脱毛,アカウント,0.905073,4
脱毛,腕時計,0.900843,5
心配,懸念,0.955197,1
心配,悩ます,0.954397,2
心配,悩む,0.954063,3
心配,泣き,0.938152,4
心配,困る,0.935846,5
パソコン,PC,0.970095,1
パソコン,コンピューター,0.955777,2
パソコン,タブレット,0.952209,3
パソコン,自動車,0.944723,4
パソコン,クレジットカード,0.944682,5
冬,冬場,0.982127,1
冬,冬季,0.969758,2
冬,凍る,0.913021,3
冬,凍結,0.897216,4
冬,寒い,0.895843,5
防止,防,0.947523,1
防止,防ぐ,0.943054,2
防止,許可,0.91395,3
防止,Na,0.908322,4
防止,計上,0.907458,5
バス,街道,0.946504,1
バス,道路,0.940137,2
バス,国道,0.930476,3
バス,街,0.930284,4
バス,ホール,0.927671,5
自己,自分自身,0.99311,1
自己,私自身,0.99083,2
自己,自分,0.989543,3
自己,御自身,0.972631,4
自己,両親,0.964462,5
京都,京都府,0.980392,1
京都,金沢,0.950839,2
京都,奈良,0.947877,3
京都,京都市,0.933283,4
京都,西宮,0.922378,5
近い,近辺,0.978344,1
近い,近く,0.969595,2
近い,間近,0.968463,3
近い,近郊,0.948834,4
近い,付近,0.942667,5
令和,平成,0.940286,1
令和,今年,0.901206,2
令和,開催中,0.892835,3
令和,総理,0.892137,4
令和,金曜日,0.889627,5
不,不能,0.983546,1
不,NO,0.982816,2
不,不要,0.980926,3
不,否定,0.976253,4
不,否,0.974593,5
低い,最小,0.966752,1
低い,低,0.963733,2
低い,少なめ,0.961424,3
低い,最低限,0.960415,4
低い,小さめ,0.960236,5
北海道,北陸,0.953111,1
北海道,新潟,0.942413,2
北海道,新潟県,0.938222,3
北海道,東北,0.932082,4
北海道,秋田,0.930979,5
絶対,硬化,0.911418,1
絶対,永久,0.908398,2
絶対,ストーン,0.890184,3
絶対,固い,0.887041,4
絶対,柱,0.877968,5
家庭,お母さん,0.980334,1
家庭,母さん,0.979665,2
家庭,親,0.979087,3
家庭,家,0.977924,4
家庭,ママ,0.977623,5
記念,保つ,0.935471,1
記念,プロパティー,0.930216,2
記念,保有,0.920983,3
記念,文庫,0.916675,4
記念,名入れ,0.915756,5
ライン,ゾーン,0.957125,1
ライン,列,0.955193,2
ライン,キロ,0.94873,3
ライン,フロント,0.946768,4
ライン,見出し,0.944293,5
士,旨,0.966387,1
士,伝,0.965836,2
士,李,0.963698,3
士,吉田,0.96317,4
士,尽くす,0.961839,5
幸せ,幸福,0.990454,1
幸せ,喜び,0.977998,2
幸せ,喜ぶ,0.972775,3
幸せ,幸い,0.966002,4
幸せ,楽しむ,0.958184,5
走る,走り,0.992601,1
走る,歩む,0.986947,2
走る,歩く,0.981716,3
走る,ウォーク,0.981479,4
走る,踏む,0.972528,5
ずっと,いつも,0.973465,1
ずっと,身,0.96555,2
ずっと,相変わらず,0.962433,3
ずっと,在留,0.96191,4
ずっと,既に,0.961412,5
覚える,思い出す,0.963108,1
覚える,知る,0.955542,2
覚える,教わる,0.949988,3
覚える,記す,0.948273,4
覚える,腰,0.947689,5
ずつ,さっき,0.942318,1
ずつ,中々,0.93566,2
ずつ,間に合う,0.931096,3
ずつ,譲る,0.928791,4
ずつ,サブ,0.927828,5
楽,はる,0.971005,1
楽,芸,0.963894,2
楽,幸,0.956596,3
楽,咲き,0.954908,4
楽,スマイル,0.945888,5
評判,相当,0.949739,1
評判,都,0.937193,2
評判,結果,0.93232,3
評判,結果的,0.930245,4
評判,周,0.929893,5
目標,承諾,0.960026,1
目標,バリュー,0.954311,2
目標,資格,0.951446,3
目標,積み立て,0.950582,4
目標,キープ,0.94912,5
文化,カルチャー,0.965219,1
文化,中華,0.931578,2
文化,コミュニティー,0.916142,3
文化,人類,0.908991,4
文化,関西,0.900711,5
つつ,斯く,0.943832,1
つつ,齎す,0.943104,2
つつ,ふる,0.941277,3
つつ,一々,0.939611,4
つつ,さえ,0.938126,5
痛い,痛める,0.982264,1
痛い,痛む,0.978383,2
痛い,痛,0.975865,3
痛い,苦痛,0.968895,4
痛い,苦しむ,0.967364,5
以降,際,0.978196,1
以降,NG,0.977205,2
以降,トレ,0.975612,3
以降,フォー,0.971587,4
以降,続き,0.970706,5
協力,寄与,0.968657,1
協力,貢献,0.959524,2
協力,協働,0.952805,3
協力,協同,0.95029,4
協力,コミュニティー,0.94912,5
セミナー,講習会,0.965622,1
セミナー,研修会,0.963778,2
セミナー,講演会,0.953531,3
セミナー,プレゼン,0.95291,4
セミナー,高校,0.952141,5
張る,かける,0.97304,1
張る,通す,0.957014,2
張る,発,0.956796,3
張る,出す,0.956756,4
張る,伸ばす,0.956414,5
価値,バリュー,0.981516,1
価値,品,0.971778,2
価値,納得,0.962935,3
価値,理由,0.959506,4
価値,意義,0.959351,5
提案,提出,0.976673,1
提案,提言,0.962813,2
提案,出品,0.9561,3
提案,策,0.951633,4
提案,一家,0.950944,5
豊富,豊か,0.976137,1
豊富,成功,0.950479,2
豊富,向上,0.949306,3
豊富,高,0.947748,4
豊富,最も,0.947247,5
起きる,目覚める,0.969321,1
起きる,摂取,0.965073,2
起きる,ブレス,0.962033,3
起きる,覚める,0.956876,4
起きる,思い付く,0.953922,5
能力,主人公,0.960447,1
能力,適性,0.950052,2
能力,習得,0.947388,3
能力,目指す,0.943008,4
能力,培う,0.941739,5
広い,幅広い,0.975336,1
広い,広々,0.969381,2
広い,全域,0.948552,3
広い,数百,0.945575,4
広い,世界的,0.940313,5
保存,安定,0.965223,1
保存,保つ,0.962263,2
保存,保持,0.960411,3
保存,安定性,0.960177,4
保存,維持,0.955169,5
お知らせ,知らせ,0.990277,1
お知らせ,入店,0.965718,2
お知らせ,披露,0.961272,3
お知らせ,掲載,0.958283,4
お知らせ,開講,0.958265,5
小さな,スモール,0.988668,1
小さな,小さめ,0.981961,2
小さな,小さい,0.981905,3
小さな,小,0.981463,4
小さな,小規模,0.981111,5
昨日,先月,0.952193,1
昨日,前日,0.951618,2
昨日,先日,0.942245,3
昨日,先週,0.938013,4
昨日,下る,0.935398,5
軽い,軽,0.934848,1
軽い,軽量,0.933749,2
軽い,軽やか,0.925823,3
軽い,易い,0.908359,4
軽い,軽減,0.908111,5
アニメ,アニメーション,0.982841,1
アニメ,エンターテインメント,0.93179,2
アニメ,コミック,0.927078,3
アニメ,エンタメ,0.922172,4
アニメ,映画,0.921733,5
設計,デザイン,0.974752,1
設計,模型,0.945432,2
設計,造形,0.944452,3
設計,造り,0.941287,4
設計,応用,0.933014,5
め,ひ,0.991651,1
め,ぐ,0.990866,2
め,ぶ,0.990695,3
め,い,0.990328,4
め,げ,0.988885,5
クラス,インデックス,0.970725,1
クラス,仕様,0.966371,2
クラス,拠点,0.964491,3
クラス,結構,0.962129,4
クラス,ボード,0.960147,5
昔,以前,0.983882,1
昔,古く,0.94215,2
昔,古い,0.936843,3
昔,オールド,0.936078,4
昔,旧,0.919047,5
詰まり,詰まる,0.985858,1
詰まり,汚れ,0.933339,2
詰まり,損害,0.930103,3
詰まり,損傷,0.928847,4
詰まり,支障,0.925675,5
施術,トリートメント,0.969333,1
施術,手入れ,0.95575,2
施術,飼育,0.941347,3
施術,養成,0.937306,4
施術,育てる,0.927339,5
再,なり,0.955006,1
再,スレ,0.954695,2
再,対,0.954268,3
再,イン,0.949341,4
再,ブラ,0.948841,5
歴史,史上,0.957711,1
歴史,歴史的,0.921726,2
歴史,国土,0.899873,3
歴史,古代,0.891062,4
歴史,理学,0.886201,5
同時,交差,0.918489,1
同時,信号,0.896079,2
同時,本日,0.891972,3
同時,火曜,0.891615,4
同時,並行,0.889076,5
犬,ドッグ,0.994447,1
犬,仲間,0.93908,2
犬,友人,0.930223,3
犬,友達,0.92785,4
犬,同伴,0.920326,5
会場,ステーション,0.963505,1
会場,ステージ,0.957685,2
会場,店,0.955148,3
会場,ホール,0.950187,4
会場,エントランス,0.948457,5
メッセージ,コメント,0.957458,1
メッセージ,連絡,0.956758,2
メッセージ,返信,0.953115,3
メッセージ,メンバー,0.951655,4
メッセージ,使い分け,0.949473,5
年齢,足,0.969166,1
年齢,袖,0.965435,2
年齢,体温,0.964456,3
年齢,身長,0.964082,4
年齢,年数,0.957275,5
満足,満足度,0.97437,1
満足,居心地,0.959668,2
満足,好む,0.95537,3
満足,着心地,0.952684,4
満足,重宝,0.951994,5
リスク,ストレス,0.91502,1
リスク,プレッシャー,0.912692,2
リスク,緊張,0.893489,3
リスク,危険性,0.874321,4
リスク,争い,0.866774,5
食,フード,0.97123,1
食,食べ物,0.967042,2
食,食料,0.966582,3
食,食事,0.966186,4
食,食物,0.956614,5
製,程,0.98446,1
製,編,0.9685,2
製,策,0.967101,3
製,作,0.965802,4
製,旨,0.963842,5
出演,出演者,0.972844,1
出演,開催,0.966369,2
出演,出店,0.96318,3
出演,御店,0.95166,4
出演,発信,0.948249,5
加工,製造,0.970754,1
加工,生産,0.957194,2
加工,組み立て,0.957132,3
加工,メーカー,0.949509,4
加工,プロジェクト,0.947163,5
完成,解決,0.962473,1
完成,確立,0.961272,2
完成,確保,0.956867,3
完成,提供,0.956296,4
完成,実現,0.956077,5
ほぼ,約,0.937606,1
ほぼ,大抵,0.936943,2
ほぼ,次ぐ,0.93139,3
ほぼ,半ば,0.926445,4
ほぼ,向け,0.918332,5
まあ,さてさて,0.966118,1
まあ,どころ,0.949633,2
まあ,側,0.940332,3
まあ,合間,0.939368,4
まあ,ああ,0.936571,5
直接,直結,0.956686,1
直接,通過,0.947199,2
直接,明示,0.944306,3
直接,続ける,0.942686,4
直接,ガチ,0.941065,5
銀行,バンク,0.983901,1
銀行,鉄道,0.963762,2
銀行,金融機関,0.962842,3
銀行,日立,0.952254,4
銀行,メトロ,0.949323,5
複数,グループ,0.922845,1
複数,集団,0.921206,2
複数,社会的,0.919059,3
複数,全部,0.915755,4
複数,後半,0.913944,5
神,天神,0.955129,1
神,伝説,0.888224,2
神,聖地,0.876953,3
神,女神,0.874953,4
神,レジェンド,0.873348,5
雨,レイン,0.978955,1
雨,風,0.916485,2
雨,降る,0.90334,3
雨,天候,0.841214,4
雨,波動,0.823141,5
撮る,取得,0.970994,1
撮る,調べ,0.963438,2
撮る,ご利用,0.957721,3
撮る,返答,0.957268,4
撮る,到達,0.955258,5
事務,事務局,0.959736,1
事務,公務,0.949979,2
事務,部門,0.948034,3
事務,バージョン,0.944571,4
事務,監修,0.942539,5
マスク,アダプター,0.931402,1
マスク,電話番号,0.898148,2
マスク,マーカー,0.880999,3
マスク,限度額,0.880995,4
マスク,ジップ,0.876493,5
リンク,投稿,0.927508,1
リンク,チャンネル,0.926766,2
リンク,アンケート,0.914953,3
リンク,シェア,0.913749,4
リンク,配布,0.912595,5
当日,年内,0.976124,1
当日,期間中,0.968253,2
当日,今日,0.962002,3
当日,来店,0.959532,4
当日,今季,0.957875,5
通う,お客さん,0.962863,1
通う,講じる,0.960251,2
通う,参加者,0.959136,3
通う,同僚,0.959094,4
通う,来店,0.95848,5
黒,黒い,0.969694,1
黒,灰,0.939766,2
黒,凍結,0.9189,3
黒,終わり,0.892204,4
黒,冷たい,0.8777,5
楽天,フジテレビ,0.967828,1
楽天,東急,0.953666,2
楽天,豊田,0.949787,3
楽天,アマゾン,0.943432,4
楽天,ヤマハ,0.942197,5
現場,出来事,0.926479,1
現場,議論,0.913867,2
現場,各国,0.899645,3
現場,ディスカッション,0.8979,4
現場,動向,0.89553,5
倍,更に,0.972599,1
倍,ビック,0.970285,2
倍,最多,0.964746,3
倍,増,0.957744,4
倍,ハイ,0.957679,5
シート,席,0.969912,1
シート,シーツ,0.96609,2
シート,包,0.964129,3
シート,用品,0.961392,4
シート,置き物,0.960942,5
レビュー,同意,0.954479,1
レビュー,用いる,0.949883,2
レビュー,返信,0.948132,3
レビュー,返答,0.945744,4
レビュー,取得,0.943051,5
ストレス,プレッシャー,0.935892,1
ストレス,怒る,0.92029,2
ストレス,トラブル,0.920153,3
ストレス,怒り,0.917462,4
ストレス,リスク,0.91502,5
予防,衛生,0.957847,1
予防,学習,0.939637,2
予防,学,0.937423,3
予防,保健,0.933556,4
予防,ビタミン,0.933543,5
プレー,遊,0.955512,1
プレー,泳ぐ,0.938194,2
プレー,アクティビティー,0.920768,3
プレー,歌う,0.919969,4
プレー,前走,0.915766,5
カット,磨く,0.922255,1
カット,取り付ける,0.914884,2
カット,替える,0.912055,3
カット,直す,0.907758,4
カット,ストラップ,0.905698,5
値段,価格,0.959124,1
値段,単価,0.954429,2
値段,原価,0.948504,3
値段,金額,0.941994,4
値段,税込み,0.930503,5
向かう,進む,0.959734,1
向かう,立ち上がる,0.957226,2
向かう,渡る,0.955112,3
向かう,発する,0.95389,4
向かう,到達,0.950649,5
未,非,0.950213,1
未,欠ける,0.940862,2
未,アンダー,0.939718,3
未,未満,0.934232,4
未,けれど,0.933674,5
娘,妹,0.953966,1
娘,彼女,0.948319,2
娘,寄り,0.940846,3
娘,くらい,0.937826,4
娘,連れ,0.936581,5
申請,申し込み,0.988789,1
申請,請求,0.974641,2
申請,依頼,0.959644,3
申請,登録,0.95906,4
申請,応募,0.952579,5
完了,一定,0.967568,1
完了,値,0.959127,2
完了,完結,0.958696,3
完了,セクション,0.951336,4
完了,基準,0.950786,5
空間,材質,0.941164,1
空間,材料,0.941096,2
空間,ロケーション,0.935805,3
空間,膜,0.935755,4
空間,プレート,0.934892,5
受け付け,入場,0.961617,1
受け付け,入り,0.960802,2
受け付け,入店,0.958827,3
受け付け,通行,0.958409,4
受け付け,到着,0.95728,5
レディース,新婦,0.936702,1
レディース,メゾン,0.92912,2
レディース,品,0.926874,3
レディース,フェイシャル,0.926362,4
レディース,貴方,0.920266,5
如何,如何に,0.986906,1
如何,方式,0.972165,2
如何,どのような,0.961603,3
如何,アプローチ,0.959006,4
如何,x,0.958312,5
明日,今月,0.978576,1
明日,今朝,0.97114,2
明日,翌月,0.966417,3
明日,来週,0.966025,4
明日,来月,0.963208,5
着る,飲む,0.976814,1
着る,着ける,0.976442,2
着る,着用,0.970141,3
着る,着脱,0.966661,4
着る,着替える,0.961675,5
l,s,0.993574,1
l,b,0.993124,2
l,u,0.99243,3
l,n,0.992155,4
l,一,0.990775,5
ニュース,報道,0.978903,1
ニュース,新聞,0.968735,2
ニュース,SEO,0.943911,3
ニュース,会議,0.936521,4
ニュース,記者,0.933387,5
院,ストア,0.938055,1
院,幕,0.93562,2
院,ルート,0.929554,3
院,収録,0.924053,4
院,煉瓦,0.921148,5
一杯,いえ,0.957711,1
一杯,スリーブ,0.954443,2
一杯,手摺,0.952994,3
一杯,ベランダ,0.950499,4
一杯,席,0.946765,5
決まる,担任,0.958956,1
決まる,責任者,0.957811,2
決まる,占める,0.95058,3
決まる,締める,0.947659,4
決まる,取り扱う,0.947246,5
住む,住まう,0.996706,1
住む,居住,0.984165,2
住む,暮らす,0.974133,3
住む,帰る,0.965465,4
住む,いえ,0.961628,5
酒,ビール,0.875906,1
酒,アルコール,0.855336,2
酒,チョコレート,0.827376,3
酒,チョコ,0.821044,4
酒,焼き肉,0.819772,5
応援,すすめ,0.955815,1
応援,後押し,0.946734,2
応援,促進,0.943028,3
応援,前進,0.939154,4
応援,先発,0.938042,5
正しい,合格,0.982158,1
正しい,正しく,0.980431,2
正しい,正確,0.97209,3
正しい,是,0.971727,4
正しい,正,0.969642,5
元気,好調,0.948431,1
元気,楽しむ,0.932487,2
元気,励む,0.931619,3
元気,喜び,0.929658,4
元気,モチベーション,0.92369,5
以内,内,0.985933,1
以内,私,0.971724,2
以内,自,0.96763,3
以内,インナー,0.967207,4
以内,うち,0.966873,5
桜,花見,0.935004,1
桜,虹,0.929733,2
桜,紅葉,0.92158,3
桜,チューリップ,0.921557,4
桜,紫陽花,0.92153,5
男,マン,0.98741,1
男,男子,0.979885,2
男,男性,0.971503,3
男,継ぐ,0.954731,4
男,リアル,0.952412,5
コード,数字,0.937899,1
コード,機器,0.933819,2
コード,マシン,0.933078,3
コード,アルゴリズム,0.928337,4
コード,コンテナ,0.927104,5
ファイル,録画,0.966406,1
ファイル,備品,0.965052,2
ファイル,箱,0.959206,3
ファイル,ボックス,0.957302,4
ファイル,容器,0.955086,5
電子,チップ,0.914508,1
電子,半導体,0.861589,2
電子,超音波,0.854221,3
電子,電気,0.853285,4
電子,デジタル,0.850796,5
社員,従業員,0.974746,1
社員,会社員,0.974032,2
社員,担任,0.959153,3
社員,従事,0.957192,4
社員,職種,0.956685,5
旅,旅行,0.960851,1
旅,動機,0.946269,2
旅,トラベル,0.945862,3
旅,学会,0.941125,4
旅,ライフ,0.938254,5
起こる,生じる,0.958574,1
起こる,今月,0.956696,2
起こる,今朝,0.954207,3
起こる,出来,0.951448,4
起こる,現れる,0.949928,5
症,こつ,0.903318,1
症,症状,0.887168,2
症,ラグ,0.883606,3
症,込む,0.882338,4
症,面皰,0.881733,5
メンズ,会員,0.940652,1
メンズ,選定,0.930127,2
メンズ,適用,0.929149,3
メンズ,保障,0.926252,4
メンズ,自社,0.924329,5
未来,SF,0.841945,1
未来,次世代,0.795816,2
未来,ソフトバンク,0.792554,3
未来,改革,0.786554,4
未来,AI,0.785309,5
研修,コース,0.952939,1
研修,講習,0.946473,2
研修,採用,0.946322,3
研修,計画,0.945384,4
研修,プランニング,0.94356,5
メイン,結論,0.974115,1
メイン,主な,0.972017,2
メイン,案,0.970901,3
メイン,出題,0.970028,4
メイン,主,0.969843,5
修理,補修,0.962412,1
修理,修繕,0.954947,2
修理,買い付け,0.929131,3
修理,改修,0.917537,4
修理,クリーニング,0.915126,5
クリーム,チーズケーキ,0.910677,1
クリーム,チーズ,0.899727,2
クリーム,シロップ,0.894796,3
クリーム,休日,0.884046,4
クリーム,和菓子,0.879748,5
失敗,負け,0.972691,1
失敗,負ける,0.970215,2
失敗,不調,0.962565,3
失敗,間違い,0.960984,4
失敗,欠点,0.960325,5
御飯,飯,0.985541,1
御飯,パン,0.967202,2
御飯,膳,0.961807,3
御飯,朝食,0.961729,4
御飯,昼食,0.961311,5
サロン,美容室,0.964835,1
サロン,美容院,0.96203,2
サロン,ダイニング,0.952909,3
サロン,美容師,0.942896,4
サロン,喫茶店,0.93156,5
出品,アウトプット,0.967612,1
出品,提言,0.966318,2
出品,出力,0.961046,3
出品,提出,0.956481,4
出品,展示,0.956477,5
感謝,感激,0.986044,1
感謝,お礼,0.975032,2
感謝,褒める,0.961216,3
感謝,頼る,0.960002,4
感謝,尊敬,0.957852,5
国際,諸国,0.941876,1
国際,全域,0.937667,2
国際,インターナショナル,0.937555,3
国際,グローバル,0.937336,4
国際,連邦,0.932959,5
素晴らしい,見事,0.969913,1
素晴らしい,抜群,0.963286,2
素晴らしい,輝く,0.937495,3
素晴らしい,偉い,0.930316,4
素晴らしい,絶妙,0.926734,5
困る,悩ます,0.968936,1
困る,悩む,0.964472,2
困る,戸惑う,0.949853,3
困る,心配,0.935846,4
困る,疑惑,0.920264,5
使い方,使い道,0.981371,1
使い方,用いる,0.972008,2
使い方,使い,0.971681,3
使い方,遣り方,0.96616,4
使い方,選び方,0.958663,5
事故,破綻,0.967577,1
事故,ハザード,0.965955,2
事故,トラブル,0.956394,3
事故,腫瘍,0.951974,4
事故,ダメージ,0.950022,5
電気,電,0.946935,1
電気,自動,0.94666,2
電気,計算,0.944436,3
電気,アンプ,0.941611,4
電気,ヘッドライト,0.93915,5
制限,制約,0.957827,1
制限,限,0.935201,2
制限,限る,0.898043,3
制限,禁止,0.890906,4
制限,クローズ,0.883516,5
薬,薬剤,0.9699,1
薬,信用,0.93112,2
薬,クレジット,0.927232,3
薬,ポートフォリオ,0.924861,4
薬,ナビ,0.921101,5
わ,ま,0.993516,1
わ,ぎ,0.992478,2
わ,せい,0.989491,3
わ,り,0.987883,4
わ,き,0.987375,5
プログラム,自動,0.960551,1
プログラム,機体,0.948544,2
プログラム,機器,0.946963,3
プログラム,インターフェース,0.939899,4
プログラム,計算,0.939726,5
街,街道,0.983059,1
街,市,0.95929,2
街,市街,0.958107,3
街,駅,0.956887,4
街,放送,0.943827,5
戦,戦い,0.929325,1
戦,戦闘,0.903441,2
戦,合戦,0.903371,3
戦,高圧,0.889443,4
戦,ウォーズ,0.886204,5
確か,正,0.976348,1
確か,キープ,0.975618,2
確か,確定,0.972791,3
確か,質,0.971379,4
確か,確保,0.969257,5
ては,にて,0.980083,1
ては,ル,0.97491,2
ては,ま,0.97131,3
ては,及ぶ,0.970561,4
ては,プレ,0.970468,5
彼の,当方,0.973868,1
彼の,者,0.968627,2
彼の,此方,0.968584,3
彼の,当該,0.965778,4
彼の,特性,0.965649,5
割,切り,0.963312,1
割,押し,0.951551,2
割,弾,0.939541,3
割,押す,0.938886,4
割,突く,0.932977,5
一方,其れ,0.971132,1
一方,彼れ,0.97052,2
一方,自,0.96742,3
一方,うち,0.965826,4
一方,各,0.96128,5
グッズ,デスク,0.945665,1
グッズ,カード,0.944689,2
グッズ,キット,0.944575,3
グッズ,チェア,0.943213,4
グッズ,カップ,0.941668,5
クリニック,薬剤師,0.932198,1
クリニック,歯医者,0.926416,2
クリニック,薬局,0.925597,3
クリニック,機能性,0.919848,4
クリニック,メディカル,0.909829,5
最適,ベスト,0.979887,1
最適,優良,0.971823,2
最適,良く,0.963639,3
最適,最善,0.962765,4
最適,立派,0.955905,5
食品,食物,0.992992,1
食品,食べ物,0.987585,2
食品,フード,0.976046,3
食品,食料,0.965661,4
食品,食,0.952204,5
逆,異,0.940539,1
逆,欠ける,0.917529,2
逆,違う,0.915233,3
逆,反する,0.914448,4
逆,ずれる,0.914155,5
バイク,自転車,0.942096,1
バイク,速乾,0.863867,2
バイク,台所,0.863638,3
バイク,ポータブル,0.853294,4
バイク,サイクリング,0.852604,5
生かす,培う,0.969167,1
生かす,育む,0.968544,2
生かす,養う,0.955841,3
生かす,養成,0.953563,4
生かす,志,0.952658,5
番号,ZIP,0.969391,1
番号,ボックス,0.968696,2
番号,番地,0.968465,3
番号,カウンター,0.96673,4
番号,品番,0.96418,5
通す,スルー,0.970188,1
通す,出す,0.96589,2
通す,開き,0.960556,3
通す,出る,0.95927,4
通す,通過,0.957746,5
ギフト,プレゼント,0.98869,1
ギフト,贈り物,0.978167,2
ギフト,特典,0.923294,3
ギフト,スイート,0.916405,4
ギフト,贈与,0.912301,5
最終,最終的,0.973052,1
最終,結果,0.950214,2
最終,最後,0.94634,3
最終,域,0.945301,4
最終,スケール,0.943578,5
国内,常時,0.94843,1
国内,レギュラー,0.948293,2
国内,常,0.947411,3
国内,実写,0.944165,4
国内,文章,0.942578,5
額,眉,0.978455,1
額,あご,0.978446,2
額,ネック,0.977525,3
額,皮,0.975212,4
額,面,0.970259,5
拡大,拡張,0.946425,1
拡大,多く,0.945991,2
拡大,数多く,0.945617,3
拡大,大規模,0.942125,4
拡大,沢山,0.927886,5
総合,総合的,0.991208,1
総合,全面,0.97711,2
総合,統合,0.965983,3
総合,系列,0.963746,4
総合,シリーズ,0.955671,5
先日,先週,0.955093,1
先日,先月,0.943658,2
先日,昨日,0.942245,3
先日,直前,0.941904,4
先日,今朝,0.935932,5
プロジェクト,事業,0.983482,1
プロジェクト,商業,0.970373,2
プロジェクト,施策,0.96728,3
プロジェクト,ビジネス,0.964913,4
プロジェクト,商売,0.962498,5
キッチン,厨房,0.997748,1
キッチン,台所,0.948515,2
キッチン,調理,0.939355,3
キッチン,クッキング,0.92502,4
キッチン,製菓,0.907413,5
器,台,0.965715,1
器,包,0.95701,2
器,ナンバー,0.956991,3
器,商品,0.956089,4
器,内訳,0.952345,5
ソフト,ジェル,0.93073,1
ソフト,化粧水,0.895648,2
ソフト,ブレスレット,0.890281,3
ソフト,モード,0.871649,4
ソフト,ネービー,0.871302,5
汚れ,汚い,0.957831,1
汚れ,汚れる,0.957746,2
汚れ,損傷,0.945297,3
汚れ,錯誤,0.940053,4
汚れ,気味,0.935026,5
室,部屋,0.989057,1
室,ルーム,0.987237,2
室,室内,0.974729,3
室,衣類,0.972567,4
室,服,0.96822,5
白,白い,0.973142,1
白,白色,0.958329,2
白,清,0.93893,3
白,ホワイト,0.936935,4
白,白石,0.93592,5
親,母さん,0.987066,1
親,母,0.986177,2
親,お母さん,0.983263,3
親,ママ,0.982788,4
親,家庭,0.979087,5
レンタル,注文,0.959771,1
レンタル,ログイン,0.947637,2
レンタル,購買,0.940983,3
レンタル,賃貸,0.93605,4
レンタル,買い,0.935084,5
レシピ,食,0.932352,1
レシピ,食料,0.925738,2
レシピ,フード,0.922991,3
レシピ,教え,0.920713,4
レシピ,レッスン,0.919437,5
島,流石,0.900675,1
島,山下,0.899521,2
島,亀,0.897327,3
島,月々,0.897087,4
島,アイランド,0.896996,5
大好き,好き,0.967256,1
大好き,感動,0.953677,2
大好き,愛する,0.945472,3
大好き,喜ぶ,0.939764,4
大好き,熱愛,0.938709,5
組む,テンポ,0.943192,1
組む,調べ,0.939003,2
組む,用事,0.93869,3
組む,写る,0.938328,4
組む,ステップ,0.938074,5
仕様,レポート,0.970074,1
仕様,インデックス,0.96924,2
仕様,クラス,0.966371,3
仕様,形式,0.961036,4
仕様,定価,0.960596,5
意見,利用者,0.963739,1
意見,意図,0.959891,2
意見,見方,0.958289,3
意見,思う,0.956381,4
意見,感じる,0.950866,5
機関,庁,0.962051,1
機関,機構,0.961966,2
機関,制度,0.955643,3
機関,市役所,0.940632,4
機関,館,0.938834,5
限り,限界,0.94501,1
限り,終わり,0.922894,2
限り,一旦,0.920913,3
限り,バック,0.91959,4
限り,局,0.914392,5
界,領域,0.967183,1
界,域,0.961349,2
界,陸,0.951465,3
界,決まり,0.951247,4
界,歴,0.950075,5
当時,発祥,0.912535,1
当時,渡し,0.896667,2
当時,御参り,0.892783,3
当時,前年,0.890509,4
当時,巡り,0.88197,5
実績,確立,0.956468,1
実績,重点,0.955124,2
実績,店長,0.946792,3
実績,完成,0.945947,4
実績,成果,0.944442,5
扠,めりはり,0.889884,1
扠,あしらう,0.889267,2
扠,折角,0.878772,3
扠,因む,0.868799,4
扠,呉れる,0.861431,5
寝る,就寝,0.993629,1
寝る,眠る,0.969427,2
寝る,睡眠,0.968499,3
寝る,休む,0.962752,4
寝る,眠り,0.952253,5
支払い,決済,0.976506,1
支払い,ログイン,0.965675,2
支払い,口座,0.963966,3
支払い,送金,0.963446,4
支払い,認証,0.957202,5
課題,手法,0.947582,1
課題,扱う,0.946781,2
課題,見直し,0.944829,3
課題,取り扱い,0.940665,4
課題,所要,0.940294,5
デメリット,欠点,0.966303,1
デメリット,損する,0.959888,2
デメリット,滞納,0.9511,3
デメリット,支障,0.949275,4
デメリット,負け,0.948405,5
塗装,縫製,0.915272,1
塗装,器具,0.904045,2
塗装,縫う,0.901622,3
塗装,ペイント,0.895931,4
塗装,着色,0.894834,5
答える,述べる,0.985251,1
答える,答え,0.983568,2
答える,文,0.980344,3
答える,題,0.977679,4
答える,含める,0.977022,5
フリー,イージー,0.872091,1
フリー,あっさり,0.864836,2
フリー,容易,0.839649,3
フリー,無料,0.835389,4
フリー,手軽,0.820263,5
インターネット,ウェブ,0.959856,1
インターネット,WWW,0.959285,2
インターネット,クラウド,0.927366,3
インターネット,ネットワーク,0.907896,4
インターネット,YouTube,0.902728,5
続き,何,0.987241,1
続き,選択肢,0.979381,2
続き,JA,0.979295,3
続き,〇,0.979044,4
続き,N,0.978898,5
基準,標準,0.973215,1
基準,セクション,0.969889,2
基準,参考,0.969702,3
基準,種目,0.968382,4
基準,水準,0.967999,5
ツール,工具,0.990583,1
ツール,器具,0.97346,2
ツール,デバイス,0.94564,3
ツール,決済,0.941948,4
ツール,ブラウザ,0.939779,5
動物,生き物,0.958807,1
動物,アニマル,0.941319,2
動物,午後,0.918801,3
動物,獣,0.916267,4
動物,生物,0.9091,5
無理,悪化,0.911966,1
無理,悪質,0.907233,2
無理,最悪,0.899193,3
無理,無理矢理,0.896557,4
無理,悪影響,0.892269,5
差,相違,0.898559,1
差,異なる,0.898275,2
差,却って,0.894299,3
差,問題点,0.885963,4
差,そんな,0.881843,5
ライト,ヒント,0.91796,1
ライト,書き,0.915049,2
ライト,補充,0.909158,3
ライト,水洗い,0.907627,4
ライト,取れる,0.905411,5
勝ち,勝つ,0.985997,1
勝ち,勝利,0.985777,2
勝ち,勝,0.968146,3
勝ち,昇格,0.956377,4
勝ち,すすめ,0.949147,5
神社,寺院,0.940617,1
神社,寺,0.927008,2
神社,吉祥寺,0.919744,3
神社,神田,0.917709,4
神社,京都府,0.912248,5
バック,あく,0.953866,1
バック,裏,0.940441,2
バック,ニート,0.938332,3
バック,埋める,0.935896,4
バック,後ろ,0.935643,5
女子,女,0.990809,1
女子,ガール,0.97521,2
女子,婦人,0.970642,3
女子,女の子,0.967668,4
女子,人物,0.965862,5
プラス,アップ,0.960834,1
プラス,TOP,0.951773,2
プラス,勝,0.947923,3
プラス,もっと,0.939573,4
プラス,増進,0.938061,5
取れる,届く,0.970616,1
取れる,届ける,0.965291,2
取れる,受け付ける,0.964748,3
取れる,有する,0.963524,4
取れる,見付ける,0.962349,5
安定,安定性,0.987683,1
安定,保存,0.965223,2
安定,保持,0.964809,3
安定,保つ,0.954136,4
安定,持続,0.948656,5
向上,上がり,0.963107,1
向上,上昇,0.95775,2
向上,豊富,0.949306,3
向上,高め,0.948483,4
向上,豊,0.947536,5
講師,教授,0.982524,1
講師,インストラクター,0.979904,2
講師,教員,0.977575,3
講師,教師,0.976373,4
講師,講座,0.964273,5
経済,経営,0.963365,1
経済,ビジネス,0.955763,2
経済,マネージメント,0.951696,3
経済,物流,0.951612,4
経済,事業,0.950126,5
分析,解析,0.979981,1
分析,機能,0.979771,2
分析,解明,0.977662,3
分析,解決,0.966946,4
分析,実現,0.961178,5
授業,課程,0.97408,1
授業,講座,0.970446,2
授業,中学,0.95951,3
授業,レッスン,0.959357,4
授業,発表,0.957851,5
特定,指,0.961361,1
特定,着,0.961354,2
特定,所定,0.960303,3
特定,具体,0.958787,4
特定,名,0.958701,5
本人,僕,0.980466,1
本人,持つ,0.979945,2
本人,我,0.97217,3
本人,日頃,0.97061,4
本人,トーン,0.970184,5
土,地,0.963238,1
土,陸,0.939737,2
土,地面,0.931763,3
土,ランド,0.917907,4
土,田,0.916574,5
歯,ネック,0.946636,1
歯,爪,0.928387,2
歯,鼻,0.911486,3
歯,皮,0.910805,4
歯,角質,0.906737,5
充実,成功,0.970826,1
充実,豊か,0.966352,2
充実,高める,0.953042,3
充実,成長,0.948419,4
充実,得意,0.946966,5
生地,ファブリック,0.948701,1
生地,食材,0.946146,2
生地,織布,0.942986,3
生地,菜,0.938773,4
生地,ライス,0.938325,5
ぴったり,格好,0.929437,1
ぴったり,すっきり,0.914752,2
ぴったり,好く,0.910512,3
ぴったり,愛用,0.906146,4
ぴったり,得意,0.9024,5
範囲,幅,0.972331,1
範囲,ロケ,0.965996,2
範囲,量,0.964819,3
範囲,都,0.964511,4
範囲,大体,0.959355,5
試合,競技,0.945771,1
試合,トーナメント,0.925736,2
試合,パフォーマンス,0.925143,3
試合,決勝,0.919649,4
試合,選手権,0.916825,5
ホワイト,白い,0.971643,1
ホワイト,白色,0.957913,2
ホワイト,真っ白,0.949549,3
ホワイト,白,0.936935,4
ホワイト,クリア,0.933758,5
トラブル,悪化,0.968506,1
トラブル,事故,0.956394,2
トラブル,喧嘩,0.951433,3
トラブル,破綻,0.949177,4
トラブル,ダメージ,0.945095,5
米,小麦,0.98289,1
米,大豆,0.970207,2
米,ライス,0.96647,3
米,野菜,0.966232,4
米,コットン,0.963923,5
服,衣類,0.986629,1
服,衣,0.981211,2
服,シャツ,0.975693,3
服,ズボン,0.975121,4
服,ルーム,0.974543,5
保証,保障,0.967691,1
保証,担保,0.964452,2
保証,内定,0.958278,3
保証,セーブ,0.952982,4
保証,セーフティー,0.951893,5
整理,整える,0.955873,1
整理,添削,0.953374,2
整理,仕上げる,0.939985,3
整理,機能性,0.937471,4
整理,クレンジング,0.932308,5
記録,ドキュメント,0.969226,1
記録,文書,0.968584,2
記録,明細,0.967466,3
記録,保管,0.964946,4
記録,収録,0.960118,5
自動車,車,0.974694,1
自動車,Android,0.961241,2
自動車,車両,0.959216,3
自動車,電機,0.953477,4
自動車,クレジットカード,0.949782,5
迎える,あう,0.962158,1
迎える,つう,0.961871,2
迎える,一緒,0.961359,3
迎える,談,0.960307,4
迎える,招く,0.960016,5
甘い,もちもち,0.933517,1
甘い,甘み,0.92402,2
甘い,甘味,0.912382,3
甘い,おい,0.909545,4
甘い,暖かい,0.902119,5
カテゴリー,ワード,0.972067,1
カテゴリー,値,0.970298,2
カテゴリー,要素,0.964262,3
カテゴリー,プレース,0.963964,4
カテゴリー,参照,0.963723,5
有効,解決,0.963957,1
有効,合格,0.961679,2
有効,支持,0.961367,3
有効,解決策,0.958082,4
有効,提供,0.956948,5
間違い,錯誤,0.983585,1
間違い,間違える,0.978268,2
間違い,誤り,0.977482,3
間違い,誤差,0.973309,4
間違い,誤る,0.96723,5
肉,牛肉,0.92751,1
肉,菜,0.922136,2
肉,ビーフ,0.913997,3
肉,ポテト,0.897759,4
肉,膳,0.891185,5
限る,限,0.962245,1
限る,有限,0.926953,2
限る,抑制,0.906377,3
限る,残り,0.904883,4
限る,一旦,0.901602,5
残す,残る,0.957999,1
残す,未だ,0.948142,2
残す,余る,0.943551,3
残す,息,0.93947,4
残す,後ろ,0.939305,5
ケア,寄り添う,0.9702,1
ケア,世話,0.970075,2
ケア,養護,0.966937,3
ケア,ファミリー,0.966901,4
ケア,家庭,0.966295,5
御願い,寄る,0.960592,1
御願い,申す,0.96039,2
御願い,承る,0.953948,3
御願い,祈る,0.951691,4
御願い,了承,0.950257,5
快適,居心地,0.968877,1
快適,安心感,0.942672,2
快適,リラックス,0.94184,3
快適,満足,0.939847,4
快適,宜しい,0.937997,5
便,やめる,0.936393,1
便,止む,0.923344,2
便,下ろす,0.921925,3
便,袖,0.921732,4
便,鼻,0.920991,5
レース,ラリー,0.90608,1
レース,対戦,0.900057,2
レース,競技,0.883577,3
レース,トーナメント,0.83712,4
レース,シュート,0.833267,5
エネルギー,電力,0.924268,1
エネルギー,発電,0.901509,2
エネルギー,サイエンス,0.897751,3
エネルギー,SEO,0.890341,4
エネルギー,社会,0.886882,5
色んな,色々,0.937607,1
色んな,様々,0.924046,2
色んな,各種,0.904669,3
色んな,相互,0.877394,4
色んな,全般,0.866259,5
タイミング,問う,0.912076,1
タイミング,尋ねる,0.908949,2
タイミング,読み取る,0.905774,3
タイミング,進む,0.905698,4
タイミング,予想,0.905534,5
徹底,徹底的,0.952024,1
徹底,本格,0.904742,2
徹底,ファイナル,0.895943,3
徹底,GW,0.887604,4
徹底,上級,0.886233,5
ダウンロード,ログイン,0.935453,1
ダウンロード,充電,0.935148,2
ダウンロード,荷物,0.929979,3
ダウンロード,端末,0.918732,4
ダウンロード,レンタル,0.910802,5
然も,此れ,0.975502,1
然も,原,0.961628,2
然も,其れ,0.959581,3
然も,ふる,0.955767,4
然も,宛て,0.952142,5
製造,加工,0.970754,1
製造,生産,0.967173,2
製造,工法,0.963984,3
製造,組み立て,0.953987,4
製造,メーカー,0.952244,5
筋肉,体幹,0.937575,1
筋肉,筋力,0.935382,2
筋肉,心臓,0.917755,3
筋肉,血流,0.90201,4
筋肉,スタミナ,0.899626,5
審査,方針,0.962241,1
審査,報告,0.948722,2
審査,総務,0.946351,3
審査,監修,0.931538,4
審査,検査,0.930486,5
パン,食パン,0.967815,1
パン,御飯,0.967202,2
パン,飯,0.966516,3
パン,パスタ,0.956407,4
パン,サンドイッチ,0.952832,5
いらっしゃる,常,0.965425,1
いらっしゃる,拝見,0.965332,2
いらっしゃる,どうぞ,0.965226,3
いらっしゃる,基本,0.961983,4
いらっしゃる,受け付ける,0.958327,5
明るい,瑞々しい,0.91678,1
明るい,亮,0.91103,2
明るい,彩,0.909347,3
明るい,黄,0.898911,4
明るい,初夏,0.897856,5
スポット,次,0.892588,1
スポット,折,0.884881,2
スポット,何回,0.867543,3
スポット,二,0.866945,4
スポット,分間,0.864283,5
今迄,一方,0.955403,1
今迄,代わり,0.952634,2
今迄,受ける,0.949069,3
今迄,先程,0.945814,4
今迄,一先ず,0.943897,5
祭,祭る,0.940641,1
祭,八幡,0.916045,2
祭,御祭り,0.915799,3
祭,昭和,0.904583,4
祭,慶応,0.898569,5
ラーメン,焼き鳥,0.958809,1
ラーメン,ハンバーグ,0.954785,2
ラーメン,お好み焼き,0.93253,3
ラーメン,カレー,0.930318,4
ラーメン,ピザ,0.925221,5
番組,節目,0.980648,1
番組,上映,0.962374,2
番組,市内,0.953258,3
番組,放送,0.951167,4
番組,都内,0.937422,5
継続,継続的,0.980486,1
継続,継ぐ,0.977837,2
継続,定期的,0.96481,3
継続,承継,0.964563,4
継続,続ける,0.963052,5
アマゾン,Google,0.947413,1
アマゾン,楽天,0.943432,2
アマゾン,Microsoft,0.92892,3
アマゾン,東急,0.914407,4
アマゾン,クラウド,0.912321,5
シーン,シナリオ,0.971422,1
シーン,トピック,0.968918,2
シーン,事,0.968554,3
シーン,状況,0.965061,4
シーン,前面,0.963682,5
ハウス,家屋,0.99009,1
ハウス,房,0.988838,2
ハウス,住宅,0.98277,3
ハウス,住居,0.97928,4
ハウス,家具,0.972244,5
語,表す,0.982013,1
語,セリフ,0.976597,2
語,述べる,0.975656,3
語,文句,0.972442,4
語,談,0.971681,5
常,概ね,0.982051,1
常,概要,0.978165,2
常,前面,0.976677,3
常,ノーマル,0.97642,4
常,種類,0.974253,5
沖縄,沖縄県,0.98902,1
沖縄,湘南,0.954271,2
沖縄,愛媛県,0.952073,3
沖縄,愛媛,0.946743,4
沖縄,香川,0.944682,5
条,各号,0.983403,1
条,段,0.98288,2
条,即,0.981359,3
条,所,0.979985,4
条,部,0.978804,5
テスト,検査,0.950394,1
テスト,選考,0.942299,2
テスト,演習,0.932945,3
テスト,関数,0.929479,4
テスト,発送,0.927457,5
シーズン,年間,0.976172,1
シーズン,週,0.971213,2
シーズン,毎年,0.962479,3
シーズン,前方,0.96015,4
シーズン,年次,0.959471,5
f,j,0.997242,1
f,m,0.997004,2
f,t,0.996447,3
f,k,0.996413,4
f,p,0.99599,5
ぽい,ぅ,0.955214,1
ぽい,びびる,0.94007,2
ぽい,ぽち,0.931101,3
ぽい,偶,0.925173,4
ぽい,ちっ,0.919417,5
傷,病,0.957979,1
傷,怪我,0.95675,2
傷,虫歯,0.952296,3
傷,痛,0.951243,4
傷,吐き気,0.949674,5
自体,信念,0.945854,1
自体,自身,0.944407,2
自体,セルフ,0.942581,3
自体,御自身,0.93709,4
自体,固有,0.934186,5
視聴,閲覧,0.97289,1
視聴,アクセス,0.960132,2
視聴,返事,0.9541,3
視聴,問い合わせ,0.953769,4
視聴,ご利用,0.950534,5
楽しみ,楽しむ,0.966065,1
楽しみ,趣味,0.965462,2
楽しみ,楽しい,0.954058,3
楽しみ,喜び,0.946164,4
楽しみ,喜ぶ,0.933599,5
語る,講じる,0.985278,1
語る,喋る,0.971307,2
語る,対話,0.961317,3
語る,問う,0.960925,4
語る,言う,0.95937,5
応募,申請,0.952579,1
応募,申し込み,0.947427,2
応募,申告,0.941418,3
応募,届け出,0.9388,4
応募,問い合わせ,0.938359,5
どのような,どの,0.992219,1
どのような,a,0.982758,2
どのような,どれ,0.981908,3
どのような,回答,0.980809,4
どのような,状,0.978777,5
含める,記載,0.980412,1
含める,答える,0.977022,2
含める,段,0.976032,3
含める,表す,0.975936,4
含める,有り,0.974341,5
ボックス,箱,0.988767,1
ボックス,パッケージ,0.976934,2
ボックス,ラック,0.972897,3
ボックス,番号,0.968696,4
ボックス,仕切り,0.967666,5
距離,温度,0.968233,1
距離,方向,0.959799,2
距離,角度,0.957132,3
距離,水温,0.953689,4
距離,時点,0.949159,5
通信,コミュニケーション,0.944946,1
通信,チーム,0.930603,2
通信,英会話,0.928628,3
通信,就労,0.927225,4
通信,営業,0.921852,5
応じる,与える,0.968476,1
応じる,携わる,0.966102,2
応じる,用いる,0.965495,3
応じる,確かめる,0.959293,4
応じる,贈る,0.957345,5
パワー,威力,0.92923,1
パワー,強力,0.905337,2
パワー,制覇,0.895692,3
パワー,全力,0.891654,4
パワー,強,0.88522,5
感覚,感じる,0.969749,1
感覚,思う,0.968559,2
感覚,体感,0.962728,3
感覚,経験,0.959683,4
感覚,考え,0.949187,5
オイル,油,0.976448,1
オイル,燃料,0.885122,2
オイル,石油,0.882178,3
オイル,ガソリン,0.824928,4
オイル,カーボン,0.81428,5
押す,押し,0.983666,1
押す,推す,0.963983,2
押す,引っ張る,0.948999,3
押す,踏まえる,0.940108,4
押す,割,0.938886,5
ファッション,コスメ,0.902266,1
ファッション,化粧,0.896615,2
ファッション,化粧品,0.869966,3
ファッション,スタイリスト,0.866775,4
ファッション,美容,0.862327,5
俺,僕,0.949861,1
俺,服用,0.937516,2
俺,意図,0.935671,3
俺,個体,0.935212,4
俺,他,0.933985,5
はじめ,先ず,0.964831,1
はじめ,始まり,0.963571,2
はじめ,箇所,0.950992,3
はじめ,一応,0.947298,4
はじめ,凡そ,0.938101,5
ブルー,青色,0.98739,1
ブルー,青い,0.98714,2
ブルー,アクア,0.944505,3
ブルー,青,0.942354,4
ブルー,白色,0.939429,5
園,緑,0.93807,1
園,作物,0.930941,2
園,松山,0.926194,3
園,園内,0.922564,4
園,畑,0.921993,5
訪問,訪ねる,0.969983,1
訪問,会う,0.965383,2
訪問,セリフ,0.961625,3
訪問,訪れる,0.961526,4
訪問,お客さん,0.960839,5
無,無し,0.967985,1
無,不在,0.956695,2
無,全く,0.956119,3
無,零,0.943004,4
無,無い,0.934595,5
動き,動く,0.972709,1
動き,モーション,0.972007,2
動き,移動,0.938822,3
動き,動かす,0.933628,4
動き,可動,0.918075,5
k,j,0.99718,1
k,t,0.996966,2
k,N,0.996919,3
k,f,0.996413,4
k,CH,0.995808,5
受験,融資,0.912754,1
受験,出張,0.893239,2
受験,受験生,0.875348,3
受験,送金,0.872407,4
受験,薬剤,0.868362,5
監督,管理者,0.962449,1
監督,管理人,0.960878,2
監督,生産者,0.960073,3
監督,工,0.945266,4
監督,編集部,0.94467,5
振り,振り込む,0.947139,1
振り,振る,0.945631,2
振り,かける,0.94541,3
振り,発,0.930202,4
振り,等々,0.920022,5
新規,新た,0.929624,1
新規,新商品,0.89271,2
新規,新しい,0.884157,3
新規,新品,0.880211,4
新規,新型,0.868594,5
請求,申し込み,0.976365,1
請求,申請,0.974641,2
請求,依頼,0.972501,3
請求,登録,0.971053,4
請求,送付,0.970843,5
なくなる,無くなる,0.968905,1
なくなる,マイナス,0.950314,2
なくなる,消える,0.948786,3
なくなる,不,0.938619,4
なくなる,不在,0.928422,5
トイレ,シンク,0.949276,1
トイレ,引き出し,0.923245,2
トイレ,駐車,0.922686,3
トイレ,車庫,0.919214,4
トイレ,車検,0.910318,5
認める,受け止める,0.977275,1
認める,持つ,0.967603,2
認める,反映,0.967293,3
認める,任せる,0.965683,4
認める,致す,0.96527,5
生徒,学生,0.976588,1
生徒,高校生,0.943782,2
生徒,登校,0.939303,3
生徒,言葉,0.938966,4
生徒,カスタマー,0.936023,5
寺,寺院,0.959432,1
寺,仏,0.928085,2
寺,神社,0.927008,3
寺,府,0.915543,4
寺,法要,0.910131,5
暑い,熱中,0.923688,1
暑い,真夏,0.879317,2
暑い,発熱,0.877123,3
暑い,熱い,0.853602,4
暑い,熱中症,0.847359,5
操作,セッション,0.96366,1
操作,処理,0.963069,2
操作,作業,0.961505,3
操作,タスク,0.958762,4
操作,処置,0.958635,5
辺り,側面,0.970268,1
辺り,待つ,0.953887,2
辺り,合間,0.945826,3
辺り,後ろ,0.944749,4
辺り,待ち,0.938528,5
髪,髪の毛,0.978789,1
髪,ヘア,0.969127,2
髪,私服,0.951845,3
髪,スキン,0.950329,4
髪,髪質,0.941386,5
テーブル,扉,0.978888,1
テーブル,ドア,0.97828,2
テーブル,ベンチ,0.974529,3
テーブル,座席,0.973332,4
テーブル,門,0.960657,5
弊社,同社,0.986605,1
弊社,当社,0.974262,2
弊社,本学,0.959927,3
弊社,中央,0.957523,4
弊社,展示,0.955139,5
あっ,んっ,0.935993,1
あっ,おっ,0.910754,2
あっ,えっ,0.891994,3
あっ,ブレーク,0.882643,4
あっ,潰す,0.873439,5
集める,パス,0.954325,1
集める,加える,0.952134,2
集める,繋ぐ,0.94949,3
集める,積む,0.94799,4
集める,通す,0.947632,5
掃除,清掃,0.980251,1
掃除,洗う,0.962782,2
掃除,洗濯,0.959388,3
掃除,片付け,0.944326,4
掃除,補修,0.942,5
寒い,凍る,0.960896,1
寒い,冷たい,0.945362,2
寒い,冷える,0.920672,3
寒い,冬,0.895843,4
寒い,アッシュ,0.89487,5
ベスト,最適,0.979887,1
ベスト,最善,0.96626,2
ベスト,勝,0.963709,3
ベスト,好評,0.962812,4
ベスト,優良,0.961518,5
生産,製造,0.967173,1
生産,管理,0.962129,2
生産,事業,0.959493,3
生産,加工,0.957194,4
生産,関数,0.95129,5
認定,公認,0.966789,1
認定,正確,0.961972,2
認定,定評,0.958346,3
認定,正当,0.957029,4
認定,確立,0.954477,5
施工,建設業,0.932102,1
施工,工業,0.922399,2
施工,レーダー,0.919418,3
施工,作戦,0.917049,4
施工,工場,0.908896,5
同様,同じく,0.979105,1
同様,同,0.977872,2
同様,種類,0.973896,3
同様,節,0.973832,4
同様,おける,0.970641,5
紙,ペーパー,0.97693,1
紙,用紙,0.954325,2
紙,かご,0.926814,3
紙,スプーン,0.923075,4
紙,ティッシュ,0.905051,5
箇所,一面,0.968672,1
箇所,名義,0.962112,2
箇所,一層,0.96083,3
箇所,ソース,0.956572,4
箇所,種別,0.955878,5
取り扱い,確認,0.971405,1
取り扱い,取り扱う,0.971236,2
取り扱い,遣り方,0.963117,3
取り扱い,計上,0.962489,4
取り扱い,入力,0.961164,5
支払う,払う,0.976454,1
支払う,送付,0.959775,2
支払う,買う,0.9556,3
支払う,納付,0.953281,4
支払う,リクエスト,0.952189,5
運用,実施,0.974881,1
運用,遂行,0.974346,2
運用,執行,0.96256,3
運用,営む,0.958583,4
運用,取り組み,0.958318,5
ママ,お母さん,0.996654,1
ママ,母,0.989968,2
ママ,母さん,0.988777,3
ママ,母親,0.98832,4
ママ,親,0.982788,5
似る,とも,0.975966,1
似る,ふく,0.971684,2
似る,あん,0.970423,3
似る,ゆう,0.969558,4
似る,じ,0.969325,5
地方,当たり前,0.963932,1
地方,並み,0.954951,2
地方,常温,0.952498,3
地方,県内,0.94906,4
地方,境内,0.939424,5
多数,幅広い,0.959136,1
多数,主流,0.950273,2
多数,多く,0.945794,3
多数,全国,0.943248,4
多数,大,0.942908,5
キャラクター,キャラ,0.97547,1
キャラクター,主人公,0.970442,2
キャラクター,同伴,0.954707,3
キャラクター,センス,0.953079,4
キャラクター,表現,0.950853,5
PC,パソコン,0.970095,1
PC,Windows,0.969342,2
PC,Mac,0.960783,3
PC,コンピューター,0.958492,4
PC,タブレット,0.948389,5
問う,尋ねる,0.982259,1
問う,言う,0.971984,2
問う,訪ねる,0.97194,3
問う,問い合わせる,0.96176,4
問う,喋る,0.961437,5
基礎,基本,0.970409,1
基礎,ベース,0.969914,2
基礎,ソース,0.969769,3
基礎,そのまま,0.9594,4
基礎,基本的,0.958081,5
勧める,勧め,0.98491,1
勧める,助け,0.975109,2
勧める,助ける,0.974603,3
勧める,助かる,0.966187,4
勧める,手伝う,0.964943,5
q,z,0.991457,1
q,n,0.990332,2
q,u,0.988117,3
q,l,0.988036,4
q,b,0.987758,5
業者,営業所,0.97154,1
業者,ディーラー,0.962228,2
業者,委員会,0.961916,3
業者,事業者,0.959934,4
業者,ハローワーク,0.955434,5
駄目,劣る,0.968131,1
駄目,下手,0.966701,2
駄目,誤,0.95074,3
駄目,劣化,0.946792,4
駄目,ぼろぼろ,0.940569,5
勤務,職務,0.981198,1
勤務,任務,0.966998,2
勤務,ワーク,0.964198,3
勤務,実務,0.962564,4
勤務,業務,0.959612,5
資料,セクション,0.976227,1
資料,レイアウト,0.970063,2
資料,科目,0.969878,3
資料,ドキュメント,0.968403,4
資料,字幕,0.967205,5
幅,大体,0.977386,1
幅,範囲,0.972331,2
幅,集合,0.95768,3
幅,帯,0.956581,4
幅,ロケ,0.955525,5
袋,引き出し,0.973507,1
袋,傘,0.96529,2
袋,ボトル,0.96413,3
袋,手袋,0.96066,4
袋,パッド,0.956939,5
値,対象,0.977127,1
値,表記,0.977104,2
値,所在,0.977101,3
値,成分,0.975799,4
値,品目,0.974162,5
コンテンツ,文章,0.968142,1
コンテンツ,内容,0.960033,2
コンテンツ,記事,0.959216,3
コンテンツ,テーマ,0.958422,4
コンテンツ,出力,0.958362,5
伴う,兼ねる,0.973694,1
伴う,同士,0.970533,2
伴う,つう,0.966266,3
伴う,付き,0.964257,4
伴う,都合,0.963111,5
なれる,マイ,0.97222,1
なれる,きく,0.970779,2
なれる,感,0.965526,3
なれる,受け入れる,0.96453,4
なれる,み,0.960414,5
週,シーズン,0.971213,1
週,毎週,0.970524,2
週,毎月,0.967495,3
週,毎年,0.959384,4
週,年,0.954284,5
基本的,ベーシック,0.978074,1
基本的,入門,0.976597,2
基本的,基本,0.975381,3
基本的,基礎,0.958081,4
基本的,無難,0.954063,5
中央,セントラル,0.993979,1
中央,中心,0.976337,2
中央,センター,0.975462,3
中央,同社,0.964504,4
中央,全体,0.962894,5
喜ぶ,楽しむ,0.977541,1
喜ぶ,好き,0.974992,2
喜ぶ,幸せ,0.972775,3
喜ぶ,喜び,0.97224,4
喜ぶ,好む,0.969423,5
事務所,事業所,0.976013,1
事務所,オフィス,0.972254,2
事務所,会議室,0.96615,3
事務所,代理店,0.948891,4
事務所,出版,0.947426,5
ベース,成分,0.971567,1
ベース,基礎,0.969914,2
ベース,ソース,0.967517,3
ベース,予め,0.967072,4
ベース,置く,0.966358,5
責任,業績,0.936026,1
責任,担う,0.935837,2
責任,実力,0.935039,3
責任,権利,0.934388,4
責任,成年,0.930178,5
予め,事前,0.970781,1
予め,ベース,0.967072,2
予め,源,0.966689,3
予め,既に,0.966509,4
予め,任せ,0.964224,5
キャンプ,辿る,0.866088,1
キャンプ,吹く,0.847281,2
キャンプ,気付き,0.837398,3
キャンプ,摘む,0.834003,4
キャンプ,伸び伸び,0.833303,5
建物,ビル,0.980939,1
建物,棟,0.956539,2
建物,施設,0.955636,3
建物,橋,0.954514,4
建物,大橋,0.950193,5
平均,比例,0.966396,1
平均,エリア,0.960999,2
平均,数量,0.958807,3
平均,ロケーション,0.956903,4
平均,地点,0.954288,5
日常,日常的,0.978778,1
日常,ノーマル,0.969102,2
日常,普通,0.966415,3
日常,現地,0.961107,4
日常,日常生活,0.958084,5
初心者,初心,0.953222,1
初心者,小まめ,0.92662,2
初心者,小さい,0.921358,3
初心者,些細,0.91162,4
初心者,少々,0.904605,5
買い物,購買,0.962199,1
買い物,ショッピング,0.961749,2
買い物,買い,0.951304,3
買い物,お買い上げ,0.950511,4
買い物,稼ぐ,0.939504,5
前回,先程,0.961244,1
前回,さっき,0.955939,2
前回,仕方,0.93048,3
前回,先ず,0.927485,4
前回,返し,0.926286,5
クリア,清,0.957949,1
クリア,クリーン,0.946473,2
クリア,白色,0.939118,3
クリア,白い,0.935913,4
クリア,仕上がる,0.934717,5
事件,イベント,0.958907,1
事件,開催中,0.940617,2
事件,行事,0.936481,3
事件,ディスカッション,0.934968,4
事件,出来事,0.934963,5
表,ボード,0.974258,1
表,リスト,0.971087,2
表,ナンバー,0.97055,3
表,一覧表,0.9683,4
表,インデックス,0.96665,5
意外,突然,0.895,1
意外,驚き,0.894514,2
意外,異常,0.874539,3
意外,びっくり,0.871399,4
意外,例外,0.855172,5
基づく,為,0.982681,1
基づく,価,0.981821,2
基づく,ジャン,0.981519,3
基づく,ル,0.979771,4
基づく,得,0.978572,5
広がる,広がり,0.971314,1
広がる,広まる,0.945991,2
広がる,数多く,0.909456,3
広がる,多い,0.901845,4
広がる,数々,0.89687,5
計算,自動,0.964722,1
計算,関数,0.954586,2
計算,OS,0.949705,3
計算,コントローラー,0.946411,4
計算,電気,0.944436,5
スクール,学校,0.987131,1
スクール,高校,0.980696,2
スクール,教室,0.976683,3
スクール,中学校,0.96097,4
スクール,キャンパス,0.954385,5
病気,病,0.992669,1
病気,疾病,0.985735,2
病気,疾患,0.978377,3
病気,怪我,0.970987,4
病気,損害,0.945556,5
員,メンバー,0.987382,1
員,返信,0.978626,2
員,対応,0.976907,3
員,取り扱う,0.976161,4
員,デイリー,0.97571,5
母,マザー,0.990477,1
母,ママ,0.989968,2
母,お母さん,0.986598,3
母,親,0.986177,4
母,母親,0.98451,5
株式会社,会社,0.975228,1
株式会社,商社,0.961563,2
株式会社,カンパニー,0.958174,3
株式会社,東証,0.955757,4
株式会社,企業,0.955555,5
壁,ルーフ,0.967367,1
壁,ウォール,0.952828,2
壁,直径,0.944531,3
壁,柱,0.930957,4
壁,瓦,0.929118,5
途中,中途,0.973391,1
途中,若干,0.957911,2
途中,今日は,0.957066,3
途中,此の頃,0.954297,4
途中,ウイーク,0.952442,5
日間,午前中,0.968821,1
日間,午前,0.966594,2
日間,通常,0.958458,3
日間,概ね,0.957419,4
日間,シーズン,0.953259,5
若い,若手,0.940809,1
若い,少年,0.922406,2
若い,青年,0.916961,3
若い,若者,0.902676,4
若い,子猫,0.896606,5
x,どの,0.975897,1
x,何事,0.972911,2
x,n,0.971504,3
x,どれ,0.969781,4
x,どのような,0.967072,5
友人,友達,0.996488,1
友人,フレンド,0.983852,2
友人,友,0.980263,3
友人,親友,0.979908,4
友人,友情,0.972451,5
行為,行動,0.989724,1
行為,言動,0.984623,2
行為,振る舞う,0.96195,3
行為,動詞,0.958171,4
行為,動作,0.947285,5
学,学習,0.984643,1
学,学び,0.980158,2
学,学ぶ,0.975884,3
学,復習,0.962901,4
学,教え,0.952333,5
箱,ボックス,0.988767,1
箱,瓶,0.986096,2
箱,座席,0.973851,3
箱,ラック,0.972338,4
箱,棚,0.971471,5
会話,対話,0.99512,1
会話,話す,0.973351,2
会話,話,0.969728,3
会話,語る,0.958997,4
会話,話し合う,0.957623,5
残念,がっかり,0.964557,1
残念,悲しい,0.954024,2
残念,落ち込む,0.953422,3
残念,悔しい,0.946113,4
残念,冷え,0.938793,5
高級,プレミアム,0.975283,1
高級,極上,0.953678,2
高級,一流,0.950816,3
高級,パーフェクト,0.933825,4
高級,リッチ,0.926183,5
どうぞ,拝見,0.96545,1
どうぞ,いらっしゃる,0.965226,2
どうぞ,御覧,0.953029,3
どうぞ,基礎,0.941599,4
どうぞ,ソース,0.938257,5
森,林,0.984629,1
森,樹,0.951059,2
森,ツリー,0.949912,3
森,木々,0.949132,4
森,山,0.947381,5
ペット,抱っこ,0.933826,1
ペット,優しい,0.929492,2
ペット,触れ合い,0.929418,3
ペット,親切,0.926684,4
ペット,帰省,0.922299,5
書類,PDF,0.954975,1
書類,プリント,0.952822,2
書類,書面,0.945247,3
書類,郵送,0.944434,4
書類,備品,0.942784,5
気分,気持ち,0.981824,1
気分,ムード,0.970539,2
気分,感じ,0.957135,3
気分,機嫌,0.951856,4
気分,感触,0.942431,5
込み,費,0.946262,1
込み,アンド,0.943704,2
込み,張り,0.930707,3
込み,たって,0.924404,4
込み,彼,0.923854,5
発行,分配,0.963759,1
発行,納品,0.961169,2
発行,交付,0.960852,3
発行,配分,0.955846,4
発行,報告,0.953897,5
ボール,ターン,0.899175,1
ボール,音,0.897969,2
ボール,開く,0.89666,3
ボール,乗り,0.891788,4
ボール,通る,0.891785,5
打つ,捕まえる,0.957003,1
打つ,狙う,0.946787,2
打つ,掴む,0.943718,3
打つ,叩く,0.940131,4
打つ,追う,0.935902,5
合格,正しい,0.982158,1
合格,正確,0.97123,2
合格,正しく,0.967129,3
合格,有効,0.961679,4
合格,相応しい,0.956204,5
不要,不,0.980926,1
不要,別,0.967321,2
不要,ノー,0.962251,3
不要,いや,0.95659,4
不要,避ける,0.955915,5
渡る,乗り,0.960642,1
渡る,向かう,0.955112,2
渡る,出る,0.945044,3
渡る,開く,0.944374,4
渡る,往復,0.942639,5
診断,診察,0.959235,1
診断,診療,0.950916,2
診断,メディカル,0.923124,3
診断,内科,0.922352,4
診断,算定,0.918134,5
映像,ビデオ,0.97088,1
映像,動画,0.960924,2
映像,オンライン,0.922343,3
映像,サーチ,0.917386,4
映像,配信,0.91682,5
乾燥,あく,0.906451,1
乾燥,待ち,0.90571,2
乾燥,バック,0.898123,3
乾燥,凍る,0.897203,4
乾燥,灰,0.896447,5
痛み,痛,0.9586,1
痛み,痛む,0.953061,2
痛み,苦痛,0.93544,3
痛み,痛める,0.932247,4
痛み,傷,0.930254,5
兎に角,兎も角,0.851358,1
兎に角,めりはり,0.844365,2
兎に角,扠,0.840324,3
兎に角,目茶苦茶,0.782674,4
兎に角,因む,0.771461,5
設備,機材,0.980575,1
設備,机,0.968473,2
設備,装置,0.963984,3
設備,機器,0.960737,4
設備,車体,0.947631,5
クリスマス,新年,0.965972,1
クリスマス,宴会,0.925282,2
クリスマス,祝い,0.922597,3
クリスマス,祝日,0.911586,4
クリスマス,アトラクション,0.905281,5
攻撃,アタック,0.975682,1
攻撃,暴力,0.964557,2
攻撃,侵入,0.957383,3
攻撃,破壊,0.957235,4
攻撃,敵,0.939694,5
実践,取り組む,0.967635,1
実践,解釈,0.964344,2
実践,為る,0.961108,3
実践,習得,0.958276,4
実践,認知,0.957898,5
構成,構造,0.972854,1
構成,要件,0.96599,2
構成,結論,0.963379,3
構成,レイヤー,0.962667,4
構成,セット,0.960111,5
赤ちゃん,乳幼児,0.968387,1
赤ちゃん,ベビー,0.967581,2
赤ちゃん,幼児,0.913145,3
赤ちゃん,幼い,0.879875,4
赤ちゃん,チャイルド,0.87001,5
栄養,健康,0.969295,1
栄養,保健,0.961682,2
栄養,ヘルス,0.953165,3
栄養,栄養素,0.951534,4
栄養,食料,0.94719,5
ピンク,にこにこ,0.922811,1
ピンク,キュート,0.885402,2
ピンク,バレンタイン,0.882422,3
ピンク,(^_^;),0.880964,4
ピンク,花束,0.870496,5
抑,勿体,0.95068,1
抑,陰,0.929975,2
抑,あく,0.920215,3
抑,ダウン,0.919881,4
抑,抑制,0.918857,5
事例,主に,0.971359,1
事例,案,0.97021,2
事例,事,0.966878,3
事例,具体,0.96651,4
事例,文,0.965719,5
方々,周り,0.956932,1
方々,周囲,0.953092,2
方々,各地,0.949989,3
方々,場,0.942671,4
方々,其々,0.941133,5
パンツ,下着,0.970563,1
パンツ,靴,0.960508,2
パンツ,シャツ,0.960393,3
パンツ,シュー,0.96021,4
パンツ,用品,0.955885,5
切っ掛け,傾ける,0.907471,1
切っ掛け,試す,0.87762,2
切っ掛け,換える,0.865789,3
切っ掛け,抜く,0.86531,4
切っ掛け,若し,0.856617,5
ベッド,床,0.987709,1
ベッド,マットレス,0.972903,2
ベッド,寝室,0.972194,3
ベッド,宿泊,0.971581,4
ベッド,住宅,0.970032,5
ガラス,レンズ,0.907357,1
ガラス,鏡,0.899925,2
ガラス,フォト,0.898947,3
ガラス,ナンバー,0.895082,4
ガラス,画像,0.893016,5
フォーム,フレーム,0.956301,1
フォーム,フォーマット,0.952376,2
フォーム,パッケージ,0.951473,3
フォーム,パーツ,0.951424,4
フォーム,ボックス,0.950363,5
魚,フィッシュ,0.97442,1
魚,小川,0.909775,2
魚,午前,0.897222,3
魚,午前中,0.890196,4
魚,泉,0.887062,5
タイム,時間,0.980187,1
タイム,年,0.94451,2
タイム,週間,0.944489,3
タイム,見通し,0.944201,4
タイム,視,0.941027,5
未だ未だ,裏,0.935285,1
未だ未だ,一昨,0.914319,2
未だ未だ,昔,0.908891,3
未だ未だ,ニート,0.893574,4
未だ未だ,旧,0.88787,5
到着,時,0.971859,1
到着,入る,0.965318,2
到着,沿い,0.963489,3
到着,翌月,0.963098,4
到着,入り,0.961079,5
可,有,0.977808,1
可,有り,0.972093,2
可,即,0.971755,3
可,抜粋,0.970227,4
可,どれ,0.969815,5
リフォーム,リニューアル,0.957984,1
リフォーム,改修,0.937351,2
リフォーム,DX,0.928769,3
リフォーム,ビルド,0.92873,4
リフォーム,リノベーション,0.927789,5
乗せる,乗る,0.97485,1
乗せる,仕入れる,0.973437,2
乗せる,行き,0.971005,3
乗せる,申し込む,0.970689,4
乗せる,渡す,0.966634,5
利益,得る,0.956568,1
利益,報酬,0.949636,2
利益,獲得,0.943474,3
利益,収益,0.938358,4
利益,利く,0.938297,5
反応,動作,0.923758,1
反応,引き起こす,0.914578,2
反応,度々,0.911773,3
反応,発する,0.911438,4
反応,起こる,0.910759,5
獲得,付与,0.97723,1
獲得,得,0.975003,2
獲得,達する,0.971294,3
獲得,きっと,0.967337,4
獲得,満たす,0.967109,5
まー,む,0.966767,1
まー,ば,0.965529,2
まー,ず,0.96232,3
まー,じゃん,0.957353,4
まー,どん,0.955331,5
ゆっくり,そっと,0.960891,1
ゆっくり,静か,0.942288,2
ゆっくり,休止,0.934421,3
ゆっくり,のんびり,0.931814,4
ゆっくり,まったり,0.925875,5
土地,国土,0.966944,1
土地,大地,0.965511,2
土地,ランド,0.956132,3
土地,地,0.946959,4
土地,大陸,0.942773,5
挑戦,突入,0.896809,1
挑戦,チャレンジ,0.875701,2
挑戦,敢えて,0.87496,3
挑戦,冒険,0.857423,4
挑戦,迫力,0.853252,5
笑顔,スマイル,0.959465,1
笑顔,好く,0.954078,2
笑顔,ポジティブ,0.946482,3
笑顔,好意,0.946118,4
笑顔,友,0.944733,5
職場,商業,0.964041,1
職場,会社,0.96367,2
職場,マネージメント,0.963173,3
職場,ビジネス,0.958963,4
職場,商売,0.958725,5
資金,金銭,0.951135,1
資金,お金,0.941649,2
資金,財務,0.934881,3
資金,マネー,0.933825,4
資金,送金,0.930155,5
福祉,厚生,0.952112,1
福祉,福利,0.938967,2
福祉,寄与,0.931215,3
福祉,協力,0.919876,4
福祉,成果,0.918702,5
相場,値動き,0.88974,1
相場,競争,0.867779,2
相場,景気,0.802608,3
相場,株価,0.796458,4
相場,対戦,0.793418,5
仲間,同伴,0.980766,1
仲間,友達,0.972366,2
仲間,配慮,0.96662,3
仲間,フレンド,0.965971,4
仲間,パートナー,0.96511,5
組織,会社,0.959565,1
組織,プレゼン,0.949221,2
組織,プレゼンテーション,0.948725,3
組織,管理人,0.947745,4
組織,商工,0.946258,5
用いる,使い,0.987841,1
用いる,使う,0.987073,2
用いる,使い方,0.972008,3
用いる,使い道,0.967696,4
用いる,使用,0.965615,5
増やす,延長,0.955803,1
増やす,利く,0.936474,2
増やす,獲得,0.935945,3
増やす,後押し,0.931487,4
増やす,増し,0.929497,5
運転,ドライブ,0.941478,1
運転,ドライバー,0.907846,2
運転,追跡,0.897941,3
運転,決済,0.888179,4
運転,作業,0.886915,5
苦手,不便,0.938067,1
苦手,駄目,0.937996,2
苦手,下手,0.935875,3
苦手,劣化,0.933338,4
苦手,不能,0.926472,5
全部,全て,0.97882,1
全部,整体,0.975985,2
全部,全体,0.967974,3
全部,全,0.966321,4
全部,分布,0.955891,5
王,頂戴,0.954247,1
王,キング,0.951454,2
王,大和,0.950664,3
王,大塚,0.948986,4
王,大久保,0.940979,5
コミュニケーション,通信,0.944946,1
コミュニケーション,協力,0.938309,2
コミュニケーション,言語,0.936925,3
コミュニケーション,対話,0.936728,4
コミュニケーション,コラボレーション,0.932568,5
構造,結構,0.988867,1
構造,構成,0.972854,2
構造,仕上がり,0.958599,3
構造,本体,0.95689,4
構造,ドメイン,0.954347,5
誕生,生まれる,0.944242,1
誕生,希望,0.930445,2
誕生,幸運,0.923468,3
誕生,幸い,0.923148,4
誕生,ハニー,0.919043,5
星,マウンテン,0.917028,1
星,大山,0.9025,2
星,山,0.901434,3
星,山頂,0.894489,4
星,高原,0.88456,5
チケット,チェックアウト,0.96581,1
チケット,票,0.963321,2
チケット,納期,0.944527,3
チケット,トークン,0.943796,4
チケット,変数,0.939439,5
示す,述べる,0.981563,1
示す,表明,0.980177,2
示す,続出,0.978319,3
示す,回答,0.977495,4
示す,提示,0.976672,5
ぞ,どん,0.983942,1
ぞ,たん,0.982357,2
ぞ,じゃ,0.977287,3
ぞ,ば,0.975349,4
ぞ,あら,0.968917,5
ワイン,日本酒,0.821726,1
ワイン,ショコラ,0.814381,2
ワイン,ウイスキー,0.813599,3
ワイン,シルク,0.802111,4
ワイン,美脚,0.800229,5
避ける,回避,0.97037,1
避ける,別,0.964541,2
避ける,不要,0.955915,3
避ける,いや,0.952909,4
避ける,見逃す,0.936665,5
中古,中古品,0.956747,1
中古,中古車,0.882962,2
中古,古着,0.829218,3
中古,用紙,0.810597,4
中古,手紙,0.808187,5
オフィス,会議室,0.983553,1
オフィス,事業所,0.974241,2
オフィス,事務所,0.972254,3
オフィス,教室,0.955878,4
オフィス,校舎,0.94938,5
扱う,取り扱う,0.979545,1
扱う,見直す,0.975666,2
扱う,遣り方,0.964664,3
扱う,引き継ぐ,0.964327,4
扱う,用いる,0.963854,5
協会,社団,0.961128,1
協会,司会,0.952821,2
協会,開催,0.94541,3
協会,説明会,0.945016,4
協会,主催者,0.944772,5
イラスト,コミックス,0.91696,1
イラスト,画,0.90519,2
イラスト,絵本,0.890367,3
イラスト,絵画,0.887689,4
イラスト,漫画,0.874058,5
質,品,0.977074,1
質,理,0.975735,2
質,確か,0.971379,3
質,特性,0.967523,4
質,備わる,0.966909,5
愛,愛情,0.988907,1
愛,ラブ,0.965133,2
愛,愛着,0.954261,3
愛,愛する,0.951983,4
愛,恋,0.935496,5
産,番,0.970794,1
産,齎す,0.962489,2
産,タレ,0.960277,3
産,承る,0.958781,4
産,愈,0.957295,5
ツアー,発表会,0.96292,1
ツアー,営業,0.94145,2
ツアー,交流会,0.940063,3
ツアー,セールス,0.938347,4
ツアー,イベント,0.937919,5
嫌,嫌う,0.942125,1
嫌,嫌い,0.93968,2
嫌,反対,0.938094,3
嫌,欠点,0.935526,4
嫌,阻害,0.935234,5
発見,探索,0.934864,1
発見,機会,0.913885,2
発見,追求,0.857525,3
発見,チャンス,0.856094,4
発見,希望者,0.848808,5
品質,信頼性,0.951164,1
品質,きちんと,0.94761,2
品質,持続,0.947571,3
品質,クオリティー,0.94399,4
品質,資格,0.940617,5
交通,運輸,0.955353,1
交通,物流,0.929171,2
交通,貿易,0.925964,3
交通,運送,0.925315,4
交通,商業,0.924558,5
収入,所得,0.973788,1
収入,稼ぎ,0.944769,2
収入,保健,0.936738,3
収入,給与,0.936458,4
収入,給料,0.935422,5
段階,順次,0.972957,1
段階,序で,0.964739,2
段階,経過,0.964492,3
段階,フェーズ,0.963524,4
段階,事項,0.960777,5
切れる,切れ,0.958692,1
切れる,下落,0.920266,2
切れる,落とす,0.900972,3
切れる,落下,0.898736,4
切れる,ぶつける,0.894629,5
固定,格納,0.953546,1
固定,既に,0.942548,2
固定,固い,0.942266,3
固定,定額,0.935592,4
固定,オブジェ,0.934695,5
豊か,豊富,0.976137,1
豊か,充実,0.966352,2
豊か,成功,0.963298,3
豊か,豊,0.953172,4
豊か,高める,0.951935,5
起こす,振る舞う,0.959694,1
起こす,手掛ける,0.950341,2
起こす,伸ばす,0.938513,3
起こす,動詞,0.935254,4
起こす,関わる,0.935013,5
各種,全般,0.965903,1
各種,様々,0.963123,2
各種,一般,0.957755,3
各種,トピック,0.954612,4
各種,双方,0.949893,5
恋愛,恋,0.967198,1
恋愛,愛情,0.927293,2
恋愛,復縁,0.921887,3
恋愛,愛,0.900609,4
恋愛,恋人,0.890118,5
自転車,バイク,0.942096,1
自転車,歯磨き,0.890461,2
自転車,ボート,0.873598,3
自転車,手帳,0.85769,4
自転車,台所,0.849908,5
且つ,丈,0.905147,1
且つ,ジョイント,0.90014,2
且つ,比,0.899973,3
且つ,桁,0.898343,4
且つ,取り,0.897987,5
団体,各社,0.948039,1
団体,連合,0.942076,2
団体,グループ,0.939588,3
団体,社団,0.937483,4
団体,インターナショナル,0.936893,5
時点,位置,0.974751,1
時点,面積,0.973207,2
時点,年月日,0.967956,3
時点,寸法,0.965059,4
時点,日数,0.961098,5
集まる,集結,0.941125,1
集まる,集う,0.937576,2
集まる,群,0.933711,3
集まる,集団,0.930753,4
集まる,共同,0.918069,5
地元,ローカル,0.970426,1
地元,現地,0.954871,2
地元,身近,0.953007,3
地元,近郊,0.950079,4
地元,近所,0.946057,5
どんどん,高まる,0.894831,1
どんどん,溢れる,0.870829,2
どんどん,広まる,0.868605,3
どんどん,刺激,0.862319,4
どんどん,勢い,0.8617,5
パーティー,飲み会,0.87474,1
パーティー,ポップ,0.856224,2
パーティー,フェス,0.841532,3
パーティー,カラオケ,0.835522,4
パーティー,わいわい,0.821741,5
たっぷり,豊富,0.921266,1
たっぷり,沢山,0.916516,2
たっぷり,益々,0.912724,3
たっぷり,大きめ,0.910017,4
たっぷり,満ちる,0.909287,5
レストラン,飲食店,0.983498,1
レストラン,食堂,0.971976,2
レストラン,カフェ,0.957545,3
レストラン,喫茶店,0.95098,4
レストラン,ダイニング,0.944077,5
茶,茶葉,0.981597,1
茶,紅茶,0.972382,2
茶,ティー,0.963295,3
茶,緑茶,0.957183,4
茶,抹茶,0.952567,5
費,なり,0.970606,1
費,スレ,0.957466,2
費,д,0.956441,3
費,アレ,0.956148,4
費,イン,0.955332,5
材料,材質,0.979462,1
材料,資材,0.96797,2
材料,形状,0.966173,3
材料,物質,0.957701,4
材料,素材,0.956876,5
優れる,最善,0.972376,1
優れる,優秀,0.969052,2
優れる,高める,0.954876,3
優れる,ベスト,0.950289,4
優れる,一流,0.949663,5
こつ,込む,0.969628,1
こつ,ウチ,0.954603,2
こつ,おる,0.928181,3
こつ,下す,0.916061,4
こつ,ぐっ,0.91238,5
在庫,貨物,0.943791,1
在庫,期日,0.94288,2
在庫,データ,0.933679,3
在庫,バージョン,0.932705,4
在庫,会計,0.931888,5
川,河川,0.983974,1
川,東海,0.923692,2
川,季節,0.916969,3
川,秋,0.913168,4
川,湾,0.909448,5
アカウント,口座,0.98749,1
アカウント,支払い,0.956507,2
アカウント,ログイン,0.956475,3
アカウント,賃金,0.953955,4
アカウント,給料,0.953002,5
巻,巻き,0.974838,1
巻,廻,0.964798,2
巻,弁,0.964075,3
巻,纏め,0.961048,4
巻,纏う,0.959122,5
デジタル,テック,0.973583,1
デジタル,IT,0.955547,2
デジタル,テクノロジー,0.954071,3
デジタル,ICT,0.953712,4
デジタル,ソフトウェア,0.94821,5
本体,ドメイン,0.96013,1
本体,構造,0.95689,2
本体,フォルム,0.955708,3
本体,基盤,0.955622,4
本体,仕上がり,0.953976,5
減る,減少,0.941332,1
減る,低下,0.931931,2
減る,見逃す,0.931523,3
減る,最低,0.92596,4
減る,下がる,0.924945,5
金融,IT,0.940281,1
金融,ファイナンシャル,0.937083,2
金融,ICT,0.936069,3
金融,ソフトウェア,0.92846,4
金融,財務,0.921725,5
メディア,媒体,0.996183,1
メディア,マスコミ,0.959402,2
メディア,シティー,0.943437,3
メディア,プレス,0.937736,4
メディア,広告,0.936282,5
ちゃんと,正,0.972261,1
ちゃんと,確保,0.964465,2
ちゃんと,確か,0.962755,3
ちゃんと,吉田,0.962339,4
ちゃんと,順,0.961829,5
次第,出来上がる,0.951322,1
次第,況して,0.949328,2
次第,関係,0.948608,3
次第,意味,0.943651,4
次第,文句,0.94185,5
相続,相続人,0.865597,1
相続,子宮,0.861108,2
相続,寿命,0.860366,3
相続,遺族,0.851426,4
相続,価値観,0.846527,5
当店,入店,0.976774,1
当店,掲載,0.970669,2
当店,入場,0.97032,3
当店,入園,0.966081,4
当店,本店,0.963436,5
資産,学歴,0.957538,1
資産,財産,0.947731,2
資産,財,0.944946,3
資産,安全,0.937319,4
資産,貯蓄,0.936184,5
医師,医者,0.984972,1
医師,ドクター,0.964347,2
医師,医科,0.961663,3
医師,医,0.943663,4
医師,プロフェッショナル,0.939721,5
建築,大橋,0.954474,1
建築,ビル,0.951105,2
建築,建物,0.947486,3
建築,橋,0.945219,4
建築,校舎,0.926498,5
落とす,落ちる,0.967714,1
落とす,傾く,0.954646,2
落とす,落下,0.94997,3
落とす,下落,0.946987,4
落とす,引っ掛かる,0.941865,5
パック,包,0.96258,1
パック,台数,0.957559,2
パック,パッケージ,0.953317,3
パック,トレー,0.951066,4
パック,錠,0.949982,5
編集,製作,0.966748,1
編集,制作,0.963703,2
編集,エディター,0.958467,3
編集,処理,0.95443,4
編集,作成,0.953588,5
要素,有る,0.98006,1
要素,所在,0.97702,2
要素,対象,0.976312,3
要素,ソース,0.971817,4
要素,成分,0.968882,5
厳しい,きつい,0.90725,1
厳しい,過酷,0.867967,2
厳しい,殺す,0.849854,3
厳しい,拘束,0.838715,4
厳しい,悲報,0.828599,5
夫,旦那,0.990191,1
夫,父親,0.976089,2
夫,丈夫,0.974901,3
夫,パパ,0.973285,4
夫,父,0.972566,5
消費,消費者,0.971354,1
消費,購入者,0.951075,2
消費,服用,0.947603,3
消費,買い換える,0.946963,4
消費,買い替え,0.94668,5
向く,すすめる,0.956963,1
向く,引く,0.956313,2
向く,取り寄せる,0.955772,3
向く,交える,0.955506,4
向く,交わす,0.954689,5
分ける,ターン,0.946884,1
分ける,移す,0.944017,2
分ける,分け,0.932466,3
分ける,回る,0.931094,4
分ける,開き,0.930479,5
怖い,恐怖,0.963904,1
怖い,恐ろしい,0.962781,2
怖い,危ない,0.943657,3
怖い,凄い,0.940139,4
怖い,不快,0.913985,5
火,沸騰,0.919873,1
火,ファイア,0.916147,2
火,燃焼,0.857196,3
火,燃える,0.846742,4
火,沖,0.833538,5
ローン,融資,0.96449,1
ローン,ビザ,0.93641,2
ローン,借り入れ,0.925018,3
ローン,住宅ローン,0.919112,4
ローン,課金,0.917241,5
労働,労務,0.929208,1
労働,就労,0.905829,2
労働,追跡,0.904815,3
労働,通勤,0.900567,4
労働,ワーカー,0.896173,5
アート,芸術,0.986806,1
アート,美術,0.88799,2
アート,画家,0.887923,3
アート,イラストレーター,0.861887,4
アート,クリエーター,0.860552,5
立てる,直す,0.966306,1
立てる,アーム,0.958429,2
立てる,グリップ,0.956853,3
立てる,結ぶ,0.956772,4
立てる,ステップ,0.956744,5
済み,済む,0.978931,1
済み,在留,0.973142,2
済み,十分,0.972687,3
済み,了承,0.970351,4
済み,備わる,0.965664,5
t,k,0.996966,1
t,f,0.996447,2
t,m,0.996334,3
t,d,0.99618,4
t,OP,0.996134,5
歌,ソング,0.973643,1
歌,歌声,0.935656,2
歌,音楽,0.933907,3
歌,ミュージック,0.920734,4
歌,メロディー,0.917308,5
不足,欠ける,0.978395,1
不足,低下,0.978185,2
不足,未満,0.965053,3
不足,不備,0.960459,4
不足,劣る,0.951617,5
ボディー,ヘッド,0.968742,1
ボディー,目線,0.966459,2
ボディー,ニーズ,0.964189,3
ボディー,本人,0.961229,4
ボディー,個人,0.955249,5
工場,工業,0.980499,1
工場,産業,0.950531,2
工場,ファクトリー,0.943615,3
工場,製造業,0.942889,4
工場,レーダー,0.92325,5
柄,蓋,0.972604,1
柄,閉める,0.956683,2
柄,籠,0.950257,3
柄,ロッド,0.949146,4
柄,収める,0.948142,5
強化,EA,0.928681,1
強化,補強,0.926731,2
強化,MAX,0.92153,3
強化,TOP,0.91771,4
強化,アップグレード,0.915815,5
住所,置き物,0.965017,1
住所,座席,0.959307,2
住所,キャビネット,0.958219,3
住所,ID,0.957654,4
住所,アドレス,0.957158,5
受講,依頼,0.965001,1
受講,仕入れる,0.961841,2
受講,始める,0.957899,3
受講,計上,0.957185,4
受講,書き込み,0.956465,5
ランチ,昼食,0.981727,1
ランチ,知り合い,0.945208,2
ランチ,私服,0.944765,3
ランチ,受け入れ,0.943584,4
ランチ,本人,0.940281,5
特典,ボーナス,0.968398,1
特典,優遇,0.924455,2
特典,ギフト,0.923294,3
特典,プレゼント,0.922245,4
特典,推奨,0.912217,5
確保,確定,0.973256,1
確保,保障,0.972501,2
確保,確か,0.969257,3
確保,キープ,0.968948,4
確保,確立,0.968502,5
賞,栄,0.971773,1
賞,召し上がる,0.969374,2
賞,宝,0.96674,3
賞,幸,0.962708,4
賞,尤も,0.957276,5
幅広い,広い,0.975336,1
幅広い,多数,0.959136,2
幅広い,ワイド,0.948779,3
幅広い,全国,0.937032,4
幅広い,広々,0.93417,5
脳,意識,0.930315,1
脳,知能,0.903515,2
脳,神経,0.878159,3
脳,肝臓,0.858392,4
脳,心臓,0.857945,5
LINE,APP,0.914558,1
LINE,ジーンズ,0.914382,2
LINE,アシスト,0.911446,3
LINE,チャット,0.907538,4
LINE,推奨,0.906859,5
防ぐ,防止,0.943054,1
防ぐ,防,0.938594,2
防ぐ,直す,0.937765,3
防ぐ,拭き取る,0.933959,4
防ぐ,干す,0.926262,5
卒業,成婚,0.939086,1
卒業,入学,0.926853,2
卒業,卒業生,0.92149,3
卒業,帰国,0.91569,4
卒業,周年,0.914269,5
項目,表記,0.980302,1
項目,記載,0.980139,2
項目,欄,0.980054,3
項目,所定,0.975286,4
項目,オブ,0.970682,5
若しくは,フレーズ,0.912546,1
若しくは,or,0.910775,2
若しくは,随時,0.905079,3
若しくは,キーワード,0.901355,4
若しくは,可,0.899418,5
横,前後,0.949537,1
横,両,0.943257,2
横,分,0.937958,3
横,出,0.935945,4
横,毎,0.93494,5
借りる,貸す,0.979691,1
借りる,仕入れる,0.950287,2
借りる,下車,0.940135,3
借りる,申し込む,0.939005,4
借りる,行く,0.938982,5
Twitter,SNS,0.887834,1
Twitter,ツイート,0.862773,2
Twitter,ストリート,0.855761,3
Twitter,Facebook,0.851765,4
Twitter,掲示板,0.80695,5
キャリア,就職,0.953449,1
キャリア,人材,0.951615,2
キャリア,進学,0.936607,3
キャリア,コーチング,0.929518,4
キャリア,技能,0.927274,5
横浜,横浜市,0.987714,1
横浜,大阪府,0.985546,2
横浜,神戸,0.98437,3
横浜,名古屋,0.983191,4
横浜,神戸市,0.982534,5
天然,ナチュラル,0.967726,1
天然,純米,0.94062,2
天然,植物,0.935694,3
天然,緑茶,0.933744,4
天然,蓮,0.931884,5
JR,西武,0.971984,1
JR,SBI,0.966114,2
JR,三井,0.95715,3
JR,三菱,0.950434,4
JR,住友,0.949095,5
ワーク,ジョブ,0.973733,1
ワーク,職,0.97026,2
ワーク,実務,0.967673,3
ワーク,職務,0.965948,4
ワーク,勤務,0.964198,5
返す,戻す,0.981107,1
返す,回す,0.960227,2
返す,離す,0.950977,3
返す,下ろす,0.948765,4
返す,返礼,0.946844,5
グリーン,緑色,0.967554,1
グリーン,エコ,0.963848,2
グリーン,緑,0.956675,3
グリーン,フレッシュ,0.943708,4
グリーン,クリーン,0.938777,5
歯科,診察,0.910027,1
歯科,診療,0.909172,2
歯科,薬,0.90669,3
歯科,メディカル,0.894096,4
歯科,リハビリ,0.891861,5
元々,原,0.951978,1
元々,本来,0.947704,2
元々,然も,0.940582,3
元々,由来,0.938162,4
元々,古,0.933882,5
神経,腎臓,0.933467,1
神経,ホルモン,0.912439,2
神経,肝臓,0.880462,3
神経,脳,0.878159,4
神経,血管,0.875751,5
機器,機体,0.975074,1
機器,コントローラー,0.966999,2
機器,机,0.964182,3
機器,機械,0.963854,4
機器,設備,0.960737,5
r,v,0.997138,1
r,w,0.996105,2
r,k,0.995715,3
r,g,0.995431,4
r,CH,0.994629,5
割り引き,繰る,0.935504,1
割り引き,向き,0.932639,2
割り引き,戻る,0.931529,3
割り引き,開閉,0.927495,4
割り引き,止める,0.924116,5
風呂,浴槽,0.97103,1
風呂,入浴,0.953113,2
風呂,寝具,0.948924,3
風呂,浴,0.946509,4
風呂,ブランケット,0.944847,5
通じる,伝わる,0.966998,1
通じる,一同,0.954902,2
通じる,同行,0.940509,3
通じる,共同,0.93986,4
通じる,示す,0.939577,5
危険,危険性,0.978263,1
危険,ハザード,0.967786,2
危険,脅威,0.961633,3
危険,危ない,0.957659,4
危険,パニック,0.946091,5
維持,保持,0.983276,1
維持,持続,0.966996,2
維持,着実,0.96647,3
維持,守,0.962159,4
維持,確保,0.961606,5
息子,頼る,0.969526,1
息子,兄弟,0.963764,2
息子,姉妹,0.963732,3
息子,姉,0.962653,4
息子,両親,0.961018,5
着用,着ける,0.98619,1
着用,着る,0.970141,2
着用,装着,0.962716,3
着用,掛ける,0.960832,4
着用,持ち込む,0.958731,5
当然,是,0.986113,1
当然,成り立つ,0.975687,2
当然,答える,0.972018,3
当然,提供,0.97029,4
当然,正しい,0.966246,5
サーバー,金融機関,0.942534,1
サーバー,自動化,0.940259,2
サーバー,航空,0.937009,3
サーバー,レーダー,0.936617,4
サーバー,機械,0.936255,5
絵,絵柄,0.934103,1
絵,オブジェ,0.924343,2
絵,写真,0.905111,3
絵,画像,0.898592,4
絵,表紙,0.896735,5
再生,成長,0.922893,1
再生,蘇る,0.919037,2
再生,治癒,0.915038,3
再生,ソーラー,0.911993,4
再生,啓発,0.904811,5
高める,成功,0.964626,1
高める,最も,0.961929,2
高める,優れる,0.954876,3
高める,充実,0.953042,4
高める,豊か,0.951935,5
会議,ミーティング,0.974693,1
会議,研究会,0.972706,2
会議,発表,0.967292,3
会議,講習会,0.966213,4
会議,研修会,0.965581,5
止める,閉める,0.964718,1
止める,止まる,0.955999,2
止める,止む,0.947484,3
止める,閉じる,0.93272,4
止める,向き,0.927582,5
育てる,養う,0.991558,1
育てる,育む,0.961572,2
育てる,信じる,0.954962,3
育てる,育つ,0.954824,4
育てる,養成,0.954076,5
植物,野菜,0.959045,1
植物,コットン,0.955531,2
植物,梨,0.953192,3
植物,米,0.947365,4
植物,葉,0.945151,5
回復,治る,0.971708,1
回復,養生,0.963598,2
回復,愈,0.960431,3
回復,癒す,0.956942,4
回復,養う,0.952142,5
好み,ムード,0.96903,1
好み,気持ち,0.955079,2
好み,感じ,0.953129,3
好み,機嫌,0.945517,4
好み,気分,0.939768,5
適用,設ける,0.974514,1
適用,授与,0.97362,2
適用,目的,0.972706,3
適用,定める,0.972284,4
適用,取得,0.971669,5
目立つ,際立つ,0.918874,1
目立つ,有名,0.847052,2
目立つ,有名人,0.845922,3
目立つ,圧巻,0.800122,4
目立つ,セレブ,0.798338,5
非,無効,0.963585,1
非,陰性,0.962979,2
非,不用,0.95782,3
非,対象外,0.953318,4
非,不,0.951198,5
ルール,規則,0.985444,1
ルール,セクション,0.969032,2
ルール,基準,0.961681,3
ルール,決まり,0.95994,4
ルール,引用,0.959004,5
昨年,去年,0.95696,1
昨年,前年,0.943456,2
昨年,先月,0.921537,3
昨年,月曜,0.918148,4
昨年,此の頃,0.902446,5
一切,あらゆる,0.921711,1
一切,所有,0.917354,2
一切,周囲,0.90483,3
一切,世の中,0.902896,4
一切,外側,0.89888,5
毎年,毎週,0.970708,1
毎年,年間,0.968973,2
毎年,年次,0.962618,3
毎年,シーズン,0.962479,4
毎年,週,0.959384,5
決済,支払い,0.976506,1
決済,送金,0.955791,2
決済,口座,0.954015,3
決済,ナビ,0.95109,4
決済,配送,0.947601,5
分野,位,0.936587,1
分野,層,0.933527,2
分野,一層,0.932953,3
分野,レベル,0.930172,4
分野,水準,0.929837,5
空気,水面,0.920968,1
空気,土壌,0.916462,2
空気,視界,0.91586,3
空気,地面,0.907788,4
空気,液,0.890727,5
訪れる,訪ねる,0.977025,1
訪れる,渡す,0.965028,2
訪れる,訪問,0.961526,3
訪れる,来る,0.959362,4
訪れる,会う,0.951545,5
願い,願望,0.962676,1
願い,願う,0.949496,2
願い,喜ぶ,0.893434,3
願い,誕生,0.890583,4
願い,味わう,0.888214,5
フード,食べ物,0.978455,1
フード,食品,0.976046,2
フード,食物,0.97565,3
フード,食,0.97123,4
フード,飲食,0.966257,5
カレー,ラーメン,0.930318,1
カレー,焼き鳥,0.892386,2
カレー,焼き肉,0.87679,3
カレー,パスタ,0.851574,4
カレー,歓迎,0.85147,5
方向,時刻,0.971498,1
方向,角度,0.965812,2
方向,位置,0.961839,3
方向,距離,0.959799,4
方向,日数,0.956005,5
大手,グランド,0.955308,1
大手,ボス,0.954614,2
大手,大型,0.952286,3
大手,US,0.948349,4
大手,ユナイテッド,0.947141,5
自信,強み,0.96514,1
自信,利点,0.952079,2
自信,上手,0.949095,3
自信,メリット,0.947318,4
自信,確信,0.93992,5
勝つ,勝ち,0.985997,1
勝つ,勝利,0.973577,2
勝つ,昇格,0.949977,3
勝つ,勝,0.943902,4
勝つ,連勝,0.938744,5
法律,法的,0.96213,1
法律,司法,0.959406,2
法律,法務,0.944886,3
法律,法人,0.943358,4
法律,憲法,0.938396,5
レポート,報告書,0.989604,1
レポート,ガイドライン,0.977285,2
レポート,報告,0.976919,3
レポート,仕様,0.970074,4
レポート,説明書,0.968482,5
子育て,育児,0.98363,1
子育て,妊活,0.93822,2
子育て,出産,0.916619,3
子育て,マタニティー,0.873821,4
子育て,妊娠,0.868452,5
ザ,ル,0.987722,1
ザ,アレ,0.986204,2
ザ,イン,0.985249,3
ザ,ド,0.985161,4
ザ,デ,0.984429,5
姿勢,視点,0.961477,1
姿勢,袖,0.960033,2
姿勢,観点,0.958123,3
姿勢,足,0.955504,4
姿勢,長袖,0.954438,5
必須,必ず,0.963023,1
必須,確保,0.957208,2
必須,確立,0.949265,3
必須,確定,0.948519,4
必須,キープ,0.943772,5
メーク,トリートメント,0.943281,1
メーク,用意,0.929682,2
メーク,カラーリング,0.92904,3
メーク,スタイリング,0.927466,4
メーク,スタイル,0.926886,5
連携,提携,0.969066,1
連携,チーム,0.966372,2
連携,営業,0.956412,3
連携,協同,0.950917,4
連携,連動,0.945605,5
マッサージ,セルフケア,0.953138,1
マッサージ,養生,0.951914,2
マッサージ,読書,0.940046,3
マッサージ,ヒーリング,0.931193,4
マッサージ,着心地,0.92956,5
師,知れる,0.96083,1
師,師匠,0.955223,2
師,先輩,0.954785,3
師,ベテラン,0.950952,4
師,守護,0.945838,5
コート,ジャケット,0.968657,1
コート,宿泊,0.95743,2
コート,服,0.948916,3
コート,衣,0.94522,4
コート,ズボン,0.94466,5
触れる,触る,0.98861,1
触れる,手触り,0.978033,2
触れる,行く,0.968632,3
触れる,取る,0.964343,4
触れる,気付く,0.960527,5
洗う,洗濯,0.965913,1
洗う,掃除,0.962782,2
洗う,茹でる,0.956094,3
洗う,乾かす,0.955253,4
洗う,洗浄,0.953368,5
クーポン,カート,0.926654,1
クーポン,USB,0.922477,2
クーポン,トーク,0.916774,3
クーポン,票,0.914502,4
クーポン,トークン,0.913441,5
慣れる,抱える,0.957754,1
慣れる,抱く,0.953986,2
慣れる,持ち帰る,0.949568,3
慣れる,帰り,0.948664,4
慣れる,帰る,0.947788,5
接続,連結,0.973023,1
接続,伝達,0.96041,2
接続,配合,0.941716,3
接続,交流,0.931032,4
接続,協力,0.92898,5
賃貸,リース,0.969721,1
賃貸,注文,0.965069,2
賃貸,請求書,0.953357,3
賃貸,メール便,0.950057,4
賃貸,納車,0.949992,5
細かい,細い,0.939729,1
細かい,マイクロ,0.920118,2
細かい,微,0.916499,3
細かい,細か,0.912071,4
細かい,小まめ,0.911001,5
効率,効率的,0.968562,1
効率,効率化,0.967567,2
効率,攻略,0.933346,3
効率,収益,0.927391,4
効率,生産性,0.919972,5
オプション,メーク,0.888453,1
オプション,チョイス,0.873366,2
オプション,エキストラ,0.866711,3
オプション,推薦,0.856863,4
オプション,トリートメント,0.85572,5
携帯,Bluetooth,0.964858,1
携帯,端末,0.959247,2
携帯,イヤホン,0.956615,3
携帯,ヘッドホン,0.949444,4
携帯,ウォレット,0.947744,5
村,地方,0.92161,1
村,小山,0.91948,2
村,集落,0.919388,3
村,発祥,0.918099,4
村,小豆,0.909767,5
湯,毛布,0.958773,1
湯,温水,0.954989,2
湯,ティー,0.954657,3
湯,御飯,0.95091,4
湯,スープ,0.946309,5
SNS,Facebook,0.933749,1
SNS,Instagram,0.906139,2
SNS,Twitter,0.887834,3
SNS,ウェブ,0.841945,4
SNS,YouTube,0.837227,5
パーツ,部品,0.97611,1
パーツ,ZIP,0.956159,2
パーツ,プリント,0.95489,3
パーツ,パッケージ,0.952192,4
パーツ,フォーム,0.951424,5
すっきり,格好,0.920361,1
すっきり,クリーン,0.91989,2
すっきり,ぴったり,0.914752,3
すっきり,美肌,0.91247,4
すっきり,フレッシュ,0.910718,5
キャラ,センス,0.979997,1
キャラ,表現,0.977219,2
キャラ,キャラクター,0.97547,3
キャラ,主人公,0.972813,4
キャラ,人物,0.971642,5
全員,全体,0.955406,1
全員,所有,0.951057,2
全員,通用,0.95103,3
全員,共通,0.950705,4
全員,大家,0.945667,5
いずれ,何回,0.936335,1
いずれ,周辺,0.933747,2
いずれ,間,0.931529,3
いずれ,後々,0.929442,4
いずれ,側,0.928853,5
ゴールド,黄金,0.976431,1
ゴールド,ゴールデン,0.940216,2
ゴールド,ルビー,0.930991,3
ゴールド,金,0.921372,4
ゴールド,極上,0.913456,5
短い,短,0.982699,1
短い,ショート,0.952714,2
短い,リットル,0.941148,3
短い,小型,0.925818,4
短い,軽量,0.922863,5
保育,養護,0.981716,1
保育,ケア,0.951838,2
保育,世話,0.935573,3
保育,育成,0.929034,4
保育,妻,0.919765,5
提出,提言,0.977633,1
提出,提案,0.976673,2
提出,出題,0.974091,3
提出,表明,0.966358,4
提出,示す,0.962665,5
級,福田,0.970212,1
級,メイン,0.964736,2
級,岡崎,0.961283,3
級,団,0.959947,4
級,中川,0.959677,5
席,蓋,0.977265,1
席,座,0.973965,2
席,ホルダー,0.972649,3
席,シート,0.969912,4
席,包,0.966095,5
引っ越し,引っ越す,0.952031,1
引っ越し,転職,0.930197,2
引っ越し,移住,0.899349,3
引っ越し,移籍,0.857626,4
引っ越し,労力,0.848733,5
ジャケット,ズボン,0.971653,1
ジャケット,コート,0.968657,2
ジャケット,服,0.964657,3
ジャケット,ファンデーション,0.948028,4
ジャケット,トップス,0.941707,5
時計,デスクトップ,0.965283,1
時計,ウォッチ,0.961651,2
時計,キーボード,0.95901,3
時計,家電,0.954743,4
時計,腕時計,0.952632,5
クレジット,信用,0.982655,1
クレジット,給与,0.955284,2
クレジット,搭載,0.946508,3
クレジット,口座,0.942437,4
クレジット,財産,0.940571,5
傾向,態度,0.94987,1
傾向,感,0.938969,2
傾向,感じ,0.937396,3
傾向,気持ち,0.935568,4
傾向,実感,0.931404,5
タイトル,題,0.9853,1
タイトル,式,0.980389,2
タイトル,題材,0.976944,3
タイトル,文,0.976565,4
タイトル,像,0.97336,5
除く,除外,0.953993,1
除く,別,0.922683,2
除く,オフ,0.919558,3
除く,不要,0.914671,4
除く,不,0.914583,5
解消,取得,0.953503,1
解消,届ける,0.952584,2
解消,対応,0.950688,3
解消,通過,0.950046,4
解消,要求,0.949588,5
口座,アカウント,0.98749,1
口座,支払い,0.963966,2
口座,給料,0.96044,3
口座,ログイン,0.957172,4
口座,賃金,0.956593,5
飛ぶ,飛行,0.844605,1
飛ぶ,飛び出す,0.803594,2
飛ぶ,飛ばす,0.803225,3
飛ぶ,ジャンプ,0.762134,4
飛ぶ,ダッシュ,0.748027,5
過ぎ,もう,0.956714,1
過ぎ,故,0.933177,2
過ぎ,一昨,0.91262,3
過ぎ,裏,0.906038,4
過ぎ,凝り,0.900528,5
科,合,0.989535,1
科,連,0.982197,2
科,価,0.97925,3
科,関,0.979223,4
科,博,0.978698,5
性能,効能,0.954895,1
性能,改良,0.930953,2
性能,生産性,0.929254,3
性能,収益,0.92179,4
性能,業績,0.918605,5
信頼,尊敬,0.983938,1
信頼,頼る,0.969804,2
信頼,両親,0.969766,3
信頼,尊重,0.969295,4
信頼,頼り,0.968776,5
ゴルフ,結婚式,0.860301,1
ゴルフ,婚姻,0.843036,2
ゴルフ,ウェディング,0.841631,3
ゴルフ,結婚,0.82368,4
ゴルフ,トリートメント,0.802697,5
売却,買い取り,0.948751,1
売却,損益,0.935133,2
売却,請求,0.933113,3
売却,リクエスト,0.923311,4
売却,支払う,0.92305,5
石,ストーン,0.973307,1
石,岩,0.94737,2
石,丘,0.905908,3
石,固い,0.903529,4
石,骨,0.900268,5
見積もり,原価,0.957336,1
見積もり,換算,0.953595,2
見積もり,納品,0.950122,3
見積もり,算定,0.945484,4
見積もり,測定,0.943529,5
見付かる,見付ける,0.952239,1
見付かる,一緒,0.947498,2
見付かる,ええ,0.946029,3
見付かる,来,0.943929,4
見付かる,前面,0.942389,5
剤,張り替え,0.950916,1
剤,貸し,0.932035,2
剤,投与,0.925179,3
剤,追記,0.911145,4
剤,補正,0.909868,5
定期,役割,0.970678,1
定期,定期的,0.968638,2
定期,担任,0.967357,3
定期,常勤,0.965524,4
定期,在籍,0.964585,5
展示,本学,0.963853,1
展示,センター,0.962944,2
展示,本校,0.956527,3
展示,出品,0.956477,4
展示,中央,0.956135,5
集中,収束,0.933054,1
集中,工,0.932779,2
集中,ファイナル,0.930936,3
集中,福田,0.929352,4
集中,中心,0.92899,5
事項,事由,0.980721,1
事項,種類,0.971173,2
事項,概要,0.969738,3
事項,トピック,0.969088,4
事項,概念,0.965178,5
ドル,スポンサー,0.922259,1
ドル,資金,0.908661,2
ドル,防犯,0.907304,3
ドル,ヘッドライト,0.904099,4
ドル,ユーロ,0.902298,5
物語,ストーリー,0.987884,1
物語,本編,0.942121,2
物語,成果,0.936049,3
物語,ライティング,0.933443,4
物語,エッセー,0.927665,5
面接,働き方,0.944182,1
面接,面談,0.942416,2
面接,インタビュー,0.942124,3
面接,打ち合わせ,0.939909,4
面接,就労,0.933616,5
ケーキ,スイーツ,0.967056,1
ケーキ,菓子,0.961844,2
ケーキ,パフェ,0.93824,3
ケーキ,チョコ,0.922512,4
ケーキ,チョコレート,0.904816,5
考え,思想,0.975294,1
考え,思考,0.975135,2
考え,考える,0.966629,3
考え,思う,0.961137,4
考え,考え方,0.959772,5
仕組み,制定,0.94825,1
仕組み,メソッド,0.947228,2
仕組み,編成,0.94362,3
仕組み,手法,0.940807,4
仕組み,仕事内容,0.939937,5
申す,曰く,0.975434,1
申す,承る,0.963136,2
申す,御願い,0.96039,3
申す,代目,0.957178,4
申す,齎す,0.956149,5
古い,オールド,0.965449,1
古い,旧,0.959312,2
古い,以前,0.943753,3
古い,古く,0.940469,4
古い,過去,0.937626,5
共有,共通,0.975743,1
共有,共用,0.974465,2
共有,共同,0.966757,3
共有,公開,0.963032,4
共有,通用,0.960403,5
名古屋,名古屋市,0.99291,1
名古屋,福岡市,0.986769,2
名古屋,横浜市,0.986677,3
名古屋,神戸市,0.983737,4
名古屋,横浜,0.983191,5
来店,年内,0.961038,1
来店,入店,0.959902,2
来店,当日,0.959532,3
来店,通う,0.95848,4
来店,観戦,0.958445,5
回る,開ける,0.963922,1
回る,開く,0.958384,2
回る,注ぐ,0.957467,3
回る,渡す,0.957372,4
回る,拾う,0.955137,5
やめる,離す,0.944678,1
やめる,返す,0.942476,2
やめる,戻す,0.937665,3
やめる,便,0.936393,4
やめる,退会,0.927693,5
焼く,焼き,0.959999,1
焼く,炒める,0.895965,2
焼く,煮込む,0.859288,3
焼く,鉄板,0.851422,4
焼く,加熱,0.848408,5
丁度,縁,0.947092,1
丁度,承る,0.944806,2
丁度,証,0.944371,3
丁度,本来,0.938467,4
丁度,準ずる,0.93844,5
人々,人,0.960077,1
人々,ヒューマン,0.941999,2
人々,人間,0.938634,3
人々,市民,0.92288,4
人々,男の子,0.913718,5
一般的,一般,0.993781,1
一般的,通用,0.98038,2
一般的,通常,0.977513,3
一般的,各地,0.974372,4
一般的,共通,0.972185,5
食材,小麦粉,0.948431,1
食材,生地,0.946146,2
食材,文字,0.945501,3
食材,菜,0.945288,4
食材,ライス,0.943557,5
取り組む,行う,0.979916,1
取り組む,実践,0.967635,2
取り組む,為る,0.96384,3
取り組む,遂げる,0.963142,4
取り組む,手掛ける,0.959388,5
忙しい,争う,0.860606,1
忙しい,急ぐ,0.84872,2
忙しい,急ぎ,0.846768,3
忙しい,争い,0.834334,4
忙しい,テンション,0.832485,5
キャンセル,中止,0.909455,1
キャンセル,削除,0.895816,2
キャンセル,延期,0.889549,3
キャンセル,取り除く,0.882131,4
キャンセル,遅延,0.879796,5
査定,鑑定,0.944002,1
査定,見積もり,0.932627,2
査定,内訳,0.929566,3
査定,明細,0.928374,4
査定,検証,0.922927,5
馬,牛,0.9281,1
馬,甲斐,0.918946,2
馬,農,0.893191,3
馬,岳,0.892949,4
馬,鯛,0.889053,5
前後,毎,0.960142,1
前後,条件,0.957525,2
前後,即ち,0.954554,3
前後,場合,0.952933,4
前後,同,0.950111,5
組,和,0.98162,1
組,式,0.977881,2
組,的中,0.974926,3
組,包括,0.974112,4
組,並びに,0.972583,5
ロック,盾,0.891032,1
ロック,ハード,0.889146,2
ロック,シールド,0.888695,3
ロック,ウォール,0.887214,4
ロック,シーリング,0.879392,5
都市,都会,0.983038,1
都市,シティー,0.967521,2
都市,首都圏,0.952087,3
都市,カンパニー,0.947581,4
都市,マーケティング,0.944669,5
全然,宿,0.912562,1
全然,ずっと,0.894044,2
全然,定着,0.891678,3
全然,端,0.882021,4
全然,耐,0.881515,5
独自,密か,0.880987,1
独自,穴場,0.809873,2
独自,プライベート,0.799673,3
独自,単独,0.795732,4
独自,ソロ,0.783902,5
将来,将来的,0.985507,1
将来,今後,0.938707,2
将来,影響,0.874798,3
将来,来年,0.874555,4
将来,世界中,0.866035,5
被害,損失,0.958804,1
被害,損,0.952301,2
被害,デメリット,0.943746,3
被害,欠点,0.94181,4
被害,損害,0.93175,5
結局,結末,0.951034,1
結局,領域,0.934033,2
結局,実態,0.932118,3
結局,形態,0.930389,4
結局,体,0.929522,5
駐車場,パーキング,0.969193,1
駐車場,バルブ,0.956488,2
駐車場,カウンター,0.9466,3
駐車場,レジ,0.940748,4
駐車場,メーター,0.940572,5
薄い,細い,0.962919,1
薄い,些細,0.960465,2
薄い,少し,0.948377,3
薄い,微,0.94763,4
薄い,薄手,0.946267,5
きっと,健,0.974867,1
きっと,的確,0.972883,2
きっと,正解,0.971702,3
きっと,JA,0.970924,4
きっと,達する,0.970703,5
リアル,男子,0.95934,1
リアル,実,0.959327,2
リアル,現,0.955211,3
リアル,実際,0.954946,4
リアル,男,0.952412,5
チャレンジ,ダイナミック,0.882414,1
チャレンジ,挑戦,0.875701,2
チャレンジ,起業家,0.865667,3
チャレンジ,起業,0.864411,4
チャレンジ,変革,0.859754,5
釣り,ハイキング,0.900493,1
釣り,味わう,0.876758,2
釣り,味,0.870673,3
釣り,泳ぐ,0.868976,4
釣り,釣る,0.86882,5
赤,レッド,0.922041,1
赤,紅,0.903324,2
赤,赤い,0.892353,3
赤,赤色,0.89031,4
赤,キャッチ,0.884718,5
午後,中旬,0.948854,1
午後,年中,0.947607,2
午後,日中,0.946499,3
午後,下旬,0.946472,4
午後,日間,0.943737,5
愛する,ラブ,0.981976,1
愛する,愛顧,0.973712,2
愛する,ハート,0.957193,3
愛する,愛,0.951983,4
愛する,好き,0.950799,5
同,同じく,0.98268,1
同,何人,0.978662,2
同,同様,0.977872,3
同,的,0.97439,4
同,即,0.973659,5
産業,製造業,0.988895,1
産業,工業,0.967871,2
産業,ファクトリー,0.954524,3
産業,建設,0.953502,4
産業,物流,0.953058,5
裏,裏面,0.960908,1
裏,裏側,0.948763,2
裏,後方,0.941938,3
裏,バック,0.940441,4
裏,未だ未だ,0.935285,5
ナンバー,板,0.975043,1
ナンバー,リスト,0.972089,2
ナンバー,表,0.97055,3
ナンバー,合計,0.966129,4
ナンバー,字,0.96447,5
役立つ,有用,0.988421,1
役立つ,有益,0.962112,2
役立つ,有効,0.956314,3
役立つ,成果,0.951057,4
役立つ,支援,0.94908,5
家具,房,0.974374,1
家具,ハウス,0.972244,2
家具,家屋,0.971895,3
家具,住居,0.969361,4
家具,住宅,0.963236,5
上昇,上がり,0.975434,1
上昇,向上,0.95775,2
上昇,上がる,0.952001,3
上昇,益々,0.947809,4
上昇,増える,0.945584,5
ブロック,管,0.959015,1
ブロック,ドック,0.956712,2
ブロック,ディスク,0.950179,3
ブロック,ウォール,0.946948,4
ブロック,板,0.946754,5
コイン,クリップ,0.932472,1
コイン,リモコン,0.924976,2
コイン,スプーン,0.918656,3
コイン,スタンプ,0.902262,4
コイン,瓶,0.897875,5
p,m,0.997122,1
p,s,0.996068,2
p,f,0.99599,3
p,c,0.995851,4
p,j,0.995652,5
プロフィール,組み込む,0.964956,1
プロフィール,商品,0.953873,2
プロフィール,トップス,0.951521,3
プロフィール,取り揃える,0.9515,4
プロフィール,外装,0.949171,5
卵,豆,0.937898,1
卵,小豆,0.931502,2
卵,リーフ,0.929087,3
卵,苗,0.922255,4
卵,葉,0.919639,5
開ける,開く,0.980184,1
開ける,行く,0.973902,2
開ける,運ぶ,0.97064,3
開ける,回る,0.963922,4
開ける,注ぐ,0.96291,5
参る,遣り取り,0.877938,1
参る,負う,0.876475,2
参る,溜まる,0.864621,3
参る,被る,0.857725,4
参る,過失,0.857299,5
耳,腕,0.958947,1
耳,左手,0.951032,2
耳,脚,0.950572,3
耳,足裏,0.949714,4
耳,足,0.948043,5
何度,多少,0.963938,1
何度,何回,0.957718,2
何度,いつ,0.951683,3
何度,幾つ,0.949014,4
何度,言及,0.932003,5
新聞,報道,0.984455,1
新聞,プレゼン,0.971054,2
新聞,ニュース,0.968735,3
新聞,プレゼンテーション,0.968691,4
新聞,出版,0.956135,5
カップ,杯,0.995859,1
カップ,コップ,0.990682,2
カップ,皿,0.982071,3
カップ,椅子,0.976292,4
カップ,チェア,0.970641,5
パターン,並び,0.981656,1
パターン,形,0.956828,2
パターン,プレース,0.955379,3
パターン,沿線,0.95374,4
パターン,場面,0.952759,5
整備,直営,0.946777,1
整備,制御,0.939301,2
整備,実装,0.932076,3
整備,メソッド,0.930998,4
整備,添削,0.927586,5
類,題,0.987687,1
類,関する,0.983662,2
類,系,0.982986,3
類,式,0.981193,4
類,案,0.980373,5
確定,定める,0.981003,1
確定,判明,0.980912,2
確定,所定,0.975733,3
確定,確保,0.973256,4
確定,確か,0.972791,5
左,左側,0.975824,1
左,底,0.97254,2
左,単,0.952726,3
左,どころ,0.952055,4
左,下,0.949231,5
女の子,ガール,0.992288,1
女の子,ガールズ,0.991524,2
女の子,少女,0.968711,3
女の子,女子,0.967668,4
女の子,女,0.957861,5
迷う,迷い,0.961217,1
迷う,戸惑う,0.919654,2
迷う,困る,0.902412,3
迷う,疑惑,0.901386,4
迷う,揺る,0.893379,5
歌う,唱える,0.954806,1
歌う,歌声,0.937353,2
歌う,プレー,0.919969,3
歌う,ボーカル,0.918274,4
歌う,遊,0.908925,5
福岡,福岡市,0.985503,1
福岡,愛知,0.977976,2
福岡,愛知県,0.977962,3
福岡,大阪府,0.977509,4
福岡,福岡県,0.974326,5
こだわり,肝心,0.928805,1
こだわり,決意,0.918353,2
こだわり,大切,0.917801,3
こだわり,確信,0.907728,4
こだわり,深める,0.906065,5
驚く,驚き,0.843118,1
驚く,びっくり,0.838139,2
驚く,意外,0.70168,3
驚く,突然,0.680541,4
驚く,ワイルド,0.669449,5
生じる,発生,0.960038,1
生じる,出現,0.958605,2
生じる,起こる,0.958574,3
生じる,現れる,0.951907,4
生じる,動く,0.91684,5
株,股,0.960509,1
株,(株),0.89291,2
株,入試,0.888101,3
株,売り上げ,0.886377,4
株,アップデート,0.886333,5
当たり,達,0.972542,1
当たり,とことん,0.970863,2
当たり,価,0.966438,3
当たり,たつ,0.963366,4
当たり,関,0.961918,5
モード,装着,0.961132,1
モード,記入,0.960614,2
モード,ご指定,0.956245,3
モード,輸入,0.953553,4
モード,登録,0.953529,5
並ぶ,表面,0.969041,1
並ぶ,何処,0.967338,2
並ぶ,エリア,0.967254,3
並ぶ,水平,0.965488,4
並ぶ,此処,0.965213,5
野球,サッカー,0.961777,1
野球,バスケットボール,0.954921,2
野球,スポーツ,0.933065,3
野球,運動会,0.929175,4
野球,駅伝,0.92066,5
e,w,0.994719,1
e,v,0.993397,2
e,g,0.992078,3
e,r,0.991054,4
e,V,0.990642,5
コスト,費用,0.975399,1
コスト,料金,0.973521,2
コスト,賃料,0.959622,3
コスト,値段,0.930085,4
コスト,家賃,0.928098,5
宿泊,住宅,0.975428,1
宿泊,住居,0.975109,2
宿泊,客室,0.974733,3
宿泊,ベッド,0.971581,4
宿泊,房,0.970034,5
診療,診察,0.986572,1
診療,内科,0.959177,2
診療,診断,0.950916,3
診療,治療,0.950777,4
診療,メディカル,0.94468,5
適切,正しく,0.977999,1
適切,適合,0.976897,2
適切,相応しい,0.974691,3
適切,適する,0.973915,4
適切,適当,0.973425,5
就職,キャリア,0.953449,1
就職,就業,0.948086,2
就職,進学,0.947007,3
就職,人材,0.937782,4
就職,就労,0.924752,5
遅い,ううん,0.931903,1
遅い,くすみ,0.931834,2
遅い,滅多,0.92956,3
遅い,地味,0.925817,4
遅い,見逃す,0.910524,5
手術,外科,0.872886,1
手術,透析,0.848216,2
手術,薬品,0.817827,3
手術,税理,0.795221,4
手術,薬剤,0.793598,5
社長,理事長,0.979065,1
社長,幹部,0.970284,2
社長,部長,0.966626,3
社長,主任,0.963348,4
社長,会長,0.960423,5
靴,バッグ,0.968574,1
靴,傘,0.964579,2
靴,眼鏡,0.96166,3
靴,デスク,0.96093,4
靴,パンツ,0.960508,5
整える,整う,0.957092,1
整える,整理,0.955873,2
整える,添削,0.948593,3
整える,揃える,0.944188,4
整える,調節,0.942703,5
顧客,カスタマー,0.987577,1
顧客,お出掛け,0.961875,2
顧客,ユース,0.959896,3
顧客,携わる,0.958432,4
顧客,ユーザー,0.953678,5
幾ら,多少,0.955909,1
幾ら,置き換える,0.95068,2
幾ら,in,0.942154,3
幾ら,レート,0.93547,4
幾ら,cm,0.929563,5
ダメージ,損傷,0.964835,1
ダメージ,傷付ける,0.956775,2
ダメージ,悪化,0.953853,3
ダメージ,損害,0.953113,4
ダメージ,危険性,0.952097,5
職員,役目,0.969938,1
職員,報告,0.965735,2
職員,スタッフ,0.962538,3
職員,掲載,0.956731,4
職員,勤務,0.950618,5
オフ,不用,0.964673,1
オフ,不要,0.952025,2
オフ,別,0.947023,3
オフ,全く,0.946621,4
オフ,省略,0.941572,5
リング,紐,0.931946,1
リング,アイ,0.92724,2
リング,ベル,0.921313,3
リング,盤,0.918002,4
リング,弁,0.916326,5
塾,研修,0.943447,1
塾,整備,0.916729,2
塾,アドバイザー,0.913278,3
塾,訓練,0.908535,4
塾,対策,0.907856,5
最,高,0.986085,1
最,最も,0.984383,2
最,高め,0.979949,3
最,トップ,0.974112,4
最,一番,0.968054,5
想像,発想,0.958201,1
想像,直感,0.904121,2
想像,連想,0.883587,3
想像,体験,0.8496,4
想像,クラフト,0.841536,5
低,最小,0.988895,1
低,少,0.985255,2
低,少なめ,0.983092,3
低,少ない,0.976003,4
低,低い,0.963733,5
戦略,マネージメント,0.95396,1
戦略,工程,0.94869,2
戦略,経営,0.94296,3
戦略,工学,0.936374,4
戦略,ビジネス,0.927761,5
リスト,ナンバー,0.972089,1
リスト,表,0.971087,2
リスト,タイル,0.964184,3
リスト,一覧表,0.964163,4
リスト,配列,0.961376,5
ポケット,マウスピース,0.940883,1
ポケット,付属品,0.934177,2
ポケット,リモコン,0.927822,3
ポケット,小遣い,0.922147,4
ポケット,ソックス,0.91739,5
取り組み,運用,0.958318,1
取り組み,活動,0.951302,2
取り組み,進行,0.940871,3
取り組み,遂行,0.939266,4
取り組み,説得,0.938834,5
推進,駆動,0.951456,1
推進,後押し,0.939323,2
推進,ビルド,0.919613,3
推進,オート,0.919296,4
推進,稼働,0.918178,5
取り敢えず,ピンチ,0.87997,1
取り敢えず,必死,0.872125,2
取り敢えず,刺さる,0.870926,3
取り敢えず,大変,0.866516,4
取り敢えず,当て嵌まる,0.863325,5
ライフ,生活,0.984149,1
ライフ,生涯,0.981358,2
ライフ,生きる,0.969453,3
ライフ,一生,0.953624,4
ライフ,ヒューマン,0.951805,5
玩具,遊具,0.899528,1
玩具,水着,0.85109,2
玩具,遊戯,0.811655,3
玩具,スナック,0.810088,4
玩具,娱乐,0.793953,5
連続,継続的,0.972054,1
連続,形成,0.970038,2
連続,収束,0.964677,3
連続,常時,0.956537,4
連続,成り立つ,0.955368,5
達成,達する,0.950001,1
達成,上達,0.946071,2
達成,上手,0.944811,3
達成,獲得,0.94239,4
達成,成功,0.939284,5
出会い,対人,0.888571,1
出会い,出会う,0.884492,2
出会い,チャンス,0.868977,3
出会い,デート,0.859486,4
出会い,関わり,0.857767,5
昭和,祭,0.904583,1
昭和,市川,0.896026,2
昭和,大正,0.888933,3
昭和,社団,0.883577,4
昭和,近畿,0.880172,5
日本人,文章,0.941337,1
日本人,日本製,0.940717,2
日本人,実写,0.939621,3
日本人,宇都宮,0.936643,4
日本人,記事,0.930046,5
出会う,向く,0.937176,1
出会う,交える,0.930877,2
出会う,交わす,0.928609,3
出会う,会う,0.924475,4
出会う,二人,0.920929,5
機械,マシン,0.975352,1
機械,機体,0.969402,2
機械,機器,0.963854,3
機械,コントローラー,0.963771,4
機械,自動化,0.947089,5
実行,執行,0.976719,1
実行,実施,0.976553,2
実行,遂行,0.968201,3
実行,処理,0.96499,4
実行,作動,0.956574,5
歓迎,ウェルカム,0.972551,1
歓迎,めでたい,0.943306,2
歓迎,祝う,0.935903,3
歓迎,スマイル,0.927002,4
歓迎,笑顔,0.923028,5
外す,離す,0.904494,1
外す,抜ける,0.897199,2
外す,そんな,0.896423,3
外す,放つ,0.894299,4
外す,すら,0.889053,5
現状,事情,0.983283,1
現状,物事,0.979461,2
現状,シチュエーション,0.961543,3
現状,現時点,0.959198,4
現状,事由,0.955715,5
税込み,ページ,0.946987,1
税込み,互換,0.944002,2
税込み,容量,0.943482,3
税込み,総額,0.938674,4
税込み,価格,0.938355,5
矯正,クリーニング,0.938497,1
矯正,クレンジング,0.924358,2
矯正,整理,0.92328,3
矯正,トレーナー,0.921221,4
矯正,修正,0.918796,5
暮らし,ライフスタイル,0.956865,1
暮らし,帰国,0.95499,2
暮らし,使い道,0.954018,3
暮らし,パーソナル,0.952561,4
暮らし,選び方,0.952434,5
きちんと,紳士,0.956649,1
きちんと,確保,0.953036,2
きちんと,維持,0.951981,3
きちんと,確立,0.950258,4
きちんと,正規,0.948417,5
ねたばれ,煽る,0.888379,1
ねたばれ,炎上,0.851248,2
ねたばれ,勝手に,0.849984,3
ねたばれ,勝手,0.844595,4
ねたばれ,詐欺,0.843354,5
いま,今週,0.975788,1
いま,今朝,0.970348,2
いま,今,0.963368,3
いま,随時,0.955526,4
いま,明日,0.953054,5
主に,案,0.980328,1
主に,中,0.979396,2
主に,文,0.97809,3
主に,判断,0.977846,4
主に,回答,0.977568,5
休み,休める,0.963948,1
休み,落ち着く,0.961028,2
休み,休む,0.948165,3
休み,休憩,0.947466,4
休み,過ごす,0.946326,5
次回,即,0.966205,1
次回,要求,0.964902,2
次回,改めて,0.963394,3
次回,要請,0.962124,4
次回,開始,0.961691,5
記憶,メモリー,0.980671,1
記憶,生涯,0.950811,2
記憶,命,0.94877,3
記憶,思考,0.94703,4
記憶,生きる,0.942898,5
売り上げ,得点,0.937658,1
売り上げ,販売,0.932689,2
売り上げ,SEO,0.930517,3
売り上げ,報道,0.926109,4
売り上げ,売り,0.925337,5
正直,誠実,0.979937,1
正直,真面目,0.935841,2
正直,健全,0.933506,3
正直,エッセンシャル,0.921112,4
正直,合格,0.915774,5
インテリア,内装,0.981459,1
インテリア,間取り,0.950781,2
インテリア,リビング,0.946157,3
インテリア,洋服,0.943255,4
インテリア,衣装,0.9429,5
急,急性,0.945154,1
急,急激,0.924614,2
急,急遽,0.910921,3
急,緊急,0.897098,4
急,緊張,0.89571,5
FX,リニューアル,0.901832,1
FX,ETC,0.900223,2
FX,DX,0.895909,3
FX,NET,0.889112,4
FX,リフォーム,0.883124,5
越す,越え,0.952691,1
越す,越える,0.933785,2
越す,突く,0.924004,3
越す,沖,0.894799,4
越す,打ち,0.893818,5
財布,ウォレット,0.97282,1
財布,バッグ,0.944683,2
財布,電話,0.943318,3
財布,カード,0.936708,4
財布,眼鏡,0.936562,5
世代,月間,0.96747,1
世代,年々,0.95737,2
世代,年,0.956132,3
世代,毎年,0.950203,4
世代,時,0.944231,5
本来,承る,0.964893,1
本来,由来,0.9642,2
本来,漸く,0.956278,3
本来,原,0.953693,4
本来,源,0.953338,5
狙う,打つ,0.946787,1
狙う,捕まえる,0.941076,2
狙う,割る,0.925217,3
狙う,捕らえる,0.911545,4
狙う,掴む,0.906813,5
見学,観覧,0.973504,1
見学,来店,0.952236,2
見学,観戦,0.950872,3
見学,学年,0.945623,4
見学,通る,0.940765,5
具体的,具体,0.985232,1
具体的,答え,0.975265,2
具体的,特徴,0.974479,3
具体的,品,0.973842,4
具体的,提示,0.972604,5
妻,配偶者,0.977161,1
妻,姉,0.971693,2
妻,母,0.967486,3
妻,飼い主,0.967277,4
妻,夫婦,0.96717,5
ワンピース,オススメ,0.894724,1
ワンピース,ビューティー,0.882807,2
ワンピース,ポジティブ,0.877114,3
ワンピース,好,0.873092,4
ワンピース,スイート,0.872469,5
父,父親,0.990146,1
父,お父さん,0.989599,2
父,父さん,0.989158,3
父,パパ,0.981372,4
父,保護者,0.978384,5
溢れる,過剰,0.875961,1
溢れる,蔓延,0.873211,2
溢れる,どんどん,0.870829,3
溢れる,過度,0.821728,4
溢れる,流出,0.820248,5
日数,位置,0.967448,1
日数,人数,0.963221,2
日数,年月日,0.962922,3
日数,時点,0.961098,4
日数,所在地,0.956322,5
定番,定評,0.971493,1
定番,正に,0.956805,2
定番,的確,0.955114,3
定番,著,0.95438,4
定番,確立,0.95366,5
アドバイス,助言,0.986255,1
アドバイス,指導,0.957328,2
アドバイス,ヘルプ,0.956327,3
アドバイス,エッセー,0.947208,4
アドバイス,サポート,0.945635,5
女,女子,0.990809,1
女,婦人,0.981109,2
女,ガール,0.972655,3
女,女性,0.970584,4
女,人物,0.964007,5
右,右側,0.985406,1
右,上,0.952158,2
右,以上,0.95168,3
右,類,0.951507,4
右,占める,0.950642,5
ロング,長,0.968943,1
ロング,フル,0.963568,2
ロング,上,0.962117,3
ロング,上部,0.956261,4
ロング,延長,0.955403,5
緑,緑色,0.984378,1
緑,グリーン,0.956675,2
緑,青空,0.946189,3
緑,梅,0.944584,4
緑,園,0.93807,5
感情,経験,0.915049,1
感情,心理,0.909376,2
感情,心身,0.904051,3
感情,実感,0.901947,4
感情,性格,0.898354,5
努力,頑張る,0.94881,1
努力,克服,0.9468,2
努力,練る,0.936956,3
努力,注力,0.935714,4
努力,一生懸命,0.932458,5
趣味,楽しみ,0.965462,1
趣味,楽しい,0.94156,2
趣味,楽しむ,0.934718,3
趣味,レジャー,0.917401,4
趣味,レクリエーション,0.912682,5
固い,永久,0.95947,1
固い,固まる,0.948805,2
固い,固定,0.942266,3
固い,土台,0.93972,4
固い,基盤,0.937059,5
従う,毎度,0.950475,1
従う,告げる,0.94761,2
従う,納める,0.945736,3
従う,到着,0.945629,4
従う,渡す,0.945191,5
毎月,毎週,0.99449,1
毎月,週間,0.97486,2
毎月,週,0.967495,3
毎月,翌月,0.965074,4
毎月,毎年,0.95805,5
半,セカンド,0.963193,1
半,次,0.944812,2
半,ハーフ,0.940886,3
半,どっち,0.930406,4
半,折,0.920883,5
定める,所定,0.983725,1
定める,確定,0.981003,2
定める,判明,0.976398,3
定める,適用,0.972284,4
定める,版,0.972021,5
屋根,天井,0.972009,1
屋根,天板,0.968614,2
屋根,壁面,0.956747,3
屋根,棟,0.950481,4
屋根,棚,0.948528,5
暫く,サイド,0.96576,1
暫く,どころ,0.958058,2
暫く,残り,0.948584,3
暫く,側,0.938402,4
暫く,単に,0.936478,5
スピード,加速,0.934076,1
スピード,速度,0.930536,2
スピード,速い,0.892152,3
スピード,駆ける,0.888955,4
スピード,高速,0.885191,5
動かす,移動,0.956364,1
動かす,動く,0.950351,2
動かす,立ち上がる,0.940945,3
動かす,モーション,0.934261,4
動かす,動き,0.933628,5
看護,ナース,0.969682,1
看護,看護師,0.969187,2
看護,カウンセラー,0.956614,3
看護,セラピスト,0.954637,4
看護,保育士,0.951321,5
サッカー,野球,0.961777,1
サッカー,バスケットボール,0.957901,2
サッカー,スポーツ,0.93663,3
サッカー,体育,0.910878,4
サッカー,運動会,0.898265,5
回収,点検,0.944871,1
回収,補給,0.94369,2
回収,抽出,0.930719,3
回収,発送,0.930316,4
回収,送信,0.927015,5
南,北,0.953915,1
南,北側,0.925206,2
南,ノース,0.918881,3
南,終わり,0.904299,4
南,烏,0.90372,5
拘る,氏,0.922906,1
拘る,婆,0.920159,2
拘る,カール,0.91733,3
拘る,かしら,0.917218,4
拘る,アンド,0.914681,5
大型,大規模,0.982617,1
大型,大きな,0.975005,2
大型,グランド,0.969062,3
大型,大,0.96867,4
大型,ビッグ,0.967209,5
保管,格納,0.982671,1
保管,記録,0.964946,2
保管,敷地,0.947115,3
保管,定額,0.947096,4
保管,置き物,0.930997,5
柔らかい,やわらかい,0.994428,1
柔らかい,柔らか,0.982608,2
柔らかい,緩やか,0.97182,3
柔らかい,穏やか,0.968477,4
柔らかい,ゆったり,0.963552,5
習慣,信念,0.956392,1
習慣,肉体,0.925838,2
習慣,ヘッド,0.921054,3
習慣,体質,0.917935,4
習慣,見解,0.911093,5
御腹,飽くまで,0.941586,1
御腹,ふる,0.933262,2
御腹,熟す,0.931221,3
御腹,爺,0.927175,4
御腹,産,0.913983,5
空港,取引所,0.948991,1
空港,首都圏,0.942862,2
空港,企業,0.939047,3
空港,商業,0.933856,4
空港,カンパニー,0.931114,5
汗,スウェット,0.936803,1
汗,排泄,0.88193,2
汗,咳,0.880165,3
汗,噛む,0.873546,4
汗,皮脂,0.872089,5
夫婦,夫妻,0.996107,1
夫婦,配偶者,0.985792,2
夫婦,両親,0.975366,3
夫婦,飼い主,0.971248,4
夫婦,姉妹,0.97068,5
V,W,0.996893,1
V,g,0.996563,2
V,H,0.996393,3
V,RE,0.99399,4
V,v,0.993033,5
秒,分間,0.909063,1
秒,リットル,0.897843,2
秒,粒,0.894743,3
秒,粉末,0.882327,4
秒,コーナー,0.874124,5
舞台,劇場,0.966741,1
舞台,シアター,0.962573,2
舞台,ステージ,0.950939,3
舞台,アリーナ,0.938975,4
舞台,城,0.931112,5
発信,開催,0.956954,1
発信,販売,0.952531,2
発信,主催者,0.950288,3
発信,出演,0.948249,4
発信,出店,0.947914,5
ルーム,室,0.987237,1
ルーム,部屋,0.981584,2
ルーム,衣類,0.977567,3
ルーム,服,0.974543,4
ルーム,室内,0.972363,5
疑問,質疑,0.910554,1
疑問,傾ける,0.908205,2
疑問,手放す,0.907474,3
疑問,湿気,0.906867,4
疑問,擦れる,0.906738,5
天気,気象,0.932289,1
天気,時期,0.929282,2
天気,天候,0.919876,3
天気,気温,0.91701,4
天気,時間帯,0.903125,5
回答,説明,0.99142,1
回答,提示,0.989153,2
回答,述べる,0.987454,3
回答,答え,0.986162,4
回答,題,0.982689,5
酸,酸化,0.910441,1
酸,紫外線,0.892947,2
酸,刺す,0.871448,3
酸,煙,0.861915,4
酸,捕まる,0.860204,5
IT,技術,0.976078,1
IT,ICT,0.975947,2
IT,ソフトウェア,0.97221,3
IT,テック,0.961562,4
IT,自動化,0.958926,5
味わう,味わい,0.967368,1
味わう,賞味,0.965988,2
味わう,鑑賞,0.94903,3
味わう,風味,0.941316,4
味わう,関心,0.94029,5
奴,彼奴,0.970648,1
奴,ムラ,0.896979,2
奴,ロス,0.89141,3
奴,此奴,0.886566,4
奴,裏地,0.885863,5
そば,ライス,0.965459,1
そば,スープ,0.963309,2
そば,チキン,0.957331,3
そば,もち,0.952555,4
そば,鶏肉,0.95167,5
ストーリー,物語,0.987884,1
ストーリー,本編,0.936554,2
ストーリー,ライティング,0.925402,3
ストーリー,上手,0.916033,4
ストーリー,エピソード,0.91603,5
交流,伝達,0.955155,1
交流,ディスカッション,0.943219,2
交流,まち,0.942952,3
交流,チーム,0.941874,4
交流,共用,0.941806,5
下がる,見逃す,0.941271,1
下がる,収縮,0.936993,2
下がる,遣る気,0.930201,3
下がる,減る,0.924945,4
下がる,下げる,0.920679,5
東,九,0.969206,1
東,大,0.953561,2
東,至る,0.953222,3
東,上,0.952219,4
東,オール,0.951433,5
接種,健診,0.912069,1
接種,衛生,0.90249,2
接種,検診,0.900799,3
接種,クリニック,0.896301,4
接種,リサイクル,0.893393,5
抜く,引き出す,0.949085,1
抜く,回す,0.949023,2
抜く,下りる,0.941346,3
抜く,下ろす,0.931849,4
抜く,擦れる,0.930773,5
H,W,0.998809,1
H,V,0.996393,2
H,g,0.993144,3
H,IH,0.99191,4
H,RE,0.989281,5
事実,地点,0.9627,1
事実,場所,0.962688,2
事実,ロケーション,0.959842,3
事実,基準,0.958095,4
事実,プレース,0.951634,5
塗る,塗り,0.962819,1
塗る,塗布,0.953062,2
塗る,書き込む,0.940845,3
塗る,染める,0.932727,4
塗る,ブラシ,0.932009,5
参照,参考,0.972596,1
参照,入り,0.963795,2
参照,カテゴリー,0.963723,3
参照,度目,0.962302,4
参照,受信,0.95992,5
製作,制作,0.988169,1
製作,編集,0.966748,2
製作,建てる,0.948848,3
製作,ビルド,0.948332,4
製作,作成,0.944664,5
椅子,チェア,0.995444,1
椅子,デスク,0.976394,2
椅子,カップ,0.976292,3
椅子,座席,0.974317,4
椅子,コップ,0.969824,5
個別,各自,0.975174,1
個別,私,0.968128,2
個別,個体,0.966015,3
個別,個々,0.962562,4
個別,所持,0.95548,5
中学,中学校,0.989528,1
中学,学級,0.977746,2
中学,授業,0.95951,3
中学,説明会,0.954728,4
中学,小学校,0.949527,5
ドレス,衣装,0.951901,1
ドレス,ドリンク,0.947634,2
ドレス,飲料,0.945728,3
ドレス,着こなし,0.945448,4
ドレス,スカート,0.942368,5
スタジオ,模型,0.916617,1
スタジオ,設計,0.912695,2
スタジオ,オフィス,0.909151,3
スタジオ,事務所,0.899738,4
スタジオ,会議室,0.89266,5
疲れる,疲れ,0.970137,1
疲れる,悔しい,0.940652,2
疲れる,飽きる,0.937208,3
疲れる,疲労,0.931815,4
疲れる,恥ずかしい,0.929157,5
年収,給料,0.968071,1
年収,給与,0.96242,2
年収,賃金,0.95828,3
年収,月給,0.943974,4
年収,所得,0.943762,5
券,配当,0.958512,1
券,コピー,0.95493,2
券,ライセンス,0.950271,3
券,票,0.948441,4
券,テンプレート,0.944748,5
規定,規則,0.985333,1
規定,規格,0.971275,2
規定,法定,0.961427,3
規定,ルール,0.957294,4
規定,規約,0.954739,5
白い,白色,0.98863,1
白い,白,0.973142,2
白い,ホワイト,0.971643,3
白い,真っ白,0.944721,4
白い,清,0.939007,5
窓,フロア,0.959165,1
窓,敷地,0.952292,2
窓,録音,0.944259,3
窓,年数,0.942563,4
窓,オブジェクト,0.941449,5
現地,日常,0.961107,1
現地,常,0.956703,2
現地,日常的,0.955084,3
現地,地元,0.954871,4
現地,ノーマル,0.951273,5
弁当,スカート,0.96649,1
弁当,サンドイッチ,0.954844,2
弁当,ソープ,0.946275,3
弁当,手摺,0.945774,4
弁当,シュー,0.942288,5
流石,白石,0.922211,1
流石,椿,0.918522,2
流石,山下,0.902417,3
流石,島,0.900675,4
流石,亀,0.898196,5
手作り,ハンドメイド,0.949321,1
手作り,クラフト,0.944164,2
手作り,自家製,0.92657,3
手作り,手芸,0.898399,4
手作り,自作,0.889963,5
印刷,プリント,0.947201,1
印刷,書面,0.942549,2
印刷,メーター,0.938056,3
印刷,LAN,0.934786,4
印刷,包装,0.9337,5
丸,円やか,0.974045,1
丸,丸で,0.960571,2
丸,方,0.956745,3
丸,円,0.956009,4
丸,丸い,0.953619,5
洗濯,洗う,0.965913,1
洗濯,掃除,0.959388,2
洗濯,洗車,0.948825,3
洗濯,ペダル,0.94576,4
洗濯,清掃,0.942609,5
ステップ,計,0.977175,1
ステップ,ペース,0.973401,2
ステップ,パス,0.966983,3
ステップ,取得,0.966657,4
ステップ,取り扱う,0.965705,5
通貨,証券,0.922528,1
通貨,股,0.922481,2
通貨,ウェブサイト,0.917786,3
通貨,事業所,0.915914,4
通貨,仕事,0.914337,5
離れる,断る,0.915995,1
離れる,離す,0.910591,2
離れる,尽きる,0.902779,3
離れる,離脱,0.901409,4
離れる,忘れる,0.899939,5
明らか,明,0.959619,1
明らか,はっきり,0.950626,2
明らか,是,0.94352,3
明らか,主要,0.942939,4
明らか,的確,0.941445,5
スムーズ,滑らか,0.950123,1
スムーズ,順調,0.933009,2
スムーズ,しっくり,0.929707,3
スムーズ,揃う,0.926536,4
スムーズ,適合,0.9182,5
ステージ,市,0.967805,1
ステージ,ステーション,0.966785,2
ステージ,放送,0.962476,3
ステージ,会場,0.957685,4
ステージ,城,0.956663,5
我が家,お家,0.993772,1
我が家,自宅,0.988624,2
我が家,ホーム,0.988253,3
我が家,御自宅,0.983493,4
我が家,家,0.978007,5
幾つ,多少,0.980678,1
幾つ,とある,0.956949,2
幾つ,in,0.953749,3
幾つ,何度,0.949014,4
幾つ,入り,0.947906,5
周年,付与,0.941299,1
周年,得る,0.9408,2
周年,獲得,0.936421,3
周年,復帰,0.930078,4
周年,賜る,0.929886,5
恋,恋愛,0.967198,1
恋,愛情,0.948296,2
恋,ラブ,0.941537,3
恋,愛,0.935496,4
恋,愛する,0.924086,5
末,ラスト,0.944129,1
末,後,0.94209,2
末,卒,0.92826,3
末,キャン,0.887672,4
末,一旦,0.883522,5
お家,我が家,0.993772,1
お家,家,0.991501,2
お家,ホーム,0.99144,3
お家,自宅,0.98619,4
お家,御自宅,0.977288,5
Google,Microsoft,0.970087,1
Google,アマゾン,0.947413,2
Google,wordpress,0.942568,3
Google,ヤマハ,0.932966,4
Google,日立,0.930582,5
日本語,言語,0.922064,1
日本語,語学,0.921032,2
日本語,形成,0.917041,3
日本語,実写,0.916093,4
日本語,国語,0.915994,5
一体,丸ごと,0.971226,1
一体,格,0.969327,2
一体,一環,0.966555,3
一体,和,0.965716,4
一体,組,0.963165,5
HP,プロ,0.96235,1
HP,TEL,0.953025,2
HP,搭載,0.944615,3
HP,パナソニック,0.942936,4
HP,HD,0.941052,5
用品,メモ,0.966345,1
用品,ノート,0.966165,2
用品,デスク,0.962804,3
用品,シート,0.961392,4
用品,パンツ,0.955885,5
互い,其々,0.94591,1
互い,同,0.935521,2
互い,即ち,0.9332,3
互い,頃,0.931687,4
互い,他人,0.931375,5
城,市,0.974472,1
城,会社,0.966275,2
城,百貨店,0.96245,3
城,カンパニー,0.962116,4
城,首都,0.960784,5
ガイド,支援,0.966364,1
ガイド,サポート,0.966169,2
ガイド,ヘルプ,0.96477,3
ガイド,支持,0.963546,4
ガイド,指導,0.961161,5
ダンス,舞,0.935006,1
ダンス,ダンサー,0.928349,2
ダンス,踊り,0.921328,3
ダンス,舞う,0.902358,4
ダンス,踊る,0.895742,5
有料,私立,0.903258,1
有料,クレジット,0.883351,2
有料,パスポート,0.861716,3
有料,給与,0.861259,4
有料,学費,0.855944,5
役割,ロール,0.984255,1
役割,員,0.974022,2
役割,定期,0.970678,3
役割,担任,0.968096,4
役割,主題,0.96743,5
文章,記事,0.984119,1
文章,コンテンツ,0.968142,2
文章,内容,0.959061,3
文章,解説,0.955865,4
文章,実写,0.95214,5
込める,寄る,0.96999,1
込める,抱える,0.967717,2
込める,うち,0.966896,3
込める,私,0.96104,4
込める,自,0.960317,5
確実,確立,0.965819,1
確実,真,0.964929,2
確実,必ず,0.95556,3
確実,確保,0.955218,4
確実,確定,0.951912,5
チャンス,機会,0.947003,1
チャンス,自由,0.898519,2
チャンス,願望,0.896639,3
チャンス,希望者,0.884592,4
チャンス,出会い,0.868977,5
図,レイヤー,0.964693,1
図,セクション,0.962335,2
図,表,0.961054,3
図,ナンバー,0.959298,4
図,台,0.958509,5
不可,不能,0.981346,1
不可,無効,0.96948,2
不可,不,0.967479,3
不可,NO,0.96619,4
不可,否,0.962628,5
フランス,イタリア,0.974788,1
フランス,スペイン,0.954012,2
フランス,パリ,0.937777,3
フランス,ヨーロッパ,0.935151,4
フランス,ギリシャ,0.931087,5
保つ,保有,0.985243,1
保つ,保持,0.966448,2
保つ,保存,0.962263,3
保つ,儲かる,0.961275,4
保つ,安定,0.954136,5
流れる,湧く,0.887229,1
流れる,流れ,0.884397,2
流れる,開花,0.877659,3
流れる,流,0.865093,4
流れる,咲く,0.860265,5
表面,背景,0.973466,1
表面,場,0.973138,2
表面,エリア,0.972427,3
表面,並ぶ,0.969041,4
表面,形,0.968251,5
余裕,安心感,0.956552,1
余裕,安心,0.951495,2
余裕,満足度,0.926199,3
余裕,満足,0.922805,4
余裕,しっくり,0.920346,5
業界,会議,0.948407,1
業界,業務,0.944542,2
業界,流通,0.942322,3
業界,運営,0.9409,4
業界,委員会,0.937836,5
構築,造り,0.970117,1
構築,ビルド,0.954476,2
構築,成型,0.952343,3
構築,建つ,0.949909,4
構築,製作,0.940513,5
早速,迅速,0.90049,1
早速,アクション,0.894698,2
早速,速やか,0.894368,3
早速,駆動,0.892886,4
早速,直結,0.887928,5
政府,党,0.968417,1
政府,国会,0.943234,2
政府,政治,0.940805,3
政府,内閣,0.931334,4
政府,合併,0.930317,5
首,君,0.974817,1
首,令,0.968225,2
首,並びに,0.965204,3
首,上田,0.964829,4
首,こく,0.964223,5
処分,負荷,0.908203,1
処分,申し立て,0.902547,2
処分,クレーム,0.895258,3
処分,経費,0.891657,4
処分,遣り取り,0.89149,5
ネットワーク,ウェブ,0.959917,1
ネットワーク,WWW,0.953161,2
ネットワーク,貿易,0.949048,3
ネットワーク,企業,0.939472,4
ネットワーク,プラットフォーム,0.937644,5
認識,生,0.967491,1
認識,理解,0.960832,2
認識,考慮,0.957337,3
認識,習得,0.956279,4
認識,瞳,0.953776,5
当てる,とる,0.97545,1
当てる,要る,0.972184,2
当てる,付け,0.968976,3
当てる,付く,0.968639,4
当てる,つける,0.968215,5
エアコン,空調,0.9763,1
エアコン,クーラー,0.960705,2
エアコン,冷房,0.952716,3
エアコン,クレジットカード,0.93559,4
エアコン,車,0.923986,5
容量,キロ,0.958743,1
容量,セクション,0.953336,2
容量,エリア,0.951479,3
容量,互換,0.951264,4
容量,ドメイン,0.951058,5
ワクチン,抗菌,0.892741,1
ワクチン,医薬,0.886185,2
ワクチン,接種,0.883289,3
ワクチン,クリニック,0.883024,4
ワクチン,除菌,0.872344,5
暮らす,住む,0.974133,1
暮らす,帰り,0.971523,2
暮らす,居る,0.970192,3
暮らす,いえ,0.970051,4
暮らす,滞在,0.965307,5
抜群,素晴らしい,0.963286,1
抜群,極上,0.946608,2
抜群,逸品,0.940701,3
抜群,傑作,0.937582,4
抜群,一流,0.935447,5
把握,解釈,0.965877,1
把握,理解,0.96472,2
把握,解く,0.959105,3
把握,果たす,0.958811,4
把握,習得,0.955708,5
いえる,はい,0.981219,1
いえる,有する,0.967033,2
いえる,主題,0.965135,3
いえる,概要,0.962512,4
いえる,受け付ける,0.960557,5
久し振り,ムード,0.920098,1
久し振り,機嫌,0.918519,2
久し振り,過ごす,0.915329,3
久し振り,好み,0.903705,4
久し振り,食後,0.901708,5
性格,人格,0.970482,1
性格,ニュアンス,0.935796,2
性格,心身,0.935422,3
性格,価値観,0.932554,4
性格,相性,0.922405,5
当たり前,並み,0.972773,1
当たり前,地方,0.963932,2
当たり前,種目,0.962837,3
当たり前,見える,0.961473,4
当たり前,常温,0.957812,5
規模,全体,0.960858,1
規模,区,0.955851,2
規模,総,0.953732,3
規模,全部,0.953683,4
規模,スケール,0.949592,5
人物,キャラ,0.971642,1
人物,私達,0.969621,2
人物,名詞,0.967861,3
人物,女子,0.965862,4
人物,女,0.964007,5
手順,手続き,0.966074,1
手順,職務,0.964063,2
手順,算定,0.9639,3
手順,メソッド,0.959447,4
手順,実務,0.947604,5
セール,販促,0.937037,1
セール,販売,0.933985,2
セール,配信,0.929683,3
セール,出店,0.927206,4
セール,商材,0.925585,5
弱い,弱,0.994521,1
弱い,未満,0.95587,2
弱い,未経験,0.934015,3
弱い,少,0.93265,4
弱い,少なめ,0.930467,5
改めて,要請,0.96912,1
改めて,次回,0.963394,2
改めて,扱う,0.956983,3
改めて,見直す,0.954767,4
改めて,向ける,0.954195,5
抜ける,ブレーク,0.927306,1
抜ける,剥がす,0.910536,2
抜ける,滑る,0.898704,3
抜ける,外す,0.897199,4
抜ける,擦れる,0.894385,5
着,有り,0.98928,1
着,項,0.985577,2
着,指,0.981822,3
着,記,0.981615,4
着,抜粋,0.979484,5
知らせ,お知らせ,0.990277,1
知らせ,披露,0.971563,2
知らせ,開講,0.956699,3
知らせ,掲載,0.955769,4
知らせ,開示,0.950296,5
人材,キャリア,0.951615,1
人材,ヘルスケア,0.946095,2
人材,進学,0.941638,3
人材,就職,0.937782,4
人材,就労,0.936237,5
ホール,会場,0.950187,1
ホール,ステーション,0.946361,2
ホール,ステージ,0.939978,3
ホール,館,0.939529,4
ホール,会館,0.934891,5
長期,長期間,0.980984,1
長期,長期的,0.97926,2
長期,蓄積,0.945975,3
長期,結末,0.944698,4
長期,累計,0.938071,5
初期,初め,0.951289,1
初期,早期,0.929787,2
初期,初心,0.921411,3
初期,最初,0.905467,4
初期,少し,0.898088,5
多少,幾つ,0.980678,1
多少,何人,0.966618,2
多少,in,0.96467,3
多少,何度,0.963938,4
多少,入り,0.958567,5
任せる,与える,0.972794,1
任せる,都合,0.968611,2
任せる,受け止める,0.968411,3
任せる,携わる,0.966654,4
任せる,受け入れる,0.966481,5
格好,ファイン,0.946584,1
格好,似合う,0.942187,2
格好,合う,0.941704,3
格好,しっくり,0.9396,4
格好,賞,0.938025,5
メンテナンス,労務,0.922569,1
メンテナンス,ドライバー,0.913682,2
メンテナンス,仕入れ,0.909032,3
メンテナンス,検査,0.907684,4
メンテナンス,修理,0.895008,5
伝わる,通じる,0.966998,1
伝わる,伝える,0.942388,2
伝わる,大凡,0.941551,3
伝わる,明らか,0.938801,4
伝わる,成る,0.933323,5
払う,支払う,0.976454,1
払う,返却,0.965458,2
払う,リターン,0.960223,3
払う,払い,0.949235,4
払う,返礼,0.942961,5
瞬間,一瞬,0.958106,1
瞬間,一時的,0.815404,2
瞬間,偶然,0.803381,3
瞬間,変わり,0.785953,4
瞬間,一時,0.777607,5
特集,主役,0.959785,1
特集,主演,0.954292,2
特集,必見,0.950586,3
特集,提言,0.949599,4
特集,主要,0.946478,5
オーダー,注文,0.974996,1
オーダー,登録,0.969394,2
オーダー,予約,0.963014,3
オーダー,代金,0.961281,4
オーダー,許可,0.958151,5
体調,ニーズ,0.961964,1
体調,見方,0.957612,2
体調,感触,0.951218,3
体調,個人,0.950411,4
体調,ボディー,0.950356,5
校,堂,0.960954,1
校,本学,0.959803,2
校,掲載,0.958891,3
校,成立,0.958171,4
校,役目,0.956339,5
ソース,そのまま,0.977722,1
ソース,源,0.977304,2
ソース,成分,0.972308,3
ソース,要素,0.971817,4
ソース,基礎,0.969769,5
マット,席,0.964194,1
マット,泊まる,0.956928,2
マット,下地,0.954501,3
マット,敷く,0.950867,4
マット,シート,0.946528,5
カジノ,ギャンブル,0.838844,1
カジノ,パチンコ,0.82511,2
カジノ,プロレス,0.798851,3
カジノ,馬券,0.7675,4
カジノ,ぱちスロ,0.756289,5
足りる,足る,0.989335,1
足りる,適当,0.968827,2
足りる,表記,0.967687,3
足りる,成分,0.963457,4
足りる,適量,0.96237,5
実感,体感,0.977781,1
実感,経験,0.964827,2
実感,感じる,0.961486,3
実感,感じ,0.961107,4
実感,自ら,0.958409,5
プレミアム,高級,0.975283,1
プレミアム,極上,0.959187,2
プレミアム,VIP,0.935184,3
プレミアム,リッチ,0.931448,4
プレミアム,一流,0.929178,5
コンビニ,小売り,0.883945,1
コンビニ,ドラッグストアー,0.879349,2
コンビニ,支店,0.878994,3
コンビニ,ローソン,0.876344,4
コンビニ,値引き,0.876029,5
振る,振り,0.945631,1
振る,発,0.939623,2
振る,脈,0.931438,3
振る,引く,0.931158,4
振る,起こす,0.927509,5
ビール,コーラ,0.93795,1
ビール,ソーダ,0.897306,2
ビール,酒,0.875906,3
ビール,菓子,0.864769,4
ビール,チョコレート,0.861943,5
攻略,サービス,0.938983,1
攻略,テクニック,0.938713,2
攻略,プランニング,0.935826,3
攻略,効率,0.933346,4
攻略,効率的,0.931,5
兼ねる,伴う,0.973694,1
兼ねる,其の,0.971242,2
兼ねる,きく,0.967192,3
兼ねる,つう,0.967157,4
兼ねる,調,0.965331,5
現代,近代,0.973489,1
現代,NET,0.924048,2
現代,マーケティング,0.922479,3
現代,大阪市,0.922473,4
現代,西洋,0.91862,5
御陰,御陰様,0.915969,1
御陰,久々,0.892996,2
御陰,古,0.892505,3
御陰,古く,0.89123,4
御陰,元々,0.890006,5
現実,現実的,0.937369,1
現実,実際,0.934513,2
現実,領域,0.920842,3
現実,時間,0.920154,4
現実,存在,0.91936,5
正に,的確,0.980881,1
正に,正,0.977461,2
正に,健,0.976592,3
正に,順,0.973644,4
正に,きっと,0.968932,5
さえ,ふる,0.969675,1
さえ,ねん,0.966374,2
さえ,ね,0.965835,3
さえ,しょう,0.962213,4
さえ,たま,0.961742,5
刺激,勢い,0.897811,1
刺激,興奮,0.881828,2
刺激,どんどん,0.862319,3
刺激,飛び出す,0.856284,4
刺激,駆ける,0.853857,5
制,mg,0.968579,1
制,レポ,0.965187,2
制,令,0.963812,3
制,部,0.962023,4
制,ver,0.96043,5
科学,サイエンス,0.993232,1
科学,科学的,0.956645,2
科学,理科,0.930637,3
科学,研究者,0.928358,4
科学,研究,0.923269,5
出身,持ち主,0.979971,1
出身,生まれ,0.967407,2
出身,留まる,0.965228,3
出身,対象者,0.957419,4
出身,本名,0.956631,5
雪,スノー,0.953556,1
雪,氷,0.91736,2
雪,霧,0.861167,3
雪,ムーン,0.84522,4
雪,冬,0.820541,5
道路,施設,0.970686,1
道路,国道,0.964866,2
道路,都道府県,0.964823,3
道路,サイト,0.963029,4
道路,号線,0.96121,5
信じる,頼る,0.966507,1
信じる,許す,0.962433,2
信じる,養う,0.962388,3
信じる,志望,0.960041,4
信じる,治る,0.959258,5
コンパクト,薄型,0.90832,1
コンパクト,付属品,0.905544,2
コンパクト,ミニマリスト,0.898072,3
コンパクト,カプセル,0.891507,4
コンパクト,卓上,0.888529,5
税,課税,0.985519,1
税,税金,0.978645,2
税,納税,0.961553,3
税,税制,0.934061,4
税,税務,0.916519,5
証明,レクチャー,0.949876,1
証明,正式,0.938564,2
証明,論文,0.937433,3
証明,院長,0.936235,4
証明,校長,0.9357,5
ピアノ,バイオリン,0.916671,1
ピアノ,意匠,0.872536,2
ピアノ,楽器,0.847215,3
ピアノ,刺繍,0.832518,4
ピアノ,エステ,0.828012,5
通知,アップロード,0.931986,1
通知,購読,0.930695,2
通知,出金,0.924882,3
通知,送付,0.923019,4
通知,転送,0.922396,5
納得,自身,0.963175,1
納得,価値,0.962935,2
納得,持ち,0.962295,3
納得,貴方,0.960298,4
納得,質,0.959954,5
せい,わ,0.989491,1
せい,ぎ,0.987547,2
せい,かく,0.986164,3
せい,アン,0.984834,4
せい,調,0.98456,5
レンズ,コーティング,0.962487,1
レンズ,容器,0.954074,2
レンズ,地図,0.935931,3
レンズ,部材,0.935064,4
レンズ,数値,0.932499,5
スープ,そば,0.963309,1
スープ,御飯,0.951012,2
スープ,温水,0.946899,3
スープ,湯,0.946309,4
スープ,丼,0.945567,5
電車,電鉄,0.986979,1
電車,鉄道,0.98607,2
電車,列車,0.983962,3
電車,メトロ,0.962376,4
電車,スーパー,0.960318,5
無事,平,0.938687,1
無事,在住,0.936672,2
無事,大丈夫,0.935837,3
無事,居る,0.934232,4
無事,在留,0.934178,5
概要,主題,0.987307,1
概要,題材,0.984614,2
概要,トピック,0.982912,3
概要,種類,0.979622,4
概要,記載,0.979571,5
経つ,経る,0.980995,1
経つ,額,0.959639,2
経つ,あご,0.956636,3
経つ,眺める,0.951501,4
経つ,見なす,0.951155,5
市民,県民,0.947204,1
市民,記事,0.934419,2
市民,共同,0.930012,3
市民,同僚,0.929049,4
市民,住民,0.927483,5
動作,行動,0.959168,1
動作,言動,0.94865,2
動作,行為,0.947285,3
動作,動詞,0.942225,4
動作,行う,0.928368,5
精神,心身,0.944891,1
精神,内面,0.933331,2
精神,マインド,0.929339,3
精神,個性,0.924346,4
精神,自覚,0.919889,5
丁目,番地,0.93635,1
丁目,記号,0.935275,2
丁目,区画,0.922274,3
丁目,ZIP,0.919141,4
丁目,単位,0.919063,5
局,停,0.944303,1
局,泊,0.941505,2
局,坪,0.938205,3
局,止め,0.936441,4
局,箇所,0.934273,5
搭載,TEL,0.981549,1
搭載,IC,0.960704,2
搭載,au,0.958577,3
搭載,オート,0.956152,4
搭載,AT,0.951477,5
不思議,奇妙,0.811737,1
不思議,未知,0.797716,2
不思議,独特,0.742959,3
不思議,謎,0.739898,4
不思議,驚き,0.705985,5
増加,増,0.969419,1
増加,益々,0.956794,2
増加,上がり,0.956028,3
増加,増す,0.948433,4
増加,もっと,0.945405,5
死ぬ,死,0.965919,1
死ぬ,亡くなる,0.954114,2
死ぬ,死亡,0.947374,3
死ぬ,傷,0.942714,4
死ぬ,断念,0.942536,5
タグ,票,0.939374,1
タグ,トークン,0.929664,2
タグ,マーカー,0.926032,3
タグ,ラベル,0.924738,4
タグ,番号,0.924109,5
都,皆,0.985482,1
都,公,0.976169,2
都,周,0.967286,3
都,範囲,0.964511,4
都,分布,0.962111,5
温度,水温,0.974479,1
温度,距離,0.968233,2
温度,気温,0.962743,3
温度,方向,0.952933,4
温度,視界,0.931145,5
旧,古い,0.959312,1
旧,オールド,0.956023,2
旧,以前,0.941756,3
旧,昔,0.919047,4
旧,後方,0.889454,5
着く,就く,0.983371,1
着く,受け取り,0.974502,2
着く,受け取る,0.968425,3
着く,入る,0.964666,4
着く,持つ,0.964504,5
中止,取り消し,0.960365,1
中止,延期,0.919975,2
中止,戻す,0.909659,3
中止,キャンセル,0.909455,4
中止,停止,0.90705,5
予算,収支,0.951979,1
予算,請求書,0.940463,2
予算,賃貸,0.938419,3
予算,口座,0.937736,4
予算,用品,0.934457,5
付属,名義,0.954572,1
付属,もと,0.954372,2
付属,被せる,0.953995,3
付属,入れ,0.95255,4
付属,収まる,0.947782,5
コーナー,角,0.942696,1
コーナー,斜め,0.876646,2
コーナー,辺,0.875608,3
コーナー,秒,0.874124,4
コーナー,蛇口,0.869494,5
空,遠方,0.911885,1
空,遠く,0.889658,2
空,夜,0.88641,3
空,遠い,0.881103,4
空,雲,0.841558,5
修正,補正,0.966101,1
修正,適用,0.954374,2
修正,改訂,0.94442,3
修正,要求,0.944,4
修正,計上,0.94293,5
アルバイト,試行,0.897189,1
アルバイト,インターン,0.884615,2
アルバイト,日替わり,0.879839,3
アルバイト,副業,0.877556,4
アルバイト,短期,0.85775,5
穴,さび,0.904851,1
穴,黴,0.90229,2
穴,アッシュ,0.892909,3
穴,陥る,0.883185,4
穴,落ち,0.876797,5
重ねる,幾,0.936483,1
重ねる,連,0.933107,2
重ねる,先行,0.933073,3
重ねる,及ぶ,0.931589,4
重ねる,関する,0.930986,5
災害,震災,0.985618,1
災害,危機,0.977473,2
災害,地震,0.962868,3
災害,津波,0.960136,4
災害,洪水,0.945304,5
数字,シリコン,0.956211,1
数字,コンテナ,0.953526,2
数字,QR,0.953154,3
数字,CSS,0.949042,4
数字,URL,0.939978,5
地区,区域,0.994434,1
地区,地域,0.9774,2
地区,場,0.965036,3
地区,フィールド,0.963685,4
地区,沿線,0.961521,5
ダウン,抑,0.919881,1
ダウン,陰,0.916788,2
ダウン,被害者,0.912087,3
ダウン,アンダー,0.909516,4
ダウン,冷え性,0.908743,5
済む,済み,0.978931,1
済む,しっくり,0.974896,2
済む,記,0.96408,3
済む,満たす,0.962932,4
済む,備わる,0.96195,5
削除,消す,0.952226,1
削除,取り除く,0.949469,2
削除,除去,0.94197,3
削除,撤去,0.92357,4
削除,消去,0.920406,5
問い合わせる,尋ねる,0.982124,1
問い合わせる,問い合わせ,0.963202,2
問い合わせる,問う,0.96176,3
問い合わせる,報じる,0.956687,4
問い合わせる,訪ねる,0.954367,5
チャンネル,レーベル,0.960781,1
チャンネル,転載,0.950318,2
チャンネル,勤務地,0.946945,3
チャンネル,店頭,0.943386,4
チャンネル,掲載,0.940484,5
ガス,排出,0.890727,1
ガス,酸化,0.853174,2
ガス,熱,0.851678,3
ガス,酸,0.847005,4
ガス,燃焼,0.845735,5
出張,就労,0.930806,1
出張,渡航,0.928738,2
出張,研修,0.91809,3
出張,労務,0.909623,4
出張,働き方,0.904698,5
肩,腰,0.982685,1
肩,膝,0.982343,2
肩,手足,0.961251,3
肩,腕,0.958968,4
肩,肘,0.958161,5
調理,クッキング,0.964463,1
調理,キッチン,0.939355,2
調理,厨房,0.936154,3
調理,炊く,0.923022,4
調理,料理,0.913754,5
利く,愛用,0.952062,1
利く,獲得,0.950089,2
利く,励む,0.948824,3
利く,励ます,0.945923,4
利く,利点,0.944562,5
マーケティング,ビジネス,0.953752,1
マーケティング,近代,0.950458,2
マーケティング,商業,0.948692,3
マーケティング,都市,0.944669,4
マーケティング,企業,0.942398,5
建設,工程,0.96375,1
建設,製造業,0.958377,2
建設,土木,0.953528,3
建設,産業,0.953502,4
建設,ファクトリー,0.940425,5
伺う,為さる,0.948139,1
伺う,店主,0.945812,2
伺う,務める,0.944201,3
伺う,教え,0.942836,4
伺う,助,0.942551,5
シャンプー,石鹸,0.975128,1
シャンプー,タオル,0.974178,2
シャンプー,衣類,0.967146,3
シャンプー,シャツ,0.966133,4
シャンプー,ルーム,0.960683,5
派遣,出荷,0.947802,1
派遣,送信,0.944751,2
派遣,発送,0.944454,3
派遣,オペレーター,0.941756,4
派遣,措置,0.939574,5
許可,代金,0.97348,1
許可,チェック,0.97059,2
許可,計上,0.96886,3
許可,認可,0.967932,4
許可,指定,0.963138,5
上る,上がる,0.958348,1
上る,前走,0.954506,2
上る,進む,0.944031,3
上る,上げる,0.942018,4
上る,運,0.939227,5
YouTube,ウェブ,0.939779,1
YouTube,アディダス,0.931488,2
YouTube,wordpress,0.919041,3
YouTube,メディア,0.917506,4
YouTube,ソフトバンク,0.91105,5
キッズ,子供,0.95658,1
キッズ,チャイルド,0.95118,2
キッズ,子供達,0.94581,3
キッズ,小学生,0.942441,4
キッズ,小児,0.93471,5
休日,休暇,0.917814,1
休日,快適,0.907087,2
休日,ふっくら,0.906415,3
休日,甘み,0.905487,4
休日,ゆとり,0.904558,5
売れる,人気,0.928485,1
売れる,盛り上げる,0.908177,2
売れる,ヒット,0.907998,3
売れる,応援,0.907304,4
売れる,すすめ,0.905716,5
タオル,シャンプー,0.974178,1
タオル,ローション,0.972846,2
タオル,ソープ,0.970747,3
タオル,枕,0.969902,4
タオル,シャツ,0.966739,5
作用,解析,0.972147,1
作用,アプローチ,0.965605,2
作用,説得,0.964472,3
作用,及ぼす,0.964168,4
作用,利用,0.963652,5
占い,占い師,0.843639,1
占い,思い込み,0.783695,2
占い,ぜ,0.780911,3
占い,前回,0.774701,4
占い,然し,0.773404,5
通る,通行,0.961076,1
通る,乗り,0.950482,2
通る,出る,0.945415,3
通る,出場,0.945387,4
通る,時期,0.943038,5
Tシャツ,マグカップ,0.944129,1
Tシャツ,杯,0.939233,2
Tシャツ,ショーツ,0.938171,3
Tシャツ,ソープ,0.936888,4
Tシャツ,シュー,0.934193,5
選び,選ぶ,0.986926,1
選び,選択,0.982437,2
選び,My,0.97443,3
選び,我,0.969445,4
選び,パーソナル,0.962235,5
否,NO,0.988407,1
否,不,0.974593,2
否,不能,0.969525,3
否,無効,0.965788,4
否,陰性,0.962807,5
支える,届ける,0.960592,1
支える,承諾,0.955578,2
支える,包む,0.948335,3
支える,保護,0.946659,4
支える,備わる,0.945683,5
報酬,収益,0.950884,1
報酬,利益,0.949636,2
報酬,獲得,0.946252,3
報酬,付与,0.943856,4
報酬,オススメ,0.942663,5
伸びる,伸び,0.979429,1
伸びる,伸ばす,0.961315,2
伸びる,伸び伸び,0.929574,3
伸びる,起こす,0.913522,4
伸びる,動かす,0.909707,5
パッケージ,ボックス,0.976934,1
パッケージ,テンプレート,0.975915,2
パッケージ,包装,0.963868,3
パッケージ,フレーム,0.962483,4
パッケージ,容器,0.960595,5
車両,車,0.985218,1
車両,自動車,0.959216,2
車両,乗り物,0.95672,3
車両,アンプ,0.955431,4
車両,電機,0.954611,5
挨拶,会う,0.957083,1
挨拶,訪問,0.946197,2
挨拶,お客さん,0.939087,3
挨拶,面会,0.937075,4
挨拶,生徒,0.929352,5
充電,充電器,0.965837,1
充電,アカウント,0.94052,2
充電,口座,0.936231,3
充電,ダウンロード,0.935148,4
充電,バックパック,0.931038,5
負ける,負け,0.987043,1
負ける,失敗,0.970215,2
負ける,損する,0.968007,3
負ける,下手,0.959269,4
負ける,壊れる,0.958304,5
熱,ヒート,0.93727,1
熱,打,0.904885,2
熱,つかる,0.891925,3
熱,挟む,0.887536,4
熱,発熱,0.879691,5
感動,大好き,0.953677,1
感動,愛する,0.945402,2
感動,熱愛,0.934762,3
感動,好き,0.928552,4
感動,ラブ,0.927593,5
背景,此処,0.979955,1
背景,表面,0.973466,2
背景,どこ,0.969181,3
背景,場面,0.96856,4
背景,水平,0.966603,5
セキュリティー,防犯,0.954331,1
セキュリティー,警備,0.924218,2
セキュリティー,防御,0.920365,3
セキュリティー,資金,0.913751,4
セキュリティー,薬,0.904353,5
書籍,本の,0.965255,1
書籍,ブック,0.963326,2
書籍,書,0.946675,3
書籍,本,0.934962,4
書籍,冊子,0.934579,5
期限,納期,0.96448,1
期限,期日,0.963452,2
期限,番号,0.949432,3
期限,チェックアウト,0.947958,4
期限,アドレス,0.946082,5
至る,大半,0.965576,1
至る,東,0.953222,2
至る,オール,0.944216,3
至る,周,0.942837,4
至る,明,0.941211,5
運ぶ,行く,0.977826,1
運ぶ,握る,0.975542,2
運ぶ,開ける,0.97064,3
運ぶ,取り出す,0.96947,4
運ぶ,取る,0.966258,5
弾,打ち,0.940736,1
弾,割,0.939541,2
弾,ハードル,0.914944,3
弾,切り,0.901922,4
弾,打,0.899899,5
北,ノース,0.978371,1
北,北側,0.963448,2
北,南,0.953915,3
北,北部,0.934128,4
北,丘,0.92055,5
命,ライフ,0.95133,1
命,心,0.950114,2
命,記憶,0.94877,3
命,自己,0.946024,4
命,生きる,0.939381,5
フレーム,板,0.981857,1
フレーム,枠,0.978201,2
フレーム,ディスク,0.968687,3
フレーム,ページ,0.964308,4
フレーム,タイル,0.963992,5
焼き,焼く,0.959999,1
焼き,赤,0.859148,2
焼き,鉄板,0.857984,3
焼き,焙煎,0.857836,4
焼き,レッド,0.836733,5
演出,公演,0.973957,1
演出,芝居,0.972719,2
演出,ショー,0.967048,3
演出,演劇,0.934626,4
演出,劇団,0.93404,5
要望,リクエスト,0.982072,1
要望,依頼,0.97484,2
要望,申し込む,0.970761,3
要望,仕入れる,0.960503,4
要望,請求,0.960277,5
弁護士,税理士,0.952537,1
弁護士,コンサルタント,0.932719,2
弁護士,医科,0.927207,3
弁護士,顧問,0.927202,4
弁護士,医師,0.925611,5
大量,沢山,0.958971,1
大量,数百,0.958734,2
大量,膨大,0.958087,3
大量,数千,0.95376,4
大量,多い,0.946428,5
やら,遣る,0.929452,1
やら,押す,0.924729,2
やら,替える,0.923163,3
やら,引き出す,0.916243,4
やら,再度,0.913921,5
シューズ,バッグ,0.967932,1
シューズ,アパレル,0.960505,2
シューズ,バックパック,0.958853,3
シューズ,文具,0.958,4
シューズ,ハンドバッグ,0.957616,5
腰,肩,0.982685,1
腰,膝,0.980821,2
腰,足,0.972907,3
腰,脚,0.97219,4
腰,腕,0.970675,5
自社,定める,0.969648,1
自社,確保,0.968039,2
自社,適用,0.966686,3
自社,所定,0.965432,4
自社,正,0.963498,5
人数,日数,0.963221,1
人数,時点,0.958894,2
人数,角度,0.954731,3
人数,数量,0.948215,4
人数,比率,0.948212,5
返品,払い戻し,0.974632,1
返品,返金,0.964419,2
返品,返却,0.954929,3
返品,返送,0.949626,4
返品,支払う,0.942699,5
塩,食塩,0.955702,1
塩,塩分,0.907722,2
塩,ハム,0.888375,3
塩,辺,0.886728,4
塩,酢,0.884591,5
現れる,出現,0.952078,1
現れる,生じる,0.951907,2
現れる,起こる,0.949928,3
現れる,途中,0.934914,4
現れる,始まる,0.934041,5
マーク,ver,0.976502,1
マーク,ファースト,0.976187,2
マーク,c,0.975701,3
マーク,k,0.975173,4
マーク,j,0.973847,5
補助,補足,0.955349,1
補助,補う,0.936947,2
補助,補充,0.935502,3
補助,用途,0.932757,4
補助,記入,0.931837,5
演奏,ボーカル,0.94056,1
演奏,演じる,0.919591,2
演奏,リズム,0.905573,3
演奏,営む,0.902771,4
演奏,歌う,0.901315,5
おー,ぉ,0.968094,1
おー,っ,0.956905,2
おー,ぁ,0.948235,3
おー,ぇ,0.936181,4
おー,ぐっ,0.928259,5
kg,日付け,0.942679,1
kg,単価,0.941104,2
kg,パーセント,0.93238,3
kg,寸法,0.929513,4
kg,形状,0.928796,5
入手,購入,0.979149,1
入手,買う,0.972717,2
入手,買い,0.971292,3
入手,お買い上げ,0.963043,4
入手,送付,0.958187,5
ビタミン,葉酸,0.980502,1
ビタミン,手洗い,0.960795,2
ビタミン,カルシウム,0.938577,3
ビタミン,水分,0.936984,4
ビタミン,保湿,0.93475,5
メルカリ,アップロード,0.837045,1
メルカリ,オンライン,0.819929,2
メルカリ,デリバリー,0.810374,3
メルカリ,フリマ,0.808431,4
メルカリ,SNS,0.79601,5
理想,理想的,0.943514,1
理想,望ましい,0.910309,2
理想,最善,0.900461,3
理想,上品,0.894863,4
理想,栄,0.889143,5
荷物,ダウンロード,0.929979,1
荷物,リース,0.924421,2
荷物,カート,0.921098,3
荷物,靴,0.920259,4
荷物,メール便,0.917353,5
着物,和装,0.878321,1
着物,風水,0.843387,2
着物,御数,0.838216,3
着物,御陰様,0.834241,4
着物,仕舞い,0.828277,5
水分,手洗い,0.960703,1
水分,カルシウム,0.943494,2
水分,ビタミン,0.936984,3
水分,通気性,0.932901,4
水分,牛乳,0.931194,5
エンジニア,技術者,0.964562,1
エンジニア,技師,0.961596,2
エンジニア,工学,0.943195,3
エンジニア,コンサル,0.938041,4
エンジニア,最適化,0.933099,5
主,主な,0.986411,1
主,主に,0.976908,2
主,答え,0.975354,3
主,題する,0.973881,4
主,主要,0.973592,5
アクセサリー,ブレスレット,0.950974,1
アクセサリー,イヤリング,0.946813,2
アクセサリー,ネックレス,0.938377,3
アクセサリー,ペンダント,0.930954,4
アクセサリー,ハンドバッグ,0.929572,5
揃う,順,0.960581,1
揃う,揃える,0.960076,2
揃う,和,0.953488,3
揃う,明,0.953071,4
揃う,一体,0.953039,5
捨てる,無くす,0.943494,1
捨てる,なくす,0.934101,2
捨てる,拒否,0.927229,3
捨てる,放棄,0.926091,4
捨てる,捨離,0.924337,5
ボーナス,特典,0.968398,1
ボーナス,アップグレード,0.915305,2
ボーナス,報酬,0.91323,3
ボーナス,昇給,0.905988,4
ボーナス,推奨,0.904589,5
枠,板,0.98442,1
枠,フレーム,0.978201,2
枠,ポスト,0.965284,3
枠,包,0.963202,4
枠,管,0.960969,5
回数,毎回,0.961873,1
回数,注意点,0.949379,2
回数,返却,0.945653,3
回数,付ける,0.944588,4
回数,引き換え,0.943436,5
年生,会,0.951828,1
年生,表れる,0.940451,2
年生,交わす,0.933918,3
年生,談,0.93292,4
年生,関わり,0.929811,5
抱える,抱く,0.991352,1
抱える,就く,0.969115,2
抱える,込める,0.967717,3
抱える,帰り,0.965665,4
抱える,受け止める,0.964816,5
同士,伴う,0.970533,1
同士,ボブ,0.965605,2
同士,付き,0.965192,3
同士,連れ,0.961337,4
同士,さん,0.958875,5
育成,育む,0.97594,1
育成,養成,0.968749,2
育成,培う,0.959949,3
育成,ケア,0.958778,4
育成,養う,0.957939,5
自ら,実感,0.958409,1
自ら,信念,0.958303,2
自ら,信じる,0.958233,3
自ら,自身,0.957289,4
自ら,見解,0.956403,5
びっくり,驚き,0.967916,1
びっくり,意外,0.871399,2
びっくり,突然,0.863988,3
びっくり,驚く,0.838139,4
びっくり,サプライズ,0.757966,5
得意,上手,0.953943,1
得意,愛用,0.947765,2
得意,充実,0.946966,3
得意,強み,0.945896,4
得意,好く,0.942966,5
離婚,別れる,0.844186,1
離婚,苦労,0.822195,2
離婚,手間,0.80934,3
離婚,ストレス,0.805876,4
離婚,悩み,0.804177,5
掛ける,付ける,0.97226,1
掛ける,記入,0.966216,2
掛ける,装着,0.965091,3
掛ける,着用,0.960832,4
掛ける,着く,0.959736,5
バッテリー,電池,0.957391,1
バッテリー,プリンター,0.909799,2
バッテリー,デバイス,0.903302,3
バッテリー,ルーター,0.887883,4
バッテリー,ツール,0.885525,5
板,枠,0.98442,1
板,フレーム,0.981857,2
板,ナンバー,0.975043,3
板,台,0.974261,4
板,盤,0.969277,5
渡す,乗せる,0.966634,1
渡す,向ける,0.966379,2
渡す,行き,0.965202,3
渡す,訪れる,0.965028,4
渡す,送る,0.963321,5
スタンド,ポイント,0.955745,1
スタンド,チェック,0.945459,2
スタンド,パート,0.942621,3
スタンド,on,0.941717,4
スタンド,スコア,0.941195,5
禁止,制限,0.890906,1
禁止,完売,0.857724,2
禁止,削除,0.856243,3
禁止,排除,0.847405,4
禁止,収容,0.835791,5
パート,設ける,0.973923,1
パート,付,0.96682,2
パート,適用,0.966804,3
パート,cm,0.966396,4
パート,付け,0.965261,5
利用者,ユーザー,0.987983,1
利用者,購入者,0.970598,2
利用者,意見,0.963739,3
利用者,読者,0.96113,4
利用者,意図,0.958287,5
東京都,大阪市,0.969799,1
東京都,品川,0.968062,2
東京都,名古屋市,0.966351,3
東京都,新宿,0.96572,4
東京都,東京,0.96524,5
ベビー,赤ちゃん,0.967581,1
ベビー,乳幼児,0.93511,2
ベビー,チャイルド,0.890887,3
ベビー,幼児,0.881124,4
ベビー,児,0.872358,5
千葉,埼玉,0.992401,1
千葉,兵庫県,0.991159,2
千葉,千葉県,0.990165,3
千葉,埼玉県,0.987552,4
千葉,福岡県,0.98439,5
左右,向き,0.955337,1
左右,側面,0.952796,2
左右,有無,0.94933,3
左右,隣,0.944222,4
左右,上下,0.940437,5
病,病気,0.992669,1
病,疾病,0.976051,2
病,疾患,0.973771,3
病,怪我,0.967987,4
病,損害,0.963803,5
腕,手足,0.975562,1
腕,膝,0.972947,2
腕,ハンド,0.971056,3
腕,腰,0.970675,4
腕,口,0.969414,5
成果,解決策,0.95795,1
成果,ビジョン,0.957671,2
成果,有効,0.95508,3
成果,解決,0.953727,4
成果,有用,0.952508,5
地球,大地,0.950574,1
地球,国土,0.94306,2
地球,土地,0.931956,3
地球,大陸,0.924082,4
地球,自然,0.916839,5
スケジュール,日程,0.991917,1
スケジュール,予定,0.980295,2
スケジュール,ナビ,0.96388,3
スケジュール,カレンダー,0.95386,4
スケジュール,プラン,0.951547,5
インタビュー,面談,0.985599,1
インタビュー,打ち合わせ,0.960517,2
インタビュー,対話,0.952158,3
インタビュー,働き,0.950133,4
インタビュー,ヒアリング,0.949775,5
アドレス,ドア,0.964556,1
アドレス,扉,0.963528,2
アドレス,番号,0.958472,3
アドレス,住所,0.957158,4
アドレス,備品,0.957042,5
コラボ,コラボレーション,0.982573,1
コラボ,協働,0.977174,2
コラボ,協同,0.95904,3
コラボ,チーム,0.954916,4
コラボ,ワークショップ,0.947813,5
直す,立てる,0.966306,1
直す,取り付ける,0.952383,2
直す,ステップ,0.951669,3
直す,グリップ,0.944562,4
直す,計,0.943988,5
チーズ,バター,0.940947,1
チーズ,砂糖,0.935367,2
チーズ,甘味,0.926967,3
チーズ,糖,0.921336,4
チーズ,ココア,0.916698,5
一気,思い切り,0.926394,1
一気,勢,0.916659,2
一気,意気,0.892372,3
一気,翔,0.890266,4
一気,激,0.889681,5
サイド,側,0.970573,1
サイド,暫く,0.96576,2
サイド,側面,0.964327,3
サイド,どころ,0.961792,4
サイド,残り,0.952937,5
追う,追い掛ける,0.978538,1
追う,追い付く,0.965725,2
追う,打つ,0.935902,3
追う,捕まえる,0.926141,4
追う,掴む,0.92377,5
加入,フォロー,0.974259,1
加入,メンバー,0.94807,2
加入,招く,0.94572,3
加入,用,0.945195,4
加入,to,0.945107,5
層,領域,0.977817,1
層,水準,0.973708,2
層,形態,0.962916,3
層,域,0.956784,4
層,具材,0.955984,5
副業,試行,0.901752,1
副業,試乗,0.881132,2
副業,アルバイト,0.877556,3
副業,インターン,0.87367,4
副業,フリーランス,0.863943,5
男女,まあまあ,0.937943,1
男女,今日は,0.934832,2
男女,視聴者,0.93308,3
男女,お客さん,0.931928,4
男女,他人,0.930573,5
トレンド,ライブ,0.925008,1
トレンド,流行,0.915125,2
トレンド,コンテスト,0.899971,3
トレンド,流行る,0.88719,4
トレンド,フェス,0.871551,5
ギョーザ,饅頭,0.954482,1
ギョーザ,タルト,0.944038,2
ギョーザ,煎餅,0.943113,3
ギョーザ,餅,0.93725,4
ギョーザ,お好み焼き,0.935819,5
目安,存知,0.968525,1
目安,支給,0.965988,2
目安,表記,0.964933,3
目安,足る,0.961823,4
目安,根拠,0.960099,5
備える,記す,0.96457,1
備える,預かる,0.963271,2
備える,治る,0.953992,3
備える,読み,0.950182,4
備える,承諾,0.948416,5
飽くまで,浸かる,0.95049,1
飽くまで,経る,0.942511,2
飽くまで,御腹,0.941586,3
飽くまで,浸る,0.937,4
飽くまで,おお,0.926386,5
チェーン,号,0.911511,1
チェーン,ライン,0.907865,2
チェーン,隊,0.907381,3
チェーン,陣,0.896169,4
チェーン,建つ,0.892848,5
発,ウエー,0.966929,1
発,かける,0.96192,2
発,ハリ,0.959054,3
発,張る,0.956796,4
発,上回る,0.948294,5
お気に入り,愛車,0.941827,1
お気に入り,満足度,0.928726,2
お気に入り,満足,0.92582,3
お気に入り,安心感,0.909914,4
お気に入り,プレゼント,0.908851,5
ml,IT,0.946335,1
ml,工学,0.944358,2
ml,工程,0.943642,3
ml,技術,0.93863,4
ml,自動化,0.933945,5
減らす,削減,0.935529,1
減らす,低減,0.93552,2
減らす,下げる,0.927055,3
減らす,省く,0.908236,4
減らす,取り外し,0.906262,5
出産,妊活,0.922657,1
出産,妊娠,0.92169,2
出産,子育て,0.916619,3
出産,マタニティー,0.903382,4
出産,育児,0.902401,5
新作,最新,0.893954,1
新作,新商品,0.877029,2
新作,新しい,0.87154,3
新作,新刊,0.857806,4
新作,新品,0.85031,5
やや,軽減,0.90729,1
やや,マイルド,0.906456,2
やや,ほぼ,0.905782,3
やや,唯々,0.905001,4
やや,そこそこ,0.904016,5
パーク,公園,0.987357,1
パーク,園内,0.969294,2
パーク,西日本,0.907131,3
パーク,晴れ,0.90625,4
パーク,上野,0.905078,5
iPhone,ipad,0.969372,1
iPhone,スマートフォン,0.922629,2
iPhone,Mac,0.919179,3
iPhone,ios,0.91706,4
iPhone,新車,0.914821,5
上手,長所,0.966051,1
上手,メリット,0.963781,2
上手,増進,0.961533,3
上手,強み,0.961207,4
上手,優,0.959746,5
テキスト,文句,0.984484,1
テキスト,事,0.984296,2
テキスト,題材,0.981787,3
テキスト,文,0.980432,4
テキスト,トピック,0.978824,5
キーワード,用語,0.984498,1
キーワード,フレーズ,0.983007,2
キーワード,称する,0.97809,3
キーワード,問,0.972865,4
キーワード,段,0.970106,5
広島,広島県,0.964578,1
広島,福岡県,0.951284,2
広島,兵庫県,0.948421,3
広島,千葉,0.943004,4
広島,埼玉県,0.942654,5
体制,機関,0.930846,1
体制,規程,0.92909,2
体制,制度,0.928918,3
体制,庁,0.926558,4
体制,機構,0.919357,5
ネイル,化粧,0.952919,1
ネイル,化粧品,0.927218,2
ネイル,アクセサリー,0.923431,3
ネイル,ヘアカラー,0.919908,4
ネイル,ブレスレット,0.917939,5
座る,座,0.976344,1
座る,居る,0.953568,2
座る,年齢,0.953264,3
座る,住む,0.948741,4
座る,落ち着く,0.947435,5
委員,役目,0.975624,1
委員,委員長,0.953137,2
委員,総務,0.945439,3
委員,報告,0.941036,4
委員,掲載,0.94021,5
バイト,ビット,0.951381,1
バイト,バイナリー,0.944147,2
バイト,端子,0.89479,3
バイト,税別,0.887354,4
バイト,プラグ,0.877819,5
緊急,急,0.897098,1
緊急,急性,0.85445,2
緊急,衝撃,0.853673,3
緊急,衝突,0.85169,4
緊急,危機,0.850254,5
放題,福袋,0.756722,1
放題,アウトレット,0.707342,2
放題,メルカリ,0.705091,3
放題,マクドナルド,0.70498,4
放題,ぱっ,0.704189,5
面倒,損,0.915864,1
面倒,疲労,0.910205,2
面倒,不便,0.909315,3
面倒,挫折,0.908978,4
面倒,面倒臭い,0.905651,5
駐車,置き場,0.955068,1
駐車,シンク,0.952164,2
駐車,番地,0.94532,3
駐車,瓶,0.944632,4
駐車,パーツ,0.9409,5
繰り返す,繰り返し,0.959055,1
繰り返す,連日,0.925072,2
繰り返す,行き,0.919968,3
繰り返す,ループ,0.913561,4
繰り返す,以来,0.913478,5
あー,うう,0.969698,1
あー,ううん,0.952434,2
あー,えっ,0.944366,3
あー,なんて,0.941817,4
あー,テール,0.936139,5
ワン,入れる,0.970306,1
ワン,一面,0.965148,2
ワン,入れ,0.960932,3
ワン,注,0.951674,4
ワン,置く,0.950471,5
宇宙,銀河,0.94272,1
宇宙,スペース,0.916817,2
宇宙,コスモス,0.824559,3
宇宙,ロシア,0.797599,4
宇宙,海洋,0.766467,5
案件,事案,0.972247,1
案件,プロセス,0.931502,2
案件,任務,0.927486,3
案件,仕事内容,0.925515,4
案件,商談,0.924301,5
通勤,納付,0.910872,1
通勤,支払い,0.900658,2
通勤,労働,0.900567,3
通勤,運搬,0.891259,4
通勤,ログイン,0.885367,5
折角,折,0.888951,1
折角,若し,0.88465,2
折角,扠,0.878772,3
折角,込む,0.871418,4
折角,因む,0.863932,5
味噌,味噌汁,0.946005,1
味噌,出汁,0.937042,2
味噌,だし,0.926186,3
味噌,醤油,0.908826,4
味噌,木材,0.895129,5
工夫,アトリエ,0.910422,1
工夫,考案,0.907963,2
工夫,創出,0.902694,3
工夫,クリエーター,0.899057,4
工夫,カスタマイズ,0.893107,5
皮膚,手足,0.939229,1
皮膚,頭部,0.935591,2
皮膚,頭,0.930988,3
皮膚,肩,0.928948,4
皮膚,膝,0.92815,5
クロス,横断,0.916749,1
クロス,交差,0.913089,2
クロス,レイ,0.904283,3
クロス,スルー,0.900262,4
クロス,結合,0.8996,5
記入,輸入,0.978709,1
記入,エントリー,0.969705,2
記入,登録,0.966831,3
記入,掛ける,0.966216,4
記入,添付,0.964113,5
菓子,スイーツ,0.978094,1
菓子,ケーキ,0.961844,2
菓子,チョコ,0.942869,3
菓子,チーズケーキ,0.93731,4
菓子,和菓子,0.933551,5
笑う,笑い,0.98971,1
笑う,遊,0.935081,2
笑う,ドッグ,0.920743,3
笑う,犬,0.909938,4
笑う,スマイル,0.908178,5
散歩,散策,0.983912,1
散歩,ウォーキング,0.972362,2
散歩,ウォーク,0.964803,3
散歩,歩く,0.957437,4
散歩,歩行,0.953018,5
当院,堂,0.95038,1
当院,署,0.949046,2
当院,出典,0.946778,3
当院,参考,0.944977,4
当院,一定,0.944966,5
睡眠,眠り,0.978281,1
睡眠,就寝,0.971327,2
睡眠,寝る,0.968499,3
睡眠,眠る,0.964799,4
睡眠,休む,0.954061,5
シルバー,ホワイト,0.899744,1
シルバー,銀,0.891269,2
シルバー,洗練,0.88422,3
シルバー,ダイヤ,0.877224,4
シルバー,アップル,0.876046,5
レザー,本革,0.928392,1
レザー,金,0.906967,2
レザー,真鍮,0.889114,3
レザー,宝,0.881159,4
レザー,革,0.880518,5
或いは,或る,0.952516,1
或いは,どっち,0.922827,2
或いは,何回,0.905946,3
或いは,はあ,0.892991,4
或いは,掛かる,0.892358,5
共通,通用,0.984927,1
共通,共有,0.975743,2
共通,一般的,0.972185,3
共通,公的,0.966071,4
共通,一般,0.962548,5
停止,止め,0.965757,1
停止,ストップ,0.96386,2
停止,停,0.9613,3
停止,終了,0.957067,4
停止,止まる,0.943974,5
部品,部材,0.976768,1
部品,パーツ,0.97611,2
部品,ZIP,0.957467,3
部品,置き場,0.951448,4
部品,ファイル,0.949132,5
敵,悪,0.957987,1
敵,犯人,0.944028,2
敵,攻撃,0.939694,3
敵,毒,0.932,4
敵,殴る,0.930006,5
重い,重たい,0.988077,1
重い,重,0.865239,2
重い,断然,0.828711,3
重い,圧力,0.816725,4
重い,ハード,0.804067,5
グレー,状態,0.941824,1
グレー,エンド,0.937438,2
グレー,放置,0.933919,3
グレー,素材,0.932251,4
グレー,所在,0.931859,5
優勝,勝利,0.954453,1
優勝,チャンピオン,0.946744,2
優勝,受賞,0.945251,3
優勝,勝,0.944535,4
優勝,勝ち,0.935399,5
配合,連結,0.962534,1
配合,解析,0.95972,2
配合,導く,0.956861,3
配合,兼ね備える,0.949612,4
配合,合わせる,0.94958,5
住まい,住居,0.996757,1
住まい,住宅,0.986296,2
住まい,房,0.973486,3
住まい,家屋,0.97244,4
住まい,ハウス,0.969036,5
伸ばす,伸び,0.972925,1
伸ばす,伸びる,0.961315,2
伸ばす,張る,0.956414,3
伸ばす,上げる,0.948054,4
伸ばす,前走,0.940157,5
室内,屋内,0.981269,1
室内,部屋,0.975316,2
室内,室,0.974729,3
室内,ルーム,0.972363,4
室内,床,0.949575,5
床,ベッド,0.987709,1
床,マットレス,0.971017,2
床,デスク,0.969608,3
床,収納,0.969053,4
床,本棚,0.966827,5
冊,本の,0.98194,1
冊,冊子,0.981689,2
冊,ブック,0.97852,3
冊,本,0.960894,4
冊,席,0.953467,5
太陽,日光,0.964587,1
太陽,朝日,0.957097,2
太陽,太陽光,0.938701,3
太陽,日,0.926447,4
太陽,日差し,0.926086,5
幸い,幸せ,0.966002,1
幸い,幸運,0.963844,2
幸い,恵み,0.961518,3
幸い,温もり,0.960769,4
幸い,幸福,0.959848,5
不明,無い,0.836131,1
不明,未,0.831159,2
不明,無,0.817807,3
不明,非,0.815349,4
不明,対象外,0.807469,5
解約,払い戻し,0.959839,1
解約,返済,0.939514,2
解約,辞める,0.932298,3
解約,返送,0.927592,4
解約,返却,0.922797,5
咲く,咲き,0.973887,1
咲く,開花,0.972911,2
咲く,帆立,0.929094,3
咲く,見頃,0.922919,4
咲く,春,0.921796,5
事情,物事,0.987202,1
事情,現状,0.983283,2
事情,シチュエーション,0.981456,3
事情,事由,0.97669,4
事情,状況,0.961274,5
日程,スケジュール,0.991917,1
日程,予定,0.979027,2
日程,ナビ,0.95623,3
日程,カレンダー,0.948298,4
日程,予約,0.947786,5
先輩,年上,0.967517,1
先輩,父,0.96365,2
先輩,親父,0.962118,3
先輩,師匠,0.959388,4
先輩,父さん,0.955067,5
手数料,増税,0.894762,1
手数料,手数,0.894711,2
手数料,配送料,0.881229,3
手数料,処分,0.876516,4
手数料,運賃,0.850399,5
所属,属する,0.981711,1
所属,在留,0.976891,2
所属,基調,0.973484,3
所属,身,0.972854,4
所属,受け入れ,0.970119,5
バンド,ショー,0.921465,1
バンド,DJ,0.915366,2
バンド,プロモーション,0.889802,3
バンド,演出,0.888585,4
バンド,芸能,0.885037,5
なんか,ふと,0.953917,1
なんか,なんて,0.924501,2
なんか,ああ,0.919263,3
なんか,うう,0.915013,4
なんか,あー,0.912376,5
思い出,愛する,0.93522,1
思い出,両親,0.931249,2
思い出,心,0.929424,3
思い出,姉妹,0.929192,4
思い出,重宝,0.927808,5
検証,実証,0.961776,1
検証,改訂,0.954499,2
検証,検査,0.952616,3
検証,日勤,0.951539,4
検証,点検,0.949082,5
形式,フォルム,0.971423,1
形式,結構,0.96522,2
形式,仕様,0.961036,3
形式,セクション,0.958086,4
形式,規則,0.953194,5
外壁,壁面,0.963364,1
外壁,天井,0.959955,2
外壁,ルーフ,0.953427,3
外壁,路面,0.946729,4
外壁,ドック,0.943117,5
療法,セラピー,0.992061,1
療法,治療,0.976102,2
療法,カウンセリング,0.971619,3
療法,リハビリテーション,0.965659,4
療法,薬用,0.956181,5
入荷,仕入れ,0.941368,1
入荷,輸出,0.940047,2
入荷,検査,0.934386,3
入荷,出口,0.934252,4
入荷,出荷,0.927583,5
デート,誕生日,0.94199,1
デート,付き合う,0.939933,2
デート,彼氏,0.928475,3
デート,バースデー,0.926593,4
デート,付き合い,0.905644,5
妊娠,妊娠中,0.976748,1
妊娠,マタニティー,0.923887,2
妊娠,出産,0.92169,3
妊娠,生涯,0.914396,4
妊娠,一生,0.912573,5
米国,アメリカ,0.994706,1
米国,中国,0.971012,2
米国,US,0.967185,3
米国,日米,0.955216,4
米国,上海,0.942758,5
体重,カロリー,0.945057,1
体重,姿勢,0.926263,2
体重,身長,0.923165,3
体重,血糖値,0.921152,4
体重,体型,0.921123,5
装備,キーボード,0.958734,1
装備,機種,0.954396,2
装備,デスクトップ,0.950255,3
装備,用品,0.950155,4
装備,車種,0.949968,5
鍋,フライパン,0.94225,1
鍋,ポット,0.91647,2
鍋,暖房,0.909207,3
鍋,バスタオル,0.908594,4
鍋,灯,0.889088,5
相当,均,0.981819,1
相当,判明,0.965919,2
相当,成り立つ,0.964719,3
相当,実質,0.964209,4
相当,結論,0.96363,5
個人的,私的,0.967161,1
個人的,パーソナル,0.961897,2
個人的,個別,0.955099,3
個人的,個体,0.936367,4
個人的,僕,0.936268,5
油,オイル,0.976448,1
油,燃料,0.893244,2
油,カーボン,0.856296,3
油,石油,0.845187,4
油,炭素,0.830429,5
珍しい,唯一,0.841778,1
珍しい,特有,0.828185,2
珍しい,貴重,0.824655,3
珍しい,宝石,0.816591,4
珍しい,希少,0.813122,5
冷凍,冷蔵,0.89223,1
冷凍,書類,0.868425,2
冷凍,ファイル,0.857181,3
冷凍,車庫,0.852477,4
冷凍,シンク,0.852116,5
相性,付き合い,0.928178,1
相性,性格,0.922405,2
相性,付き合う,0.922362,3
相性,人柄,0.913683,4
相性,なれる,0.913239,5
マップ,地図,0.996928,1
マップ,暦,0.96771,2
マップ,カタログ,0.964233,3
マップ,教材,0.962218,4
マップ,図面,0.957631,5
西,世,0.961488,1
西,埃,0.945852,2
西,西川,0.945133,3
西,シー,0.938604,4
西,外,0.937724,5
スイーツ,菓子,0.978094,1
スイーツ,ケーキ,0.967056,2
スイーツ,ドーナツ,0.933376,3
スイーツ,チョコ,0.930949,4
スイーツ,キャンデー,0.925823,5
仕方,残す,0.936673,1
仕方,先程,0.931678,2
仕方,前回,0.93048,3
仕方,未だ,0.929655,4
仕方,まあ,0.928957,5
エンジン,ミシン,0.917948,1
エンジン,溶接,0.916819,2
エンジン,モーター,0.906268,3
エンジン,製造業,0.903351,4
エンジン,工業,0.902057,5
ジャパン,日本,0.977673,1
ジャパン,神戸,0.962781,2
ジャパン,英国,0.961932,3
ジャパン,神戸市,0.96039,4
ジャパン,イギリス,0.959413,5
恐らく,中々,0.926853,1
恐らく,ずつ,0.917365,2
恐らく,手放す,0.913633,3
恐らく,譲る,0.910322,4
恐らく,離す,0.908815,5
止まる,止む,0.97594,1
止まる,止め,0.959116,2
止まる,閉める,0.957296,3
止まる,止める,0.955999,4
止まる,閉じる,0.946182,5
留学,進学,0.959422,1
留学,キャリア,0.923612,2
留学,就職,0.913386,3
留学,人材,0.911139,4
留学,ヘルスケア,0.896525,5
カジュアル,雑談,0.921272,1
カジュアル,気軽,0.902292,2
カジュアル,にゃん,0.880292,3
カジュアル,お喋り,0.871567,4
カジュアル,暖かい,0.845911,5
衣装,服装,0.996669,1
衣装,洋服,0.992819,2
衣装,衣類,0.98,3
衣装,アパレル,0.975739,4
衣装,服,0.972627,5
無駄,錯誤,0.965174,1
無駄,誤差,0.955548,2
無駄,誤り,0.955025,3
無駄,不具合,0.94566,4
無駄,間違える,0.941452,5
諦める,断念,0.949666,1
諦める,どうせ,0.941339,2
諦める,悲しい,0.928237,3
諦める,残念,0.927573,4
諦める,忘れる,0.924245,5
手軽,易い,0.957737,1
手軽,容易,0.937533,2
手軽,あっさり,0.936929,3
手軽,イージー,0.908362,4
手軽,軽い,0.90242,5
粗筋,動脈,0.89838,1
粗筋,フォース,0.834828,2
粗筋,筋肉,0.815779,3
粗筋,鳴らす,0.813953,4
粗筋,強度,0.811579,5
低下,不足,0.978185,1
低下,欠ける,0.963171,2
低下,未満,0.96043,3
低下,劣る,0.956795,4
低下,劣化,0.948898,5
軽減,減額,0.925881,1
軽減,そっと,0.920455,2
軽減,緩和,0.920155,3
軽減,初級,0.915982,4
軽減,省,0.913749,5
送信,転送,0.971836,1
送信,措置,0.946522,2
送信,派遣,0.944751,3
送信,発送,0.94223,4
送信,売る,0.941705,5
ショート,短,0.974983,1
ショート,短い,0.952714,2
ショート,短期,0.916868,3
ショート,部分,0.901961,4
ショート,サブ,0.899206,5
いー,ぇ,0.960594,1
いー,ぼ,0.955716,2
いー,ど,0.94378,3
いー,一回,0.942263,4
いー,二,0.942014,5
リリース,発売,0.97743,1
リリース,開通,0.975895,2
リリース,販売中,0.971377,3
リリース,PR,0.951899,4
リリース,登壇,0.948847,5
詰まる,詰まり,0.985858,1
詰まる,損害,0.928038,2
詰まる,損傷,0.919157,3
詰まる,汚れ,0.913932,4
詰まる,支障,0.908085,5
神戸,神戸市,0.991199,1
神戸,横浜,0.98437,2
神戸,愛知,0.98136,3
神戸,大阪府,0.98027,4
神戸,神奈川,0.976672,5
後半,以降,0.956074,1
後半,際,0.952903,2
後半,以上,0.949637,3
後半,続く,0.949503,4
後半,その後,0.948691,5
全身,結末,0.960472,1
全身,体,0.958889,2
全身,長期間,0.948746,3
全身,実態,0.942453,4
全身,長期的,0.941852,5
材,表示,0.967981,1
材,階,0.967039,2
材,料,0.96531,3
材,含める,0.962821,4
材,包む,0.962044,5
設立,編成,0.955557,1
設立,発行,0.95356,2
設立,協定,0.944975,3
設立,方針,0.936331,4
設立,拠点,0.935012,5
シャツ,ブラウス,0.982587,1
シャツ,トップス,0.979542,2
シャツ,服,0.975693,3
シャツ,衣,0.974077,4
シャツ,衣類,0.973518,5
終わり,終わる,0.932626,1
終わり,局,0.931307,2
終わり,彼処,0.9291,3
終わり,終了,0.927871,4
終わり,限り,0.922894,5
モニター,タイヤ,0.958966,1
モニター,スーツケース,0.955239,2
モニター,プリンター,0.954632,3
モニター,ナビ,0.9545,4
モニター,キーボード,0.946807,5
代わり,引き換え,0.967017,1
代わり,毎回,0.954992,2
代わり,今迄,0.952634,3
代わり,入れ,0.951564,4
代わり,受ける,0.948423,5
集,団,0.975179,1
集,オール,0.962819,2
集,中央,0.962485,3
集,中心,0.95941,4
集,集合,0.956819,5
モバイル,携帯電話,0.938276,1
モバイル,ワイヤレス,0.92935,2
モバイル,携帯,0.925947,3
モバイル,スマホ,0.914133,4
モバイル,Bluetooth,0.906349,5
脂肪,ラグ,0.85161,1
脂肪,埋まる,0.842701,2
脂肪,太る,0.842694,3
脂肪,踵,0.83251,4
脂肪,重複,0.83225,5
該当,前提,0.984749,1
該当,上記,0.978925,2
該当,何事,0.978176,3
該当,前述,0.977054,4
該当,ー,0.976221,5
場面,背景,0.96856,1
場面,シーン,0.963451,2
場面,此処,0.958678,3
場面,場,0.954217,4
場面,並び,0.953804,5
申し込む,仕入れる,0.974368,1
申し込む,要望,0.970761,2
申し込む,乗せる,0.970689,3
申し込む,問い合わせ,0.963017,4
申し込む,要請,0.961379,5
退職,引退,0.951161,1
退職,滞在,0.94697,2
退職,相続人,0.940394,3
退職,内部,0.935926,4
退職,産休,0.923692,5
辞める,退会,0.937066,1
辞める,解約,0.932298,2
辞める,支出,0.921138,3
辞める,やめる,0.918406,4
辞める,費やす,0.916319,5
重,ハード,0.896974,1
重,厚,0.887005,2
重,厚手,0.880386,3
重,重い,0.865239,4
重,硬化,0.863972,5
経過,段階,0.964492,1
経過,フェーズ,0.953724,2
経過,要因,0.94926,3
経過,状況,0.948449,4
経過,事由,0.947559,5
戻す,返す,0.981107,1
戻す,取り外し,0.965424,2
戻す,返礼,0.947451,3
戻す,回す,0.944637,4
戻す,やめる,0.937665,5
クリーニング,清掃,0.977495,1
クリーニング,クレンジング,0.96887,2
クリーニング,洗浄,0.960486,3
クリーニング,クリーナー,0.947155,4
クリーニング,掃除,0.940597,5
グルメ,好く,0.926547,1
グルメ,ビューティー,0.920203,2
グルメ,豊か,0.907482,3
グルメ,ポジティブ,0.907244,4
グルメ,好,0.903942,5
失う,放棄,0.96167,1
失う,欠点,0.946846,2
失う,無くす,0.946497,3
失う,がっかり,0.945339,4
失う,不調,0.944833,5
地図,マップ,0.996928,1
地図,暦,0.964294,2
地図,カタログ,0.961704,3
地図,教材,0.960936,4
地図,図面,0.958731,5
入金,ご入金,0.969434,1
入金,買い付け,0.962244,2
入金,納車,0.961723,3
入金,注文,0.957972,4
入金,発注,0.956229,5
日記,筆記,0.939135,1
日記,記す,0.935762,2
日記,持ち帰る,0.931979,3
日記,帰宅,0.928863,4
日記,住まう,0.922326,5
関西,近畿,0.950028,1
関西,那覇,0.949215,2
関西,和歌山,0.947815,3
関西,香川,0.94167,4
関西,博多,0.940829,5
タイヤ,モニター,0.958966,1
タイヤ,掃除機,0.949648,2
タイヤ,ナビ,0.946611,3
タイヤ,ストレージ,0.933846,4
タイヤ,防水,0.933105,5
ナチュラル,天然,0.967726,1
ナチュラル,菊,0.950175,2
ナチュラル,梅,0.942157,3
ナチュラル,緑茶,0.93974,4
ナチュラル,蜜柑,0.939577,5
国民,国,0.945655,1
国民,統一,0.943673,2
国民,網羅,0.937735,3
国民,全日本,0.933484,4
国民,世紀,0.930856,5
布団,ブランケット,0.973941,1
布団,毛布,0.966432,2
布団,カーペット,0.957384,3
布団,セーター,0.954349,4
布団,カーディガン,0.94986,5
ビル,建物,0.980939,1
ビル,大橋,0.955636,2
ビル,建築,0.951105,3
ビル,棟,0.948034,4
ビル,施設,0.947887,5
スマートフォン,スマホ,0.990153,1
スマートフォン,携帯電話,0.968802,2
スマートフォン,パソコン,0.928238,3
スマートフォン,iPhone,0.922629,4
スマートフォン,ipad,0.905983,5
突然,急遽,0.906841,1
突然,驚き,0.895461,2
突然,意外,0.895,3
突然,びっくり,0.863988,4
突然,急激,0.830357,5
アイス,氷,0.916836,1
アイス,ゆき,0.883624,2
アイス,ドライ,0.878373,3
アイス,凍結,0.872274,4
アイス,灰,0.866984,5
パネル,ボード,0.975849,1
パネル,スライド,0.972944,2
パネル,表,0.964957,3
パネル,インデックス,0.956749,4
パネル,カタログ,0.953653,5
プリント,箱,0.968265,1
プリント,備品,0.966988,2
プリント,梱包,0.964692,3
プリント,包装,0.957775,4
プリント,ボックス,0.956571,5
小学校,小学,0.983753,1
小学校,中学校,0.961319,2
小学校,中学,0.949527,3
小学校,保育園,0.942217,4
小学校,駅近,0.937389,5
文,題,0.990363,1
文,内容,0.988535,2
文,記述,0.987766,3
文,述べる,0.985703,4
文,文句,0.985594,5
骨,骨格,0.957789,1
骨,土,0.900783,2
骨,石,0.900268,3
骨,鱗,0.900039,4
骨,固まる,0.899286,5
共同,共用,0.970388,1
共同,共有,0.966757,2
共同,一同,0.963197,3
共同,連結,0.953781,4
共同,大家,0.952856,5
ノート,筆記,0.986921,1
ノート,メモ,0.98479,2
ノート,用品,0.966165,3
ノート,筆,0.9638,4
ノート,手帳,0.960719,5
細胞,酵素,0.871559,1
細胞,神経,0.826082,2
細胞,腎臓,0.81929,3
細胞,セル,0.790721,4
細胞,乳酸菌,0.788422,5
奥,モン,0.981413,1
奥,マチ,0.973402,2
奥,ザ,0.968563,3
奥,上,0.967227,4
奥,君,0.964925,5
ああ,離す,0.949285,1
ああ,尾,0.947346,2
ああ,尻尾,0.946238,3
ああ,只管,0.937234,4
ああ,うー,0.9371,5
申し上げる,取り上げる,0.95563,1
申し上げる,受け付ける,0.950486,2
申し上げる,致す,0.947786,3
申し上げる,紹介,0.946497,4
申し上げる,民,0.943017,5
ダブル,化,0.914315,1
ダブル,vol.,0.907225,2
ダブル,三,0.904252,3
ダブル,越し,0.904084,4
ダブル,スレ,0.90304,5
昼,昼間,0.977374,1
昼,晴れ,0.963532,2
昼,屋外,0.954675,3
昼,循環,0.953709,4
昼,日間,0.950999,5
スター,最高,0.917686,1
スター,最,0.902496,2
スター,最大,0.901687,3
スター,最大級,0.895677,4
スター,高め,0.8927,5
落ち着く,休み,0.961028,1
落ち着く,落ち着き,0.958712,2
落ち着く,座る,0.947435,3
落ち着く,緩和,0.943919,4
落ち着く,休憩,0.942851,5
一時,一時的,0.958783,1
一時,臨時,0.921275,2
一時,折れる,0.904273,3
一時,隙間,0.903916,4
一時,未定,0.901445,5
初回,初,0.914669,1
初回,初期,0.893758,2
初回,ずつ,0.882742,3
初回,初め,0.882607,4
初回,初心,0.8769,5
満たす,付与,0.973448,1
満たす,得る,0.972469,2
満たす,獲得,0.967109,3
満たす,しっくり,0.96444,4
満たす,得,0.96375,5
飾る,名入れ,0.948418,1
飾る,ラッピング,0.925828,2
飾る,カバー,0.925256,3
飾る,ビトン,0.924038,4
飾る,デッキ,0.921121,5
雑誌,マガジン,0.976644,1
雑誌,モデル,0.925076,2
雑誌,アルバム,0.919638,3
雑誌,スクリプト,0.911062,4
雑誌,脚本,0.903192,5
札幌,札幌市,0.988518,1
札幌,カナダ,0.96699,2
札幌,旭川,0.964278,3
札幌,新潟,0.959448,4
札幌,仙台,0.942631,5
戦う,打撃,0.924277,1
戦う,対決,0.920339,2
戦う,戦い,0.908081,3
戦う,突き込む,0.895183,4
戦う,撃つ,0.87043,5
字,ワード,0.982575,1
字,文字,0.974222,2
字,ナンバー,0.96447,3
字,単語,0.953819,4
字,目次,0.95092,5
最低,少なめ,0.959955,1
最低,未満,0.959243,2
最低,低,0.95503,3
最低,少ない,0.953426,4
最低,最小,0.945472,5
ボード,パネル,0.975849,1
ボード,表,0.974258,2
ボード,インデックス,0.972027,3
ボード,スライド,0.966628,4
ボード,ナンバー,0.963459,5
派,っぺ,0.953736,1
派,ウエー,0.946118,2
派,っこ,0.943493,3
派,あける,0.941958,4
派,め,0.918116,5
視点,体温,0.964442,1
視点,左手,0.963494,2
視点,足,0.9626,3
視点,姿勢,0.961477,4
視点,足元,0.961376,5
プログラミング,プログラマー,0.95989,1
プログラミング,IT,0.94814,2
プログラミング,テック,0.93387,3
プログラミング,技術,0.930197,4
プログラミング,ソフトウェア,0.92608,5
シングル,単品,0.89268,1
シングル,ボトムス,0.875986,2
シングル,手摺,0.87363,3
シングル,粉,0.873494,4
シングル,無印,0.868155,5
別途,副,0.912485,1
別途,省略,0.908331,2
別途,略,0.899287,3
別途,只,0.896271,4
別途,別々,0.892874,5
防水,タイヤ,0.933105,1
防水,滑り止め,0.930347,2
防水,バックアップ,0.929432,3
防水,ナビ,0.92718,4
防水,ストレージ,0.921929,5
明確,はっきり,0.977041,1
明確,真,0.964334,2
明確,是,0.96409,3
明確,正確,0.960506,4
明確,明記,0.95693,5
その後,次ぐ,0.971568,1
その後,続く,0.96817,2
その後,続出,0.96518,3
その後,以後,0.964174,4
その後,引き続く,0.962659,5
葉,綿,0.969976,1
葉,梨,0.945834,2
葉,まめ,0.945449,3
葉,植物,0.945151,4
葉,林檎,0.945025,5
食べ物,食物,0.995041,1
食べ物,食品,0.987585,2
食べ物,フード,0.978455,3
食べ物,食,0.967042,4
食べ物,食料,0.963616,5
模様,パターン,0.926913,1
模様,形,0.924519,2
模様,円形,0.915618,3
模様,丸い,0.90572,4
模様,サークル,0.900697,5
カウンセリング,セラピー,0.984484,1
カウンセリング,カウンセラー,0.975387,2
カウンセリング,療法,0.971619,3
カウンセリング,セラピスト,0.962614,4
カウンセリング,コーチング,0.958319,5
大体,幅,0.977386,1
大体,ロケ,0.964305,2
大体,範囲,0.959355,3
大体,丸ごと,0.958545,4
大体,域,0.956782,5
困難,トラウマ,0.924489,1
困難,苦労,0.924063,2
困難,難,0.907082,3
困難,きつい,0.892236,4
困難,ストレス,0.890443,5
年金,不動産,0.950602,1
年金,保険,0.931419,2
年金,宅建,0.920685,3
年金,信託,0.920171,4
年金,担保,0.910025,5
デビュー,初回,0.836375,1
デビュー,新人,0.83109,2
デビュー,トライアル,0.824276,3
デビュー,新卒,0.823659,4
デビュー,新入,0.823485,5
遂に,到頭,0.977012,1
遂に,伝,0.9634,2
遂に,継ぐ,0.959559,3
遂に,担う,0.957026,4
遂に,価,0.955633,5
タイ,神奈川,0.968827,1
タイ,スペイン,0.966566,2
タイ,那覇,0.963888,3
タイ,マレーシア,0.961872,4
タイ,愛知,0.958445,5
流す,膨らむ,0.924217,1
流す,つるつる,0.9241,2
流す,移る,0.92364,3
流す,伸びる,0.889462,4
流す,変わる,0.889105,5
作,編,0.989681,1
作,j,0.983786,2
作,OP,0.983596,3
作,k,0.982459,4
作,p,0.981652,5
液,液体,0.950419,1
液,映る,0.938034,2
液,常温,0.934756,3
液,表面,0.931469,4
液,周り,0.930548,5
半分,半数,0.970127,1
半分,件数,0.934808,2
半分,有無,0.930612,3
半分,左右,0.929742,4
半分,何人,0.929203,5
エージェント,アプリケーション,0.934951,1
エージェント,APP,0.930151,2
エージェント,アプリ,0.911655,3
エージェント,改修,0.909028,4
エージェント,プランナー,0.908763,5
鍵,キー,0.979163,1
鍵,錠,0.936499,2
鍵,シール,0.926565,3
鍵,封筒,0.923676,4
鍵,ロッカー,0.922167,5
酷い,汚い,0.960746,1
酷い,悪い,0.954226,2
酷い,有害,0.953089,3
酷い,不良,0.945606,4
酷い,不快,0.942521,5
受賞,大賞,0.952766,1
受賞,優勝,0.945251,2
受賞,当選,0.930875,3
受賞,名物,0.929872,4
受賞,必見,0.923614,5
はっきり,明確,0.977041,1
はっきり,是,0.955735,2
はっきり,重点,0.954285,3
はっきり,真,0.953947,4
はっきり,的確,0.953097,5
ポリシー,条例,0.964556,1
ポリシー,機構,0.96128,2
ポリシー,方針,0.953259,3
ポリシー,協定,0.952036,4
ポリシー,システム,0.949966,5
最強,パワフル,0.897327,1
最強,強力,0.885618,2
最強,強い,0.876867,3
最強,際立つ,0.864922,4
最強,圧巻,0.859118,5
特殊,特別,0.765192,1
特殊,ユニーク,0.754125,2
特殊,独特,0.741954,3
特殊,特例,0.720996,4
特殊,NFT,0.718475,5
プライバシー,収入,0.9199,1
プライバシー,個人情報,0.914201,2
プライバシー,所得,0.901593,3
プライバシー,権利,0.885289,4
プライバシー,燃費,0.883688,5
状,中,0.98803,1
状,題する,0.98756,2
状,其の,0.98224,3
状,在,0.981697,4
状,何,0.981616,5
コントロール,制御,0.961133,1
コントロール,処理,0.940809,2
コントロール,機,0.94024,3
コントロール,実行,0.927692,4
コントロール,搭載,0.927394,5
プレーヤー,アクティビティー,0.940469,1
プレーヤー,ボイス,0.935258,2
プレーヤー,顧客,0.9346,3
プレーヤー,役立てる,0.933394,4
プレーヤー,稼ぐ,0.932613,5
玄関,テーブル,0.959468,1
玄関,皿,0.954144,2
玄関,食器,0.949128,3
玄関,扉,0.947884,4
玄関,杯,0.946117,5
指,項,0.988643,1
指,記,0.982739,2
指,着,0.981822,3
指,抜粋,0.981532,4
指,有り,0.980167,5
展,発表会,0.957365,1
展,出展,0.956916,2
展,西側,0.945293,3
展,展示会,0.943903,4
展,中野,0.939692,5
収集,お復習い,0.951473,1
収集,受講,0.946281,2
収集,読み取る,0.944868,3
収集,勤める,0.943902,4
収集,教わる,0.943426,5
言語,語学,0.969699,1
言語,言葉,0.939589,2
言語,コミュニケーション,0.936925,3
言語,国語,0.932235,4
言語,日本語,0.922064,5
重視,大切,0.965723,1
重視,肯定,0.959037,2
重視,信頼,0.956271,3
重視,優先,0.955064,4
重視,重要性,0.95287,5
ログイン,支払い,0.965675,1
ログイン,口座,0.957172,2
ログイン,注文,0.957145,3
ログイン,アカウント,0.956475,4
ログイン,出金,0.954356,5
今度,今回,0.957533,1
今度,会,0.941259,2
今度,今晩は,0.936337,3
今度,次回,0.936237,4
今度,要,0.933618,5
空く,空ける,0.988309,1
空く,離す,0.915488,2
空く,暫く,0.904866,3
空く,分離,0.903839,4
空く,免除,0.903162,5
秘密,シークレット,0.941574,1
秘密,匿名,0.779347,2
秘密,隠す,0.757646,3
秘密,隠れる,0.705293,4
秘密,秘訣,0.704113,5
周囲,周り,0.987915,1
周囲,場,0.974322,2
周囲,各地,0.956149,3
周囲,表面,0.953278,4
周囲,方々,0.953092,5
スーツ,パスポート,0.944163,1
スーツ,金具,0.926948,2
スーツ,MAC,0.907157,3
スーツ,給与,0.905802,4
スーツ,クレジット,0.904071,5
u,s,0.993431,1
u,l,0.99243,2
u,b,0.992165,3
u,p,0.99092,4
u,n,0.989789,5
台風,豪雨,0.944049,1
台風,洪水,0.943645,2
台風,火災,0.916797,3
台風,火山,0.909422,4
台風,地震,0.901717,5
フラワー,花,0.983122,1
フラワー,ローズ,0.941729,2
フラワー,蓮,0.928728,3
フラワー,ラベンダー,0.927736,4
フラワー,葵,0.923392,5
店内,本店,0.98253,1
店内,店頭,0.950815,2
店内,当店,0.94899,3
店内,御店,0.94779,4
店内,給食,0.94599,5
為さる,合意,0.95653,1
為さる,旨,0.953561,2
為さる,しめる,0.952605,3
為さる,準ずる,0.952121,4
為さる,順,0.948694,5
オレンジ,桃,0.962623,1
オレンジ,パイナップル,0.957322,2
オレンジ,トマト,0.941603,3
オレンジ,柿,0.935399,4
オレンジ,菠薐草,0.932536,5
迷惑,違和,0.905988,1
迷惑,誤解,0.891213,2
迷惑,外れる,0.887416,3
迷惑,厄介,0.886217,4
迷惑,歪み,0.882015,5
開設,オファー,0.943531,1
開設,販売,0.936476,2
開設,採用,0.935141,3
開設,リクルート,0.933063,4
開設,開業,0.931561,5
杯,カップ,0.995859,1
杯,コップ,0.986959,2
杯,皿,0.984164,3
杯,椅子,0.968176,4
杯,スカート,0.963892,5
内部,内側,0.976167,1
内部,内,0.965803,2
内部,中身,0.965189,3
内部,以内,0.962029,4
内部,暮らす,0.957422,5
仕上げる,磨き,0.954023,1
仕上げる,仕上げ,0.944132,2
仕上げる,整える,0.942477,3
仕上げる,整理,0.939985,4
仕上げる,揃える,0.92798,5
速度,スピード,0.930536,1
速度,加速,0.923972,2
速度,ドライブ,0.902918,3
速度,駆動,0.897188,4
速度,シュート,0.88565,5
麺,めん,0.948054,1
麺,パン,0.947735,2
麺,パスタ,0.944074,3
麺,菜,0.938042,4
麺,ライス,0.937148,5
職人,匠,0.967806,1
職人,木工,0.914483,2
職人,シェフ,0.887258,3
職人,熟練,0.871094,4
職人,こだわり,0.869769,5
隣,隣接,0.970999,1
隣,左右,0.944222,2
隣,箇所,0.942243,3
隣,側面,0.94163,4
隣,種別,0.940439,5
技,構える,0.961061,1
技,解く,0.956865,2
技,把握,0.942964,3
技,尽くす,0.936508,4
技,綴る,0.936015,5
臭い,臭,0.986267,1
臭い,汚れる,0.942306,2
臭い,口臭,0.940844,3
臭い,汚い,0.940727,4
臭い,汚れ,0.92853,5
平日,事項,0.94541,1
平日,所在,0.941768,2
平日,事由,0.933631,3
平日,到着,0.932504,4
平日,地上,0.932047,5
要,n,0.986531,1
要,u,0.985931,2
要,д,0.985022,3
要,用,0.984543,4
要,l,0.98406,5
魔法,幻想,0.897378,1
魔法,ファンタジー,0.827503,2
魔法,マジック,0.819086,3
魔法,魔,0.754967,4
魔法,奇跡,0.716128,5
祝い,御祝い,0.954316,1
祝い,めでたい,0.925993,2
祝い,クリスマス,0.922597,3
祝い,盛り上げる,0.921383,4
祝い,すすめ,0.915784,5
国産,定番,0.932747,1
国産,持続,0.917697,2
国産,正規,0.917293,3
国産,正しく,0.914528,4
国産,原作,0.914352,5
給与,給料,0.986973,1
給与,賃金,0.965964,2
給与,財産,0.965406,3
給与,年収,0.96242,4
給与,月給,0.9602,5
嵌まる,入り込む,0.958493,1
嵌まる,込む,0.898204,2
嵌まる,仰る,0.868663,3
嵌まる,溜める,0.862526,4
嵌まる,浸かる,0.857015,5
雇用,就業,0.970038,1
雇用,貸し付け,0.957622,2
雇用,就労,0.943538,3
雇用,支払い,0.943489,4
雇用,日程,0.936059,5
アイデア,歌詞,0.897149,1
アイデア,作詞,0.893109,2
アイデア,描く,0.89037,3
アイデア,エッセー,0.884621,4
アイデア,構想,0.884176,5
大分,佐賀,0.975625,1
大分,高知,0.974259,2
大分,岐阜県,0.972965,3
大分,和歌山,0.971255,4
大分,岡山県,0.970318,5
装置,設備,0.963984,1
装置,機材,0.951709,2
装置,設置,0.949231,3
装置,機種,0.944122,4
装置,機器,0.943452,5
履く,用事,0.96921,1
履く,ステップ,0.96555,2
履く,用いる,0.962947,3
履く,確かめる,0.961589,4
履く,生,0.96085,5
外部,外側,0.976112,1
外部,外,0.962491,2
外部,あらゆる,0.924955,3
外部,東西,0.922418,4
外部,向こう,0.921151,5
ドリンク,飲料,0.995619,1
ドリンク,飲み物,0.988033,2
ドリンク,シャツ,0.954,3
ドリンク,トップス,0.952945,4
ドリンク,ブラウス,0.951794,5
クラウド,ウェブ,0.950841,1
クラウド,WWW,0.943927,2
クラウド,ネットワーク,0.932127,3
クラウド,インターネット,0.927366,4
クラウド,IT,0.925336,5
権,継承,0.964215,1
権,遂に,0.953935,2
権,築,0.940592,3
権,到頭,0.940186,4
権,カール,0.939863,5
イオン,朝鮮,0.768374,1
イオン,アリ,0.74653,2
イオン,降る,0.740734,3
イオン,福島県,0.739462,4
イオン,粒子,0.738708,5
電源,バルブ,0.939932,1
電源,ポンプ,0.938392,2
電源,ホイール,0.93573,3
電源,コンセント,0.934073,4
電源,電,0.929887,5
心理,感情,0.909376,1
心理,腸内,0.908697,2
心理,心理学,0.908415,3
心理,性格,0.906845,4
心理,脳内,0.899858,5
章,証,0.964193,1
章,原作,0.958886,2
章,歴,0.957051,3
章,階,0.955389,4
章,庫,0.954487,5
発展,進展,0.989696,1
発展,進歩,0.968422,2
発展,活用,0.95207,3
発展,増進,0.945444,4
発展,前向き,0.943533,5
サイン,管,0.951816,1
サイン,枠,0.929713,2
サイン,ポスト,0.92766,3
サイン,キロ,0.927603,4
サイン,回線,0.927358,5
縁,承る,0.967053,1
縁,齎す,0.96405,2
縁,しま,0.960663,3
縁,かしら,0.958899,4
縁,もり,0.958824,5
化粧,化粧品,0.968708,1
化粧,ネイル,0.952919,2
化粧,コスメ,0.949636,3
化粧,スタイリング,0.929846,4
化粧,化粧水,0.923303,5
コピー,レジ,0.958954,1
コピー,テンプレート,0.957647,2
コピー,票,0.955094,3
コピー,券,0.95493,4
コピー,パッケージ,0.94852,5
道具,タイマー,0.958309,1
道具,器具,0.955686,2
道具,用品,0.941723,3
道具,水槽,0.940473,4
道具,備品,0.940368,5
アジア,インド,0.960364,1
アジア,中国,0.952938,2
アジア,トルコ,0.943966,3
アジア,中華,0.94043,4
アジア,ヨーロッパ,0.928332,5
ベルト,ストラップ,0.97934,1
ベルト,靴,0.943891,2
ベルト,持ち手,0.943399,3
ベルト,キー,0.942212,4
ベルト,用品,0.940602,5
術,道場,0.860779,1
術,仕付け,0.853251,2
術,侍,0.840683,3
術,鑑定,0.835986,4
術,漢字,0.83572,5
今週,今朝,0.980984,1
今週,いま,0.975788,2
今週,今月,0.965379,3
今週,今,0.964274,4
今週,明日,0.96253,5
リビング,ルーム,0.962931,1
リビング,ハウス,0.959802,2
リビング,アパレル,0.957792,3
リビング,衣類,0.957499,4
リビング,ソファー,0.955261,5
入学,採択,0.942577,1
入学,給付,0.937115,2
入学,授与,0.932973,3
入学,助成,0.930534,4
入学,入社,0.929626,5
主な,主要,0.993958,1
主な,主,0.986411,2
主な,主に,0.976997,3
主な,一連,0.972186,4
主な,メイン,0.972017,5
ストレッチ,保湿,0.948809,1
ストレッチ,通気,0.939243,2
ストレッチ,通気性,0.936409,3
ストレッチ,対処法,0.931756,4
ストレッチ,授乳,0.931344,5
都合,受け入れ,0.974461,1
都合,受け入れる,0.972025,2
都合,有り,0.97157,3
都合,考慮,0.969842,4
都合,基調,0.969088,5
青,ブルー,0.942354,1
青,青い,0.93962,2
青,白,0.934292,3
青,清,0.926028,4
青,左上,0.920128,5
ショッピング,買い物,0.961749,1
ショッピング,デリバリー,0.931613,2
ショッピング,レンタカー,0.924248,3
ショッピング,購買,0.916425,4
ショッピング,アプリ,0.912001,5
癖,わし,0.867024,1
癖,ついつい,0.865101,2
癖,こつこつ,0.863843,3
癖,踏まえる,0.852401,4
癖,におい,0.846166,5
配置,設置,0.976889,1
配置,セットアップ,0.971487,2
配置,モジュール,0.955898,3
配置,スクリプト,0.939831,4
配置,パッケージ,0.939416,5
他人,お客さん,0.933552,1
他人,関係者,0.933012,2
他人,其々,0.931862,3
他人,互い,0.931375,4
他人,男女,0.930573,5
鬼,ゴースト,0.898976,1
鬼,妖怪,0.863192,2
鬼,ゾンビ,0.845591,3
鬼,怪しい,0.845033,4
鬼,魔王,0.837656,5
終える,仕入れる,0.958512,1
終える,ステップ,0.957866,2
終える,取り扱う,0.957314,3
終える,計上,0.955929,4
終える,課する,0.954656,5
部門,役職,0.957669,1
部門,バージョン,0.954009,2
部門,拠点,0.951959,3
部門,都道府県,0.951518,4
部門,サイト,0.948274,5
アウトドア,風通し,0.925728,1
アウトドア,日当たり,0.918416,2
アウトドア,ハイキング,0.900719,3
アウトドア,日差し,0.898882,4
アウトドア,水泳,0.898458,5
積もり,蓄積,0.919351,1
積もり,宿,0.916037,2
積もり,敷地,0.914719,3
積もり,格納,0.911644,4
積もり,置き,0.907593,5
発揮,活性,0.945096,1
発揮,勢,0.938349,2
発揮,活性化,0.925441,3
発揮,エナジー,0.921909,4
発揮,クエスト,0.920016,5
消える,なくなる,0.948786,1
消える,無くなる,0.933362,2
消える,無職,0.893172,3
消える,減る,0.88683,4
消える,剥がれる,0.885685,5
一定,一致,0.97527,1
一定,既存,0.971221,2
一定,参考,0.96835,3
一定,完了,0.967568,4
一定,タイプ,0.967475,5
受け取る,受け取り,0.983954,1
受け取る,受ける,0.97477,2
受け取る,就く,0.973921,3
受け取る,さようなら,0.971345,4
受け取る,着く,0.968425,5
寄せる,被せる,0.97998,1
寄せる,収める,0.973098,2
寄せる,入れ,0.967768,3
寄せる,置き,0.967664,4
寄せる,なおす,0.967107,5
インストール,認証,0.949148,1
インストール,代行,0.943559,2
インストール,発送,0.941067,3
インストール,出資,0.938333,4
インストール,発注,0.935287,5
チョコレート,チョコ,0.991063,1
チョコレート,ショコラ,0.981687,2
チョコレート,菓子,0.930418,3
チョコレート,スイーツ,0.91232,4
チョコレート,焼き鳥,0.909457,5
ゼロ,零,0.964727,1
ゼロ,無,0.907913,2
ゼロ,無し,0.904919,3
ゼロ,一寸,0.897572,4
ゼロ,縮小,0.8859,5
土産,年賀状,0.922181,1
土産,贈与,0.916685,2
土産,贈り物,0.916246,3
土産,ランチ,0.907474,4
土産,カーディガン,0.90016,5
摂取,持ち込む,0.969547,1
摂取,服用,0.965304,2
摂取,起きる,0.965073,3
摂取,取る,0.96187,4
摂取,触れる,0.960209,5
庭,膳,0.954897,1
庭,木製,0.93244,2
庭,乳,0.932332,3
庭,ティー,0.931513,4
庭,御飯,0.931339,5
優先,重点,0.962851,1
優先,重視,0.955064,2
優先,重要性,0.953172,3
優先,効能,0.952063,4
優先,獲得,0.94206,5
探し,探す,0.948877,1
探し,探る,0.921965,2
探し,手掛ける,0.904533,3
探し,採取,0.900266,4
探し,訴える,0.899473,5
認証,支払い,0.957202,1
認証,口座,0.95639,2
認証,インストール,0.949148,3
認証,決済,0.94734,4
認証,賃貸,0.944195,5
ドライバー,追跡,0.927516,1
ドライバー,ワーカー,0.926367,2
ドライバー,検出,0.919507,3
ドライバー,検知,0.916625,4
ドライバー,メンテナンス,0.913682,5
地震,津波,0.974948,1
地震,災害,0.962868,2
地震,震災,0.959654,3
地震,洪水,0.928943,4
地震,危機,0.920429,5
有り難い,不可能,0.896755,1
有り難い,不可,0.8482,2
有り難い,ゴースト,0.846562,3
有り難い,外れ,0.829397,4
有り難い,負,0.820648,5
回転,モーション,0.907648,1
回転,伸縮,0.907577,2
回転,動く,0.899742,3
回転,投げる,0.881639,4
回転,移動,0.876281,5
年末,大家,0.895816,1
年末,年末年始,0.890559,2
年末,連休,0.887146,3
年末,金曜,0.87643,4
年末,下旬,0.873243,5
帯,占める,0.968387,1
帯,格,0.967662,2
帯,フロント,0.961756,3
帯,度,0.961747,4
帯,段,0.96112,5
降る,レイン,0.912716,1
降る,雨,0.90334,2
降る,酸味,0.899444,3
降る,秋冬,0.885727,4
降る,声,0.883795,5
両方,両者,0.978783,1
両方,両側,0.972405,2
両方,双方,0.958771,3
両方,其々,0.939611,4
両方,両面,0.937837,5
エントリー,輸入,0.980805,1
エントリー,添付,0.97365,2
エントリー,件,0.970735,3
エントリー,記入,0.969705,4
エントリー,入力,0.9692,5
多分,大半,0.973676,1
多分,後編,0.969769,2
多分,多,0.967071,3
多分,一連,0.96024,4
多分,中期,0.955107,5
休む,休める,0.988745,1
休む,休憩,0.987934,2
休む,寝る,0.962752,3
休む,睡眠,0.954061,4
休む,休み,0.948165,5
赤い,レッド,0.979357,1
赤い,赤色,0.973388,2
赤い,紅,0.893469,3
赤い,赤,0.892353,4
赤い,真っ赤,0.892094,5
戦争,大戦,0.973245,1
戦争,紛争,0.919279,2
戦争,交通事故,0.917917,3
戦争,テロ,0.911989,4
戦争,汚染,0.901483,5
初心,初心者,0.953222,1
初心,小まめ,0.931889,2
初心,初期,0.921411,3
初心,小さい,0.90793,4
初心,初め,0.907833,5
方針,報告,0.973615,1
方針,報告書,0.968299,2
方針,総務,0.964666,3
方針,審査,0.962241,4
方針,ポリシー,0.953259,5
ワールド,世界,0.98025,1
ワールド,世界的,0.955386,2
ワールド,国,0.939957,3
ワールド,全域,0.939939,4
ワールド,世界観,0.934115,5
広げる,大半,0.960429,1
広げる,多く,0.947302,2
広げる,展開,0.946075,3
広げる,広める,0.937851,4
広げる,続編,0.936082,5
シェア,加入,0.930931,1
シェア,on,0.927106,2
シェア,通,0.921142,3
シェア,パート,0.920219,4
シェア,スタンド,0.917686,5
段,所,0.985182,1
段,記載,0.98382,2
段,条,0.98288,3
段,録,0.982348,4
段,欄,0.980005,5
大きさ,サイズ,0.932524,1
大きさ,視界,0.925794,2
大きさ,フロア,0.91879,3
大きさ,地面,0.918111,4
大きさ,直径,0.917878,5
ニュー,新,0.957558,1
ニュー,新しい,0.89214,2
ニュー,新た,0.887004,3
ニュー,ネクスト,0.827014,4
ニュー,新作,0.82419,5
き,み,0.995272,1
き,ま,0.994281,2
き,り,0.993892,3
き,け,0.993688,4
き,か,0.992158,5
表す,記述,0.988691,1
表す,述べる,0.982246,2
表す,語,0.982013,3
表す,文,0.978363,4
表す,答える,0.97607,5
TV,テレビ,0.990019,1
TV,家電,0.955441,2
TV,モニター,0.944556,3
TV,車体,0.929247,4
TV,時計,0.928055,5
AI,ml,0.926564,1
AI,IT,0.914683,2
AI,ICT,0.911957,3
AI,クラウド,0.911787,4
AI,IoT,0.906241,5
金属,鋼,0.968159,1
金属,スチール,0.954546,2
金属,セラミック,0.918248,3
金属,ステンレス,0.917664,4
金属,鉄筋,0.917031,5
正確,正しく,0.987409,1
正確,妥当,0.974121,2
正確,正しい,0.97209,3
正確,合格,0.97123,4
正確,真,0.970693,5
栽培,稽古,0.934369,1
栽培,制作,0.921879,2
栽培,造り,0.918731,3
栽培,仕付け,0.916698,4
栽培,整備,0.914034,5
思考,考える,0.993709,1
思考,考え,0.975135,2
思考,マインド,0.956472,3
思考,適応,0.955286,4
思考,認知,0.953936,5
あらゆる,所有,0.97042,1
あらゆる,場,0.94392,2
あらゆる,各地,0.941915,3
あらゆる,全般,0.940638,4
あらゆる,東西,0.937168,5
リラックス,リラクセーション,0.990785,1
リラックス,休める,0.966721,2
リラックス,休憩,0.954389,3
リラックス,快適,0.94184,4
リラックス,休む,0.940607,5
格安,安価,0.955001,1
格安,低価格,0.953447,2
格安,安い,0.941556,3
格安,プチプラ,0.940422,4
格安,半額,0.93828,5
出場,巡回,0.95393,1
出場,伝達,0.94812,2
出場,年内,0.947351,3
出場,参加,0.947293,4
出場,出演,0.945942,5
ブラウン,もと,0.939834,1
ブラウン,部位,0.931635,2
ブラウン,半身,0.930074,3
ブラウン,上下,0.926005,4
ブラウン,脂,0.92416,5
新築,新車,0.878581,1
新築,HD,0.876723,2
新築,アクリル,0.860987,3
新築,モデル,0.860417,4
新築,HP,0.855171,5
考え方,思想,0.981833,1
考え方,考え,0.959772,2
考え方,道程,0.953661,3
考え方,信念,0.953186,4
考え方,思う,0.952544,5
由来,本来,0.9642,1
由来,源,0.953745,2
由来,原,0.950695,3
由来,もと,0.945032,4
由来,漸く,0.943606,5
下げる,残り,0.935895,1
下げる,下,0.934591,2
下げる,減らす,0.927055,3
下げる,余る,0.925099,4
下げる,サイド,0.923802,5
フロント,列,0.974472,1
フロント,表示,0.965303,2
フロント,組,0.963679,3
フロント,通,0.962551,4
フロント,帯,0.961756,5
レッド,赤い,0.979357,1
レッド,赤色,0.967556,2
レッド,紅,0.925685,3
レッド,赤,0.922041,4
レッド,ホット,0.871019,5
未使用,ブランク,0.927296,1
未使用,省略,0.925674,2
未使用,オフ,0.92102,3
未使用,全く,0.915069,4
未使用,無,0.91252,5
関東,愛知県,0.970829,1
関東,大阪府,0.970598,2
関東,愛知,0.969831,3
関東,中日,0.968295,4
関東,福岡,0.966252,5
若干,其々,0.969619,1
若干,何人,0.966075,2
若干,概念,0.96358,3
若干,フレーズ,0.958508,4
若干,途中,0.957911,5
味わい,味わう,0.967368,1
味わい,賞味,0.960207,2
味わい,風味,0.952519,3
味わい,好む,0.932545,4
味わい,興味,0.932288,5
手間,後悔,0.932399,1
手間,負担,0.921433,2
手間,苦労,0.913128,3
手間,痛み,0.902194,4
手間,面倒,0.888613,5
アイドル,ミッキー,0.908946,1
アイドル,ディズニーランド,0.894762,2
アイドル,エンタメ,0.892765,3
アイドル,プリキュア,0.878879,4
アイドル,ポケモン,0.874256,5
アレルギー,アトピー,0.882836,1
アレルギー,症状,0.856765,2
アレルギー,花粉症,0.847318,3
アレルギー,疲れ,0.840451,4
アレルギー,痛み,0.840078,5
真,正確,0.970693,1
真,確実,0.964929,2
真,明確,0.964334,3
真,本当,0.957376,4
真,是,0.956872,5
中身,姿,0.976868,1
中身,身,0.97558,2
中身,内,0.974313,3
中身,属性,0.971564,4
中身,持ち,0.97013,5
誠,守る,0.957773,1
誠,守,0.95386,2
誠,頼り,0.953684,3
誠,下さる,0.951943,4
誠,据える,0.951635,5
頼む,需要,0.955784,1
頼む,受ける,0.945031,2
頼む,下ろす,0.940473,3
頼む,さようなら,0.938572,4
頼む,接触,0.936797,5
溜まる,ぼ,0.940732,1
溜まる,うー,0.932002,2
溜まる,溜める,0.926167,3
溜まる,ぐっ,0.919817,4
溜まる,込む,0.919123,5
組み合わせ,併設,0.896009,1
組み合わせ,組み合わせる,0.892772,2
組み合わせ,分布,0.891406,3
組み合わせ,コンセプト,0.884871,4
組み合わせ,ゾーン,0.875005,5
子供達,子供,0.976603,1
子供達,チャイルド,0.956747,2
子供達,小児,0.952154,3
子供達,キッズ,0.94581,4
子供達,児童,0.941497,5
緊張,争い,0.925083,1
緊張,テンション,0.923049,2
緊張,プレッシャー,0.920151,3
緊張,対立,0.91726,4
緊張,怒る,0.901067,5
スイッチ,コンセント,0.962026,1
スイッチ,ボタン,0.950116,2
スイッチ,マーカー,0.947302,3
スイッチ,ジップ,0.94462,4
スイッチ,票,0.936509,5
異常,例外,0.921379,1
異常,外れ,0.893748,2
異常,意外,0.874539,3
異常,怪しい,0.873942,4
異常,モンスター,0.836912,5
愈,治る,0.962168,1
愈,回復,0.960431,2
愈,済む,0.958049,3
愈,産,0.957295,4
愈,目玉,0.955647,5
楽々,宜しく,0.956108,1
楽々,宜しい,0.956066,2
楽々,楽しむ,0.955213,3
楽々,温か,0.948839,4
楽々,喜ぶ,0.945129,5
土日,日曜,0.956475,1
土日,土曜,0.954205,2
土日,土曜日,0.93331,3
土日,歓迎,0.906129,4
土日,日曜日,0.904393,5
マスター,上級,0.96775,1
マスター,トップ,0.94323,2
マスター,立派,0.941569,3
マスター,一級,0.940244,4
マスター,上級者,0.937519,5
DVD,CD,0.959539,1
DVD,箪笥,0.927867,2
DVD,簿,0.927401,3
DVD,キャビネット,0.926595,4
DVD,チェア,0.921795,5
ディズニー,ディズニーランド,0.960769,1
ディズニー,ジャニーズ,0.929428,2
ディズニー,プリキュア,0.922623,3
ディズニー,ミッキー,0.918562,4
ディズニー,スターバックス,0.909092,5
プライベート,密か,0.894504,1
プライベート,ソロ,0.866187,2
プライベート,秘める,0.835347,3
プライベート,素,0.830367,4
プライベート,単独,0.820792,5
午前,午前中,0.993964,1
午前,あさ,0.972053,2
午前,朝,0.9715,3
午前,日間,0.966594,4
午前,デー,0.946863,5
繋ぐ,伝える,0.961247,1
繋ぐ,通す,0.957058,2
繋ぐ,パス,0.954233,3
繋ぐ,合意,0.951411,4
繋ぐ,連れる,0.951112,5
j,f,0.997242,1
j,k,0.99718,2
j,m,0.996997,3
j,t,0.996072,4
j,p,0.995652,5
伝統,老舗,0.974815,1
伝統,伝統的,0.961975,2
伝統,大久保,0.92389,3
伝統,郷,0.919392,4
伝統,本舗,0.918274,5
パフォーマンス,試合,0.925143,1
パフォーマンス,イベント,0.92404,2
パフォーマンス,コンテスト,0.923984,3
パフォーマンス,キャンペーン,0.923422,4
パフォーマンス,ワークショップ,0.921297,5
効果的,重要,0.954865,1
効果的,最適,0.95275,2
効果的,ソリューション,0.947232,3
効果的,解決策,0.946848,4
効果的,主力,0.94093,5
行政,自治体,0.964408,1
行政,規制,0.953235,2
行政,公務,0.950414,3
行政,ポリシー,0.949706,4
行政,機構,0.946969,5
早め,見付ける,0.927282,1
早め,モーニング,0.922917,2
早め,お復習い,0.919467,3
早め,助かる,0.913952,4
早め,連れる,0.906332,5
財産,給与,0.965406,1
財産,資産,0.947731,2
財産,学歴,0.943641,3
財産,給料,0.943408,4
財産,不動産,0.942888,5
ドイツ,英国,0.977429,1
ドイツ,イギリス,0.96865,2
ドイツ,欧州,0.950522,3
ドイツ,北京,0.948714,4
ドイツ,ジャパン,0.946599,5
合計,ナンバー,0.966129,1
合計,表,0.964599,2
合計,ボード,0.960745,3
合計,リスト,0.957357,4
合計,セクション,0.9532,5
彼氏,カップル,0.939614,1
彼氏,付き合う,0.93888,2
彼氏,デート,0.928475,3
彼氏,付き合い,0.925259,4
彼氏,ユース,0.924678,5
測定,計測,0.989564,1
測定,換算,0.96979,2
測定,測る,0.958557,3
測定,翻訳,0.95147,4
測定,見積もり,0.943529,5
胸,腹,0.96291,1
胸,顎,0.961831,2
胸,肌,0.959579,3
胸,肉体,0.95378,4
胸,スキン,0.951867,5
単位,枚数,0.958021,1
単位,ラベル,0.955698,2
単位,区画,0.953316,3
単位,定員,0.949834,4
単位,フォーム,0.945731,5
アンケート,チケット,0.929563,1
アンケート,価格,0.925024,2
アンケート,納期,0.921981,3
アンケート,投稿,0.91566,4
アンケート,リンク,0.914953,5
遊び,遊ぶ,0.953152,1
遊び,趣味,0.892377,2
遊び,笑い,0.874611,3
遊び,青春,0.869686,4
遊び,楽しみ,0.860068,5
独立,自立,0.955452,1
独立,取り戻す,0.921095,2
独立,目指す,0.917685,3
独立,エッセンス,0.916188,4
独立,志,0.906552,5
o,д,0.981583,1
o,乙,0.978075,2
o,I,0.977501,3
o,こう,0.976354,4
o,ー,0.976241,5
取り入れる,助,0.971515,1
取り入れる,しめる,0.970978,2
取り入れる,取り込む,0.969941,3
取り入れる,届け,0.9677,4
取り入れる,語,0.967516,5
表情,都合,0.935895,1
表情,接する,0.932733,2
表情,つう,0.929287,3
表情,会う,0.92292,4
表情,会,0.921351,5
高まる,増加,0.905698,1
高まる,どんどん,0.894831,2
高まる,大いに,0.883388,3
高まる,増す,0.878445,4
高まる,大幅,0.873743,5
入会,申し出,0.955519,1
入会,パート,0.947943,2
入会,マッチング,0.943905,3
入会,参入,0.942057,4
入会,加入,0.941999,5
噂,煽る,0.854746,1
噂,干渉,0.853168,2
噂,炎上,0.836286,3
噂,ねたばれ,0.832145,4
噂,流出,0.831623,5
関節,喉,0.95275,1
関節,膝,0.92219,2
関節,肘,0.920667,3
関節,肩,0.91446,4
関節,血管,0.907,5
台湾,韓国,0.889342,1
台湾,香港,0.888661,2
台湾,オーストラリア,0.873492,3
台湾,マレーシア,0.873488,4
台湾,日本,0.866087,5
標準,スタンダード,0.9883,1
標準,基準,0.973215,2
標準,県立,0.959313,3
標準,ドメイン,0.955429,4
標準,見本,0.954549,5
濃い,重,0.80537,1
濃い,濃厚,0.791577,2
濃い,厚い,0.771103,3
濃い,重厚,0.767436,4
濃い,厚,0.75883,5
高速,最速,0.962007,1
高速,加速,0.915162,2
高速,速い,0.892224,3
高速,スピード,0.885191,4
高速,迅速,0.868669,5
好評,ベスト,0.962812,1
好評,絶賛,0.961834,2
好評,好,0.957598,3
好評,良く,0.956071,4
好評,ポジティブ,0.954305,5
申告,届け出,0.970529,1
申告,引き渡し,0.954333,2
申告,注意事項,0.951255,3
申告,委託,0.949195,4
申告,登記,0.94254,5
ジャンル,プレース,0.95234,1
ジャンル,場所,0.941886,2
ジャンル,見出し,0.941687,3
ジャンル,一覧,0.940038,4
ジャンル,当店,0.938116,5
ケーブル,ジップ,0.929812,1
ケーブル,ワイヤ,0.919778,2
ケーブル,コンセント,0.915423,3
ケーブル,アンテナ,0.910924,4
ケーブル,電源,0.908163,5
暖かい,温かい,0.996839,1
暖かい,あたたかい,0.986051,2
暖かい,温まる,0.967439,3
暖かい,温か,0.955354,4
暖かい,温める,0.943056,5
金利,納期,0.918406,1
金利,選考,0.916117,2
金利,物価,0.910261,3
金利,予測,0.909295,4
金利,計測,0.908298,5
手法,方法,0.967868,1
手法,機能,0.959441,2
手法,要件,0.949544,3
手法,タスク,0.947625,4
手法,課題,0.947582,5
再び,引き,0.968917,1
再び,再度,0.959986,2
再び,返る,0.953876,3
再び,翌,0.943622,4
再び,取り,0.943013,5
巡る,巡回,0.96106,1
巡る,巡り,0.959969,2
巡る,流,0.937891,3
巡る,繰り広げる,0.931837,4
巡る,周回,0.927178,5
僅か,一寸,0.970534,1
僅か,最短,0.965394,2
僅か,少量,0.942184,3
僅か,少,0.939758,4
僅か,最低限,0.937669,5
会計,簿記,0.96269,1
会計,調剤,0.955846,2
会計,経理,0.945713,3
会計,決算,0.941728,4
会計,在庫,0.931888,5
スマート,テック,0.94354,1
スマート,テクノロジー,0.936372,2
スマート,APP,0.930317,3
スマート,電動,0.923545,4
スマート,ICT,0.917099,5
順,説,0.979682,1
順,伝,0.978202,2
順,理,0.976485,3
順,健,0.976183,4
順,上田,0.975136,5
混ぜる,注ぐ,0.861309,1
混ぜる,曲げる,0.857383,2
混ぜる,渡る,0.856511,3
混ぜる,開く,0.855454,4
混ぜる,移動,0.855027,5
怪我,病気,0.970987,1
怪我,病,0.967987,2
怪我,傷,0.95675,3
怪我,損傷,0.952912,4
怪我,下痢,0.95281,5
偶に,偶々,0.964729,1
偶に,時折,0.918778,2
偶に,偶然,0.903231,3
偶に,一時的,0.884264,4
偶に,未経験,0.859646,5
創業,起業,0.967284,1
創業,起業家,0.879744,2
創業,ベンチャー,0.879038,3
創業,フリーランス,0.815945,4
創業,創作,0.798538,5
対処,思う,0.95656,1
対処,適応,0.949659,2
対処,進路,0.949525,3
対処,考え方,0.945792,4
対処,思い出す,0.944994,5
入り口,一覧,0.959978,1
入り口,窓口,0.959719,2
入り口,エントランス,0.95791,3
入り口,日付け,0.951823,4
入り口,合計,0.951627,5
減少,減,0.987951,1
減少,低,0.956419,2
減少,省略,0.951322,3
減少,少ない,0.947018,4
減少,少,0.943666,5
男子,男,0.979885,1
男子,男性,0.977493,2
男子,マン,0.97212,3
男子,リアル,0.95934,4
男子,ジョン,0.948579,5
原則,基準,0.953641,1
原則,種目,0.953036,2
原則,歴代,0.952012,3
原則,原作,0.947738,4
原則,引用,0.941205,5
トラック,工場,0.915886,1
トラック,工業,0.913285,2
トラック,産業,0.904781,3
トラック,レーダー,0.899556,4
トラック,部隊,0.895314,5
公演,演出,0.973957,1
公演,劇団,0.968813,2
公演,劇,0.959396,3
公演,芝居,0.954919,4
公演,演劇,0.951079,5
親子,母子,0.987874,1
親子,ファミリー,0.979054,2
親子,姉妹,0.974897,3
親子,友,0.973224,4
親子,愛顧,0.972334,5
アクション,速,0.925474,1
アクション,迅速,0.910329,2
アクション,速い,0.899288,3
アクション,早速,0.894698,4
アクション,競う,0.890451,5
エステ,美容,0.928552,1
エステ,スタイリング,0.921023,2
エステ,ブライダル,0.917553,3
エステ,スイート,0.912801,4
エステ,コスメ,0.91157,5
牛,馬,0.9281,1
牛,農,0.911873,2
牛,族,0.907857,3
牛,獣,0.907641,4
牛,くま,0.895942,5
軽量,軽い,0.933749,1
軽量,短い,0.922863,2
軽量,軽,0.921153,3
軽量,薄型,0.911325,4
軽量,小型,0.901844,5
農業,農林,0.946331,1
農業,収穫,0.924191,2
農業,水産,0.921249,3
農業,国語,0.917764,4
農業,循環,0.911708,5
残り,底,0.961814,1
残り,どころ,0.957239,2
残り,有限,0.955673,3
残り,サイド,0.952937,4
残り,余る,0.948867,5
宿,おく,0.965847,1
宿,舎,0.964876,2
宿,留める,0.964323,3
宿,たてる,0.956564,4
宿,ずっと,0.954916,5
支給,給付,0.971239,1
支給,明記,0.968731,2
支給,取り揃える,0.966306,3
支給,目安,0.965988,4
支給,授与,0.965663,5
貢献,寄与,0.986767,1
貢献,教,0.96711,2
貢献,サポーター,0.966033,3
貢献,教える,0.960318,4
貢献,協力,0.959524,5
気温,温度,0.962743,1
気温,水温,0.947007,2
気温,時刻,0.940578,3
気温,距離,0.936741,4
気温,日数,0.933231,5
ウェア,装着,0.963171,1
ウェア,帳,0.963099,2
ウェア,ラップ,0.961218,3
ウェア,サプリ,0.959476,4
ウェア,DM,0.95312,5
九州,高知,0.973333,1
九州,茨城県,0.972617,2
九州,熊本県,0.97257,3
九州,和歌山,0.971762,4
九州,四国,0.971361,5
進化,気象,0.887926,1
進化,議論,0.871065,2
進化,流れ,0.86012,3
進化,情勢,0.842704,4
進化,バイオ,0.839113,5
誕生日,バースデー,0.993451,1
誕生日,デート,0.94199,2
誕生日,レクリエーション,0.920845,3
誕生日,週末,0.919496,4
誕生日,幸せ,0.917798,5
キャスト,代表,0.94753,1
キャスト,併設,0.947245,2
キャスト,誌,0.944635,3
キャスト,提供,0.940787,4
キャスト,代表的,0.94021,5
アルコール,飲酒,0.898807,1
アルコール,酒,0.855336,2
アルコール,タバコ,0.768154,3
アルコール,BBQ,0.751817,4
アルコール,バーベキュー,0.747046,5
来年,来週,0.97139,1
来年,本年,0.966881,2
来年,今季,0.961452,3
来年,今年度,0.953204,4
来年,来月,0.953108,5
用途,使い道,0.970689,1
用途,取り揃える,0.956379,2
用途,マイページ,0.955959,3
用途,使い方,0.955882,4
用途,使い,0.955611,5
手段,処置,0.961978,1
手段,操作,0.950284,2
手段,セッション,0.938878,3
手段,タスク,0.937616,4
手段,措置,0.933702,5
答え,述べる,0.986735,1
答え,回答,0.986162,2
答え,提示,0.984425,3
答え,説明,0.983942,4
答え,答える,0.983568,5
カロリー,体重,0.945057,1
カロリー,姿勢,0.941287,2
カロリー,下車,0.939357,3
カロリー,視点,0.919896,4
カロリー,足,0.919827,5
回す,下ろす,0.9731,1
回す,返る,0.962301,2
回す,下す,0.961416,3
回す,返す,0.960227,4
回す,引き取る,0.953892,5
高額,高値,0.932145,1
高額,高価,0.881278,2
高額,金持ち,0.860277,3
高額,億,0.845581,4
高額,豪華,0.838892,5
アフィリエイト,配達,0.906857,1
アフィリエイト,プラグイン,0.893962,2
アフィリエイト,デリバリー,0.883481,3
アフィリエイト,配送,0.879891,4
アフィリエイト,発送,0.875064,5
項,指,0.988643,1
項,有り,0.988049,2
項,着,0.985577,3
項,録,0.980372,4
項,記,0.980269,5
ルート,締め,0.971729,1
ルート,拠点,0.954119,2
ルート,板,0.953977,3
ルート,軸,0.953449,4
ルート,ルール,0.952596,5
心掛ける,旨み,0.970366,1
心掛ける,旨い,0.968023,2
心掛ける,育む,0.961201,3
心掛ける,思い遣り,0.95516,4
心掛ける,捧げる,0.952893,5
波,ウェーブ,0.957591,1
波,潮,0.951993,2
波,波動,0.917529,3
波,流れ,0.913711,4
波,風,0.90249,5
小説,文学,0.936512,1
小説,作品,0.922851,2
小説,作者,0.907386,3
小説,作詞,0.907154,4
小説,アルバム,0.894054,5
厚い,厚,0.989606,1
厚い,蓄積,0.934003,2
厚い,厚手,0.918009,3
厚い,大きめ,0.916548,4
厚い,長期,0.913753,5
和,組,0.98162,1
和,類,0.975608,2
和,的中,0.972128,3
和,系,0.971084,4
和,均,0.970199,5
反対,反,0.966013,1
反対,反する,0.948727,2
反対,嫌,0.938094,3
反対,不,0.936272,4
反対,不要,0.925572,5
ボリューム,全長,0.945144,1
ボリューム,占める,0.941382,2
ボリューム,レンジ,0.938001,3
ボリューム,覆う,0.933576,4
ボリューム,台,0.931672,5
ビデオ,動画,0.992141,1
ビデオ,映像,0.97088,2
ビデオ,オンライン,0.963767,3
ビデオ,配信,0.958408,4
ビデオ,経済的,0.918129,5
考慮,記述,0.978427,1
考慮,検討,0.977586,2
考慮,者,0.974834,3
考慮,特徴,0.974687,4
考慮,特性,0.972025,5
LED,スズキ,0.919848,1
LED,GPS,0.908956,2
LED,ヘッドライト,0.897942,3
LED,PayPay,0.895096,4
LED,電気,0.893717,5
醤油,麺,0.91995,1
醤油,調味料,0.919528,2
醤油,味噌汁,0.913006,3
醤油,食塩,0.912088,4
醤油,食材,0.911103,5
豆,小豆,0.986491,1
豆,まめ,0.954236,2
豆,綿,0.954217,3
豆,海苔,0.949849,4
豆,葱,0.946932,5
毎回,引き換え,0.969123,1
毎回,回数,0.961873,2
毎回,次回,0.957488,3
毎回,代わり,0.954992,4
毎回,納める,0.952482,5
熱い,真っ赤,0.905934,1
熱い,ホット,0.878189,2
熱い,ヒート,0.863813,3
熱い,高温,0.854858,4
熱い,暑い,0.853602,5
お子様,お子さん,0.998374,1
お子様,チャイルド,0.977856,2
お子様,児,0.963233,3
お子様,小児,0.954504,4
お子様,子供,0.953868,5
鉄道,電車,0.98607,1
鉄道,列車,0.983599,2
鉄道,電鉄,0.973325,3
鉄道,メトロ,0.963948,4
鉄道,銀行,0.963762,5
教材,教科書,0.98459,1
教材,教科,0.979541,2
教材,辞典,0.972269,3
教材,参考書,0.970548,4
教材,辞書,0.969624,5
ファミリー,友,0.980765,1
ファミリー,家族,0.979483,2
ファミリー,親子,0.979054,3
ファミリー,家庭,0.976504,4
ファミリー,ママ,0.975253,5
成績,履歴,0.959348,1
成績,学歴,0.952764,2
成績,履歴書,0.949372,3
成績,総額,0.947248,4
成績,器,0.932824,5
照明,明かり,0.944062,1
照明,プロダクト,0.935703,2
照明,製品,0.92776,3
照明,テーブル,0.916721,4
照明,ボード,0.91553,5
手数,運賃,0.94257,1
手数,料金,0.915259,2
手数,控除,0.912109,3
手数,会費,0.911602,4
手数,取り消し,0.908553,5
婚活,就職,0.882857,1
婚活,交際,0.881746,2
婚活,搬入,0.880315,3
婚活,面談,0.876678,4
婚活,再婚,0.869308,5
返済,払い戻し,0.950024,1
返済,交通費,0.949737,2
返済,賠償,0.946126,3
返済,経費,0.945617,4
返済,家賃,0.942022,5
有,約,0.982061,1
有,調,0.981805,2
有,n,0.98145,3
有,其の,0.981043,4
有,係,0.980805,5
パートナー,相棒,0.980494,1
パートナー,友達,0.969861,2
パートナー,フレンド,0.96667,3
パートナー,勧め,0.966245,4
パートナー,仲間,0.96511,5
売買,取り引き,0.957075,1
売買,売る,0.947767,2
売買,販売,0.942669,3
売買,事業者,0.938631,4
売買,ジョブ,0.934228,5
一人一人,個別,0.942171,1
一人一人,所持,0.929383,2
一人一人,各自,0.929294,3
一人一人,個々,0.925565,4
一人一人,私,0.925515,5
解除,片付ける,0.945238,1
解除,取り寄せる,0.94512,2
解除,着く,0.936123,3
解除,拭き取る,0.930396,4
解除,付ける,0.930264,5
ロシア,イラン,0.840288,1
ロシア,スペース,0.810091,2
ロシア,宇宙,0.797599,3
ロシア,勢力,0.785313,4
ロシア,朝鮮,0.769946,5
権利,ヘルス,0.960818,1
権利,健康,0.958027,2
権利,人権,0.955536,3
権利,スキル,0.94827,4
権利,目標,0.94153,5
隠す,隠れる,0.885654,1
隠す,回避,0.864986,2
隠す,別,0.852016,3
隠す,匿名,0.844863,4
隠す,抜き,0.843498,5
正規,正しく,0.977173,1
正規,適正,0.973643,2
正規,レギュラー,0.971079,3
正規,適切,0.966037,4
正規,正確,0.965591,5
ゲスト,伴う,0.950078,1
ゲスト,訪問,0.944653,2
ゲスト,知り合い,0.944273,3
ゲスト,二人,0.940005,4
ゲスト,お客さん,0.936823,5
背中,背,0.957962,1
背中,ネック,0.943872,2
背中,経つ,0.940733,3
背中,あご,0.940077,4
背中,額,0.939545,5
眼鏡,カード,0.962949,1
眼鏡,靴,0.96166,2
眼鏡,バッグ,0.958098,3
眼鏡,下着,0.952871,4
眼鏡,ウォッチ,0.952014,5
リーグ,球団,0.9808,1
リーグ,商工,0.960048,2
リーグ,大会,0.956715,3
リーグ,キャンペーン,0.946816,4
リーグ,カンパニー,0.946286,5
コレクション,写真集,0.933671,1
コレクション,アルバム,0.924565,2
コレクション,書籍,0.920982,3
コレクション,著書,0.920243,4
コレクション,ユニホーム,0.918215,5
融資,ローン,0.96449,1
融資,送金,0.946806,2
融資,住宅ローン,0.918049,3
融資,ファイナンシャル,0.917584,4
融資,クレジットカード,0.915085,5
実験,ドローン,0.722621,1
実験,為替,0.710403,2
実験,トライアル,0.702914,3
実験,戦術,0.697107,4
実験,機動,0.692773,5
少年,若い,0.922406,1
少年,小学生,0.921308,2
少年,年生,0.918382,3
少年,中学生,0.912386,4
少年,少女,0.908535,5
バージョン,パラメーター,0.966747,1
バージョン,部門,0.954009,2
バージョン,発売日,0.952221,3
バージョン,指標,0.951714,4
バージョン,貨物,0.947264,5
旦那,夫,0.990191,1
旦那,パパ,0.984381,2
旦那,丈夫,0.981538,3
旦那,父さん,0.980983,4
旦那,父親,0.977436,5
省,収まる,0.9419,1
省,下部,0.938989,2
省,無印,0.927366,3
省,単品,0.927006,4
省,単純,0.923057,5
近付く,近付ける,0.946257,1
近付く,接近,0.938343,2
近付く,引く,0.89649,3
近付く,直後,0.872314,4
近付く,誘う,0.871781,5
総,オール,0.979198,1
総,全,0.967075,2
総,団,0.95701,3
総,長,0.955459,4
総,集,0.954553,5
歩,走,0.98921,1
歩,歩く,0.987558,2
歩,歩む,0.986496,3
歩,歩行,0.982543,4
歩,踏む,0.9817,5
がん,癌,0.959409,1
がん,がんがん,0.95537,2
がん,腫瘍,0.938265,3
がん,疾病,0.896917,4
がん,疾患,0.892326,5
外国,海外,0.953147,1
外国,向こう,0.915608,2
外国,社外,0.904373,3
外国,他社,0.891885,4
外国,外部,0.885169,5
巻く,捲る,0.97183,1
巻く,繰る,0.957698,2
巻く,洗い,0.95109,3
巻く,摘み,0.949986,4
巻く,畳む,0.947724,5
促進,リーディング,0.959129,1
促進,陽性,0.951994,2
促進,サポーター,0.94937,3
促進,すすめ,0.949158,4
促進,貢献,0.948563,5
リーダー,指導者,0.976527,1
リーダー,主力,0.959813,2
リーダー,主役,0.953409,3
リーダー,リーダーシップ,0.949979,4
リーダー,リーディング,0.946295,5
手入れ,洗面,0.961693,1
手入れ,練習,0.956509,2
手入れ,施術,0.95575,3
手入れ,習う,0.95108,4
手入れ,洗顔,0.950466,5
丸で,円やか,0.986944,1
丸で,丸,0.960571,2
丸で,平,0.951698,3
丸で,方,0.950454,4
丸で,節,0.949072,5
イタリア,スペイン,0.989098,1
イタリア,フランス,0.974788,2
イタリア,カリフォルニア,0.953885,3
イタリア,タイ,0.948027,4
イタリア,ギリシャ,0.940096,5
テープ,ビニール,0.935665,1
テープ,スタンプ,0.935011,2
テープ,ダイヤル,0.933811,3
テープ,ワゴン,0.921854,4
テープ,クリップ,0.921745,5
上位,トップ,0.980385,1
上位,高,0.979918,2
上位,高め,0.967109,3
上位,最,0.965831,4
上位,高等,0.959893,5
付近,近く,0.98043,1
付近,近隣,0.979743,2
付近,近辺,0.974848,3
付近,隣接,0.972104,4
付近,近所,0.956498,5
ゆったり,まったり,0.980877,1
ゆったり,のんびり,0.980115,2
ゆったり,柔らかい,0.963552,3
ゆったり,ゆとり,0.962359,4
ゆったり,穏やか,0.962258,5
無し,不在,0.973733,1
無し,無,0.967985,2
無し,無い,0.965413,3
無し,零,0.956737,4
無し,不用,0.94187,5
美,褒美,0.962077,1
美,奇麗,0.953253,2
美,ビューティー,0.946042,3
美,美品,0.937136,4
美,素敵,0.92373,5
フルーツ,果物,0.999172,1
フルーツ,果実,0.983959,2
フルーツ,梨,0.971542,3
フルーツ,メロン,0.966884,4
フルーツ,葡萄,0.963763,5
遺産,王,0.920905,1
遺産,伝統,0.917483,2
遺産,老舗,0.91727,3
遺産,伝統的,0.903398,4
遺産,オーク,0.90303,5
絵本,アンパンマン,0.892154,1
絵本,イラスト,0.890367,2
絵本,コミックス,0.877638,3
絵本,漫画,0.861902,4
絵本,ワンピース,0.859083,5
承る,ふく,0.975195,1
承る,寄る,0.974807,2
承る,齎す,0.970705,3
承る,宛て,0.970028,4
承る,こそ,0.969398,5
手伝い,助け,0.986825,1
手伝い,手伝う,0.986752,2
手伝い,助ける,0.984991,3
手伝い,助かる,0.967259,4
手伝い,援助,0.963398,5
呼吸,腕,0.957723,1
呼吸,食べる,0.952625,2
呼吸,歩,0.950156,3
呼吸,ハンド,0.949962,4
呼吸,頭,0.949294,5
ポケモン,プリキュア,0.916807,1
ポケモン,アニメ,0.904859,2
ポケモン,エンターテインメント,0.899349,3
ポケモン,エンタメ,0.892058,4
ポケモン,ディズニー,0.887715,5
事態,情勢,0.902352,1
事態,あらゆる,0.872926,2
事態,景気,0.869121,3
事態,時代,0.867004,4
事態,月曜,0.86022,5
一生,生涯,0.969253,1
一生,ライフ,0.953624,2
一生,記憶,0.940358,3
一生,命,0.935024,4
一生,生きる,0.930408,5
開業,開通,0.958937,1
開業,リリース,0.948076,2
開業,開店,0.940609,3
開業,発売,0.940269,4
開業,開設,0.931561,5
替える,付ける,0.968219,1
替える,取り,0.961729,2
替える,遣る,0.959749,3
替える,引き取る,0.954307,4
替える,取る,0.953622,5
設ける,適用,0.974514,1
設ける,パート,0.973923,2
設ける,定める,0.96879,3
設ける,組み込む,0.967464,4
設ける,by,0.966909,5
オーナー,持ち,0.971764,1
オーナー,所有者,0.962751,2
オーナー,ミスター,0.960115,3
オーナー,納得,0.952136,4
オーナー,帳,0.95174,5
風景,景観,0.977536,1
風景,景色,0.975121,2
風景,天,0.949493,3
風景,ランド,0.944656,4
風景,アース,0.941934,5
アレンジ,生成,0.94994,1
アレンジ,考案,0.932407,2
アレンジ,作り出す,0.930738,3
アレンジ,造形,0.925883,4
アレンジ,造,0.923271,5
cm,指定,0.969675,1
cm,パート,0.966396,2
cm,mm,0.961461,3
cm,付,0.958537,4
cm,レート,0.95757,5
トレード,貿易,0.958982,1
トレード,経営,0.944482,2
トレード,物流,0.938039,3
トレード,取引所,0.936243,4
トレード,ビジネス,0.934792,5
控える,課する,0.938782,1
控える,終える,0.935862,2
控える,扱う,0.932989,3
控える,ステップ,0.929666,4
控える,取り扱い,0.929017,5
厳選,純正,0.924846,1
厳選,健全,0.914966,2
厳選,良質,0.910141,3
厳選,立派,0.908306,4
厳選,きっちり,0.901881,5
小物,小さめ,0.964153,1
小物,スモール,0.963474,2
小物,少額,0.959106,3
小物,小,0.956386,4
小物,小さな,0.954702,5
痩せる,減量,0.948451,1
痩せる,持ち歩く,0.91778,2
痩せる,持ち運び,0.89643,3
痩せる,痩せ,0.893019,4
痩せる,節約,0.886932,5
窓口,カウンター,0.973999,1
窓口,入り口,0.959719,2
窓口,歩道,0.947802,3
窓口,番号,0.945664,4
窓口,置き場,0.945484,5
物質,材質,0.964384,1
物質,材料,0.957701,2
物質,形,0.956451,3
物質,物,0.954229,4
物質,素材,0.946932,5
航空,飛行機,0.977734,1
航空,フライト,0.94414,2
航空,取引所,0.942693,3
航空,建設,0.940366,4
航空,サーバー,0.937009,5
取り付け,ルート,0.948436,1
取り付け,登記,0.936879,2
取り付け,レジ,0.93142,3
取り付け,設置,0.930461,4
取り付け,課,0.929456,5
ストア,ドック,0.942804,1
ストア,ルート,0.942057,2
ストア,カタログ,0.940994,3
ストア,テンプレート,0.93938,4
ストア,名簿,0.938408,5
延長,効果,0.96022,1
延長,増やす,0.955803,2
延長,ロング,0.955403,3
延長,獲得,0.950283,4
延長,遂に,0.950009,5
どういう,どちら,0.975032,1
どういう,どう,0.973318,2
どういう,各,0.97194,3
どういう,ふ,0.970811,4
どういう,どなた,0.967546,5
吸収,左手,0.959165,1
吸収,部位,0.957351,2
吸収,乾く,0.953687,3
吸収,足,0.953077,4
吸収,ブレス,0.946824,5
キット,グッズ,0.944575,1
キット,カード,0.937587,2
キット,ラッピング,0.934498,3
キット,カート,0.932963,4
キット,キャップ,0.930542,5
決して,閉鎖,0.907956,1
決して,あく,0.889259,2
決して,隔離,0.886632,3
決して,固まり,0.88176,4
決して,黒い,0.873436,5
聞こえる,聞く,0.970288,1
聞こえる,声,0.968998,2
聞こえる,立つ,0.964505,3
聞こえる,見る,0.962675,4
聞こえる,見,0.955958,5
断る,剥がす,0.919941,1
断る,離れる,0.915995,2
断る,断,0.901289,3
断る,断つ,0.89989,4
断る,離脱,0.897327,5
現金,現金化,0.887913,1
現金,財布,0.884926,2
現金,換金,0.856343,3
現金,キー,0.847802,4
現金,ウォレット,0.840703,5
勝利,勝ち,0.985777,1
勝利,勝つ,0.973577,2
勝利,勝,0.965292,3
勝利,優勝,0.954453,4
勝利,すすめ,0.950329,5
宣言,堂,0.946741,1
宣言,引用,0.941574,2
宣言,要領,0.941405,3
宣言,証,0.937936,4
宣言,歴,0.937634,5
主催,主催者,0.987589,1
主催,PR,0.962734,2
主催,商,0.958479,3
主催,司会,0.95773,4
主催,商工,0.949752,5
適する,適合,0.98559,1
適する,適切,0.973915,2
適する,備わる,0.967353,3
適する,適当,0.96613,4
適する,意義,0.965232,5
翌日,翌朝,0.977001,1
翌日,半年,0.960973,2
翌日,乗せる,0.960385,3
翌日,受け取り,0.957485,4
翌日,申し込む,0.957226,5
わくわく,楽しみ,0.929312,1
わくわく,楽しい,0.9158,2
わくわく,陽気,0.914414,3
わくわく,喜び,0.912752,4
わくわく,熱愛,0.910365,5
欠かす,見逃す,0.922973,1
欠かす,負う,0.906762,2
欠かす,あー,0.904499,3
欠かす,ううん,0.902112,4
欠かす,なんて,0.898639,5
交渉,就労,0.914338,1
交渉,商談,0.911145,2
交渉,営業,0.895271,3
交渉,通信,0.89489,4
交渉,議論,0.893639,5
整体,全体,0.980427,1
整体,全部,0.975985,2
整体,全体的,0.972562,3
整体,中央,0.957322,4
整体,分布,0.957113,5
新宿,梅田,0.969671,1
新宿,上海,0.967169,2
新宿,東京都,0.96572,3
新宿,六本木,0.964172,4
新宿,大阪市,0.962258,5
謎,未知,0.854875,1
謎,不思議,0.739898,2
謎,奇妙,0.727154,3
謎,逆転,0.641869,4
謎,不明,0.633316,5
I,o,0.977501,1
I,ii,0.969323,2
I,乙,0.968066,3
I,n,0.965613,4
I,д,0.964386,5
CD,DVD,0.959539,1
CD,鞄,0.942908,2
CD,刻印,0.942001,3
CD,キャビネット,0.938767,4
CD,錠,0.933918,5
眠る,眠り,0.977085,1
眠る,寝る,0.969427,2
眠る,就寝,0.964819,3
眠る,睡眠,0.964799,4
眠る,休む,0.944381,5
ど,す,0.977601,1
ど,な,0.97116,2
ど,どっち,0.959362,3
ど,さ,0.954332,4
ど,ば,0.950218,5
発言,我々,0.961501,1
発言,講じる,0.960199,2
発言,話,0.959088,3
発言,シナリオ,0.956404,4
発言,参加者,0.953129,5
出版,プレゼンテーション,0.969047,1
出版,プレゼン,0.967944,2
出版,刊行,0.962115,3
出版,事業所,0.95629,4
出版,新聞,0.956135,5
保湿,洗顔,0.955122,1
保湿,ストレッチ,0.948809,2
保湿,清潔,0.945911,3
保湿,セルフケア,0.942077,4
保湿,洗面,0.938305,5
すむ,おく,0.966834,1
すむ,さ,0.960589,2
すむ,ねん,0.96025,3
すむ,うち,0.956628,4
すむ,し,0.954009,5
表記,欄,0.986565,1
表記,記載,0.983596,2
表記,項目,0.980302,3
表記,値,0.977104,4
表記,成分,0.975602,5
世の中,世界中,0.94823,1
世の中,世間,0.938701,2
世の中,世紀,0.93448,3
世の中,世界的,0.929538,4
世の中,時代,0.921006,5
結論,著,0.9825,1
結論,根拠,0.976457,2
結論,表示,0.976352,3
結論,判明,0.974743,4
結論,表明,0.974544,5
苺,林檎,0.974681,1
苺,梨,0.96935,2
苺,果物,0.968557,3
苺,ベリー,0.963811,4
苺,フルーツ,0.962197,5
癒す,癒し,0.967145,1
癒す,回復,0.956942,2
癒す,治癒,0.945847,3
癒す,養生,0.940294,4
癒す,ヒーリング,0.938082,5
代行,発送,0.957998,1
代行,代理,0.955566,2
代行,発注,0.947516,3
代行,注文,0.944801,4
代行,インストール,0.943559,5
がる,アレ,0.984484,1
がる,マチ,0.980227,2
がる,かく,0.97966,3
がる,イン,0.976667,4
がる,け,0.9763,5
職業,職,0.960567,1
職業,就労,0.951639,2
職業,就業,0.950485,3
職業,プランニング,0.949433,4
職業,テクニック,0.938743,5
児童,小児,0.973185,1
児童,児,0.971954,2
児童,子供,0.971258,3
児童,チャイルド,0.962962,4
児童,幼児,0.950062,5
狭い,アンダー,0.914888,1
狭い,省略,0.908539,2
狭い,縮毛,0.907203,3
狭い,少ない,0.903205,4
狭い,少,0.901208,5
具合,扱い,0.973108,1
具合,我が,0.967026,2
具合,待遇,0.958716,3
具合,うち,0.954875,4
具合,我,0.953001,5
膝,肩,0.982343,1
膝,腰,0.980821,2
膝,手足,0.974912,3
膝,腕,0.972947,4
膝,肘,0.968711,5
やさしい,優しい,0.982794,1
やさしい,柔らかい,0.949518,2
やさしい,和らげる,0.945684,3
やさしい,穏やか,0.943809,4
やさしい,柔らか,0.942993,5
サラダ,ヨーグルト,0.954358,1
サラダ,果汁,0.953715,2
サラダ,レタス,0.947829,3
サラダ,ブルーベリー,0.942483,4
サラダ,スイカ,0.940632,5
フォト,写真,0.973277,1
フォト,画像,0.971847,2
フォト,商品,0.94591,3
フォト,品目,0.937842,4
フォト,ページ,0.937793,5
彼れ,他,0.976744,1
彼れ,彼,0.972953,2
彼れ,一方,0.97052,3
彼れ,其れ,0.967845,4
彼れ,し,0.963423,5
登山,ダイビング,0.904377,1
登山,トレッキング,0.867661,2
登山,スキー,0.834336,3
登山,空手,0.822891,4
登山,スノーボード,0.789712,5
家電,テレビ,0.963788,1
家電,TV,0.955441,2
家電,時計,0.954743,3
家電,家具,0.945284,4
家電,家屋,0.939684,5
もん,ね,0.991226,1
もん,たま,0.975524,2
もん,ぽん,0.965446,3
もん,む,0.958192,4
もん,つ,0.956426,5
育児,子育て,0.98363,1
育児,養護,0.922611,2
育児,ケア,0.922604,3
育児,妊活,0.922235,4
育児,カウンセリング,0.91068,5
多,多く,0.97525,1
多,拡張,0.967079,2
多,多分,0.967071,3
多,大半,0.954411,4
多,後編,0.953784,5
確率,偏差値,0.847322,1
確率,現時点,0.821704,2
確率,数カ月,0.812423,3
確率,液体,0.80513,4
確率,距離,0.802765,5
インチ,リットル,0.950405,1
インチ,税別,0.938411,2
インチ,分量,0.937753,3
インチ,税抜き,0.937693,4
インチ,ピン,0.929053,5
アプローチ,活動,0.970562,1
アプローチ,作用,0.965605,2
アプローチ,行う,0.965599,3
アプローチ,如何に,0.965485,4
アプローチ,使用,0.962903,5
再開,誘導,0.950524,1
再開,出場,0.943849,2
再開,乗り,0.939161,3
再開,通す,0.936382,4
再開,進める,0.934175,5
注意点,納める,0.954114,1
注意点,回数,0.949379,2
注意点,払い,0.93773,3
注意点,訂正,0.936795,4
注意点,毎回,0.934628,5
チョコ,チョコレート,0.991063,1
チョコ,ショコラ,0.958697,2
チョコ,菓子,0.942869,3
チョコ,スイーツ,0.930949,4
チョコ,ケーキ,0.922512,5
オール,総,0.979198,1
オール,全,0.978889,2
オール,集,0.962819,3
オール,長,0.96166,4
オール,団,0.956434,5
候補,可,0.958549,1
候補,選,0.957681,2
候補,どれ,0.95664,3
候補,u,0.954059,4
候補,q,0.953863,5
ヨーガ,養生,0.971372,1
ヨーガ,ヒーリング,0.958924,2
ヨーガ,ヘルシー,0.953002,3
ヨーガ,健やか,0.951442,4
ヨーガ,セルフケア,0.947689,5
日時,年代,0.983484,1
日時,年月日,0.967539,2
日時,位置,0.96617,3
日時,時間帯,0.965318,4
日時,時刻,0.96312,5
助ける,助け,0.994225,1
助ける,手伝う,0.99415,2
助ける,手伝い,0.984991,3
助ける,助かる,0.977968,4
助ける,支援,0.977843,5
内側,内部,0.976167,1
内側,インナー,0.967979,2
内側,以内,0.957884,3
内側,平気,0.957377,4
内側,暮らす,0.95423,5
消す,取り除く,0.961675,1
消す,削除,0.952226,2
消す,除去,0.937899,3
消す,撤去,0.931767,4
消す,消去,0.925063,5
信用,クレジット,0.982655,1
信用,保証,0.944701,2
信用,搭載,0.94171,3
信用,財,0.933526,4
信用,給与,0.932604,5
後ろ,後方,0.968942,1
後ろ,辺り,0.944749,2
後ろ,不問,0.94243,3
後ろ,残す,0.939305,4
後ろ,背面,0.937531,5
腰痛,頭痛,0.914079,1
腰痛,ぎっくり腰,0.879797,2
腰痛,症状,0.878272,3
腰痛,風邪,0.878236,4
腰痛,疲れ,0.85087,5
図る,描く,0.941213,1
図る,組む,0.937196,2
図る,写る,0.935502,3
図る,書く,0.931165,4
図る,書き,0.926305,5
当該,NG,0.982566,1
当該,当,0.981906,2
当該,当方,0.98154,3
当該,此の,0.980303,4
当該,ル,0.980214,5
スカート,シュー,0.966647,1
スカート,弁当,0.96649,2
スカート,シャツ,0.966335,3
スカート,杯,0.963892,4
スカート,ブラウス,0.9614,5
実家,自家,0.961505,1
実家,お家,0.957143,2
実家,祖母,0.954189,3
実家,馴染み,0.953491,4
実家,家,0.952047,5
ロード,乗り,0.942864,1
ロード,供給,0.92905,2
ロード,運行,0.928529,3
ロード,上陸,0.925196,4
ロード,路線,0.923506,5
洗浄,クレンジング,0.973689,1
洗浄,清掃,0.96509,2
洗浄,クリーニング,0.960486,3
洗浄,洗う,0.953368,4
洗浄,茹でる,0.933816,5
シール,錠,0.950173,1
シール,シーリング,0.946433,2
シール,包,0.945511,3
シール,箱,0.942727,4
シール,枠,0.94021,5
フォロー,加入,0.974259,1
フォロー,メンバー,0.962241,2
フォロー,会,0.957521,3
フォロー,使用,0.956871,4
フォロー,用,0.954652,5
寿司,ヨーグルト,0.904363,1
寿司,果汁,0.90377,2
寿司,ジュース,0.900775,3
寿司,サラダ,0.88643,4
寿司,ミルク,0.88589,5
立,格,0.97221,1
立,階,0.971216,2
立,直,0.96699,3
立,ストレート,0.965166,4
立,立て,0.963909,5
貴重,黄金,0.93274,1
貴重,ゴールド,0.905514,2
貴重,ルビー,0.890286,3
貴重,プラチナ,0.887167,4
貴重,ダイヤモンド,0.880834,5
外科,医院,0.919075,1
外科,病院,0.910725,2
外科,製薬,0.898899,3
外科,サーバー,0.898023,4
外科,医療機関,0.894295,5
泣く,泣き,0.994988,1
泣く,涙,0.936112,2
泣く,心配,0.935449,3
泣く,悩ます,0.91758,4
泣く,悩む,0.901755,5
拠点,インデックス,0.968708,1
拠点,クラス,0.964491,2
拠点,ボード,0.961985,3
拠点,レポート,0.956907,4
拠点,年版,0.955388,5
包む,備わる,0.970283,1
包む,材,0.962044,2
包む,含める,0.958401,3
包む,十分,0.956797,4
包む,品,0.95508,5
入院,病棟,0.840046,1
入院,慰謝料,0.829218,2
入院,相続税,0.816853,3
入院,火葬,0.816576,4
入院,車検,0.803023,5
km,路面,0.945719,1
km,容量,0.945018,2
km,キロ,0.944355,3
km,一括,0.941934,4
km,ドック,0.941186,5
端末,ヘッドホン,0.962425,1
端末,携帯,0.959247,2
端末,イヤホン,0.958043,3
端末,マウスピース,0.950088,4
端末,カート,0.94221,5
はい,いえる,0.981219,1
はい,ええ,0.967698,2
はい,当然,0.945823,3
はい,OK,0.944766,4
はい,届く,0.943288,5
所謂,諸,0.972096,1
所謂,何事,0.971523,2
所謂,係,0.968135,3
所謂,誰,0.964242,4
所謂,此の,0.963314,5
成る可く,成る,0.938738,1
成る可く,成る程,0.916169,2
成る可く,可成,0.914467,3
成る可く,ネーティブ,0.911565,4
成る可く,表現,0.905929,5
ID,ホルダー,0.965322,1
ID,住所,0.957654,2
ID,包,0.955982,3
ID,月給,0.95483,4
ID,残高,0.951918,5
ミルク,牛乳,0.99206,1
ミルク,ヨーグルト,0.959291,2
ミルク,フルーツ,0.955045,3
ミルク,野菜,0.953951,4
ミルク,果物,0.952687,5
免許,登記,0.967145,1
免許,ライセンス,0.945567,2
免許,券,0.944286,3
免許,ゲージ,0.927652,4
免許,申請書,0.927019,5
在宅,宅,0.934605,1
在宅,帰宅,0.908596,2
在宅,一杯,0.905699,3
在宅,就寝,0.904895,4
在宅,独り暮らし,0.899218,5
上司,部長,0.954521,1
上司,社長,0.946861,2
上司,権限,0.927897,3
上司,主任,0.925525,4
上司,市長,0.923134,5
カウンター,窓口,0.973999,1
カウンター,レジ,0.968775,2
カウンター,番号,0.96673,3
カウンター,配列,0.958445,4
カウンター,パーキング,0.956749,5
蓋,席,0.977265,1
蓋,柄,0.972604,2
蓋,盆,0.960999,3
蓋,籠,0.957055,4
蓋,戸,0.95703,5
証券,通貨,0.922528,1
証券,API,0.921855,2
証券,財政,0.918366,3
証券,経営,0.917609,4
証券,トレード,0.911668,5
規制,条例,0.954189,1
規制,行政,0.953235,2
規制,ポリシー,0.937839,3
規制,規程,0.931193,4
規制,内閣,0.926685,5
母親,お母さん,0.992244,1
母親,ママ,0.98832,2
母親,マザー,0.986112,3
母親,母,0.98451,4
母親,母さん,0.977942,5
毛,あご,0.956369,1
毛,腹,0.95268,2
毛,鼻,0.947268,3
毛,脇,0.940237,4
毛,ネック,0.935285,5
以来,年々,0.963387,1
以来,翌,0.961359,2
以来,連日,0.950137,3
以来,毎,0.948366,4
以来,時,0.947845,5
掴む,噛む,0.947408,1
掴む,打つ,0.943718,2
掴む,運ぶ,0.941006,3
掴む,握る,0.940514,4
掴む,捉える,0.937764,5
たまる,里,0.958124,1
たまる,こく,0.947092,2
たまる,桁,0.946861,3
たまる,たり,0.940183,4
たまる,頂く,0.938605,5
勝手,勝手に,0.974692,1
勝手,無断,0.897174,2
勝手,破る,0.894463,3
勝手,無理,0.889348,4
勝手,不当,0.886176,5
埼玉,埼玉県,0.995434,1
埼玉,千葉,0.992401,2
埼玉,兵庫県,0.990099,3
埼玉,千葉県,0.988347,4
埼玉,福岡県,0.985257,5
大幅,大いに,0.953772,1
大幅,非常,0.92969,2
大幅,最大限,0.900697,3
大幅,ピーク,0.890723,4
大幅,超,0.887649,5
述べる,説明,0.988402,1
述べる,回答,0.987454,2
述べる,答え,0.986735,3
述べる,記述,0.986093,4
述べる,文,0.985703,5
トーク,票,0.942863,1
トーク,オーダー,0.942561,2
トーク,チケット,0.932047,3
トーク,ご利用,0.929174,4
トーク,ポイント,0.928639,5
許す,治る,0.968819,1
許す,信じる,0.962433,2
許す,受け入れる,0.960146,3
許す,携わる,0.958722,4
許す,なれる,0.958269,5
委員会,部会,0.967601,1
委員会,運営,0.962968,2
委員会,業者,0.961916,3
委員会,自治体,0.961701,4
委員会,施策,0.951122,5
立場,スタンス,0.970177,1
立場,当事者,0.969808,2
立場,身,0.964038,3
立場,当事,0.958084,4
立場,姿,0.957622,5
先程,さっき,0.976519,1
先程,前回,0.961244,2
先程,今迄,0.945814,3
先程,返し,0.943624,4
先程,片方,0.943386,5
規約,規程,0.985133,1
規約,法定,0.961823,2
規約,条例,0.956853,3
規約,規定,0.954739,4
規約,公式,0.954492,5
揃える,整う,0.970532,1
揃える,定める,0.964063,2
揃える,揃う,0.960076,3
揃える,準ずる,0.959644,4
揃える,取り揃える,0.958661,5
配布,ミーティング,0.960108,1
配布,転載,0.956865,2
配布,出店,0.956721,3
配布,開催,0.954764,4
配布,掲載,0.954306,5
ロボット,人工,0.828144,1
ロボット,AI,0.79565,2
ロボット,IT,0.793288,3
ロボット,サーバー,0.793049,4
ロボット,衛星,0.783087,5
パスワード,ビザ,0.856399,1
パスワード,賃金,0.856214,2
パスワード,荷物,0.853736,3
パスワード,送金,0.846898,4
パスワード,財布,0.845958,5
個性,精神,0.924346,1
個性,性格,0.918402,2
個性,生涯,0.918065,3
個性,人格,0.917329,4
個性,マインド,0.911099,5
望む,経る,0.968886,1
望む,気付く,0.967002,2
望む,見なす,0.96627,3
望む,取る,0.961014,4
望む,浸る,0.958994,5
船,運輸,0.885219,1
船,列車,0.877905,2
船,機械,0.874803,3
船,機,0.873638,4
船,机,0.867024,5
玉,シルク,0.947755,1
玉,ダイヤ,0.946742,2
玉,錦,0.928378,3
玉,アイボリー,0.926903,4
玉,水晶,0.92556,5
衝撃,ショック,0.968353,1
衝撃,破壊,0.93025,2
衝撃,過酷,0.92925,3
衝撃,襲う,0.927684,4
衝撃,パニック,0.920282,5
プール,カフェ,0.916835,1
プール,ホテル,0.912168,2
プール,喫茶店,0.90971,3
プール,ショップ,0.909173,4
プール,サロン,0.906916,5
育つ,育む,0.966654,1
育つ,培う,0.96218,2
育つ,信じる,0.954998,3
育つ,育てる,0.954824,4
育つ,養う,0.954211,5
義務,責任者,0.924125,1
義務,権,0.909604,2
義務,従業,0.909443,3
義務,約束,0.906115,4
義務,必須,0.902082,5
当初,前期,0.961054,1
当初,一先ず,0.935909,2
当初,凡そ,0.92822,3
当初,先ず,0.927303,4
当初,前回,0.926237,5
ソファー,ラウンジ,0.978533,1
ソファー,リビング,0.955261,2
ソファー,洋服,0.930103,3
ソファー,衣装,0.927484,4
ソファー,服装,0.926006,5
音声,ボイス,0.970078,1
音声,音源,0.948583,2
音声,音響,0.94302,3
音声,サウンド,0.94115,4
音声,乗る,0.931428,5
想定,見方,0.930484,1
想定,選び,0.92459,2
想定,選ぶ,0.923222,3
想定,思う,0.922562,4
想定,各自,0.920817,5
武器,銃,0.968359,1
武器,兵器,0.943306,2
武器,刀,0.859919,3
武器,注射,0.841466,4
武器,ナイフ,0.833185,5
申し訳,認める,0.936466,1
申し訳,受け取る,0.926379,2
申し訳,さようなら,0.922833,3
申し訳,頼む,0.920977,4
申し訳,受ける,0.920047,5
ガーデン,庭園,0.987705,1
ガーデン,農園,0.972735,2
ガーデン,ヒーリング,0.952119,3
ガーデン,ガーデニング,0.949825,4
ガーデン,園芸,0.942629,5
激しい,急激,0.950561,1
激しい,強烈,0.896483,2
激しい,急増,0.890086,3
激しい,突入,0.870287,4
激しい,急,0.85955,5
取材,ヒアリング,0.969474,1
取材,打ち合わせ,0.966912,2
取材,視察,0.963172,3
取材,調査,0.952528,4
取材,行事,0.942069,5
政策,行政,0.941295,1
政策,ポリシー,0.936309,2
政策,自治体,0.936075,3
政策,内閣,0.935585,4
政策,制度,0.924391,5
相,度,0.969667,1
相,像,0.969628,2
相,系,0.967307,3
相,類,0.96544,4
相,指,0.964499,5
ニーズ,個人,0.969785,1
ニーズ,ボディー,0.964189,2
ニーズ,需要,0.962334,3
ニーズ,体調,0.961964,4
ニーズ,携わる,0.961884,5
花火,派手,0.74758,1
花火,ラッシュ,0.731426,2
花火,弾ける,0.716841,3
花火,飛ぶ,0.693281,4
花火,過言,0.689433,5
進行,引き続く,0.9648,1
進行,作用,0.96039,2
進行,活動,0.959581,3
進行,遂げる,0.957704,4
進行,遂行,0.957,5
連れる,繋げる,0.973553,1
連れる,届け,0.960515,2
連れる,談,0.956907,3
連れる,取り込む,0.953855,4
連れる,繋ぐ,0.951112,5
熟す,朝御飯,0.942528,1
熟す,寄る,0.939005,2
熟す,産,0.938037,3
熟す,帰り,0.937495,4
熟す,込める,0.936999,5
寄る,承る,0.974807,1
寄る,おば,0.971365,2
寄る,込める,0.96999,3
寄る,寄り,0.967625,4
寄る,齎す,0.966022,5
筋,雄,0.942357,1
筋,到頭,0.941228,2
筋,ガチ,0.93891,3
筋,当たり,0.935468,4
筋,貫く,0.934255,5
形状,本数,0.968457,1
形状,面積,0.96647,2
形状,材料,0.966173,3
形状,材質,0.959924,4
形状,数,0.955783,5
景色,景観,0.981917,1
景色,風景,0.975121,2
景色,光景,0.949874,3
景色,平野,0.933538,4
景色,ランド,0.925762,5
コンセプト,テーマ,0.962792,1
コンセプト,トピック,0.95417,2
コンセプト,コンテンツ,0.953999,3
コンセプト,包括,0.9513,4
コンセプト,主題,0.945424,5
機種,デバイス,0.967361,1
機種,装備,0.954396,2
機種,装置,0.944122,3
機種,モニター,0.942915,4
機種,プリンター,0.938949,5
化学,捜査,0.903331,1
化学,サイエンス,0.892687,2
化学,理科,0.884916,3
化学,科学,0.87512,4
化学,戦略,0.873051,5
泊,置き,0.957374,1
泊,戸,0.955624,2
泊,たてる,0.951093,3
泊,舎,0.949384,4
泊,盆,0.948982,5
タップ,開閉,0.921645,1
タップ,切り替える,0.916758,2
タップ,ハンドル,0.902592,3
タップ,切り替え,0.89863,4
タップ,クリック,0.894007,5
運,上回る,0.959794,1
運,上る,0.939227,2
運,上り,0.938792,3
運,上げ,0.937146,4
運,到頭,0.93579,5
ドライブ,運転,0.941478,1
ドライブ,駆動,0.938404,2
ドライブ,ライド,0.909209,3
ドライブ,ズーム,0.906371,4
ドライブ,速度,0.902918,5
ニット,編み,0.94092,1
ニット,和室,0.9065,2
ニット,編む,0.895464,3
ニット,庭,0.879722,4
ニット,セーター,0.879305,5
唯一,特有,0.874149,1
唯一,珍しい,0.841778,2
唯一,独特,0.814097,3
唯一,ユニーク,0.775588,4
唯一,独自,0.767561,5
銘柄,ユーロ,0.946098,1
銘柄,本部,0.938764,2
銘柄,(株),0.93687,3
銘柄,設立,0.93125,4
銘柄,スペック,0.926305,5
結ぶ,締める,0.970497,1
結ぶ,パス,0.970127,2
結ぶ,立て,0.967805,3
結ぶ,輪,0.962904,4
結ぶ,接着,0.96016,5
分割,何度,0.921596,1
分割,分ける,0.920635,2
分割,入れ替え,0.908748,3
分割,向き,0.905253,4
分割,距離,0.903356,5
月額,車中,0.941524,1
月額,登録,0.938964,2
月額,月給,0.938048,3
月額,ID,0.934719,4
月額,グッズ,0.929282,5
堂,校,0.960954,1
堂,域,0.959534,2
堂,ドメイン,0.955391,3
堂,行成,0.951247,4
堂,当院,0.95038,5
結婚式,ウェディング,0.99249,1
結婚式,婚姻,0.937005,2
結婚式,結婚,0.927128,3
結婚式,ブライダル,0.921593,4
結婚式,婚,0.891591,5
講演,講座,0.984691,1
講演,本学,0.972233,2
講演,講演会,0.96878,3
講演,記事,0.962252,4
講演,発表,0.95958,5
引用,要領,0.965474,1
引用,収録,0.962811,2
引用,ルール,0.959004,3
引用,見本,0.956076,4
引用,参考,0.954773,5
疾患,疾病,0.993832,1
疾患,病気,0.978377,2
疾患,病,0.973771,3
疾患,損害,0.9378,4
疾患,怪我,0.934511,5
装着,持ち,0.972679,1
装着,ステータス,0.967325,2
装着,掛ける,0.965091,3
装着,ウェア,0.963171,4
装着,着用,0.962716,5
看板,暦,0.941878,1
看板,ポータル,0.940708,2
看板,指標,0.936391,3
看板,勤務地,0.934765,4
看板,会議室,0.933385,5
クッション,枕,0.981608,1
クッション,絨毯,0.954135,2
クッション,ソープ,0.953826,3
クッション,パジャマ,0.95136,4
クッション,タオル,0.946071,5
輝く,輝き,0.980134,1
輝く,見事,0.937858,2
輝く,素晴らしい,0.937495,3
輝く,抜群,0.918689,4
輝く,絶賛,0.913635,5
遣り方,使い方,0.96616,1
遣り方,扱う,0.964664,2
遣り方,取り扱い,0.963117,3
遣り方,用いる,0.962812,4
遣り方,使い,0.959283,5
目茶,べし,0.929024,1
目茶,もん,0.90257,2
目茶,たま,0.902104,3
目茶,ぽん,0.899462,4
目茶,さえ,0.889331,5
俳優,役者,0.979382,1
俳優,女優,0.961721,2
俳優,歌手,0.934099,3
俳優,ワークショップ,0.921445,4
俳優,中野,0.904574,5
我が,我,0.988676,1
我が,自,0.97682,2
我が,僕,0.974561,3
我が,私,0.968739,4
我が,具合,0.967026,5
主人,飼い主,0.987886,1
主人,旦那,0.976601,2
主人,パパ,0.970923,3
主人,頼る,0.968834,4
主人,姉,0.968807,5
階段,ワイヤ,0.937027,1
階段,管,0.929526,2
階段,番号,0.925157,3
階段,期限,0.92153,4
階段,コンセント,0.920435,5
ブラシ,手帳,0.951902,1
ブラシ,ペン,0.945315,2
ブラシ,シューズ,0.939694,3
ブラシ,筆,0.93718,4
ブラシ,バックパック,0.935986,5
経る,経つ,0.980995,1
経る,望む,0.968886,2
経る,浸かる,0.956408,3
経る,見なす,0.954135,4
経る,あご,0.953534,5
近年,ソーシャル,0.928255,1
近年,今後,0.884614,2
近年,昨今,0.882306,3
近年,連動,0.88216,4
近年,動向,0.872285,5
繊維,ファブリック,0.939788,1
繊維,座,0.936584,2
繊維,具材,0.936473,3
繊維,布,0.934054,4
繊維,膜,0.933922,5
同意,カスタマー,0.956983,1
同意,返信,0.954726,2
同意,レビュー,0.954479,3
同意,使い,0.954124,4
同意,承認,0.952944,5
リゾート,スイート,0.928799,1
リゾート,花嫁,0.916983,2
リゾート,ブライダル,0.908668,3
リゾート,賞,0.899575,4
リゾート,望ましい,0.897099,5
トマト,ココナッツ,0.969311,1
トマト,鶏肉,0.962676,2
トマト,バナナ,0.96209,3
トマト,ジャガ芋,0.961989,4
トマト,ライス,0.95852,5
ギター,楽器,0.937322,1
ギター,厨房,0.88583,2
ギター,ipad,0.881352,3
ギター,物作り,0.879195,4
ギター,製菓,0.874413,5
一言,たとえ,0.931069,1
一言,アイ,0.931005,2
一言,問,0.930785,3
一言,一々,0.929425,4
一言,置く,0.928601,5
半年,今日は,0.966598,1
半年,今朝,0.961736,2
半年,一日,0.961217,3
半年,翌日,0.960973,4
半年,日々,0.960896,5
社内,ケース,0.960935,1
社内,レギュラー,0.95233,2
社内,員,0.951495,3
社内,在籍,0.948545,4
社内,所定,0.948128,5
女優,俳優,0.961721,1
女優,役者,0.94405,2
女優,歌手,0.929461,3
女優,神戸市,0.929424,4
女優,中野,0.923766,5
ヘッド,目,0.972329,1
ヘッド,ボディー,0.968742,2
ヘッド,目線,0.966109,3
ヘッド,額,0.961909,4
ヘッド,眉,0.961146,5
節約,貸す,0.920587,1
節約,持参,0.91975,2
節約,クライアント,0.918995,3
節約,省く,0.91785,4
節約,持ち運び,0.917033,5
雑貨,ソックス,0.946225,1
雑貨,パッド,0.93602,2
雑貨,袋,0.931547,3
雑貨,靴下,0.927179,4
雑貨,ハット,0.925422,5
入社,採用,0.936062,1
入社,申し出,0.930672,2
入社,従業,0.929761,3
入社,入学,0.929626,4
入社,適用,0.929617,5
コミュニティー,協力,0.94912,1
コミュニティー,チーム,0.945735,2
コミュニティー,協働,0.944919,3
コミュニティー,協同,0.941024,4
コミュニティー,コラボレーション,0.936825,5
サンプル,分量,0.951205,1
サンプル,箇所,0.947414,2
サンプル,一面,0.941489,3
サンプル,リットル,0.939698,4
サンプル,ワン,0.934462,5
工業,工場,0.980499,1
工業,産業,0.967871,2
工業,製造業,0.966188,3
工業,レーダー,0.934587,4
工業,ファクトリー,0.922876,5
細い,微,0.966983,1
細い,薄い,0.962919,2
細い,一寸,0.947668,3
細い,少し,0.947045,4
細い,些細,0.946589,5
今月,明日,0.978576,1
今月,今朝,0.966756,2
今月,先月,0.966271,3
今月,本日,0.966073,4
今月,今週,0.965379,5
流行,流行る,0.974821,1
流行,フェス,0.919474,2
流行,人気,0.915155,3
流行,トレンド,0.915125,4
流行,フェスタ,0.911342,5
生む,上る,0.937318,1
生む,信じる,0.933284,2
生む,育つ,0.931296,3
生む,見込む,0.925693,4
生む,前走,0.920256,5
従来,保守,0.967046,1
従来,古,0.954494,2
従来,伝統的,0.936149,3
従来,古く,0.93072,4
従来,アナログ,0.929915,5
復活,出世,0.881501,1
復活,意気,0.844933,2
復活,スピリチュアル,0.829594,3
復活,修行,0.806478,4
復活,信仰,0.801969,5
助かる,助け,0.981407,1
助かる,助ける,0.977968,2
助かる,手伝う,0.96731,3
助かる,手伝い,0.967259,4
助かる,勧める,0.966187,5
医学,医科,0.984091,1
医学,医療,0.97797,2
医学,医,0.962342,3
医学,メディカル,0.934546,4
医学,顧問,0.930283,5
宅配,宅急便,0.942796,1
宅配,フォルダー,0.940563,2
宅配,収納,0.935243,3
宅配,月給,0.932977,4
宅配,アパート,0.931475,5
ショー,演出,0.967048,1
ショー,芸能,0.951536,2
ショー,コンサート,0.944075,3
ショー,公演,0.938878,4
ショー,芝居,0.927821,5
教授,インストラクター,0.988468,1
教授,教員,0.982895,2
教授,講師,0.982524,3
教授,教師,0.982243,4
教授,教,0.956448,5
厚生,福祉,0.952112,1
厚生,福利,0.92624,2
厚生,定番,0.921877,3
厚生,園,0.916104,4
厚生,持続,0.916039,5
橋,大橋,0.986503,1
橋,レール,0.96147,2
橋,ブリッジ,0.957409,3
橋,建物,0.954514,4
橋,施設,0.950136,5
作り方,手順,0.937936,1
作り方,レッスン,0.934834,2
作り方,工務店,0.929756,3
作り方,実務,0.928112,4
作り方,翻訳,0.927892,5
放置,置く,0.972049,1
放置,受信,0.971989,2
放置,名義,0.969723,3
放置,対象,0.966577,4
放置,一層,0.96586,5
マイナス,負,0.977099,1
マイナス,否定,0.964617,2
マイナス,不,0.962536,3
マイナス,不能,0.95847,4
マイナス,陰性,0.952068,5
劇場,シアター,0.994707,1
劇場,舞台,0.966741,2
劇場,劇,0.9489,3
劇場,演劇,0.948492,4
劇場,劇団,0.947369,5
身長,本名,0.969852,1
身長,年齢,0.964082,2
身長,部位,0.955622,3
身長,袖,0.954643,4
身長,持ち主,0.945363,5
前日,昨日,0.951618,1
前日,さっき,0.941446,2
前日,先日,0.929838,3
前日,先程,0.924933,4
前日,前年,0.923683,5
訓練,トレーニング,0.986515,1
訓練,稽古,0.951022,2
訓練,トレーナー,0.945793,3
訓練,対策,0.939121,4
訓練,機能性,0.934088,5
ねた,侭,0.94508,1
ねた,思い込み,0.888951,2
ねた,誘い,0.866856,3
ねた,偏る,0.863318,4
ねた,言い訳,0.862466,5
優秀,優れる,0.969052,1
優秀,偉い,0.960013,2
優秀,最善,0.955735,3
優秀,達人,0.949647,4
優秀,一流,0.9454,5
すら,ぼ,0.969823,1
すら,うー,0.950689,2
すら,ぉ,0.947586,3
すら,どころ,0.945515,4
すら,ぁ,0.944901,5
競馬,競艇,0.787166,1
競馬,オークション,0.778828,2
競馬,都心,0.77126,3
競馬,ラリー,0.769495,4
競馬,新年,0.760155,5
少女,女の子,0.968711,1
少女,ガールズ,0.960683,2
少女,ガール,0.960206,3
少女,小顔,0.914977,4
少女,キャット,0.913558,5
仮想,バーチャル,0.957848,1
仮想,新設,0.732301,2
仮想,プラグイン,0.691779,3
仮想,特設,0.691018,4
仮想,NFT,0.678961,5
漸と,タレ,0.972845,1
漸と,択,0.971376,2
漸と,圭,0.968503,3
漸と,猶,0.966142,4
漸と,け,0.964323,5
む,ず,0.990573,1
む,ば,0.990305,2
む,つ,0.985335,3
む,しょう,0.984183,4
む,ひ,0.978793,5
チェア,椅子,0.995444,1
チェア,デスク,0.982936,2
チェア,座席,0.982628,3
チェア,カップ,0.970641,4
チェア,ボトル,0.969718,5
割合,比率,0.977295,1
割合,比例,0.948024,2
割合,平均,0.942518,3
割合,数量,0.938366,4
割合,時点,0.933508,5
コーデ,スレ,0.959425,1
コーデ,aga,0.955401,2
コーデ,メート,0.955173,3
コーデ,д,0.95247,4
コーデ,費,0.95214,5
積極的,積極,0.986317,1
積極的,活躍,0.968995,2
積極的,活躍中,0.955853,3
積極的,アクティブ,0.952234,4
積極的,熱心,0.946548,5
モンスター,怪獣,0.954837,1
モンスター,魔王,0.910257,2
モンスター,爆発,0.897659,3
モンスター,荒れる,0.896351,4
モンスター,最悪,0.87587,5
ペース,ステップ,0.973401,1
ペース,バランス,0.967561,2
ペース,基調,0.960077,3
ペース,はかる,0.959681,4
ペース,履く,0.959525,5
休業,終了,0.962857,1
休業,閉店,0.951754,2
休業,停止,0.934954,3
休業,停,0.925112,4
休業,待機,0.922201,5
ゴール,実績,0.927695,1
ゴール,得点,0.911426,2
ゴール,使命,0.911143,3
ゴール,当選,0.909554,4
ゴール,採択,0.907953,5
家事,覚える,0.938063,1
家事,思い出す,0.931671,2
家事,家計,0.929542,3
家事,対処,0.927892,4
家事,片付け,0.9162,5
万,九,0.945939,1
万,大,0.94107,2
万,太,0.940634,3
万,数十,0.938932,4
万,数百,0.93757,5
国家,国,0.950597,1
国家,連邦,0.941753,2
国家,国際,0.920309,3
国家,インターナショナル,0.919344,4
国家,組織,0.919168,5
もと,被せる,0.967806,1
もと,事前,0.965261,2
もと,先ず,0.964658,3
もと,一先ず,0.96326,4
もと,おく,0.959802,5
ラジオ,道具,0.830256,1
ラジオ,エプロン,0.826637,2
ラジオ,レコーダー,0.820405,3
ラジオ,電球,0.818689,4
ラジオ,スタンプ,0.814976,5
看護師,ナース,0.982614,1
看護師,看護,0.969187,2
看護師,保育士,0.937743,3
看護師,教師,0.936568,4
看護師,医者,0.934305,5
演じる,連載,0.92459,1
演じる,演奏,0.919591,2
演じる,営む,0.907866,3
演じる,発信,0.906452,4
演じる,出演,0.902002,5
振り込み,返送,0.943805,1
振り込み,投与,0.937185,2
振り込み,後払い,0.935975,3
振り込み,払い,0.935038,4
振り込み,交通費,0.925445,5
変動,変わり,0.905392,1
変動,変わる,0.896678,2
変動,移る,0.890941,3
変動,揺れる,0.87608,4
変動,滑る,0.86499,5
タブレット,ipad,0.974192,1
タブレット,パソコン,0.952209,2
タブレット,PC,0.948389,3
タブレット,レンタカー,0.918524,4
タブレット,航空券,0.917301,5
保有,保つ,0.985243,1
保有,儲かる,0.963829,2
保有,保持,0.963548,3
保有,定着,0.961745,4
保有,プロパティー,0.95987,5
饂飩,呉れる,0.80797,1
饂飩,張り付ける,0.777798,2
饂飩,ブルゾン,0.777093,3
饂飩,太い,0.766646,4
饂飩,太る,0.754288,5
梱包,包装,0.974367,1
梱包,フォルダー,0.96578,2
梱包,プリント,0.964692,3
梱包,備品,0.95595,4
梱包,座席,0.949807,5
建てる,制作,0.956605,1
建てる,製作,0.948848,2
建てる,ビルド,0.946341,3
建てる,プランナー,0.933822,4
建てる,エディター,0.928765,5
頭皮,生理,0.951653,1
頭皮,腰,0.951317,2
頭皮,腹,0.945853,3
頭皮,肉体,0.941689,4
頭皮,膝,0.941555,5
イギリス,英国,0.997205,1
イギリス,ドイツ,0.96865,2
イギリス,欧州,0.964203,3
イギリス,ヨーロッパ,0.961962,4
イギリス,ジャパン,0.959413,5
学会,学ぶ,0.975391,1
学会,学び,0.970983,2
学会,学習,0.958549,3
学会,生きる,0.957697,4
学会,習う,0.955571,5
江戸,歴史的,0.92185,1
江戸,古代,0.90667,2
江戸,徳川,0.88988,3
江戸,歴史,0.864675,4
江戸,王国,0.863066,5
未満,欠ける,0.966219,1
未満,不足,0.965053,2
未満,低下,0.96043,3
未満,弱,0.960047,4
未満,最低,0.959243,5
スペシャル,特別,0.919002,1
スペシャル,特製,0.890277,2
スペシャル,極上,0.855837,3
スペシャル,スタイリッシュ,0.840723,4
スペシャル,豪華,0.84035,5
キャッシュ,キャッシング,0.973267,1
キャッシュ,計算,0.921778,2
キャッシュ,データ,0.919047,3
キャッシュ,配送,0.914063,4
キャッシュ,ナビ,0.913011,5
積む,累計,0.94874,1
積む,集める,0.94799,2
積む,継ぐ,0.947941,3
積む,遂に,0.940903,4
積む,預ける,0.940804,5
誇る,たか,0.912212,1
誇る,誇り,0.906049,2
誇る,昇格,0.903514,3
誇る,プライド,0.901871,4
誇る,マックス,0.89943,5
代金,許可,0.97348,1
代金,計上,0.97187,2
代金,内訳,0.964514,3
代金,チェック,0.963641,4
代金,ユニット,0.962775,5
徐々,漸く,0.978803,1
徐々,平気,0.966909,2
徐々,メス,0.946954,3
徐々,もと,0.943141,4
徐々,容赦,0.941915,5
報道,新聞,0.984455,1
報道,ニュース,0.978903,2
報道,会議,0.963818,3
報道,プレゼン,0.9636,4
報道,広報,0.95196,5
棚,箱,0.971471,1
棚,ドア,0.966082,2
棚,置き場,0.963164,3
棚,ボックス,0.961031,4
棚,瓶,0.958185,5
絞る,絞り,0.9543,1
絞る,絞り込む,0.950345,2
絞る,削る,0.9275,3
絞る,切り,0.912243,4
絞る,抜く,0.90728,5
爽やか,きらきら,0.894428,1
爽やか,明るい,0.89158,2
爽やか,ジューシー,0.886228,3
爽やか,香る,0.878291,4
爽やか,遊,0.869433,5
アーチスト,ミュージシャン,0.894169,1
アーチスト,歌手,0.874293,2
アーチスト,生み出す,0.855439,3
アーチスト,作家,0.851901,4
アーチスト,シェフ,0.851026,5
残業,借金,0.898035,1
残業,債務,0.891903,2
残業,解雇,0.877497,3
残業,水漏れ,0.826687,4
残業,注射,0.819322,5
筋トレ,フィットネス,0.869463,1
筋トレ,トレーニング,0.857364,2
筋トレ,筋力,0.84727,3
筋トレ,がっつり,0.847123,4
筋トレ,生産性,0.8397,5
生命,人間,0.924252,1
生命,心臓,0.917,2
生命,ライフ,0.912099,3
生命,人,0.909706,4
生命,生きる,0.909448,5
思い出す,覚える,0.963108,1
思い出す,振り返る,0.961253,2
思い出す,考え,0.957955,3
思い出す,考える,0.954685,4
思い出す,思考,0.952562,5
週末,楽しむ,0.938152,1
週末,レジャー,0.935177,2
週末,自在,0.934432,3
週末,幸せ,0.926335,4
週末,レクリエーション,0.925701,5
対,ブラ,0.978649,1
対,こう,0.971036,2
対,此の,0.970408,3
対,にて,0.97006,4
対,令,0.968063,5
形成,連続,0.970038,1
形成,収束,0.957078,2
形成,シーン,0.947264,3
形成,状況,0.947047,4
形成,実際,0.946763,5
キー,鍵,0.979163,1
キー,錠,0.948504,2
キー,持ち手,0.944763,3
キー,ベルト,0.942212,4
キー,包,0.939609,5
使い,用いる,0.987841,1
使い,ユース,0.986038,2
使い,使う,0.977383,3
使い,使い道,0.973346,4
使い,使い方,0.971681,5
未経験,弱,0.939772,1
未経験,弱い,0.934015,2
未経験,アンダー,0.92814,3
未経験,未,0.92186,4
未経験,未満,0.917828,5
ネックレス,ペンダント,0.96939,1
ネックレス,指輪,0.954343,2
ネックレス,ブレスレット,0.948338,3
ネックレス,アクセサリー,0.938377,4
ネックレス,イヤリング,0.9281,5
改正,改訂,0.962992,1
改正,分配,0.957368,2
改正,検定,0.954697,3
改正,転載,0.952781,4
改正,措置,0.949651,5
単純,簡単,0.982651,1
単純,シンプル,0.978947,2
単純,簡易,0.95362,3
単純,基本的,0.950915,4
単純,ベーシック,0.94846,5
ワークショップ,コラボ,0.947813,1
ワークショップ,セミナー,0.938622,2
ワークショップ,交流会,0.931791,3
ワークショップ,コラボレーション,0.930629,4
ワークショップ,ツアー,0.925722,5
観察,観測,0.9802,1
観察,尋ねる,0.964122,2
観察,見る,0.963413,3
観察,読み取る,0.956956,4
観察,問い,0.953381,5
フィット,改善,0.947987,1
フィット,獲得,0.947801,2
フィット,健,0.943235,3
フィット,解決,0.942121,4
フィット,能,0.941072,5
アパート,宿泊,0.96352,1
アパート,住宅,0.960452,2
アパート,デスク,0.958808,3
アパート,ルーム,0.95662,4
アパート,住居,0.956384,5
アルバム,コレクション,0.924565,1
アルバム,雑誌,0.919638,2
アルバム,マガジン,0.919452,3
アルバム,書籍,0.913432,4
アルバム,写真集,0.912872,5
我々,事,0.964903,1
我々,談,0.963583,2
我々,様子,0.96352,3
我々,一同,0.962901,4
我々,発言,0.961501,5
間違う,間違える,0.979958,1
間違う,誤る,0.978252,2
間違う,間違い,0.965696,3
間違う,誤解,0.960737,4
間違う,漏れる,0.949187,5
返信,返答,0.9797,1
返信,員,0.978626,2
返信,取り扱う,0.978147,3
返信,デイリー,0.967845,4
返信,勤める,0.966993,5
警察,警備,0.949345,1
警察,施行,0.925098,2
警察,部隊,0.924466,3
警察,自衛隊,0.917135,4
警察,プロバイダー,0.912581,5
両親,姉妹,0.98212,1
両親,親族,0.980184,2
両親,配偶者,0.976349,3
両親,夫婦,0.975366,4
両親,家庭,0.974572,5
新鮮,フレッシュ,0.984573,1
新鮮,瑞々しい,0.951301,2
新鮮,鮮度,0.929035,3
新鮮,グリーン,0.929014,4
新鮮,サーモン,0.913213,5
亡くなる,死ぬ,0.954114,1
亡くなる,後遺,0.941348,2
亡くなる,死,0.94132,3
亡くなる,断念,0.930318,4
亡くなる,枯れる,0.923167,5
明治,業界,0.899414,1
明治,大正,0.898954,2
明治,連盟,0.893806,3
明治,自民党,0.892275,4
明治,指揮,0.891627,5
上品,洗練,0.942268,1
上品,上質,0.931929,2
上品,望ましい,0.925362,3
上品,ファイン,0.915176,4
上品,立派,0.910816,5
逃げる,逃す,0.95728,1
逃げる,落とす,0.879372,2
逃げる,剥がす,0.874509,3
逃げる,揺れる,0.874183,4
逃げる,急ぐ,0.869171,5
デッキ,トート,0.934717,1
デッキ,名入れ,0.930679,2
デッキ,トレー,0.928408,3
デッキ,PIC,0.927071,4
デッキ,ラップ,0.926484,5
兄弟,親戚,0.972386,1
兄弟,姉妹,0.96722,2
兄弟,頼る,0.96665,3
兄弟,息子,0.963764,4
兄弟,両親,0.962496,5
具体,具体的,0.985232,1
具体,記述,0.982229,2
具体,文,0.981457,3
具体,実,0.979819,4
具体,題,0.979621,5
必見,主流,0.964095,1
必見,主役,0.957373,2
必見,主演,0.955693,3
必見,特集,0.950586,4
必見,統一,0.933555,5
風味,味わい,0.952519,1
風味,フレーバー,0.952129,2
風味,味わう,0.941316,3
風味,香り,0.939575,4
風味,味,0.926802,5
教師,教授,0.982243,1
教師,教員,0.976998,2
教師,インストラクター,0.976596,3
教師,講師,0.976373,4
教師,教,0.955038,5
清掃,掃除,0.980251,1
清掃,クリーニング,0.977495,2
清掃,洗浄,0.96509,3
清掃,洗う,0.9492,4
清掃,洗濯,0.942609,5
競技,試合,0.945771,1
競技,トーナメント,0.944583,2
競技,選手権,0.933037,3
競技,パフォーマンス,0.917834,4
競技,決勝,0.916894,5
寧ろ,オフライン,0.928156,1
寧ろ,残る,0.919753,2
寧ろ,後方,0.918302,3
寧ろ,別々,0.913187,4
寧ろ,未使用,0.912168,5
林檎,苺,0.974681,1
林檎,梨,0.971166,2
林檎,柚子,0.966102,3
林檎,果物,0.960851,4
林檎,ナッツ,0.960269,5
疲れ,疲労,0.987181,1
疲れ,疲れる,0.970137,2
疲れ,後悔,0.939661,3
疲れ,悔しい,0.938763,4
疲れ,しんどい,0.937406,5
紅葉,紫陽花,0.938838,1
紅葉,夕日,0.935356,2
紅葉,桜,0.92158,3
紅葉,和風,0.8956,4
紅葉,虹,0.884163,5
嫌い,嫌う,0.981607,1
嫌い,不満,0.961078,2
嫌い,辛い,0.948498,3
嫌い,苦しい,0.942402,4
嫌い,痛い,0.93998,5
下りる,下る,0.974521,1
下りる,下回る,0.962809,2
下りる,下ろす,0.95944,3
下りる,吸う,0.949785,4
下りる,返る,0.949225,5
仮,一時,0.861623,1
仮,迚も,0.859116,2
仮,ドロップ,0.829381,3
仮,未定,0.820141,4
仮,一時的,0.82004,5
参加者,参加,0.976938,1
参加者,講じる,0.961359,2
参加者,通う,0.959136,3
参加者,発言,0.953129,4
参加者,喋る,0.952264,5
収穫,農林,0.946215,1
収穫,朝日,0.937169,2
収穫,昼,0.929266,3
収穫,農業,0.924191,4
収穫,農場,0.92194,5
マルチ,多,0.9476,1
マルチ,組合,0.942213,2
マルチ,拡張,0.931947,3
マルチ,複合,0.913358,4
マルチ,数多く,0.91249,5
(株),上場,0.960631,1
(株),プロバイダー,0.957148,2
(株),株式会社,0.946006,3
(株),西武,0.945116,4
(株),本部,0.944844,5
夏休み,楽しむ,0.91329,1
夏休み,楽しみ,0.910718,2
夏休み,週末,0.908917,3
夏休み,サマー,0.901244,4
夏休み,陽気,0.891125,5
御菓子,和菓子,0.937902,1
御菓子,御馳走,0.89619,2
御菓子,キャラメル,0.885724,3
御菓子,プリンセス,0.883238,4
御菓子,タルト,0.881529,5
本格,本格的,0.981999,1
本格,安田,0.954356,2
本格,伊藤,0.951126,3
本格,堂々,0.938173,4
本格,王,0.9349,5
輸入,入力,0.985286,1
輸入,エントリー,0.980805,2
輸入,記入,0.978709,3
輸入,インプット,0.976782,4
輸入,添付,0.971288,5
ホルモン,神経,0.912439,1
ホルモン,代謝,0.900629,2
ホルモン,心理,0.87894,3
ホルモン,認知,0.869188,4
ホルモン,腸内,0.86842,5
ロゴ,大橋,0.915726,1
ロゴ,ポスター,0.91211,2
ロゴ,橋,0.912008,3
ロゴ,パネル,0.907436,4
ロゴ,板金,0.906892,5
ドア,扉,0.99269,1
ドア,門,0.986677,2
ドア,テーブル,0.97828,3
ドア,ベンチ,0.977819,4
ドア,箱,0.968807,5
トリートメント,施術,0.969333,1
トリートメント,メーク,0.943281,2
トリートメント,アフター,0.929453,3
トリートメント,育成,0.928902,4
トリートメント,養成,0.924418,5
透明,白色,0.957684,1
透明,白い,0.929556,2
透明,白,0.90131,3
透明,真っ白,0.899243,4
透明,透明感,0.89898,5
遣り取り,然し,0.892996,1
遣り取り,処分,0.89149,2
遣り取り,参る,0.877938,3
遣り取り,但し,0.869611,4
遣り取り,申し立て,0.868175,5
おめでとう,祝,0.961132,1
おめでとう,祝福,0.957262,2
おめでとう,祝う,0.956166,3
おめでとう,嬉しい,0.952352,4
おめでとう,好き,0.950536,5
Wi-Fi,ブラウザ,0.92658,1
Wi-Fi,ワイヤレス,0.915354,2
Wi-Fi,電気,0.913697,3
Wi-Fi,通貨,0.900169,4
Wi-Fi,デリバリー,0.89861,5
レモン,柚子,0.953696,1
レモン,苺,0.952213,2
レモン,葱,0.948644,3
レモン,林檎,0.936438,4
レモン,ごま,0.932981,5
デザイナー,クリエーター,0.945228,1
デザイナー,考案,0.924724,2
デザイナー,作曲,0.914425,3
デザイナー,イラストレーター,0.913961,4
デザイナー,アトリエ,0.912097,5
鏡,ミラー,0.947741,1
鏡,窓,0.936685,2
鏡,冊,0.930438,3
鏡,シート,0.929719,4
鏡,グラス,0.926297,5
炎,焼ける,0.959944,1
炎,火災,0.944682,2
炎,炎症,0.919716,3
炎,刺さる,0.919128,4
炎,襲う,0.915834,5
キロ,エリア,0.96084,1
キロ,容量,0.958743,2
キロ,ライン,0.94873,3
キロ,ゾーン,0.948122,4
キロ,ルート,0.946709,5
方式,如何,0.972165,1
方式,如何に,0.966145,2
方式,関連,0.960617,3
方式,アプローチ,0.95969,4
方式,事例,0.958852,5
電池,バッテリー,0.957391,1
電池,端末,0.916208,2
電池,ボタン,0.913559,3
電池,ダウンロード,0.90984,4
電池,ペダル,0.902224,5
回線,管,0.94174,1
回線,区画,0.938331,2
回線,記号,0.937629,3
回線,瓦,0.935264,4
回線,サイン,0.927358,5
プレート,エリア,0.961125,1
プレート,領域,0.959257,2
プレート,フロア,0.95723,3
プレート,地,0.9569,4
プレート,プレース,0.952669,5
仕上げ,仕上げる,0.944132,1
仕上げ,仕上がり,0.936588,2
仕上げ,仕上がる,0.931911,3
仕上げ,UI,0.92831,4
仕上げ,品質,0.921297,5
オリンピック,五輪,0.946266,1
オリンピック,選手権,0.927413,2
オリンピック,大阪市,0.91522,3
オリンピック,上海,0.914846,4
オリンピック,ジャニーズ,0.913222,5
返金,払い戻し,0.975021,1
返金,返品,0.964419,2
返金,返却,0.962081,3
返金,返送,0.953494,4
返金,返礼,0.947012,5
案,式,0.980987,1
案,題,0.980893,2
案,実,0.980666,3
案,類,0.980373,4
案,主に,0.980328,5
ランク,一式,0.946235,1
ランク,等級,0.943447,2
ランク,号,0.9375,3
ランク,インデックス,0.937404,4
ランク,グレード,0.937072,5
ティー,茶,0.963295,1
ティー,紅茶,0.961866,2
ティー,温水,0.954801,3
ティー,湯,0.954657,4
ティー,仲良く,0.95123,5
純正,厳選,0.924846,1
純正,本物,0.909254,2
純正,純粋,0.899655,3
純正,ピュア,0.885178,4
純正,正当,0.868676,5
軸,ルート,0.953449,1
軸,決まり,0.950218,2
軸,締め,0.949261,3
軸,直線,0.94874,4
軸,柱,0.948496,5
職,機能,0.974037,1
職,働き,0.973153,2
職,ワーク,0.97026,3
職,講習,0.964737,4
職,実務,0.962611,5
フィルム,建築,0.908868,1
フィルム,マガジン,0.900561,2
フィルム,著作,0.897721,3
フィルム,グラフィック,0.892467,4
フィルム,ギャラリー,0.882765,5
涙,泣く,0.936112,1
涙,泣き,0.914506,2
涙,感じ,0.899289,3
涙,気付き,0.898429,4
涙,思い付く,0.897486,5
指示,計,0.95946,1
指示,識別,0.959225,2
指示,明記,0.954921,3
指示,明示,0.953452,4
指示,get,0.952752,5
比較的,比較,0.929342,1
比較的,ほぼ,0.917073,2
比較的,比,0.912569,3
比較的,約,0.894244,4
比較的,区分,0.891694,5
い,げ,0.993767,1
い,ひ,0.991481,2
い,ぐ,0.990867,3
い,め,0.990328,4
い,じ,0.988497,5
ダイヤモンド,プラチナ,0.968316,1
ダイヤモンド,宝石,0.91501,2
ダイヤモンド,ルビー,0.908005,3
ダイヤモンド,黄金,0.894327,4
ダイヤモンド,貴重,0.880834,5
っ,おー,0.956905,1
っ,ぉ,0.952662,2
っ,ぁ,0.942503,3
っ,って,0.941233,4
っ,ぇ,0.930662,5
眺める,経つ,0.951501,1
眺める,居る,0.939044,2
眺める,吸収,0.93791,3
眺める,部位,0.93623,4
眺める,背中,0.932599,5
えー,って,0.962491,1
えー,ん,0.961411,2
えー,ぉ,0.959434,3
えー,ぇ,0.933535,4
えー,うー,0.927579,5
軍,海軍,0.956625,1
軍,ミリタリー,0.948223,2
軍,戦力,0.944279,3
軍,米軍,0.937207,4
軍,艦,0.93683,5
開封,出発,0.934687,1
開封,開ける,0.933488,2
開封,捲る,0.928059,3
開封,採取,0.924917,4
開封,注ぐ,0.921285,5
提示,回答,0.989153,1
提示,説明,0.988361,2
提示,答え,0.984425,3
提示,題する,0.979988,4
提示,述べる,0.979335,5
贅沢,豪華,0.934946,1
贅沢,ラグジュアリー,0.918584,2
贅沢,VIP,0.86339,3
贅沢,高額,0.826785,4
贅沢,特別,0.806039,5
インド,インドネシア,0.960548,1
インド,アジア,0.960364,2
インド,トルコ,0.951976,3
インド,中国,0.932388,4
インド,ベトナム,0.927882,5
リニューアル,リフォーム,0.957984,1
リニューアル,DX,0.955123,2
リニューアル,開発,0.938678,3
リニューアル,NET,0.937982,4
リニューアル,ビルド,0.930868,5
配慮,仲間,0.96662,1
配慮,尊重,0.96615,2
配慮,同伴,0.961949,3
配慮,尊敬,0.960923,4
配慮,ケア,0.960278,5
保育園,小学校,0.942217,1
保育園,中学校,0.920306,2
保育園,幼稚園,0.916639,3
保育園,喫茶店,0.913682,4
保育園,カフェ,0.913409,5
如何に,如何,0.986906,1
如何に,方式,0.966145,2
如何に,アプローチ,0.965485,3
如何に,使用,0.962166,4
如何に,ユース,0.953068,5
新潟,新潟県,0.994641,1
新潟,長野,0.984694,2
新潟,富山,0.97412,3
新潟,長野県,0.972827,4
新潟,石川県,0.971902,5
戦い,バトル,0.960302,1
戦い,戦,0.929325,2
戦い,合戦,0.928132,3
戦い,戦闘,0.919506,4
戦い,ウォーズ,0.910601,5
TOP,GT,0.984047,1
TOP,トップ,0.977168,2
TOP,MT,0.966914,3
TOP,VS,0.966647,4
TOP,MAX,0.965772,5
静か,休止,0.949646,1
静か,ゆっくり,0.942288,2
静か,そっと,0.915917,3
静か,スロー,0.910531,4
静か,よる,0.901422,5
予測,追跡,0.942497,1
予測,検索,0.929953,2
予測,求人,0.925296,3
予測,ジョブ,0.924942,4
予測,算出,0.921495,5
値下げ,値引き,0.935046,1
値下げ,激安,0.896759,2
値下げ,安値,0.896212,3
値下げ,特価,0.873793,4
値下げ,分間,0.872593,5
特化,専用,0.887941,1
特化,専任,0.85237,2
特化,専属,0.850747,3
特化,精密,0.83916,4
特化,厳選,0.831124,5
豪華,ラグジュアリー,0.971638,1
豪華,贅沢,0.934946,2
豪華,VIP,0.923886,3
豪華,プレミアム,0.919926,4
豪華,極上,0.897199,5
レンジ,取得,0.943004,1
レンジ,get,0.941028,2
レンジ,ボリューム,0.938001,3
レンジ,レート,0.935436,4
レンジ,付,0.933822,5
其方,幾,0.987415,1
其方,にて,0.980475,2
其方,ブラン,0.979047,3
其方,当該,0.976807,4
其方,ル,0.976753,5
遅れる,遅れ,0.95555,1
遅れる,がっかり,0.947614,2
遅れる,失敗,0.938969,3
遅れる,間違う,0.936905,4
遅れる,間違える,0.936745,5
高齢,年寄り,0.966538,1
高齢,老人,0.963145,2
高齢,高齢者,0.934398,3
高齢,年長,0.899025,4
高齢,老後,0.895358,5
鼻,左手,0.96974,1
鼻,歯茎,0.960691,2
鼻,ネック,0.952604,3
鼻,足首,0.950407,4
鼻,片手,0.949253,5
電力,発電,0.941769,1
電力,エネルギー,0.924268,2
電力,電,0.902279,3
電力,産業,0.89838,4
電力,運輸,0.894973,5
恐れ,恐れる,0.970254,1
恐れ,苦労,0.924028,2
恐れ,疑い,0.92239,3
恐れ,痛める,0.905923,4
恐れ,痛,0.902059,5
不良,悪い,0.989658,1
不良,有害,0.982777,2
不良,損なう,0.967495,3
不良,悪影響,0.963398,4
不良,汚い,0.961201,5
目茶苦茶,散らし,0.861176,1
目茶苦茶,ごろごろ,0.851704,2
目茶苦茶,騒ぐ,0.849466,3
目茶苦茶,ばれる,0.842255,4
目茶苦茶,ぐるぐる,0.829656,5
働き,職,0.973153,1
働き,従事,0.970811,2
働き,タスク,0.961674,3
働き,遂行,0.958804,4
働き,事業主,0.956809,5
証,歴,0.96798,1
証,勿論,0.966883,2
証,確り,0.966017,3
証,章,0.964193,4
証,守,0.954452,5
マネージメント,経営,0.979972,1
マネージメント,ビジネス,0.977955,2
マネージメント,管理,0.974973,3
マネージメント,事業,0.969411,4
マネージメント,職場,0.963173,5
神奈川,神奈川県,0.996989,1
神奈川,愛知,0.985323,2
神奈川,愛知県,0.983037,3
神奈川,神戸,0.976672,4
神奈川,那覇,0.975276,5
フィルター,タブ,0.955952,1
フィルター,ジェル,0.938958,2
フィルター,キャップ,0.937116,3
フィルター,台数,0.934157,4
フィルター,フォルダー,0.932689,5
政治,M&A,0.945241,1
政治,政府,0.940805,2
政治,選挙,0.919663,3
政治,貿易,0.907058,4
政治,経営,0.904715,5
人口,地区,0.944458,1
人口,時代,0.938523,2
人口,区域,0.927823,3
人口,地域,0.92175,4
人口,空間,0.916461,5
務める,従事,0.969064,1
務める,明かす,0.958506,2
務める,用事,0.952941,3
務める,果たす,0.944396,4
務める,伺う,0.944201,5
給料,給与,0.986973,1
給料,賃金,0.982132,2
給料,月給,0.968916,3
給料,年収,0.968071,4
給料,口座,0.96044,5
漸く,徐々,0.978803,1
漸く,本来,0.956278,2
漸く,もと,0.952579,3
漸く,メス,0.947096,4
漸く,由来,0.943606,5
行成,大和,0.961857,1
行成,一体,0.961841,2
行成,級,0.95948,3
行成,首,0.959044,4
行成,団,0.957453,5
作家,文学,0.914093,1
作家,イラストレーター,0.89445,2
作家,デザイナー,0.885466,3
作家,作曲,0.871845,4
作家,作者,0.871023,5
計,ステップ,0.977175,1
計,取得,0.975887,2
計,設ける,0.964618,3
計,適用,0.963916,4
計,組み込む,0.962378,5
近所,近隣,0.98175,1
近所,近郊,0.971571,2
近所,付近,0.956498,3
近所,近辺,0.95241,4
近所,現地,0.949763,5
指摘,報じる,0.938472,1
指摘,通報,0.918188,2
指摘,割り引き,0.909966,3
指摘,渡す,0.902027,4
指摘,尋ねる,0.901277,5
身近,馴染み,0.961038,1
身近,地元,0.953007,2
身近,知人,0.946688,3
身近,日常生活,0.944283,4
身近,手前,0.944052,5
導く,続ける,0.964399,1
導く,率いる,0.964143,2
導く,伝える,0.962907,3
導く,果たす,0.959751,4
導く,配合,0.956861,5
ステンレス,スチール,0.934609,1
ステンレス,SSL,0.933519,2
ステンレス,セラミック,0.923287,3
ステンレス,金属,0.917664,4
ステンレス,チタン,0.916389,5
捲る,巻く,0.97183,1
捲る,開封,0.928059,2
捲る,注ぐ,0.926115,3
捲る,繰る,0.919342,4
捲る,洗い,0.917148,5
本物,持続,0.938722,1
本物,真面目,0.937618,2
本物,本当,0.933273,3
本物,正規,0.931395,4
本物,安定,0.929339,5
果たす,遂げる,0.974798,1
果たす,続ける,0.974584,2
果たす,担う,0.970916,3
果たす,用事,0.969057,4
果たす,能,0.965062,5
小学生,小児,0.954806,1
小学生,キッズ,0.942441,2
小学生,子供達,0.927828,3
小学生,児童,0.923104,4
小学生,少年,0.921308,5
防災,働く,0.928484,1
防災,攻略,0.918362,2
防災,ワーク,0.912243,3
防災,ジョブ,0.90411,4
防災,工作,0.903789,5
起業,創業,0.967284,1
起業,ベンチャー,0.930679,2
起業,起業家,0.929841,3
起業,チャレンジ,0.864411,4
起業,機動,0.848888,5
旬,はる,0.935503,1
旬,潤,0.934455,2
旬,漸と,0.927684,3
旬,和田,0.927482,4
旬,明ける,0.92123,5
施す,改める,0.948946,1
施す,決める,0.946701,2
施す,扱う,0.944752,3
施す,確かめる,0.943393,4
施す,意図,0.941292,5
うー,すら,0.950689,1
うー,ぼ,0.949608,2
うー,ぉ,0.941537,3
うー,ん,0.938634,4
うー,って,0.938053,5
ゴム,ラバー,0.955158,1
ゴム,ジップ,0.922918,2
ゴム,容器,0.906086,3
ゴム,バスケット,0.905884,4
ゴム,番号,0.897273,5
コスメ,化粧品,0.981893,1
コスメ,美容,0.963075,2
コスメ,スタイリング,0.952686,3
コスメ,化粧,0.949636,4
コスメ,エステ,0.91157,5
マシン,機械,0.975352,1
マシン,机,0.964992,2
マシン,機器,0.953843,3
マシン,コントローラー,0.953382,4
マシン,機体,0.953156,5
幾,其方,0.987415,1
幾,ブラン,0.980776,2
幾,ル,0.980702,3
幾,枚,0.979356,4
幾,にて,0.977063,5
変,変わり,0.920021,1
変,移る,0.905758,2
変,分かれる,0.901634,3
変,抜ける,0.893574,4
変,変更,0.884986,5
ビット,バイト,0.951381,1
ビット,バイナリー,0.91571,2
ビット,パケット,0.891546,3
ビット,トークン,0.868584,4
ビット,端子,0.861994,5
本気,重視,0.949582,1
本気,頼り,0.93681,2
本気,承諾,0.935514,3
本気,確信,0.934486,4
本気,守る,0.931466,5
大人気,人気,0.976549,1
大人気,流行る,0.948899,2
大人気,ヒット,0.924315,3
大人気,盛り上がり,0.915744,4
大人気,盛り上げる,0.905571,5
糸,ガーゼ,0.921907,1
糸,畳む,0.908927,2
糸,つ折り,0.904894,3
糸,箇所,0.899539,4
糸,サンプル,0.898411,5
組合,マルチ,0.942213,1
組合,融合,0.930821,2
組合,多,0.922357,3
組合,ブレンド,0.920527,4
組合,拡張,0.904941,5
東北,岩手,0.958579,1
東北,北陸,0.95046,2
東北,岩手県,0.948999,3
東北,秋田,0.948266,4
東北,青森県,0.938595,5
コーディネート,セレクト,0.949946,1
コーディネート,DS,0.946256,2
コーディネート,組み込む,0.945491,3
コーディネート,揃える,0.944257,4
コーディネート,設ける,0.943153,5
繰る,畳む,0.968413,1
繰る,巻く,0.957698,2
繰る,戻る,0.944612,3
繰る,づける,0.939829,4
繰る,回る,0.937209,5
お出掛け,外出,0.972229,1
お出掛け,出掛ける,0.966301,2
お出掛け,顧客,0.961875,3
お出掛け,話し掛ける,0.958949,4
お出掛け,ユース,0.953206,5
ゴミ,ごみ,0.980858,1
ゴミ,廃棄物,0.963524,2
ゴミ,廃車,0.936758,3
ゴミ,廃棄,0.92312,4
ゴミ,無駄,0.915398,5
再度,再び,0.959986,1
再度,再,0.948457,2
再度,引き,0.945932,3
再度,度々,0.93312,4
再度,出し,0.932861,5
複雑,難しい,0.750371,1
複雑,進撃,0.682741,2
複雑,圧倒的,0.672618,3
複雑,難関,0.663824,4
複雑,難い,0.655179,5
フル,長,0.963692,1
フル,ロング,0.963568,2
フル,上,0.962181,3
フル,九,0.958886,4
フル,オール,0.954604,5
馴染む,連れ,0.96006,1
馴染む,知り合い,0.959835,2
馴染む,馴染み,0.958809,3
馴染む,知人,0.958801,4
馴染む,寄り,0.958683,5
集客,イベント,0.948047,1
集客,リリース,0.93774,2
集客,登壇,0.937725,3
集客,出店,0.93418,4
集客,開催中,0.931058,5
ボランティア,寄付,0.904824,1
ボランティア,援助,0.89683,2
ボランティア,協力,0.887688,3
ボランティア,寄与,0.876237,4
ボランティア,貢献,0.871377,5
贈る,見舞い,0.964019,1
贈る,連れ,0.96107,2
贈る,応じる,0.957345,3
贈る,与える,0.954691,4
贈る,任せる,0.951433,5
探偵,指揮,0.853291,1
探偵,技師,0.846186,2
探偵,トレーダー,0.843337,3
探偵,エンジニア,0.841739,4
探偵,研究者,0.839895,5
骨盤,子宮,0.944566,1
骨盤,身体,0.935002,2
骨盤,頭皮,0.931171,3
骨盤,体内,0.926948,4
骨盤,生理,0.924697,5
粉,ハーフ,0.939154,1
粉,さ,0.922847,2
粉,ぃ,0.918613,3
粉,リップ,0.91006,4
粉,す,0.907209,5
需要,ニーズ,0.962334,1
需要,半年,0.958331,2
需要,取る,0.956594,3
需要,翌日,0.95616,4
需要,頼む,0.955784,5
消毒,除菌,0.97615,1
消毒,殺菌,0.972899,2
消毒,抗菌,0.923268,3
消毒,ヘルメット,0.901453,4
消毒,接種,0.888495,5
発達,習得,0.935267,1
発達,関与,0.934234,2
発達,繋がる,0.931837,3
発達,達する,0.931048,4
発達,能力,0.927145,5
収益,利回り,0.955389,1
収益,稼ぎ,0.954623,2
収益,報酬,0.950884,3
収益,業績,0.944019,4
収益,利益,0.938358,5
借金,債務,0.951901,1
借金,残業,0.898035,2
借金,滞納,0.887547,3
借金,解雇,0.876675,4
借金,水漏れ,0.869881,5
選挙,貿易,0.943215,1
選挙,経済,0.922875,2
選挙,市場,0.922703,3
選挙,政治,0.919663,4
選挙,商業,0.919398,5
ノウハウ,専業,0.902735,1
ノウハウ,スペシャリスト,0.899755,2
ノウハウ,知的,0.896057,3
ノウハウ,知育,0.884164,4
ノウハウ,エキスパート,0.88359,5
食感,休み,0.926671,1
食感,過ごす,0.920356,2
食感,質感,0.906345,3
食感,見た目,0.906166,4
食感,身長,0.904627,5
売り,販売,0.971045,1
売り,販売中,0.960734,2
売り,転載,0.957676,3
売り,出店,0.954295,4
売り,売る,0.949093,5
仕上がり,完結,0.962641,1
仕上がり,構造,0.958599,2
仕上がり,構成,0.957039,3
仕上がり,フォルム,0.955385,4
仕上がり,本体,0.953976,5
天,大陸,0.958123,1
天,アース,0.956758,2
天,スカイ,0.950562,3
天,風景,0.949493,4
天,ランド,0.947367,5
ホルダー,存分,0.973512,1
ホルダー,席,0.972649,2
ホルダー,ID,0.965322,3
ホルダー,包,0.964813,4
ホルダー,シート,0.959446,5
上下,側面,0.959364,1
上下,側,0.955014,2
上下,下す,0.950754,3
上下,ロー,0.949293,4
上下,半身,0.948708,5
事業者,施策,0.975168,1
事業者,商売,0.970527,2
事業者,事業,0.965391,3
事業者,プロジェクト,0.961186,4
事業者,業者,0.959934,5
原作,章,0.958886,1
原作,原則,0.947738,2
原作,原理,0.947075,3
原作,証,0.943302,4
原作,堂,0.943299,5
缶,螺子,0.948645,1
缶,番号,0.945787,2
缶,番地,0.94358,3
缶,ランプ,0.943071,4
缶,ZIP,0.942119,5
苦労,痛める,0.94569,1
苦労,痛む,0.938617,2
苦労,後悔,0.928693,3
苦労,苦痛,0.927257,4
苦労,困難,0.924063,5
措置,実施,0.966088,1
措置,改定,0.956045,2
措置,改正,0.949651,3
措置,処理,0.948395,4
措置,送信,0.946522,5
速い,迅速,0.961877,1
速い,速やか,0.938431,2
速い,スピーディー,0.935155,3
速い,速,0.908436,4
速い,アクション,0.899288,5
出来事,発言,0.951347,1
出来事,出来,0.945192,2
出来事,今月,0.938144,3
出来事,下旬,0.937871,4
出来事,去年,0.935076,5
領域,層,0.977817,1
領域,界,0.967183,2
領域,域,0.965289,3
領域,プレート,0.959257,4
領域,水準,0.956308,5
出荷,部署,0.956853,1
出荷,運送,0.954209,2
出荷,仕入れ,0.952796,3
出荷,輸出,0.949287,4
出荷,代理店,0.948361,5
楽器,ギター,0.937322,1
楽器,厨房,0.922698,2
楽器,製菓,0.921162,3
楽器,美容院,0.903383,4
楽器,キッチン,0.903228,5
成す,続き,0.971385,1
成す,g,0.971227,2
成す,作,0.971107,3
成す,化,0.970969,4
成す,JA,0.970846,5
朝食,昼食,0.963845,1
朝食,御飯,0.961729,2
朝食,飯,0.95549,3
朝食,食事,0.952762,4
朝食,帰る,0.952296,5
要因,原因,0.960385,1
要因,因子,0.949603,2
要因,経過,0.94926,3
要因,場合,0.944272,4
要因,事由,0.944112,5
考察,調べる,0.969123,1
考察,視察,0.962956,2
考察,調べ,0.962095,3
考察,解釈,0.954274,4
考察,従事,0.940654,5
職種,社員,0.956685,1
職種,会社員,0.955267,2
職種,職,0.949596,3
職種,論理,0.945795,4
職種,職務,0.945159,5
遠慮,仕方,0.895611,1
遠慮,暫く,0.876348,2
遠慮,やめる,0.874381,3
遠慮,離す,0.871332,4
遠慮,まあ,0.870679,5
倒す,落とす,0.938808,1
倒す,ぶつける,0.927872,2
倒す,割れる,0.921396,3
倒す,割れ,0.916422,4
倒す,落下,0.91498,5
プラスチック,ペットボトル,0.808853,1
プラスチック,ポリエステル,0.775626,2
プラスチック,ケーブル,0.77185,3
プラスチック,ラバー,0.761851,4
プラスチック,ビニール,0.748027,5
in,的,0.971675,1
in,即,0.96888,2
in,多少,0.96467,3
in,条,0.9633,4
in,ご指定,0.961599,5
バター,砂糖,0.957655,1
バター,パン,0.942925,2
バター,チーズ,0.940947,3
バター,サンドイッチ,0.929831,4
バター,糖,0.92563,5
天井,屋根,0.972009,1
天井,壁面,0.970688,2
天井,外壁,0.959955,3
天井,廊下,0.956702,4
天井,ディスク,0.952742,5
主婦,補足,0.911637,1
主婦,カーディガン,0.899569,2
主婦,遣り方,0.898927,3
主婦,御飯,0.893769,4
主婦,世話,0.89225,5
ハート,愛顧,0.95963,1
ハート,ラブ,0.957858,2
ハート,愛する,0.957193,3
ハート,親子,0.955487,4
ハート,幸,0.954474,5
取り付ける,登録,0.96627,1
取り付ける,送付,0.95661,2
取り付ける,注文,0.956607,3
取り付ける,オーダー,0.956486,4
取り付ける,担当者,0.956105,5
死,死亡,0.978871,1
死,死ぬ,0.965919,2
死,死者,0.957877,3
死,デッド,0.944646,4
死,麻痺,0.943276,5
バトル,戦い,0.960302,1
バトル,戦闘,0.954321,2
バトル,合戦,0.918079,3
バトル,ウォーズ,0.91348,4
バトル,格闘,0.88543,5
テント,ワゴン,0.894558,1
テント,仮名,0.886405,2
テント,袋,0.886212,3
テント,テープ,0.88203,4
テント,傘,0.877406,5
約束,承諾,0.959486,1
約束,リード,0.939227,2
約束,必須,0.938199,3
約束,キープ,0.935911,4
約束,授与,0.935841,5
美術,芸術,0.888255,1
美術,アート,0.88799,2
美術,絵画,0.85768,3
美術,文学,0.856363,4
美術,小説,0.826237,5
コスパ,成績,0.921495,1
コスパ,年収,0.907089,2
コスパ,利便性,0.905823,3
コスパ,収入,0.904464,4
コスパ,履歴,0.894785,5
やばい,乱れる,0.913902,1
やばい,乱れ,0.897876,2
やばい,慌てる,0.88969,3
やばい,勝手,0.883763,4
やばい,喧嘩,0.878839,5
田中,佐藤,0.985792,1
田中,木村,0.982495,2
田中,中村,0.980885,3
田中,田村,0.975956,4
田中,山田,0.973309,5
浮気,不倫,0.989705,1
浮気,損なう,0.937281,2
浮気,侵入,0.93471,3
浮気,違反,0.933621,4
浮気,不正,0.926055,5
多様,多岐,0.914129,1
多様,オープン,0.906127,2
多様,多種,0.891064,3
多様,開放,0.883837,4
多様,多様性,0.880135,5
主義,ウエート,0.833392,1
主義,気合い,0.827034,2
主義,耐性,0.806221,3
主義,押さえる,0.795133,4
主義,カープ,0.793657,5
主張,判断,0.979298,1
主張,表明,0.974671,2
主張,示す,0.968081,3
主張,式,0.967083,4
主張,続出,0.965462,5
菌,細菌,0.940701,1
菌,花粉,0.916734,2
菌,虫,0.910809,3
菌,蝦,0.9007,4
菌,鼠,0.899583,5
議員,総理,0.953874,1
議員,首相,0.938237,2
議員,開催,0.937364,3
議員,業種,0.936236,4
議員,市長,0.932473,5
インナー,内側,0.967979,1
インナー,以内,0.967207,2
インナー,個,0.962363,3
インナー,私,0.962204,4
インナー,内部,0.955052,5
走行,走る,0.95392,1
走行,走り,0.948821,2
走行,踏む,0.947441,3
走行,走,0.943172,4
走行,歩む,0.940259,5
ジム,体育館,0.933964,1
ジム,アップデート,0.905345,2
ジム,物販,0.904317,3
ジム,商,0.903334,4
ジム,応用,0.89952,5
静岡,静岡県,0.995256,1
静岡,岐阜県,0.981582,2
静岡,群馬県,0.981334,3
静岡,群馬,0.977457,4
静岡,岐阜,0.97349,5
佐藤,山本,0.98662,1
佐藤,田中,0.985792,2
佐藤,中村,0.982789,3
佐藤,太田,0.980986,4
佐藤,鈴木,0.980403,5
角,コーナー,0.942696,1
角,辺,0.933937,2
角,停,0.9097,3
角,辺り,0.908106,4
角,止め,0.906112,5
滞在,居る,0.972251,1
滞在,留まる,0.971557,2
滞在,暮らす,0.965307,3
滞在,在留,0.963539,4
滞在,収まる,0.962368,5
外出,お出掛け,0.972229,1
外出,出掛ける,0.961248,2
外出,会話,0.953904,3
外出,対話,0.947621,4
外出,顧客,0.943528,5
配達,配送,0.991054,1
配達,発送,0.979289,2
配達,デリバリー,0.976308,3
配達,決済,0.939134,4
配達,代行,0.938769,5
行,パス,0.956509,1
行,お知らせ,0.954563,2
行,一通り,0.953586,3
行,前方,0.953467,4
行,期間中,0.950364,5
数値,数,0.969579,1
数値,日付け,0.966391,2
数値,本数,0.962246,3
数値,寸法,0.958818,4
数値,資材,0.954984,5
セッション,操作,0.96366,1
セッション,タスク,0.961025,2
セッション,作業,0.95329,3
セッション,書き込み,0.948751,4
セッション,発注,0.948639,5
糖質,ポテト,0.941203,1
糖質,ライス,0.940563,2
糖質,鶏肉,0.922957,3
糖質,糖,0.922572,4
糖質,麺,0.92162,5
父親,お父さん,0.996194,1
父親,父さん,0.993371,2
父親,父,0.990146,3
父親,丈夫,0.988676,4
父親,パパ,0.981894,5
只,僅か,0.933267,1
只,単独,0.927078,2
只,つめる,0.908916,3
只,オフライン,0.908596,4
只,未使用,0.903086,5
鳥,フィッシュ,0.896152,1
鳥,小鳥,0.88891,2
鳥,魚,0.881661,3
鳥,泉,0.879354,4
鳥,早い,0.867215,5
専門店,専任,0.895492,1
専門店,保障,0.893076,2
専門店,専業,0.886384,3
専門店,ガイド,0.885825,4
専門店,セーフティー,0.883158,5
ゲット,ピックアップ,0.940565,1
ゲット,打ち,0.911404,2
ゲット,プッシュ,0.91108,3
ゲット,パーカ,0.903047,4
ゲット,キャッチ,0.901844,5
生まれ,出身,0.967407,1
生まれ,持ち主,0.94413,2
生まれ,留まる,0.940683,3
生まれ,相続人,0.934552,4
生まれ,部位,0.931723,5
ミス,ど,0.927694,1
ミス,余,0.918929,2
ミス,あの,0.916981,3
ミス,ぼ,0.912194,4
ミス,いー,0.904617,5
郡,庁,0.94115,1
郡,法定,0.929259,2
郡,回線,0.926401,3
郡,旗,0.912405,4
郡,県,0.908581,5
各地,一般的,0.974372,1
各地,一般,0.9635,2
各地,共通,0.961699,3
各地,通常,0.95621,4
各地,周囲,0.956149,5
特性,特徴,0.989767,1
特性,記述,0.977831,2
特性,性質,0.975933,3
特性,品,0.975867,4
特性,具体,0.974364,5
きつい,過酷,0.939411,1
きつい,傷付ける,0.926177,2
きつい,苦痛,0.925462,3
きつい,トラウマ,0.915758,4
きつい,苛々,0.915694,5
銀座,赤坂,0.973639,1
銀座,新宿,0.951758,2
銀座,六本木,0.947666,3
銀座,パリ,0.943489,4
銀座,早稲田,0.938398,5
住民,概ね,0.965865,1
住民,常,0.964862,2
住民,ノーマル,0.963707,3
住民,普通,0.959356,4
住民,いらっしゃる,0.958038,5
ミニ,小物,0.938353,1
ミニ,小,0.937353,2
ミニ,小型,0.931303,3
ミニ,スモール,0.92799,4
ミニ,短,0.923603,5
数多く,沢山,0.959018,1
数多く,多い,0.947593,2
数多く,拡大,0.945617,3
数多く,多く,0.944817,4
数多く,多,0.935684,5
店頭,販売店,0.976253,1
店頭,店,0.970363,2
店頭,店舗,0.969782,3
店頭,ショップ,0.967891,4
店頭,御店,0.962654,5
負う,尽きる,0.924322,1
負う,飽きる,0.920764,2
負う,損,0.918639,3
負う,悔しい,0.918295,4
負う,ううん,0.911537,5
小学,小学校,0.983753,1
小学,中学,0.941277,2
小学,中学校,0.931185,3
小学,学級,0.91569,4
小学,駅近,0.912923,5
読書,セルフケア,0.956922,1
読書,養生,0.953285,2
読書,読む,0.946745,3
読書,ヨーガ,0.941133,4
読書,マッサージ,0.940046,5
ホット,赤色,0.903341,1
ホット,真っ赤,0.888988,2
ホット,赤い,0.883702,3
ホット,熱い,0.878189,4
ホット,レッド,0.871019,5
喜び,幸せ,0.977998,1
喜び,喜ぶ,0.97224,2
喜び,楽しむ,0.963015,3
喜び,幸福,0.957075,4
喜び,熱愛,0.957021,5
感染症,感染,0.945402,1
感染症,紛争,0.882701,2
感染症,騒動,0.880817,3
感染症,炎症,0.878406,4
感染症,肺炎,0.877923,5
推奨,推薦,0.988757,1
推奨,アシスト,0.96817,2
推奨,サブスク,0.950556,3
推奨,購読,0.941073,4
推奨,報酬,0.932847,5
クライアント,貸し出し,0.959417,1
クライアント,依頼,0.959143,2
クライアント,送付,0.95718,3
クライアント,貸す,0.955425,4
クライアント,持参,0.955164,5
コラム,著,0.97069,1
コラム,誌,0.970098,2
コラム,ガイド,0.960025,3
コラム,結論,0.959065,4
コラム,表示,0.952569,5
有する,種類,0.977196,1
有する,受け付ける,0.976661,2
有する,概要,0.97272,3
有する,概念,0.971142,4
有する,用語,0.970622,5
隊,連合,0.953904,1
隊,合流,0.94582,2
隊,主催,0.945621,3
隊,主催者,0.94543,4
隊,社団,0.94418,5
アップデート,更新,0.962893,1
アップデート,応用,0.948641,2
アップデート,編集,0.947398,3
アップデート,経済的,0.945621,4
アップデート,ジョブ,0.944282,5
分類,タイプ,0.979074,1
分類,含む,0.972296,2
分類,欄,0.969941,3
分類,量,0.969755,4
分類,出典,0.96756,5
所得,収入,0.973788,1
所得,年収,0.943762,2
所得,月収,0.938863,3
所得,給料,0.933839,4
所得,賃金,0.931204,5
匹,たつ,0.972188,1
匹,アジ,0.969644,2
匹,モン,0.965946,3
匹,番,0.956116,4
匹,アレ,0.951364,5
濃厚,深まる,0.863477,1
濃厚,深刻,0.824187,2
濃厚,重厚,0.800089,3
濃厚,濃い,0.791577,4
濃厚,愛情,0.78526,5
デスク,チェア,0.982936,1
デスク,椅子,0.976394,2
デスク,座席,0.971437,3
デスク,デスクトップ,0.970715,4
デスク,床,0.969608,5
個人情報,プライバシー,0.914201,1
個人情報,家賃,0.87192,2
個人情報,生活費,0.860641,3
個人情報,月収,0.859896,4
個人情報,所得,0.853696,5
入試,研究科,0.945703,1
入試,仕事,0.939208,2
入試,工作,0.927734,3
入試,医学部,0.927331,4
入試,TOEIC,0.923305,5
鈴木,渡辺,0.984801,1
鈴木,佐藤,0.980403,2
鈴木,ジョン,0.979505,3
鈴木,遠藤,0.979166,4
鈴木,吉田,0.977769,5
ドライ,抑制,0.935475,1
ドライ,ひんやり,0.91854,2
ドライ,分離,0.900626,3
ドライ,灰,0.893688,4
ドライ,自粛,0.890785,5
調子,なれる,0.942913,1
調子,意,0.940957,2
調子,合う,0.938533,3
調子,センス,0.938116,4
調子,まい,0.932355,5
皮,ネック,0.975499,1
皮,額,0.975212,2
皮,ウエスト,0.966096,3
皮,面,0.964788,4
皮,背,0.963989,5
移行,関係性,0.887676,1
移行,如何に,0.887484,2
移行,行動,0.884996,3
移行,行為,0.882561,4
移行,転換,0.880641,5
じっくり,熟成,0.923423,1
じっくり,存ずる,0.920555,2
じっくり,臨む,0.913981,3
じっくり,本質,0.910605,4
じっくり,先祖,0.906984,5
強力,パワフル,0.948909,1
強力,強い,0.911952,2
強力,パワー,0.905337,3
強力,強,0.891116,4
強力,力強い,0.890675,5
閲覧,視聴,0.97289,1
閲覧,読み込む,0.964127,2
閲覧,ご利用,0.958892,3
閲覧,仕入れる,0.956533,4
閲覧,読み取る,0.953319,5
チャット,ブログ,0.943816,1
チャット,外出,0.928062,2
チャット,通話,0.919737,3
チャット,ボイス,0.918826,4
チャット,マイク,0.916224,5
アロマ,香り,0.93966,1
アロマ,香る,0.935682,2
アロマ,着心地,0.926509,3
アロマ,肌触り,0.919789,4
アロマ,香,0.916641,5
認知,習得,0.967818,1
認知,適応,0.959265,2
認知,実践,0.957898,3
認知,生体,0.957847,4
認知,思考,0.953936,5
可笑しい,安易,0.803285,1
可笑しい,えっ,0.750418,2
可笑しい,だらだら,0.718667,3
可笑しい,ばれる,0.702501,4
可笑しい,余談,0.701088,5
休憩,休む,0.987934,1
休憩,休める,0.984295,2
休憩,リラックス,0.954389,3
休憩,休み,0.947466,4
休憩,寝る,0.946269,5
小型,小規模,0.985323,1
小型,スモール,0.977619,2
小型,小さな,0.973622,3
小型,小さめ,0.965709,4
小型,小,0.954905,5
学園,本学,0.944201,1
学園,発表会,0.940606,2
学園,講演会,0.937535,3
学園,中野,0.93154,4
学園,説明会,0.931254,5
ヨーロッパ,欧州,0.989273,1
ヨーロッパ,イギリス,0.961962,2
ヨーロッパ,英国,0.951248,3
ヨーロッパ,ジャパン,0.947215,4
ヨーロッパ,アメリカ,0.945447,5
重量,重さ,0.987326,1
重量,背,0.939429,2
重量,踵,0.922332,3
重量,厚み,0.91371,4
重量,止まる,0.909175,5
隙間,隙,0.986931,1
隙間,アンダー,0.906323,2
隙間,未経験,0.90485,3
隙間,一時,0.903916,4
隙間,落ち,0.903426,5
芸術,アート,0.986806,1
芸術,画家,0.903775,2
芸術,美術,0.888255,3
芸術,創作,0.867162,4
芸術,作曲,0.862088,5
短期,ショート,0.916868,1
短期,直前,0.90347,2
短期,短期間,0.902085,3
短期,半日,0.901921,4
短期,短,0.89988,5
収録,セクション,0.98017,1
収録,ページ,0.97265,2
収録,文書,0.966242,3
収録,資料,0.964608,4
収録,参考,0.963163,5
後悔,疲労,0.94779,1
後悔,しんどい,0.941397,2
後悔,疲れ,0.939661,3
後悔,手間,0.932399,4
後悔,苦労,0.928693,5
ハード,重,0.896974,1
ハード,アイアン,0.895892,2
ハード,ロック,0.889146,3
ハード,制する,0.865238,4
ハード,ガード,0.857351,5
竜,ドラゴン,0.919093,1
竜,巨人,0.884594,2
竜,虎,0.851493,3
竜,恐竜,0.849425,4
竜,伝説,0.792774,5
港,東海,0.915828,1
港,世紀,0.912637,2
港,国,0.911384,3
港,シーズン,0.907574,4
港,石川,0.901703,5
コーティング,レンズ,0.962487,1
コーティング,板金,0.956255,2
コーティング,建て,0.947887,3
コーティング,CSS,0.947316,4
コーティング,モジュール,0.946595,5
手当て,ソックス,0.951129,1
手当て,下着,0.949079,2
手当て,メモ,0.948999,3
手当て,用品,0.942536,4
手当て,ノート,0.941775,5
科目,資料,0.969878,1
科目,目次,0.963289,2
科目,セクション,0.962276,3
科目,文法,0.959849,4
科目,学科,0.955351,5
広場,プラザ,0.988987,1
広場,食堂,0.948836,2
広場,ステージ,0.932706,3
広場,市街,0.932209,4
広場,会場,0.928725,5
調節,機能,0.956577,1
調節,タスク,0.946467,2
調節,職,0.946137,3
調節,分析,0.945014,4
調節,方法,0.943931,5
開示,披露,0.968522,1
開示,合意,0.967662,2
開示,表明,0.966915,3
開示,明示,0.961264,4
開示,報,0.959311,5
伝説,天神,0.923857,1
伝説,レジェンド,0.902437,2
伝説,女神,0.89375,3
伝説,神,0.888224,4
伝説,神話,0.87342,5
高齢者,老人,0.964547,1
高齢者,高齢,0.934398,2
高齢者,年寄り,0.934225,3
高齢者,シニア,0.874564,4
高齢者,患者,0.867195,5
税金,税,0.978645,1
税金,課税,0.97044,2
税金,納税,0.940776,3
税金,税制,0.917842,4
税金,税務,0.898519,5
プロセス,過程,0.970339,1
プロセス,任務,0.95425,2
プロセス,運営,0.946765,3
プロセス,仕事内容,0.942486,4
プロセス,実施,0.94211,5
前提,該当,0.984749,1
前提,何事,0.977197,2
前提,例,0.968651,3
前提,方面,0.967151,4
前提,前述,0.967002,5
出発,採取,0.960993,1
出発,始める,0.960183,2
出発,着手,0.950757,3
出発,運ぶ,0.950469,4
出発,開く,0.949394,5
ユニット,許可,0.96313,1
ユニット,代金,0.962775,2
ユニット,グレード,0.960569,3
ユニット,定額,0.958048,4
ユニット,台数,0.957753,5
所有,あらゆる,0.97042,1
所有,都,0.960652,2
所有,場,0.95465,3
所有,周囲,0.951436,4
所有,全員,0.951057,5
定義,記述,0.980663,1
定義,文,0.978606,2
定義,題,0.975959,3
定義,述べる,0.975929,4
定義,具体,0.975671,5
そろそろ,求める,0.949098,1
そろそろ,大抵,0.943723,2
そろそろ,果たして,0.942483,3
そろそろ,沿う,0.940549,4
そろそろ,くらい,0.938647,5
丈,桁,0.974026,1
丈,処,0.971301,2
丈,部,0.966714,3
丈,基,0.96545,4
丈,帳,0.965027,5
組み立て,加工,0.957132,1
組み立て,工法,0.954467,2
組み立て,製造,0.953987,3
組み立て,組み立てる,0.949914,4
組み立て,生産,0.925149,5
府,理事,0.957954,1
府,殿,0.955391,2
府,頂戴,0.949832,3
府,堂,0.94439,4
府,官,0.942058,5
齎す,承る,0.970705,1
齎す,寄る,0.966022,2
齎す,縁,0.96405,3
齎す,かしら,0.962782,4
齎す,産,0.962489,5
抱く,抱える,0.991352,1
抱く,帰り,0.960486,2
抱く,ブレス,0.955602,3
抱く,許す,0.955064,4
抱く,寄り,0.954385,5
とれる,とる,0.953846,1
とれる,当たる,0.952494,2
とれる,てく,0.937493,3
とれる,ボーイ,0.936252,4
とれる,会,0.935523,5
配送料,送料,0.984158,1
配送料,運賃,0.928893,2
配送料,手数,0.899219,3
配送料,手数料,0.881229,4
配送料,閉店,0.875481,5
渋谷,秋葉原,0.929729,1
渋谷,フェス,0.869074,2
渋谷,芸能界,0.864989,3
渋谷,ハリウッド,0.848867,4
渋谷,芸能,0.848088,5
パパ,父さん,0.990787,1
パパ,旦那,0.984381,2
パパ,お父さん,0.982427,3
パパ,父親,0.981894,4
パパ,父,0.981372,5
世,西,0.961488,1
世,公,0.959864,2
世,周,0.957757,3
世,集,0.955472,4
世,団,0.955402,5
ハロウィーン,カラオケ,0.807218,1
ハロウィーン,お笑い,0.798244,2
ハロウィーン,ポップ,0.78365,3
ハロウィーン,Twitter,0.76448,4
ハロウィーン,コメディー,0.756476,5
熊本,熊本県,0.99461,1
熊本,徳島,0.988193,2
熊本,高知,0.986754,3
熊本,佐賀,0.981133,4
熊本,岡山,0.973903,5
溜める,おる,0.935143,1
溜める,溜まる,0.926167,2
溜める,おお,0.923979,3
溜める,余,0.920499,4
溜める,あの,0.918967,5
あの,ぼ,0.952659,1
あの,ど,0.945402,2
あの,余,0.938689,3
あの,片方,0.932929,4
あの,先程,0.930671,5
御存知,中川,0.948025,1
御存知,首,0.942614,2
御存知,前面,0.935818,3
御存知,代表的,0.935452,4
御存知,見せる,0.933604,5
洋服,服装,0.996089,1
洋服,衣装,0.992819,2
洋服,アパレル,0.983847,3
洋服,衣類,0.981299,4
洋服,服,0.96751,5
ボトル,瓶,0.988869,1
ボトル,引き出し,0.973392,2
ボトル,箱,0.970175,3
ボトル,チェア,0.969718,4
ボトル,カート,0.96608,5
寄付,援助,0.96324,1
寄付,支援,0.934404,2
寄付,奨学金,0.928694,3
寄付,改善,0.923644,4
寄付,寄与,0.922496,5
夕方,秋,0.941825,1
夕方,午後,0.939624,2
夕方,夕日,0.939067,3
夕方,南側,0.93263,4
夕方,南部,0.925198,5
課,発行,0.945325,1
課,メソッド,0.942817,2
課,勤務,0.939942,3
課,拠点,0.939622,4
課,算定,0.939615,5
損害,損傷,0.977747,1
損害,病,0.963803,2
損害,ダメージ,0.953113,3
損害,損失,0.952597,4
損害,病気,0.945556,5
定期的,定期,0.968638,1
定期的,デイリー,0.967101,2
定期的,継続的,0.96585,3
定期的,継続,0.96481,4
定期的,レギュラー,0.959271,5
メモ,ノート,0.98479,1
メモ,筆記,0.974211,2
メモ,用品,0.966345,3
メモ,残高,0.958137,4
メモ,ブックマーク,0.957211,5
どっち,どんな,0.970736,1
どっち,ど,0.959362,2
どっち,どちら,0.959131,3
どっち,各,0.955138,4
どっち,何人,0.950304,5
同じく,同,0.98268,1
同じく,同様,0.979105,2
同じく,的,0.974616,3
同じく,おける,0.967716,4
同じく,種類,0.964353,5
他社,団体,0.905819,1
他社,当局,0.897632,2
他社,出口,0.896789,3
他社,外国,0.891885,4
他社,外部,0.886597,5
こ,さ,0.986282,1
こ,ふ,0.985442,2
こ,し,0.983932,3
こ,ち,0.983065,4
こ,な,0.982945,5
副,せめて,0.931196,1
副,ぼ,0.924317,2
副,アンダー,0.924303,3
副,別途,0.912485,4
副,ひく,0.911626,5
死亡,死,0.978871,1
死亡,死ぬ,0.947374,2
死亡,暗い,0.917281,3
死亡,麻痺,0.916817,4
死亡,闇,0.906692,5
エピソード,同行,0.96216,1
エピソード,伝える,0.958746,2
エピソード,談,0.954685,3
エピソード,セリフ,0.953462,4
エピソード,事例,0.951329,5
カスタム,特製,0.895945,1
カスタム,特別,0.812169,2
カスタム,VR,0.800217,3
カスタム,カスタマイズ,0.792065,4
カスタム,専用,0.775986,5
違反,妨害,0.973272,1
違反,侵入,0.971179,2
違反,悪影響,0.957366,3
違反,不正,0.956236,4
違反,侵害,0.954269,5
コーチ,貢献,0.952438,1
コーチ,指導,0.952057,2
コーチ,インストラクター,0.950731,3
コーチ,アドバイザー,0.948036,4
コーチ,コーチング,0.946933,5
ビッグ,大規模,0.976816,1
ビッグ,大型,0.967209,2
ビッグ,グランド,0.947748,3
ビッグ,大きな,0.942431,4
ビッグ,中国,0.933361,5
普及,共同,0.944683,1
普及,まち,0.941271,2
普及,共用,0.940397,3
普及,ユニバーサル,0.939882,4
普及,公開,0.935953,5
アウト,キャン,0.845482,1
アウト,放出,0.824978,2
アウト,打ち,0.822116,3
アウト,引き,0.81387,4
アウト,脱,0.813559,5
服装,衣装,0.996669,1
服装,洋服,0.996089,2
服装,アパレル,0.984293,3
服装,衣類,0.981808,4
服装,服,0.969759,5
鑑定,査定,0.944002,1
鑑定,臨床,0.927357,2
鑑定,証明,0.912451,3
鑑定,受託,0.908422,4
鑑定,学術,0.907892,5
著,結論,0.9825,1
著,コラム,0.97069,2
著,論,0.970022,3
著,メイン,0.966632,4
著,代表的,0.961171,5
タワー,塔,0.994429,1
タワー,ドーム,0.947046,2
タワー,基地,0.944534,3
タワー,大橋,0.915541,4
タワー,ダム,0.91144,5
単語,ワード,0.972735,1
単語,カテゴリー,0.959043,2
単語,用語,0.9543,3
単語,字,0.953819,4
単語,文字,0.951934,5
日頃,普段,0.985711,1
日頃,僕,0.974468,2
日頃,本人,0.97061,3
日頃,受け止める,0.969723,4
日頃,我,0.966627,5
カレンダー,スケジュール,0.95386,1
カレンダー,ナビ,0.949916,2
カレンダー,日程,0.948298,3
カレンダー,製品,0.947667,4
カレンダー,キーボード,0.942331,5
再現,参照,0.936315,1
再現,内訳,0.93168,2
再現,計上,0.928323,3
再現,予め,0.926745,4
再現,ロール,0.925477,5
嘗て,昔,0.913156,1
嘗て,経年,0.898159,2
嘗て,然し,0.89678,3
嘗て,以前,0.896209,4
嘗て,ふる,0.895294,5
オート,機,0.961119,1
オート,TEL,0.95836,2
オート,搭載,0.956152,3
オート,補強,0.947399,4
オート,NET,0.946184,5
タッチ,触る,0.961133,1
タッチ,開ける,0.95455,2
タッチ,触れる,0.948453,3
タッチ,行く,0.94754,4
タッチ,足元,0.942671,5
グローバル,全域,0.951391,1
グローバル,インターナショナル,0.944661,2
グローバル,大規模,0.940156,3
グローバル,国際,0.937336,4
グローバル,全国,0.935836,5
集団,グループ,0.971612,1
集団,群,0.967108,2
集団,集結,0.966877,3
集団,大勢,0.964939,4
集団,諸国,0.958572,5
郵便,郵便局,0.956488,1
郵便,ドラッグストアー,0.947503,2
郵便,レジ,0.941821,3
郵便,歩道,0.935228,4
郵便,チェックアウト,0.929835,5
シャワー,洗車,0.936085,1
シャワー,バスルーム,0.935617,2
シャワー,充電,0.929315,3
シャワー,乾燥機,0.92731,4
シャワー,浴室,0.920137,5
正,正に,0.977461,1
正,確か,0.976348,2
正,是,0.973635,3
正,ちゃんと,0.972261,4
正,順,0.971691,5
木製,木造,0.979298,1
木製,ウッド,0.947302,2
木製,檜,0.941019,3
木製,ウール,0.93818,4
木製,庭,0.93244,5
遣る気,無くす,0.93531,1
遣る気,躊躇,0.934776,2
遣る気,忘れる,0.93064,3
遣る気,下がる,0.930201,4
遣る気,弱る,0.928404,5
ディスプレー,ボード,0.952395,1
ディスプレー,キャッシング,0.949619,2
ディスプレー,レジ,0.944205,3
ディスプレー,モジュール,0.939563,4
ディスプレー,包装,0.938636,5
男の子,会話,0.92308,1
男の子,年生,0.921459,2
男の子,対話,0.917294,3
男の子,唱える,0.916402,4
男の子,人々,0.913718,5
ドメイン,域,0.98131,1
ドメイン,ストック,0.972727,2
ドメイン,セクション,0.969346,3
ドメイン,基盤,0.96601,4
ドメイン,本体,0.96013,5
記,指,0.982739,1
記,観,0.981723,2
記,抜粋,0.981661,3
記,着,0.981615,4
記,有り,0.980845,5
ブック,本の,0.980988,1
ブック,冊,0.97852,2
ブック,冊子,0.967908,3
ブック,書籍,0.963326,4
ブック,本,0.950638,5
飲食,食事,0.981936,1
飲食,食生活,0.976723,2
飲食,フード,0.966257,3
飲食,食,0.955734,4
飲食,食べ物,0.951302,5
沿う,向ける,0.968856,1
沿う,接する,0.964748,2
沿う,会,0.962254,3
沿う,見付ける,0.959105,4
沿う,問,0.958868,5
まさか,ずれ,0.892485,1
まさか,案外,0.885237,2
まさか,外れる,0.884012,3
まさか,ずれる,0.875403,4
まさか,却って,0.871763,5
コンサート,ミュージカル,0.946097,1
コンサート,ショー,0.944075,2
コンサート,公演,0.940923,3
コンサート,芸能,0.932582,4
コンサート,アトラクション,0.927606,5
帰り,帰る,0.973284,1
帰り,暮らす,0.971523,2
帰り,生息,0.969375,3
帰り,抱える,0.965665,4
帰り,抱く,0.960486,5
刺繍,工芸,0.886207,1
刺繍,細工,0.883328,2
刺繍,ピアノ,0.832518,3
刺繍,画家,0.829165,4
刺繍,仕立て,0.816284,5
ナイト,夜中,0.922033,1
ナイト,影,0.919025,2
ナイト,夜,0.91388,3
ナイト,よる,0.905267,4
ナイト,背面,0.9044,5
壊れる,破損,0.971527,1
壊れる,負け,0.959332,2
壊れる,崩れる,0.959069,3
壊れる,負ける,0.958304,4
壊れる,倒れる,0.956505,5
順番,並べる,0.953214,1
順番,通路,0.937402,2
順番,期間,0.934699,3
順番,数える,0.934424,4
順番,周期,0.931166,5
ドラゴン,竜,0.919093,1
ドラゴン,虎,0.850457,2
ドラゴン,タイガー,0.816057,3
ドラゴン,巨人,0.80578,4
ドラゴン,ドラクエ,0.803304,5
タクシー,プリンター,0.912989,1
タクシー,決済,0.908307,2
タクシー,ログイン,0.906448,3
タクシー,支払い,0.905514,4
タクシー,レンタカー,0.902874,5
医,医科,0.983112,1
医,医学,0.962342,2
医,医療,0.952307,3
医,医学部,0.951639,4
医,医師,0.943663,5
NHK,日経,0.962301,1
NHK,本部,0.947195,2
NHK,財団,0.943019,3
NHK,アナウンサー,0.939888,4
NHK,西武,0.938569,5
公共,公的,0.977113,1
公共,公開,0.960663,2
公共,共通,0.946916,3
公共,共有,0.944889,4
公共,通用,0.943141,5
内科,診療,0.959177,1
内科,皮膚科,0.953831,2
内科,眼科,0.951133,3
内科,本業,0.938745,4
内科,経歴,0.93773,5
染み,気味,0.924603,1
染み,面皰,0.906771,2
染み,汚れ,0.896146,3
染み,虫歯,0.886099,4
染み,吐く,0.880636,5
コットン,米,0.963923,1
コットン,ライス,0.960992,2
コットン,植物,0.955531,3
コットン,小麦,0.955377,4
コットン,トマト,0.953224,5
ジェル,フィルター,0.938958,1
ジェル,ソフト,0.93073,2
ジェル,グラス,0.929386,3
ジェル,パッド,0.926697,4
ジェル,トーク,0.923803,5
センチ,唯,0.977735,1
センチ,承る,0.959482,2
センチ,かしら,0.956565,3
センチ,此れ,0.956288,4
センチ,ロース,0.95504,5
インスタ,リール,0.904345,1
インスタ,Instagram,0.901648,2
インスタ,メルマガ,0.897283,3
インスタ,コンボ,0.891105,4
インスタ,POP,0.885844,5
トレーナー,補強,0.960625,1
トレーナー,トレーニング,0.946626,2
トレーナー,訓練,0.945793,3
トレーナー,TEL,0.945441,4
トレーナー,搭載,0.944378,5
電動,EV,0.957015,1
電動,アプリケーション,0.931239,2
電動,空調,0.93086,3
電動,スマート,0.923545,4
電動,エアコン,0.923326,5
アイコン,QR,0.935341,1
アイコン,番号,0.914872,2
アイコン,タイル,0.912935,3
アイコン,タグ,0.912193,4
アイコン,ZIP,0.907426,5
フェイス,顔,0.962975,1
フェイス,ヘッド,0.95738,2
フェイス,スキン,0.955867,3
フェイス,ボディー,0.954184,4
フェイス,価値,0.947057,5
起動,始動,0.981999,1
起動,作動,0.955316,2
起動,命令,0.934749,3
起動,点灯,0.92696,4
起動,発注,0.926896,5
涼しい,冷める,0.951041,1
涼しい,冷やす,0.868581,2
涼しい,眺める,0.861638,3
涼しい,乾く,0.86092,4
涼しい,左手,0.860889,5
ポジション,因子,0.970061,1
ポジション,レベル,0.969591,2
ポジション,度目,0.965631,3
ポジション,置く,0.964822,4
ポジション,度,0.963988,5
御自身,自分,0.981223,1
御自身,自身,0.980004,2
御自身,私自身,0.972927,3
御自身,自己,0.972631,4
御自身,自分自身,0.964626,5
黒い,黒,0.969694,1
黒い,灰,0.922157,2
黒い,ブラック,0.896538,3
黒い,凍結,0.891823,4
黒い,閉鎖,0.881312,5
ビーチ,初夏,0.917069,1
ビーチ,土曜,0.91356,2
ビーチ,春夏,0.912585,3
ビーチ,土曜日,0.910955,4
ビーチ,湘南,0.904701,5
クール,青い,0.787534,1
クール,紫,0.769778,2
クール,青色,0.751556,3
クール,真っ白,0.733566,4
クール,ブルー,0.733256,5
体力,思い出す,0.94388,1
体力,覚える,0.927554,2
体力,アーム,0.926854,3
体力,スタミナ,0.922469,4
体力,対処,0.92215,5
分解,疑問,0.864803,1
分解,異動,0.858163,2
分解,変更,0.84753,3
分解,投げる,0.841156,4
分解,移転,0.841146,5
美品,奇麗,0.972207,1
美品,褒美,0.965854,2
美品,美しい,0.951674,3
美品,優雅,0.939519,4
美品,美,0.937136,5
名称,ネーム,0.97506,1
名称,名,0.966499,2
名称,持ち,0.965208,3
名称,称する,0.960903,4
名称,基調,0.959778,5
除去,撤去,0.958451,1
除去,消去,0.951579,2
除去,削除,0.94197,3
除去,取り除く,0.938987,4
除去,消す,0.937899,5
スタンプ,クリップ,0.949982,1
スタンプ,切手,0.944871,2
スタンプ,テープ,0.935011,3
スタンプ,ピン,0.92868,4
スタンプ,鉢,0.9271,5
要件,根拠,0.968523,1
要件,要約,0.968228,2
要件,結論,0.966799,3
要件,構成,0.96599,4
要件,判明,0.964435,5
中華,中国,0.95067,1
中華,アジア,0.94043,2
中華,京,0.935538,3
中華,関東,0.933831,4
中華,中日,0.933084,5
完璧,パーフェクト,0.986179,1
完璧,高品質,0.934878,2
完璧,逸品,0.925454,3
完璧,一流,0.913876,4
完璧,上質,0.912839,5
我慢,相続人,0.934862,1
我慢,なおす,0.930365,2
我慢,臨む,0.922828,3
我慢,根元,0.922519,4
我慢,しも,0.920196,5
衛生,予防,0.957847,1
衛生,安全,0.952942,2
衛生,安全性,0.946002,3
衛生,セーフティー,0.944319,4
衛生,保護,0.941561,5
ハワイ,カリフォルニア,0.932983,1
ハワイ,沖縄,0.931286,2
ハワイ,ハワイアン,0.930748,3
ハワイ,沖縄県,0.926223,4
ハワイ,バリ,0.907112,5
正面,陽性,0.972417,1
正面,良く,0.967922,2
正面,好,0.967212,3
正面,優,0.961913,4
正面,程良い,0.961235,5
世紀,時代,0.942998,1
世紀,国,0.936204,2
世紀,世の中,0.93448,3
世紀,国民,0.930856,4
世紀,全国,0.929668,5
平和,平安,0.922521,1
平和,小麦,0.920143,2
平和,ピース,0.919422,3
平和,園,0.919274,4
平和,作物,0.917778,5
座,座る,0.976344,1
座,席,0.973965,2
座,布,0.961118,3
座,住む,0.957111,4
座,蓋,0.956004,5
踏まえる,下りる,0.942594,1
踏まえる,返る,0.940942,2
踏まえる,押す,0.940108,3
踏まえる,下る,0.935714,4
踏まえる,再び,0.934603,5
センサー,ルーター,0.937497,1
センサー,トークン,0.912396,2
センサー,配達,0.911542,3
センサー,納期,0.909747,4
センサー,変数,0.909153,5
ソフトウェア,IT,0.97221,1
ソフトウェア,技術,0.96546,2
ソフトウェア,ICT,0.956766,3
ソフトウェア,デジタル,0.94821,4
ソフトウェア,ml,0.933419,5
毎週,毎月,0.99449,1
毎週,週間,0.973202,2
毎週,毎年,0.970708,3
毎週,週,0.970524,4
毎週,翌月,0.954466,5
担当者,担当,0.986378,1
担当者,計上,0.976367,2
担当者,請求,0.964206,3
担当者,許可,0.959823,4
担当者,登録,0.957875,5
ウェブサイト,Webサイト,0.994758,1
ウェブサイト,スーパー,0.939578,2
ウェブサイト,インターフェース,0.937508,3
ウェブサイト,プログラム,0.937162,4
ウェブサイト,ポータル,0.937045,5
古里,坊,0.963636,1
古里,縁,0.957256,2
古里,郷,0.946928,3
古里,箇月,0.943096,4
古里,荘,0.942146,5
アピール,キャリー,0.972408,1
アピール,ファースト,0.970641,2
アピール,JA,0.966133,3
アピール,ア,0.966106,4
アピール,w,0.96468,5
読者,毎日,0.973685,1
読者,日々,0.972674,2
読者,ユーザー,0.972338,3
読者,日常生活,0.965679,4
読者,一日,0.961596,5
一括,ゾーン,0.961754,1
一括,インデックス,0.95551,2
一括,km,0.941934,3
一括,掲示,0.941119,4
一括,サイト,0.939372,5
出力,アウトプット,0.988024,1
出力,出品,0.961046,2
出力,コンテンツ,0.958362,3
出力,判定,0.958279,4
出力,適用,0.957746,5
酸素,水,0.940079,1
酸素,大豆,0.934143,2
酸素,視覚,0.923826,3
酸素,プロテイン,0.919067,4
酸素,蛋白,0.914329,5
発電,産業,0.941845,1
発電,電力,0.941769,2
発電,製造業,0.932353,3
発電,建設,0.931396,4
発電,物流,0.929067,5
英,ST,0.985254,1
英,JP,0.985099,2
英,ES,0.983949,3
英,SE,0.982843,4
英,W,0.982262,5
里,こく,0.991785,1
里,期,0.982931,2
里,所,0.978868,3
里,録,0.977356,4
里,部,0.976669,5
N,k,0.996919,1
N,CH,0.994863,2
N,t,0.99469,3
N,w,0.994441,4
N,j,0.993199,5
本店,店内,0.98253,1
本店,掲載,0.965525,2
本店,当店,0.963436,3
本店,本校,0.952289,4
本店,週刊,0.950334,5
欄,表記,0.986565,1
欄,記載,0.985917,2
欄,項目,0.980054,3
欄,段,0.980005,4
欄,条,0.978042,5
福島,被災,0.785068,1
福島,福島県,0.779689,2
福島,コロナ,0.763137,3
福島,紫外,0.749473,4
福島,コロナ禍,0.745653,5
冷たい,寒い,0.945362,1
冷たい,凍る,0.940103,2
冷たい,ひんやり,0.932638,3
冷たい,凍結,0.930952,4
冷たい,冷える,0.922279,5
皺,落ち,0.90657,1
皺,負う,0.876271,2
皺,忘れる,0.876068,3
皺,テール,0.86788,4
皺,湿気,0.863607,5
増す,増える,0.985261,1
増す,上がる,0.953607,2
増す,増加,0.948433,3
増す,上昇,0.942377,4
増す,上がり,0.93427,5
暗い,ダーク,0.944801,1
暗い,デッド,0.944028,2
暗い,死,0.922873,3
暗い,闇,0.921708,4
暗い,死亡,0.917281,5
奈良,奈良県,0.99061,1
奈良,京都府,0.972681,2
奈良,川越,0.968686,3
奈良,高知,0.958258,4
奈良,姫路,0.954388,5
公表,掲載,0.97071,1
公表,発表,0.970666,2
公表,説明会,0.961626,3
公表,週刊,0.960337,4
公表,開催,0.958423,5
フィギュア,壺,0.862996,1
フィギュア,飾り,0.85823,2
フィギュア,DVD,0.855835,3
フィギュア,CD,0.849598,4
フィギュア,景品,0.83955,5
工程,工学,0.988443,1
工程,建設,0.96375,2
工程,技術,0.962114,3
工程,自動化,0.954056,4
工程,IT,0.953411,5
布,敷く,0.964994,1
布,座,0.961118,2
布,面,0.957809,3
布,紐,0.957243,4
布,襟,0.955949,5
清潔,保湿,0.945911,1
清潔,衛生,0.937719,2
清潔,保護,0.93164,3
清潔,貯金,0.930472,4
清潔,浄化,0.929378,5
長年,年長,0.959797,1
長年,蓄積,0.954573,2
長年,先祖,0.948449,3
長年,歳,0.943761,4
長年,長期間,0.934419,5
踏む,走,0.987944,1
踏む,歩,0.9817,2
踏む,歩む,0.977657,3
踏む,走る,0.972528,4
踏む,歩く,0.970419,5
遠い,遠方,0.97336,1
遠い,遠く,0.951554,2
遠い,彼方,0.905527,3
遠い,遥か,0.896722,4
遠い,空,0.881103,5
ストーン,石,0.973307,1
ストーン,杉,0.911629,2
ストーン,岩,0.910911,3
ストーン,固い,0.910359,4
ストーン,柏,0.90897,5
囲む,行成,0.945012,1
囲む,帯,0.94354,2
囲む,オール,0.940789,3
囲む,こく,0.939995,4
囲む,メイン,0.939493,5
時々,時折,0.941063,1
時々,恐らく,0.899791,2
時々,ふと,0.899164,3
時々,放つ,0.896635,4
時々,手放す,0.894061,5
休暇,満足度,0.935936,1
休暇,週末,0.925545,2
休暇,満足,0.923212,3
休暇,幸い,0.920989,4
休暇,癒し,0.920172,5
無くなる,なくなる,0.968905,1
無くなる,消える,0.933362,2
無くなる,消滅,0.92795,3
無くなる,マイナス,0.917167,4
無くなる,無し,0.916029,5
鍛える,意志,0.91596,1
鍛える,決意,0.915534,2
鍛える,筋力,0.907009,3
鍛える,補強,0.90269,4
鍛える,スタミナ,0.898392,5
承認,有り,0.964091,1
承認,確か,0.963986,2
承認,合意,0.962384,3
承認,確認,0.961992,4
承認,含める,0.961982,5
弁護,診察,0.926772,1
弁護,作業,0.925116,2
弁護,添削,0.92357,3
弁護,タスク,0.922212,4
弁護,職,0.920857,5
ラック,ボックス,0.972897,1
ラック,箱,0.972338,2
ラック,フォルダー,0.958795,3
ラック,パッケージ,0.958673,4
ラック,フェンス,0.958374,5
レーザー,メタル,0.885241,1
レーザー,工程,0.861814,2
レーザー,工学,0.853917,3
レーザー,外科,0.853596,4
レーザー,自動化,0.844102,5
主演,主役,0.975596,1
主演,主流,0.957556,2
主演,必見,0.955693,3
主演,特集,0.954292,4
主演,シリーズ,0.950477,5
勝手に,勝手,0.974692,1
勝手に,破る,0.890003,2
勝手に,無断,0.872065,3
勝手に,悪戯,0.871321,4
勝手に,んっ,0.858326,5
既存,一定,0.971221,1
既存,一貫,0.963504,2
既存,既に,0.963297,3
既存,相変わらず,0.960749,4
既存,正規,0.958177,5
外国人,同日,0.882583,1
外国人,現時点,0.870981,2
外国人,何時,0.85866,3
外国人,同年,0.852388,4
外国人,いつ,0.847603,5
公,都,0.976169,1
公,ロケ,0.969746,2
公,区,0.960542,3
公,世,0.959864,4
公,沿線,0.959616,5
テクニック,プランニング,0.97433,1
テクニック,技法,0.966776,2
テクニック,計画,0.964435,3
テクニック,機能性,0.959095,4
テクニック,職,0.949798,5
好,グッド,0.991533,1
好,良い,0.990602,2
好,良く,0.990103,3
好,良好,0.989344,4
好,ポジティブ,0.987789,5
見事,素晴らしい,0.969913,1
見事,輝き,0.942837,2
見事,絶品,0.939513,3
見事,輝く,0.937858,4
見事,絶賛,0.924265,5
消費者,消費,0.971354,1
消費者,購入者,0.95864,2
消費者,利用者,0.937801,3
消費者,顧客,0.935423,4
消費者,ユース,0.935133,5
食う,食らう,0.993177,1
食う,食べる,0.977277,2
食う,握る,0.949148,3
食う,ハンド,0.943102,4
食う,飲む,0.939939,5
ハンド,手,0.979755,1
ハンド,口,0.97684,2
ハンド,右手,0.976609,3
ハンド,手足,0.975522,4
ハンド,腕,0.971056,5
去年,昨年,0.95696,1
去年,先月,0.948102,2
去年,出来事,0.935076,3
去年,先週,0.933615,4
去年,下旬,0.92958,5
回避,避ける,0.97037,1
回避,別,0.948448,2
回避,不要,0.948385,3
回避,なくす,0.941457,4
回避,無視,0.937743,5
嫁,御,0.951985,1
嫁,こそ,0.939711,2
嫁,おば,0.937779,3
嫁,孫,0.930667,4
嫁,産,0.923187,5
群,グループ,0.971727,1
群,集団,0.967108,2
群,合流,0.960248,3
群,集結,0.956485,4
群,社団,0.946792,5
会長,部長,0.984361,1
会長,理事長,0.981705,2
会長,長官,0.979767,3
会長,校長,0.974102,4
会長,院長,0.972485,5
人工,シミュレーション,0.940783,1
人工,デジタル,0.934134,2
人工,テック,0.931925,3
人工,IT,0.926755,4
人工,ml,0.921589,5
血液,腸,0.916644,1
血液,胃,0.891684,2
血液,体力,0.870168,3
血液,血,0.868938,4
血液,関節,0.859161,5
コンピューター,Windows,0.960726,1
コンピューター,PC,0.958492,2
コンピューター,パソコン,0.955777,3
コンピューター,Mac,0.949458,4
コンピューター,自動車,0.947162,5
屋外,昼,0.954675,1
屋外,水,0.933612,2
屋外,晴れ,0.930393,3
屋外,畑,0.930279,4
屋外,昼間,0.927168,5
指輪,ペンダント,0.95938,1
指輪,ネックレス,0.954343,2
指輪,ピアス,0.913053,3
指輪,ネクタイ,0.899386,4
指輪,アクセサリー,0.894251,5
頻度,比べる,0.957913,1
頻度,期間,0.953105,2
頻度,何時,0.951611,3
頻度,時期,0.946284,4
頻度,年代,0.94283,5
タバコ,喫煙,0.951665,1
タバコ,中毒,0.846307,2
タバコ,ドラッグ,0.843901,3
タバコ,飲酒,0.841748,4
タバコ,薬物,0.81643,5
工房,アトリエ,0.949347,1
工房,物作り,0.939442,2
工房,ペイント,0.912761,3
工房,着色,0.894338,4
工房,編む,0.893794,5
任意,周辺,0.885629,1
任意,有無,0.86435,2
任意,待ち,0.86112,3
任意,外す,0.856322,4
任意,って,0.847699,5
検定,改正,0.954697,1
検定,分配,0.932163,2
検定,配分,0.928024,3
検定,テスト,0.926213,4
検定,改訂,0.924217,5
葬儀,葬式,0.991454,1
葬儀,葬,0.921236,2
葬儀,墓,0.83562,3
葬儀,火葬,0.835093,4
葬儀,慰謝料,0.814371,5
裁判,審判,0.980597,1
裁判,監査,0.93733,2
裁判,監督,0.923576,3
裁判,裁判所,0.922654,4
裁判,司法,0.914475,5
心地良い,宜しい,0.972521,1
心地良い,ほっこり,0.967458,2
心地良い,宜しく,0.961378,3
心地良い,ゆうゆう,0.956744,4
心地良い,優しい,0.944376,5
URL,数字,0.939978,1
URL,QR,0.929435,2
URL,パラメーター,0.925774,3
URL,トークン,0.923018,4
URL,アンテナ,0.922946,5
迫る,テンション,0.890171,1
迫る,急,0.86986,2
迫る,燃える,0.862666,3
迫る,沖,0.857332,4
迫る,沸騰,0.853406,5
主要,主な,0.993958,1
主要,主,0.973592,2
主要,一連,0.968382,3
主要,メイン,0.965746,4
主要,長谷川,0.962834,5
両,対,0.966324,1
両,毎,0.964242,2
両,ブラ,0.960803,3
両,こう,0.959769,4
両,諸,0.95481,5
勝負,対決,0.884659,1
勝負,アクション,0.851772,2
勝負,フォース,0.850829,3
勝負,交感,0.843064,4
勝負,一生懸命,0.841492,5
仙台,旭川,0.980252,1
仙台,長野,0.978027,2
仙台,新潟県,0.970389,3
仙台,新潟,0.970183,4
仙台,宮城,0.969295,5
混雑,騒動,0.952038,1
混雑,炎上,0.926122,2
混雑,渋滞,0.906907,3
混雑,騒音,0.890957,4
混雑,衝突,0.890242,5
生物,生き物,0.953741,1
生物,循環,0.920921,2
生物,語学,0.913153,3
生物,本業,0.912882,4
生物,動物,0.9091,5
努める,手掛ける,0.942886,1
努める,試みる,0.93857,2
努める,改める,0.933391,3
努める,願う,0.906863,4
努める,役立てる,0.902961,5
毛穴,皮脂,0.931841,1
毛穴,排泄,0.87765,2
毛穴,尻尾,0.863789,3
毛穴,尿,0.862951,4
毛穴,痒み,0.861173,5
デバイス,機種,0.967361,1
デバイス,プリンター,0.958772,2
デバイス,キーボード,0.958206,3
デバイス,車種,0.957409,4
デバイス,充電器,0.95207,5
捉える,引き上げる,0.963354,1
捉える,注意,0.947242,2
捉える,向かう,0.945782,3
捉える,訴える,0.945024,4
捉える,向ける,0.943877,5
削減,減らす,0.935529,1
削減,取り外し,0.906966,2
削減,控除,0.905213,3
削減,低減,0.903268,4
削減,払い,0.901962,5
入場,入園,0.977797,1
入場,当店,0.97032,2
入場,入店,0.965943,3
入場,受け付け,0.961617,4
入場,通行,0.961036,5
愛用,愛顧,0.963156,1
愛用,好く,0.957484,2
愛用,愛犬,0.956676,3
愛用,利く,0.952062,4
愛用,親友,0.950955,5
魅力的,魅力,0.982731,1
魅力的,チャーム,0.918539,2
魅力的,見事,0.916736,3
魅力的,魅了,0.913721,4
魅力的,カッコイイ,0.904522,5
シルエット,無地,0.925884,1
シルエット,停,0.897231,2
シルエット,不問,0.890904,3
シルエット,背面,0.888733,4
シルエット,停止,0.872719,5
パスタ,パン,0.956407,1
パスタ,めん,0.94803,2
パスタ,麺,0.944074,3
パスタ,お好み焼き,0.936237,4
パスタ,食卓,0.931857,5
詐欺,フィッシング,0.954461,1
詐欺,騙す,0.951443,2
詐欺,中傷,0.910728,3
詐欺,不正,0.908785,4
詐欺,悪質,0.907462,5
御世話,供養,0.945726,1
御世話,祖母,0.941651,2
御世話,世話,0.931227,3
御世話,下さる,0.923955,4
御世話,礼,0.919826,5
盛る,満,0.938598,1
盛る,華,0.937019,2
盛る,首,0.93688,3
盛る,行成,0.936484,4
盛る,福,0.934845,5
行事,会見,0.964135,1
行事,講習会,0.955613,2
行事,イベント,0.955463,3
行事,参画,0.954315,4
行事,開催,0.954182,5
堪能,艶,0.945405,1
堪能,☆彡,0.914072,2
堪能,尚更,0.90713,3
堪能,輝き,0.90617,4
堪能,生き生き,0.894914,5
頭痛,しんどい,0.955391,1
頭痛,疲労,0.938227,2
頭痛,痛む,0.937504,3
頭痛,ぎっくり腰,0.934481,4
頭痛,疲れ,0.933099,5
皿,杯,0.984164,1
皿,カップ,0.982071,2
皿,コップ,0.971152,3
皿,食器,0.964045,4
皿,ボトル,0.963998,5
日曜,日曜日,0.981634,1
日曜,土日,0.956475,2
日曜,日和,0.936957,3
日曜,鰻,0.926839,4
日曜,ようこそ,0.926456,5
疲労,疲れ,0.987181,1
疲労,しんどい,0.952445,2
疲労,後悔,0.94779,3
疲労,頭痛,0.938227,4
疲労,肩凝り,0.936751,5
変換,実施,0.932007,1
変換,発信,0.930313,2
変換,更新,0.92558,3
変換,措置,0.922027,4
変換,改定,0.919593,5
リボン,ドール,0.913715,1
リボン,飾り,0.891514,2
リボン,ペンダント,0.889781,3
リボン,ビーズ,0.877677,4
リボン,飾る,0.854416,5
華やか,鮮やか,0.860786,1
華やか,映え,0.833644,2
華やか,アイドル,0.820926,3
華やか,多彩,0.818732,4
華やか,スペシャル,0.814021,5
オーバー,増,0.95391,1
オーバー,倍,0.950966,2
オーバー,ビック,0.939893,3
オーバー,ハイ,0.93314,4
オーバー,アップ,0.924923,5
ピアス,指輪,0.913053,1
ピアス,金具,0.86809,2
ピアス,ネクタイ,0.862281,3
ピアス,ペンダント,0.860183,4
ピアス,ネックレス,0.850385,5
パーソナル,選び,0.962235,1
パーソナル,個人的,0.961897,2
パーソナル,我,0.956697,3
パーソナル,感想,0.954444,4
パーソナル,選び方,0.952877,5
鶏,午前中,0.901639,1
鶏,午前,0.895289,2
鶏,まめ,0.888731,3
鶏,動物,0.888176,4
鶏,現地,0.88721,5
外観,外見,0.973867,1
外観,中身,0.963019,2
外観,見た目,0.962606,3
外観,身,0.956156,4
外観,件,0.951917,5
分かれる,曲がる,0.937272,1
分かれる,移る,0.936981,2
分かれる,傾く,0.93615,3
分かれる,変わり,0.916853,4
分かれる,傾ける,0.90353,5
指す,問,0.967722,1
指す,見なす,0.962714,2
指す,取る,0.960302,3
指す,向ける,0.956728,4
指す,渡す,0.950199,5
ネック,額,0.977525,1
ネック,皮,0.975499,2
ネック,あご,0.970154,3
ネック,袖,0.965309,4
ネック,部位,0.95981,5
リサイクル,接種,0.893393,1
リサイクル,アシスト,0.892505,2
リサイクル,作成,0.882384,3
リサイクル,ショッピング,0.880837,4
リサイクル,クリニック,0.877858,5
太い,でかい,0.808876,1
太い,太る,0.790028,2
太い,渋い,0.785566,3
太い,重い,0.780466,4
太い,重たい,0.771994,5
砂糖,糖,0.964836,1
砂糖,バター,0.957655,2
砂糖,チーズ,0.935367,3
砂糖,シロップ,0.92224,4
砂糖,麺,0.916246,5
磨く,研磨,0.952206,1
磨く,カット,0.922255,2
磨く,縫う,0.920478,3
磨く,直す,0.919691,4
磨く,狙い,0.909089,5
投票,求人情報,0.956811,1
投票,求人,0.942567,2
投票,交付,0.931305,3
投票,検索,0.931249,4
投票,調査,0.924984,5
引き続く,続ける,0.97538,1
引き続く,継続的,0.966876,2
引き続く,進行,0.9648,3
引き続く,その後,0.962659,4
引き続く,続く,0.961663,5
理論,文献,0.932892,1
理論,論文,0.931094,2
理論,講義,0.927114,3
理論,学科,0.918351,4
理論,レクチャー,0.915554,5
従業員,社員,0.974746,1
従業員,人員,0.956569,2
従業員,インタビュー,0.944622,3
従業員,働き,0.943782,4
従業員,従事,0.942486,5
独特,ユニーク,0.969413,1
独特,唯一,0.814097,2
独特,オリジナル,0.812228,3
独特,珍しい,0.799814,4
独特,特有,0.792259,5
怒る,怒り,0.98376,1
怒る,プレッシャー,0.931275,2
怒る,焦る,0.928115,3
怒る,ストレス,0.92029,4
怒る,争い,0.901534,5
モダン,スマート,0.909361,1
モダン,アディダス,0.896017,2
モダン,ネクスト,0.890919,3
モダン,テック,0.889577,4
モダン,現代,0.881459,5
経歴,身体,0.939177,1
経歴,権利,0.938556,2
経歴,内科,0.93773,3
経歴,世帯,0.937438,4
経歴,栄養,0.937058,5
制御,処理,0.967992,1
制御,メソッド,0.962215,2
制御,コントロール,0.961133,3
制御,実装,0.945646,4
制御,任務,0.942446,5
容器,包装,0.966359,1
容器,ボックス,0.962961,2
容器,部材,0.961235,3
容器,パッケージ,0.960595,4
容器,箱,0.957447,5
ビンテージ,アンティーク,0.939279,1
ビンテージ,レトロ,0.863205,2
ビンテージ,宝籤,0.858949,3
ビンテージ,御陰様,0.825778,4
ビンテージ,御前,0.81457,5
墓,墓地,0.967903,1
墓,葬,0.951941,2
墓,死者,0.899268,3
墓,隔離,0.884216,4
墓,地下,0.879537,5
点検,検査,0.964476,1
点検,検品,0.96076,2
点検,検証,0.949082,3
点検,回収,0.944871,4
点検,実証,0.93419,5
御八つ,圭,0.916588,1
御八つ,甲斐,0.90846,2
御八つ,御迎え,0.906451,3
御八つ,役,0.899391,4
御八つ,マチ,0.897239,5
ん,えー,0.961411,1
ん,って,0.940591,2
ん,うー,0.938634,3
ん,すら,0.92958,4
ん,コマ,0.926241,5
散らし,ばれる,0.933822,1
散らし,ばらばら,0.926189,2
散らし,ずれる,0.909815,3
散らし,ずれ,0.903873,4
散らし,ごろごろ,0.902946,5
刃,刀,0.93056,1
刃,ナイフ,0.914053,2
刃,拳,0.898908,3
刃,撃つ,0.89595,4
刃,打撃,0.878883,5
触る,触れる,0.98861,1
触る,行く,0.971031,2
触る,タッチ,0.961133,3
触る,聞く,0.958635,4
触る,手触り,0.957267,5
風邪,責める,0.89927,1
風邪,咳,0.887017,2
風邪,疲れる,0.882974,3
風邪,疲れ,0.881926,4
風邪,花粉症,0.878468,5
講習,コース,0.968692,1
講習,サービス,0.965474,2
講習,課程,0.965198,3
講習,職,0.964737,4
講習,実務,0.963258,5
劣化,不備,0.973134,1
劣化,負け,0.961605,2
劣化,損する,0.956372,3
劣化,壊れる,0.954333,4
劣化,負ける,0.953401,5
老人,年寄り,0.975066,1
老人,高齢者,0.964547,2
老人,高齢,0.963145,3
老人,徐々,0.90216,4
老人,シニア,0.899223,5
付き合う,付き合い,0.987505,1
付き合う,デート,0.939933,2
付き合う,彼氏,0.93888,3
付き合う,同居,0.937314,4
付き合う,カップル,0.937269,5
机,機材,0.968799,1
机,設備,0.968473,2
机,マシン,0.964992,3
机,機器,0.964182,4
机,コントローラー,0.960326,5
選び方,選び,0.961393,1
選び方,使い方,0.958663,2
選び方,使い道,0.95614,3
選び方,我,0.954093,4
選び方,パーソナル,0.952877,5
マッチング,入会,0.943905,1
マッチング,繋ぐ,0.92999,2
マッチング,配合,0.929322,3
マッチング,加入,0.928092,4
マッチング,フォロー,0.924376,5
部位,袖,0.965482,1
部位,半身,0.962373,2
部位,ネック,0.95981,3
部位,あご,0.958349,4
部位,吸収,0.957351,5
現象,出来,0.929393,1
現象,状況,0.92853,2
現象,シチュエーション,0.928333,3
現象,様子,0.920551,4
現象,ウイーク,0.914142,5
魂,スピリチュアル,0.905089,1
魂,内面,0.89033,2
魂,修行,0.887017,3
魂,精神,0.880472,4
魂,精神的,0.877016,5
シティー,都市,0.967521,1
シティー,都会,0.967135,2
シティー,首都圏,0.961659,3
シティー,カンパニー,0.961088,4
シティー,媒体,0.957839,5
御前,アンティーク,0.878244,1
御前,御陰,0.877115,2
御前,御陰様,0.868135,3
御前,屋敷,0.861792,4
御前,御朱印,0.859298,5
英会話,打ち合わせ,0.939811,1
英会話,行事,0.933579,2
英会話,営業,0.929762,3
英会話,通信,0.928628,4
英会話,講習会,0.928615,5
提携,連携,0.969066,1
提携,マネージャー,0.954161,2
提携,営業,0.94594,3
提携,リクルート,0.945493,4
提携,発表会,0.944987,5
粒,点,0.930972,1
粒,寸,0.923146,2
粒,秒,0.894743,3
粒,根元,0.889645,4
粒,リットル,0.88053,5
畑,田,0.963735,1
畑,田圃,0.963722,2
畑,平野,0.937954,3
畑,屋外,0.930279,4
畑,ランド,0.929817,5
整う,揃える,0.970532,1
整う,順,0.961335,2
整う,理,0.957413,3
整う,整える,0.957092,4
整う,伝,0.954221,5
温かい,暖かい,0.996839,1
温かい,あたたかい,0.985761,2
温かい,温まる,0.975456,3
温かい,温か,0.964674,4
温かい,温める,0.944997,5
具,価,0.977056,1
具,ジャン,0.973288,2
具,品,0.972841,3
具,得,0.972597,4
具,枚,0.972335,5
悪化,トラブル,0.968506,1
悪化,悪影響,0.95528,2
悪化,出血,0.955265,3
悪化,破綻,0.954984,4
悪化,ダメージ,0.953853,5
縦,立,0.946988,1
縦,帯,0.946501,2
縦,決まる,0.945865,3
縦,ストレート,0.941338,4
縦,占める,0.938063,5
コンサルティング,コンサルタント,0.984916,1
コンサルティング,コンサル,0.974883,2
コンサルティング,大学,0.942344,3
コンサルティング,製薬,0.940415,4
コンサルティング,顧問,0.940216,5
高校生,学生,0.983875,1
高校生,中学生,0.976744,2
高校生,生徒,0.943782,3
高校生,会話,0.936579,4
高校生,対話,0.932626,5
見掛ける,立ち寄る,0.938582,1
見掛ける,いつ,0.921843,2
見掛ける,現れる,0.920595,3
見掛ける,同日,0.918018,4
見掛ける,互い,0.907187,5
PDF,書類,0.954975,1
PDF,図面,0.945435,2
PDF,パッケージ,0.945144,3
PDF,HTML,0.943958,4
PDF,テンプレート,0.942331,5
納税,税,0.961553,1
納税,課税,0.952792,2
納税,税金,0.940776,3
納税,消費税,0.940578,4
納税,税務,0.903608,5
解析,分析,0.979981,1
解析,方法,0.975635,2
解析,解決,0.97434,3
解析,作用,0.972147,4
解析,解明,0.967377,5
マーケット,市場,0.977854,1
マーケット,流通,0.955731,2
マーケット,集会,0.951078,3
マーケット,イベント,0.943574,4
マーケット,登壇,0.933748,5
エラー,故障,0.980227,1
エラー,バグ,0.973091,2
エラー,不具合,0.96914,3
エラー,錯誤,0.958135,4
エラー,誤差,0.945096,5
初め,初期,0.951289,1
初め,始まり,0.947264,2
初め,最初,0.934457,3
初め,初,0.920992,4
初め,小まめ,0.920541,5
キャップ,ハット,0.964009,1
キャップ,ストラップ,0.959983,2
キャップ,傘,0.947462,3
キャップ,グローブ,0.946732,4
キャップ,帽子,0.942601,5
クッキー,スナック,0.953474,1
クッキー,cookie,0.937309,2
クッキー,ドーナツ,0.931983,3
クッキー,パンケーキ,0.92345,4
クッキー,キャンデー,0.916143,5
VS,MT,0.986465,1
VS,DS,0.986081,2
VS,CS,0.9846,3
VS,GT,0.984494,4
VS,PS,0.983236,5
マッチ,ダイヤル,0.850616,1
マッチ,ライター,0.850346,2
マッチ,レバー,0.849782,3
マッチ,包丁,0.848332,4
マッチ,ハンドル,0.843664,5
ヒット,大人気,0.924315,1
ヒット,プラス,0.918843,2
ヒット,盛ん,0.912464,3
ヒット,bts,0.90878,4
ヒット,売れる,0.907998,5
建て,クラス,0.958471,1
建て,ボード,0.957441,2
建て,コーティング,0.947887,3
建て,モジュール,0.947628,4
建て,拠点,0.946538,5
関心,期待,0.961946,1
関心,体感,0.94944,2
関心,興味,0.942494,3
関心,感,0.941381,4
関心,意見,0.941299,5
現役,従事,0.931379,1
現役,先発,0.926115,2
現役,選手,0.922575,3
現役,働き,0.920207,4
現役,貢献,0.91985,5
正月,七夕,0.923366,1
正月,明け,0.881821,2
正月,上野,0.871747,3
正月,稲荷,0.857607,4
正月,本場,0.854956,5
前半,前編,0.984435,1
前半,調,0.972896,2
前半,準,0.972074,3
前半,a,0.972002,4
前半,甲,0.969139,5
直後,次々,0.9288,1
直後,再度,0.928691,2
直後,直前,0.922394,3
直後,引き,0.918955,4
直後,直近,0.915064,5
要求,所要,0.975591,1
要求,即,0.971153,2
要求,要請,0.966176,3
要求,次回,0.964902,4
要求,約,0.962349,5
かしら,齎す,0.962782,1
かしら,丈,0.960385,2
かしら,こそ,0.960306,3
かしら,坊,0.95938,4
かしら,此れ,0.958922,5
y,z,0.991391,1
y,u,0.985449,2
y,q,0.985392,3
y,m,0.983056,4
y,b,0.979958,5
アンティーク,ビンテージ,0.939279,1
アンティーク,御前,0.878244,2
アンティーク,屋敷,0.872741,3
アンティーク,宝籤,0.85585,4
アンティーク,貴族,0.806497,5
寂しい,ひんやり,0.924765,1
寂しい,別々,0.918139,2
寂しい,引き籠もり,0.917247,3
寂しい,黙る,0.914933,4
寂しい,シャドー,0.908766,5
ターン,出る,0.953408,1
ターン,出す,0.951975,2
ターン,分ける,0.946884,3
ターン,引き,0.946009,4
ターン,上げる,0.945489,5
消化,代謝,0.949895,1
消化,腸内,0.942665,2
消化,胃,0.922752,3
消化,生理,0.921079,4
消化,口腔,0.921055,5
グラス,ボトル,0.953439,1
グラス,皿,0.947475,2
グラス,シート,0.946096,3
グラス,杯,0.945421,4
グラス,カップ,0.941846,5
器具,工具,0.975284,1
器具,ツール,0.97346,2
器具,タイマー,0.959964,3
器具,道具,0.955686,4
器具,機材,0.954816,5
若者,青年,0.978491,1
若者,青春,0.916185,2
若者,若手,0.906767,3
若者,若い,0.902676,4
若者,少年,0.862277,5
主人公,キャラ,0.972813,1
主人公,キャラクター,0.970442,2
主人公,センス,0.964552,3
主人公,能力,0.960447,4
主人公,特徴,0.95003,5
虫,鼠,0.954199,1
虫,蚊,0.922835,2
虫,害虫,0.92046,3
虫,細菌,0.914577,4
虫,菌,0.910809,5
恋人,友情,0.96795,1
恋人,母子,0.963971,2
恋人,親子,0.961297,3
恋人,愛顧,0.960505,4
恋人,愛犬,0.959272,5
オブ,欄,0.977623,1
オブ,所,0.975364,2
オブ,段,0.974337,3
オブ,属性,0.97421,4
オブ,件,0.974112,5
ハンドル,持ち手,0.966368,1
ハンドル,ロッド,0.946409,2
ハンドル,棒,0.940795,3
ハンドル,スイッチ,0.935319,4
ハンドル,竿,0.934459,5
ウエスト,皮,0.966096,1
ウエスト,あご,0.964478,2
ウエスト,額,0.963537,3
ウエスト,面,0.962197,4
ウエスト,コンディション,0.959101,5
キャンパス,学校,0.96302,1
キャンパス,スクール,0.954385,2
キャンパス,高校,0.952307,3
キャンパス,展示会,0.934548,4
キャンパス,百貨店,0.933339,5
医院,病院,0.994311,1
医院,医療機関,0.971014,2
医院,医学部,0.945454,3
医院,銀行,0.942926,4
医院,金融機関,0.930522,5
ストレート,直,0.979065,1
ストレート,立て,0.966949,2
ストレート,立,0.965166,3
ストレート,定める,0.94885,4
ストレート,列,0.947844,5
富士,富士山,0.946438,1
富士,青山,0.929162,2
富士,大谷,0.918374,3
富士,オーク,0.915657,4
富士,鯛,0.91323,5
マニュアル,説明書,0.95361,1
マニュアル,図面,0.933593,2
マニュアル,カタログ,0.930535,3
マニュアル,記録,0.929883,4
マニュアル,ストア,0.928905,5
解く,解明,0.967076,1
解く,遂げる,0.966365,2
解く,解析,0.96503,3
解く,解決,0.964065,4
解く,果たす,0.962552,5
委託,申告,0.949195,1
委託,申請,0.947477,2
委託,担当者,0.943645,3
委託,請求,0.941955,4
委託,届け出,0.938738,5
ネクスト,強化,0.900261,1
ネクスト,DX,0.896543,2
ネクスト,EA,0.892557,3
ネクスト,モダン,0.890919,4
ネクスト,次世代,0.880087,5
アルミ,アルミニウム,0.984359,1
アルミ,ナイロン,0.962081,2
アルミ,ポリエステル,0.951165,3
アルミ,ホームページ,0.933832,4
アルミ,シリコン,0.929158,5
豚,鴨,0.872923,1
豚,たこ,0.867414,2
豚,蝦,0.844575,3
豚,蛙,0.821991,4
豚,蟹,0.807397,5
反映,身,0.975297,1
反映,姿,0.970524,2
反映,面,0.970463,3
反映,認める,0.967293,4
反映,中身,0.967163,5
嘘,うそ,0.968284,1
嘘,サボる,0.935186,2
嘘,誤り,0.92111,3
嘘,誤,0.919437,4
嘘,言い訳,0.914747,5
食器,皿,0.964045,1
食器,カップ,0.961566,2
食器,コップ,0.955529,3
食器,杯,0.954895,4
食器,チェア,0.952656,5
カップル,夫妻,0.972417,1
カップル,夫婦,0.963624,2
カップル,婦人,0.949466,3
カップル,お礼,0.94783,4
カップル,配偶者,0.945101,5
癒し,癒す,0.967145,1
癒し,温もり,0.962564,2
癒し,幸い,0.959073,3
癒し,ヒーリング,0.95469,4
癒し,抱っこ,0.946853,5
直前,代わり,0.946837,1
直前,先日,0.941904,2
直前,直後,0.922394,3
直前,今迄,0.922091,4
直前,返る,0.92092,5
愛知,愛知県,0.992246,1
愛知,神奈川,0.985323,2
愛知,大阪府,0.984667,3
愛知,神奈川県,0.983379,4
愛知,神戸,0.98136,5
原,此れ,0.978472,1
原,其れ,0.970103,2
原,然も,0.961628,3
原,ふる,0.954343,4
原,本来,0.953693,5
限界,限り,0.94501,1
限界,仕方無い,0.900876,2
限界,一旦,0.894304,3
限界,仕方,0.887801,4
限界,終わる,0.885723,5
ブーツ,ドライヤー,0.850674,1
ブーツ,ヒーター,0.846617,2
ブーツ,カー,0.843218,3
ブーツ,オーブン,0.842161,4
ブーツ,デニム,0.841067,5
意思,意味,0.987599,1
意思,意義,0.973171,2
意思,文句,0.966365,3
意思,表す,0.965749,4
意思,基調,0.965537,5
懐かしい,故郷,0.884728,1
懐かしい,アットホーム,0.877767,2
懐かしい,地道,0.876774,3
懐かしい,ほっこり,0.871539,4
懐かしい,祖母,0.870912,5
出店,販売店,0.96575,1
出店,販売,0.963692,2
出店,出演,0.96318,3
出店,ミーティング,0.957188,4
出店,開催,0.956798,5
マウス,タッチ,0.870175,1
マウス,秒,0.865989,2
マウス,手首,0.853386,3
マウス,分間,0.839966,4
マウス,後輩,0.837618,5
イン,ル,0.991991,1
イン,プレ,0.990678,2
イン,アレ,0.986724,3
イン,ザ,0.985249,4
イン,け,0.982552,5
勇気,思い切る,0.86461,1
勇気,筋力,0.858699,2
勇気,努力,0.847532,3
勇気,決意,0.847482,4
勇気,一生懸命,0.840617,5
姫,乙女,0.972473,1
姫,プリンセス,0.923949,2
姫,蕾,0.918432,3
姫,アイボリー,0.890427,4
姫,細やか,0.885635,5
悲しい,落ち込む,0.963766,1
悲しい,残念,0.954024,2
悲しい,がっかり,0.937692,3
悲しい,悔しい,0.937425,4
悲しい,諦める,0.928237,5
輪,結ぶ,0.962904,1
輪,立て,0.953909,2
輪,結び,0.950706,3
輪,円,0.946431,4
輪,字,0.939694,5
湖,水面,0.938524,1
湖,バレー,0.930732,2
湖,平野,0.927141,3
湖,池,0.923785,4
湖,緑,0.921035,5
マナー,丁寧,0.944156,1
マナー,礼,0.934534,2
マナー,尊敬,0.919107,3
マナー,生徒,0.916782,4
マナー,挨拶,0.9155,5
並べる,期間,0.976737,1
並べる,通路,0.961856,2
並べる,パス,0.958146,3
並べる,順番,0.953214,4
並べる,ポジション,0.949316,5
ライター,アイロン,0.926588,1
ライター,ストーブ,0.900744,2
ライター,ヒーター,0.875555,3
ライター,電球,0.866097,4
ライター,カットソー,0.858727,5
け,ぎ,0.994789,1
け,き,0.993688,2
け,ま,0.990218,3
け,か,0.989349,4
け,み,0.988801,5
成立,掲載,0.967048,1
成立,分配,0.961583,2
成立,校,0.958171,3
成立,同社,0.952464,4
成立,弊社,0.951579,5
革,本革,0.934041,1
革,コア,0.926885,2
革,固める,0.926521,3
革,継承,0.925561,4
革,据える,0.919004,5
ラインアップ,センター,0.951987,1
ラインアップ,一覧表,0.947437,2
ラインアップ,インデックス,0.945466,3
ラインアップ,クラス,0.941551,4
ラインアップ,編成,0.938563,5
方面,ケース,0.974571,1
方面,所,0.97095,2
方面,文,0.970517,3
方面,属,0.970039,4
方面,有り,0.970003,5
選択肢,何,0.987725,1
選択肢,t,0.987288,2
選択肢,d,0.986405,3
選択肢,f,0.985944,4
選択肢,N,0.985496,5
デニム,ジーンズ,0.961012,1
デニム,ズボン,0.872472,2
デニム,製品,0.871621,3
デニム,財,0.868793,4
デニム,財産,0.867725,5
披露,知らせ,0.971563,1
披露,開示,0.968522,2
披露,役目,0.965205,3
披露,お知らせ,0.961272,4
披露,実証,0.957104,5
角度,方向,0.965812,1
角度,距離,0.957132,2
角度,時点,0.955561,3
角度,人数,0.954731,4
角度,日数,0.954193,5
岡山,岡山県,0.994174,1
岡山,千葉県,0.983114,2
岡山,千葉,0.982402,3
岡山,浜松,0.982089,4
岡山,茨城県,0.980286,5
属性,項,0.975045,1
属性,指,0.974958,2
属性,オブ,0.97421,3
属性,主体,0.973645,4
属性,記載,0.971846,5
証拠,リソース,0.933315,1
証拠,教科,0.929631,2
証拠,文献,0.926446,3
証拠,科目,0.923828,4
証拠,基盤,0.919904,5
肩凝り,痺れ,0.948867,1
肩凝り,吐き気,0.947291,2
肩凝り,浮腫み,0.944561,3
肩凝り,猫背,0.942352,4
肩凝り,便秘,0.940648,5
繋がり,繋がる,0.966513,1
繋がり,共感,0.945498,2
繋がり,活,0.941697,3
繋がり,尊重,0.935848,4
繋がり,ヒューマン,0.92988,5
薬局,ドラッグストアー,0.940488,1
薬局,歯医者,0.926847,2
薬局,クリニック,0.925597,3
薬局,指針,0.922612,4
薬局,薬剤師,0.914623,5
帽子,ハット,0.990944,1
帽子,傘,0.967841,2
帽子,手袋,0.96522,3
帽子,靴下,0.965128,4
帽子,杯,0.954561,5
ビュー,具材,0.956976,1
ビュー,成分,0.951912,2
ビュー,平,0.951714,3
ビュー,十分,0.951489,4
ビュー,素材,0.950711,5
つう,とも,0.977848,1
つう,み,0.97656,2
つう,か,0.975218,3
つう,さん,0.97501,4
つう,係,0.974617,5
仕上がる,十分,0.960151,1
仕上がる,揃える,0.954044,2
仕上がる,仕上がり,0.946823,3
仕上がる,揃う,0.944719,4
仕上がる,しっくり,0.943466,5
ポスト,板,0.965929,1
ポスト,枠,0.965284,2
ポスト,ページ,0.960387,3
ポスト,フレーム,0.959197,4
ポスト,収録,0.957607,5
フロア,ルーフ,0.966419,1
フロア,窓,0.959165,2
フロア,面積,0.957586,3
フロア,プレート,0.95723,4
フロア,数,0.953975,5
講義,文献,0.982683,1
講義,教科,0.971514,2
講義,報告書,0.97064,3
講義,レクチャー,0.969194,4
講義,教材,0.968503,5
えっ,あー,0.944366,1
えっ,なんて,0.920474,2
えっ,うう,0.908033,3
えっ,そんな,0.892631,4
えっ,あっ,0.891994,5
物凄い,凄い,0.905888,1
物凄い,消滅,0.898527,2
物凄い,暗い,0.890077,3
物凄い,ダーク,0.87793,4
物凄い,闇,0.859704,5
可愛らしい,可愛い,0.974475,1
可愛らしい,キュート,0.971178,2
可愛らしい,やさしい,0.912795,3
可愛らしい,優しい,0.905624,4
可愛らしい,心地良い,0.902323,5
還元,分間,0.919458,1
還元,申告,0.883905,2
還元,はじめ,0.882376,3
還元,坪,0.875486,4
還元,注意事項,0.87233,5
梅,菊,0.979636,1
梅,葵,0.961636,2
梅,蓮,0.954274,3
梅,緑,0.944584,4
梅,ナチュラル,0.942157,5
実力,スキル,0.942371,1
実力,権利,0.938889,2
実力,目標,0.9361,3
実力,責任,0.935039,4
実力,決意,0.934025,5
国立,県立,0.938367,1
国立,名所,0.930314,2
国立,ストック,0.929357,3
国立,史,0.924222,4
国立,国土,0.922224,5
USB,Bluetooth,0.950294,1
USB,リモコン,0.946123,2
USB,カート,0.935399,3
USB,端末,0.924186,4
USB,クーポン,0.922477,5
ハーブ,ごま,0.940634,1
ハーブ,柚子,0.940134,2
ハーブ,オリーブ,0.930181,3
ハーブ,椎茸,0.929375,4
ハーブ,綿,0.928016,5
即,条,0.981359,1
即,各号,0.976587,2
即,毎,0.976026,3
即,段,0.974799,4
即,同,0.973659,5
論,説,0.976361,1
論,科,0.974053,2
論,著,0.970022,3
論,主な,0.968933,4
論,理,0.968059,5
振り返る,復習,0.962753,1
振り返る,思い出す,0.961253,2
振り返る,反省,0.960554,3
振り返る,習う,0.959558,4
振り返る,考える,0.955443,5
ロール,役割,0.984255,1
ロール,定める,0.968942,2
ロール,定期,0.963232,3
ロール,パート,0.963173,4
ロール,員,0.960409,5
祝,おめでとう,0.961132,1
祝,祝う,0.955812,2
祝,祝福,0.93838,3
祝,スマイル,0.93312,4
祝,よし,0.930676,5
ジュエリー,香水,0.910559,1
ジュエリー,指輪,0.891572,2
ジュエリー,コスメ,0.888303,3
ジュエリー,花束,0.885225,4
ジュエリー,エステ,0.88166,5
カーテン,置き物,0.962761,1
カーテン,箪笥,0.956158,2
カーテン,シーツ,0.949595,3
カーテン,床,0.944085,4
カーテン,壁紙,0.944022,5
スプレー,はさみ,0.861783,1
スプレー,クリック,0.849564,2
スプレー,電池,0.83422,3
スプレー,ダウンロード,0.83145,4
スプレー,プラグイン,0.830125,5
株価,交通,0.901433,1
株価,為替,0.899076,2
株価,株式,0.891705,3
株価,トレード,0.881054,4
株価,選挙,0.870044,5
ショック,衝撃,0.968353,1
ショック,過酷,0.952893,2
ショック,危ない,0.94413,3
ショック,パニック,0.940131,4
ショック,破壊,0.93849,5
たつ,り,0.973654,1
たつ,ぎ,0.973295,2
たつ,アレ,0.973018,3
たつ,匹,0.972188,4
たつ,ま,0.969727,5
パッド,ソックス,0.964296,1
パッド,手袋,0.960431,2
パッド,靴下,0.95873,3
パッド,手摺,0.95727,4
パッド,袋,0.956939,5
翻訳,算出,0.9584,1
翻訳,交付,0.957138,2
翻訳,納品,0.955788,3
翻訳,勤務,0.955237,4
翻訳,測定,0.95147,5
綿,葉,0.969976,1
綿,米,0.958834,2
綿,まめ,0.958486,3
綿,豆腐,0.954874,4
綿,豆,0.954217,5
上限,域,0.939098,1
上限,最後,0.927212,2
上限,最終,0.923586,3
上限,スケール,0.921297,4
上限,全長,0.916662,5
声優,演技,0.919913,1
声優,役者,0.876864,2
声優,カメラマン,0.873305,3
声優,イラストレーター,0.868116,4
声優,アニメーション,0.844825,5
ウォーター,水,0.973789,1
ウォーター,野菜,0.925506,2
ウォーター,清水,0.9228,3
ウォーター,カルシウム,0.921984,4
ウォーター,大豆,0.920673,5
扉,ドア,0.99269,1
扉,門,0.987745,2
扉,テーブル,0.978888,3
扉,ベンチ,0.97616,4
扉,アドレス,0.963528,5
幼稚園,保育園,0.916639,1
幼稚園,小学校,0.914924,2
幼稚園,小学,0.887373,3
幼稚園,カフェ,0.864218,4
幼稚園,喫茶店,0.858003,5
ベージュ,茶色,0.969316,1
ベージュ,基調,0.935972,2
ベージュ,まあまあ,0.930705,3
ベージュ,そこそこ,0.929969,4
ベージュ,十分,0.928842,5
吹く,放る,0.925099,1
吹く,回る,0.920462,2
吹く,触る,0.918354,3
吹く,開ける,0.915069,4
吹く,声,0.910242,5
間違える,間違う,0.979958,1
間違える,間違い,0.978268,2
間違える,誤り,0.97533,3
間違える,誤る,0.974601,4
間違える,錯誤,0.971822,5
み,き,0.995272,1
み,か,0.994008,2
み,ま,0.991348,3
み,じ,0.990682,4
み,け,0.988801,5
クラシック,古典,0.990091,1
クラシック,女王,0.898037,2
クラシック,寺院,0.894158,3
クラシック,聖書,0.894047,4
クラシック,キリスト,0.893105,5
故障,エラー,0.980227,1
故障,不具合,0.969368,2
故障,倒産,0.956651,3
故障,事故,0.943381,4
故障,バグ,0.941774,5
補償,登録,0.953303,1
補償,代金,0.946998,2
補償,請求,0.946917,3
補償,補正,0.939839,4
補償,賃貸,0.936337,5
プレス,マスコミ,0.972252,1
プレス,企業,0.970445,2
プレス,カンパニー,0.969707,3
プレス,会社,0.965962,4
プレス,商業,0.962454,5
繋げる,連れる,0.973553,1
繋げる,届け,0.960746,2
繋げる,繋がる,0.959125,3
繋げる,可成,0.953252,4
繋げる,取り入れる,0.95318,5
抵抗,切断,0.854572,1
抵抗,捕らえる,0.845972,2
抵抗,ライバル,0.838431,3
抵抗,叩く,0.831747,4
抵抗,叱る,0.827165,5
コンサルタント,コンサルティング,0.984916,1
コンサルタント,コンサル,0.976781,2
コンサルタント,顧問,0.973924,3
コンサルタント,高等学校,0.932911,4
コンサルタント,カレッジ,0.932837,5
人形,ミディアム,0.881781,1
人形,CG,0.875008,2
人形,CS,0.873839,3
人形,カラーリング,0.871258,4
人形,中間,0.869799,5
扱い,具合,0.973108,1
扱い,我が,0.965971,2
扱い,待遇,0.963361,3
扱い,自,0.961409,4
扱い,スタンス,0.957005,5
スタンダード,標準,0.9883,1
スタンダード,中心,0.959159,2
スタンダード,公認,0.958194,3
スタンダード,ガイドライン,0.951227,4
スタンダード,校,0.950925,5
日焼け,熱中,0.872983,1
日焼け,暑い,0.846938,2
日焼け,熱中症,0.819364,3
日焼け,発熱,0.819128,4
日焼け,火傷,0.809119,5
張り,アンド,0.954085,1
張り,込み,0.930707,2
張り,取り,0.930583,3
張り,たって,0.929069,4
張り,詰める,0.926128,5
一応,先ず,0.961002,1
一応,有無,0.950211,2
一応,入れる,0.94958,3
一応,側,0.948647,4
一応,はじめ,0.947298,5
テニス,卓球,0.924442,1
テニス,マラソン,0.923865,2
テニス,体育,0.923362,3
テニス,フィットネス,0.922666,4
テニス,スポーツ,0.904403,5
巨大,大物,0.914852,1
巨大,特大,0.89739,2
巨大,膨大,0.894156,3
巨大,数千,0.886715,4
巨大,壮大,0.88528,5
芸能,芸能人,0.961128,1
芸能,ショー,0.951536,2
芸能,芸能界,0.947641,3
芸能,コンサート,0.932582,4
芸能,演出,0.918385,5
鉄,鋼,0.912848,1
鉄,アイアン,0.878799,2
鉄,部長,0.877973,3
鉄,資源,0.876676,4
鉄,国土,0.876181,5
マネージャー,管理職,0.969953,1
マネージャー,管理者,0.965311,2
マネージャー,管理人,0.956005,3
マネージャー,提携,0.954161,4
マネージャー,営業,0.953648,5
ペーパー,紙,0.97693,1
ペーパー,用紙,0.944509,2
ペーパー,スプーン,0.91731,3
ペーパー,ハンカチ,0.913448,4
ペーパー,箸,0.913013,5
不正,不当,0.974948,1
不正,違法,0.973131,2
不正,無断,0.960856,3
不正,違反,0.956236,4
不正,悪質,0.950005,5
ミックス,混合,0.923639,1
ミックス,ブレンド,0.898397,2
ミックス,多岐,0.890334,3
ミックス,多種,0.86557,4
ミックス,多様,0.859722,5
正解,解答,0.981783,1
正解,的確,0.976434,2
正解,支持,0.975203,3
正解,きっと,0.971702,4
正解,答え,0.971405,5
手帳,筆,0.961504,1
手帳,ノート,0.960719,2
手帳,文具,0.96058,3
手帳,ペン,0.957427,4
手帳,ブラシ,0.951902,5
出掛ける,使う,0.974815,1
出掛ける,お出掛け,0.966301,2
出掛ける,乗る,0.963639,3
出掛ける,用いる,0.963068,4
出掛ける,外出,0.961248,5
持続,維持,0.966996,1
持続,確立,0.964913,2
持続,継続,0.957338,3
持続,備わる,0.956836,4
持続,信頼性,0.956513,5
故,ストール,0.958352,1
故,ロス,0.952523,2
故,損,0.936136,3
故,放棄,0.935331,4
故,過ぎ,0.933177,5
焼き肉,バーベキュー,0.937323,1
焼き肉,焼き鳥,0.926165,2
焼き肉,BBQ,0.913348,3
焼き肉,ラーメン,0.89537,4
焼き肉,お好み焼き,0.880117,5
ウェディング,結婚式,0.99249,1
ウェディング,ブライダル,0.942447,2
ウェディング,婚姻,0.918915,3
ウェディング,結婚,0.906629,4
ウェディング,婚,0.874884,5
誘う,又,0.879914,1
誘う,近付く,0.871781,2
誘う,びっ,0.869703,3
誘う,引く,0.867959,4
誘う,いざ,0.865574,5
sim,添加,0.957731,1
sim,付,0.951221,2
sim,m2,0.946765,3
sim,mm,0.941222,4
sim,cm,0.94098,5
z,q,0.991457,1
z,y,0.991391,2
z,b,0.98938,3
z,u,0.988852,4
z,s,0.987541,5
団,集,0.975179,1
団,周,0.972256,2
団,級,0.959947,3
団,行成,0.957453,4
団,一通り,0.957082,5
習得,適応,0.975169,1
習得,認知,0.967818,2
習得,実践,0.958276,3
習得,認識,0.956279,4
習得,把握,0.955708,5
専門家,エキスパート,0.985373,1
専門家,専門,0.967014,2
専門家,専門的,0.964045,3
専門家,専門医,0.963772,4
専門家,プロフェッショナル,0.958589,5
駅前,節目,0.958462,1
駅前,市,0.951186,2
駅前,都心,0.94855,3
駅前,市街,0.946663,4
駅前,モール,0.945645,5
逃す,逃げる,0.95728,1
逃す,落とす,0.908634,2
逃す,滑る,0.905299,3
逃す,離脱,0.899095,4
逃す,揺る,0.894396,5
即日,当日,0.945698,1
即日,年内,0.938953,2
即日,再開,0.924849,3
即日,期間中,0.922963,4
即日,直近,0.921958,5
保健,ヘルス,0.976513,1
保健,健康,0.973326,2
保健,栄養,0.961682,3
保健,配偶者,0.948683,4
保健,スキンケア,0.948173,5
接客,サポーター,0.936573,1
接客,対談,0.935193,2
接客,保育士,0.933891,3
接客,ダイニング,0.929569,4
接客,協力,0.925181,5
棟,ボード,0.959897,1
棟,ドック,0.958654,2
棟,建物,0.956539,3
棟,パネル,0.95104,4
棟,屋根,0.950481,5
Instagram,YouTube,0.907753,1
Instagram,SNS,0.906139,2
Instagram,DJ,0.90313,3
Instagram,インスタ,0.901648,4
Instagram,Facebook,0.889554,5
勿体,抑,0.95068,1
勿体,あく,0.936554,2
勿体,バック,0.926805,3
勿体,被告,0.921978,4
勿体,限,0.906748,5
掛け,化,0.966637,1
掛け,際,0.96093,2
掛け,フォー,0.955747,3
掛け,博,0.953148,4
掛け,トレ,0.952877,5
機構,制度,0.983953,1
機構,系統,0.964351,2
機構,機関,0.961966,3
機構,ポリシー,0.96128,4
機構,規程,0.960297,5
馴染み,身近,0.961038,1
馴染み,馴染む,0.958809,2
馴染み,実家,0.953491,3
馴染み,知人,0.949221,4
馴染み,主人,0.94292,5
宮,荘,0.974717,1
宮,大和,0.958863,2
宮,大谷,0.954942,3
宮,大塚,0.952255,4
宮,しま,0.944376,5
かく,ル,0.987455,1
かく,アレ,0.986933,2
かく,せい,0.986164,3
かく,ぎ,0.983474,4
かく,け,0.982984,5
お子さん,お子様,0.998374,1
お子さん,チャイルド,0.981138,2
お子さん,児,0.967436,3
お子さん,子供,0.961523,4
お子さん,小児,0.961097,5
本社,本部,0.98334,1
本社,市役所,0.958778,2
本社,東武,0.943144,3
本社,編集部,0.942215,4
本社,プロバイダー,0.936173,5
リズム,演奏,0.905573,1
リズム,循環,0.896443,2
リズム,シーズン,0.889888,3
リズム,言語,0.889368,4
リズム,四季,0.886925,5
ポスター,横幅,0.937479,1
ポスター,バナー,0.937061,2
ポスター,ロゴ,0.91211,3
ポスター,ドーム,0.87706,4
ポスター,サイト,0.868625,5
ゆう,ふく,0.988635,1
ゆう,み,0.984993,2
ゆう,きく,0.982131,3
ゆう,つき,0.980751,4
ゆう,あん,0.979963,5
連載,シリーズ,0.933432,1
連載,販売,0.9333,2
連載,稼働,0.930094,3
連載,運行,0.927405,4
連載,売り,0.927376,5
ヒント,取得,0.958093,1
ヒント,明記,0.951262,2
ヒント,組み込む,0.951061,3
ヒント,計,0.950412,4
ヒント,要約,0.950383,5
モチベーション,動機,0.97075,1
モチベーション,意欲,0.969181,2
モチベーション,成長,0.953125,3
モチベーション,上達,0.945281,4
モチベーション,自信,0.936846,5
ランニング,ジョギング,0.984452,1
ランニング,水泳,0.956379,2
ランニング,サイクリング,0.9518,3
ランニング,ランナー,0.945306,4
ランニング,泳ぐ,0.940368,5
構う,択,0.973524,1
構う,尚且つ,0.950782,2
構う,漸と,0.947388,3
構う,纏め,0.946901,4
構う,イン,0.946395,5
エアー,伸びる,0.858111,1
エアー,モーション,0.85808,2
エアー,ウェーブ,0.85337,3
エアー,動く,0.852058,4
エアー,波,0.851121,5
治る,回復,0.971708,1
治る,許す,0.968819,2
治る,愈,0.962168,3
治る,信じる,0.959258,4
治る,治す,0.957515,5
打ち合わせ,取材,0.966912,1
打ち合わせ,インタビュー,0.960517,2
打ち合わせ,ヒアリング,0.956592,3
打ち合わせ,調査,0.952709,4
打ち合わせ,行事,0.951276,5
オーガニック,有機,0.991732,1
オーガニック,無添加,0.958775,2
オーガニック,サーモン,0.937768,3
オーガニック,グリーン,0.934801,4
オーガニック,エコ,0.92829,5
都道府県,州,0.972286,1
都道府県,道路,0.964823,2
都道府県,路面,0.964207,3
都道府県,施設,0.953258,4
都道府県,サイト,0.952968,5
随時,今,0.966965,1
随時,いま,0.955526,2
随時,直近,0.954508,3
随時,今夜,0.953762,4
随時,今週,0.952076,5
手掛ける,改める,0.963012,1
手掛ける,取り組む,0.959388,2
手掛ける,行う,0.959185,3
手掛ける,行動,0.955648,4
手掛ける,役立てる,0.95236,5
抽選,先着,0.804294,1
抽選,応募,0.769665,2
抽選,振り替え,0.762626,3
抽選,還元率,0.761926,4
抽選,募集中,0.761924,5
過程,プロセス,0.970339,1
過程,働き,0.921801,2
過程,遂行,0.920969,3
過程,実施,0.920441,4
過程,運用,0.919265,5
臨床,実務,0.936366,1
臨床,監査,0.932603,2
臨床,経理,0.931938,3
臨床,業務,0.930618,4
臨床,職務,0.927851,5
列,フロント,0.974472,1
列,表示,0.968382,2
列,組,0.968121,3
列,欄,0.967911,4
列,結論,0.967576,5
優待,優遇,0.929249,1
優待,ボーナス,0.797041,2
優待,特典,0.782291,3
優待,付加,0.766987,4
優待,私立,0.72922,5
返る,回す,0.962301,1
返る,下ろす,0.95901,2
返る,再び,0.953876,3
返る,遣る,0.953155,4
返る,下りる,0.949225,5
PR,主催,0.962734,1
PR,商,0.960862,2
PR,広報,0.957913,3
PR,キャンペーン,0.956258,4
PR,商工,0.953526,5
見逃す,ううん,0.95799,1
見逃す,下がる,0.941271,2
見逃す,避ける,0.936665,3
見逃す,減る,0.931523,4
見逃す,あー,0.931404,5
頼る,姉,0.971791,1
頼る,飼い主,0.970388,2
頼る,信頼,0.969804,3
頼る,息子,0.969526,4
頼る,主人,0.968834,5
髪の毛,髪,0.978789,1
髪の毛,前髪,0.947167,2
髪の毛,暮らす,0.933247,3
髪の毛,髪質,0.930038,4
髪の毛,眉毛,0.927888,5
フィールド,ロケ,0.978502,1
フィールド,区域,0.972952,2
フィールド,場,0.969249,3
フィールド,沿線,0.967929,4
フィールド,地区,0.963685,5
内装,インテリア,0.981459,1
内装,間取り,0.963252,2
内装,家具,0.950934,3
内装,衣装,0.947084,4
内装,住居,0.946977,5
像,幾,0.97531,1
像,式,0.974309,2
像,枚,0.974129,3
像,タイトル,0.97336,4
像,相,0.969628,5
吸う,下ろす,0.961711,1
吸う,下りる,0.949785,2
吸う,遡る,0.94871,3
吸う,脱ぐ,0.946244,4
吸う,下る,0.944185,5
レトロ,ビンテージ,0.863205,1
レトロ,振り袖,0.848277,2
レトロ,御菓子,0.833132,3
レトロ,懐かしい,0.811971,4
レトロ,大福,0.811645,5
畳,縁,0.942761,1
畳,しま,0.940671,2
畳,かしら,0.940437,3
畳,ファー,0.93773,4
畳,宿,0.934004,5
モチーフ,サークル,0.931841,1
モチーフ,一体,0.929034,2
モチーフ,結び,0.925058,3
モチーフ,丸,0.92232,4
モチーフ,丸ごと,0.920854,5
カスタマイズ,工夫,0.893107,1
カスタマイズ,物作り,0.89155,2
カスタマイズ,タブレット,0.879126,3
カスタマイズ,ipad,0.871212,4
カスタマイズ,ギター,0.869976,5
活,生きる,0.976097,1
活,生体,0.952789,2
活,動機,0.947719,3
活,ライフ,0.945688,4
活,繋がり,0.941697,5
敢えて,挑戦,0.87496,1
敢えて,突入,0.872163,2
敢えて,強烈,0.860872,3
敢えて,大胆,0.842546,4
敢えて,迫力,0.829789,5
払い,返却,0.956205,1
払い,返還,0.955827,2
払い,リターン,0.951749,3
払い,請求,0.949656,4
払い,払う,0.949235,5
連,合,0.986844,1
連,科,0.982197,2
連,並びに,0.980345,3
連,関,0.978537,4
連,際,0.974792,5
真剣,真面目,0.899205,1
真剣,きっちり,0.875872,2
真剣,誓う,0.872412,3
真剣,安田,0.872288,4
真剣,着実,0.869016,5
受診,通院,0.966741,1
受診,クライアント,0.9523,2
受診,出勤,0.946246,3
受診,収支,0.941546,4
受診,借りる,0.935068,5
株主,URL,0.905451,1
株主,価格,0.896011,2
株主,km,0.888051,3
株主,バージョン,0.882752,4
株主,トークン,0.878806,5
掲げる,説,0.97229,1
掲げる,名乗る,0.969127,2
掲げる,関,0.964384,3
掲げる,並びに,0.962963,4
掲げる,旨,0.962869,5
世帯,夫婦,0.960593,1
世帯,飼い主,0.955981,2
世帯,主人,0.955244,3
世帯,親戚,0.953637,4
世帯,夫妻,0.953455,5
近隣,近所,0.98175,1
近隣,付近,0.979743,2
近隣,近辺,0.964796,3
近隣,近く,0.957001,4
近隣,隣接,0.95107,5
保護者,父さん,0.984007,1
保護者,お父さん,0.983207,2
保護者,親父,0.980777,3
保護者,父,0.978384,4
保護者,父親,0.974865,5
受け入れる,受け入れ,0.989942,1
受け入れる,受け止める,0.984469,2
受け入れる,許容,0.982042,3
受け入れる,彼女,0.98094,4
受け入れる,都合,0.972025,5
被る,跡,0.918867,1
被る,残す,0.91467,2
被る,ううん,0.914268,3
被る,溜まる,0.912015,4
被る,余る,0.911028,5
先週,今朝,0.971657,1
先週,先月,0.961779,2
先週,先日,0.955093,3
先週,今週,0.951606,4
先週,起こる,0.947064,5
爪,爪先,0.951383,1
爪,歯,0.928387,2
爪,鼻,0.920175,3
爪,ネック,0.916623,4
爪,踵,0.913655,5
避難,検温,0.860503,1
避難,泊まる,0.851157,2
避難,下車,0.840422,3
避難,覚める,0.83174,4
避難,防寒,0.830161,5
経由,申告,0.937775,1
経由,本件,0.937146,2
経由,参入,0.934889,3
経由,期間,0.931135,4
経由,届け出,0.930822,5
大統領,首相,0.946228,1
大統領,総理,0.927578,2
大統領,市長,0.91872,3
大統領,経営者,0.912789,4
大統領,CEO,0.911268,5
児,小児,0.97601,1
児,児童,0.971954,2
児,チャイルド,0.970487,3
児,お子さん,0.967436,4
児,お子様,0.963233,5
市販,ユニクロ,0.922352,1
市販,スクリプト,0.914804,2
市販,商品,0.911002,3
市販,ページ,0.91067,4
市販,アルミニウム,0.90985,5
早期,初期,0.929787,1
早期,最初,0.91362,2
早期,最早,0.904121,3
早期,当初,0.876147,4
早期,初め,0.863594,5
柱,ウォール,0.955258,1
柱,軸,0.948496,2
柱,ブロック,0.942594,3
柱,ルート,0.934926,4
柱,壁,0.930957,5
祝日,新年,0.927602,1
祝日,クリスマス,0.911586,2
祝日,卒業式,0.895018,3
祝日,日祝,0.887765,4
祝日,アトラクション,0.887057,5
プラットフォーム,スーパー,0.956331,1
プラットフォーム,カンパニー,0.954791,2
プラットフォーム,市,0.954162,3
プラットフォーム,放送,0.948768,4
プラットフォーム,会社,0.948361,5
不倫,浮気,0.989705,1
不倫,侵入,0.943603,2
不倫,違反,0.935826,3
不倫,損なう,0.93356,4
不倫,不正,0.928093,5
お母さん,ママ,0.996654,1
お母さん,母さん,0.992354,2
お母さん,母親,0.992244,3
お母さん,母,0.986598,4
お母さん,親,0.983263,5
とく,ま,0.988032,1
とく,り,0.987424,2
とく,き,0.985347,3
とく,み,0.984565,4
とく,か,0.983501,5
解放,勝利,0.937751,1
解放,上昇,0.933092,2
解放,勝ち,0.929886,3
解放,応援,0.926394,4
解放,勝つ,0.926138,5
目線,ボディー,0.966459,1
目線,ヘッド,0.966109,2
目線,目,0.963646,3
目線,額,0.960555,4
目線,イヤー,0.95861,5
全般,一般,0.979457,1
全般,各種,0.965903,2
全般,一般的,0.965141,3
全般,様々,0.954105,4
全般,所有,0.949957,5
葡萄,果実,0.972704,1
葡萄,フルーツ,0.963763,2
葡萄,果物,0.963701,3
葡萄,サーモン,0.954994,4
葡萄,桃,0.947362,5
当選,受賞,0.930875,1
当選,就任,0.916296,2
当選,統一,0.915131,3
当選,賛成,0.912043,4
当選,必見,0.910024,5
履歴,存分,0.960519,1
履歴,成績,0.959348,2
履歴,内訳,0.959338,3
履歴,帳,0.955813,4
履歴,取り揃える,0.955075,5
不満,挫折,0.971979,1
不満,苦情,0.967031,2
不満,嫌い,0.961078,3
不満,辛い,0.946479,4
不満,苦しい,0.945956,5
圧倒的,著しい,0.837606,1
圧倒的,強烈,0.819259,2
圧倒的,非常,0.750718,3
圧倒的,極めて,0.738225,4
圧倒的,大幅,0.723807,5
迅速,速い,0.961877,1
迅速,速やか,0.943049,2
迅速,速,0.917425,3
迅速,アクション,0.910329,4
迅速,加速,0.908444,5
パウダー,粉末,0.893741,1
パウダー,パッチ,0.885517,2
パウダー,ドロップ,0.876335,3
パウダー,ステッカー,0.849592,4
パウダー,マイクロ,0.842555,5
完備,定評,0.940684,1
完備,完全,0.93389,2
完備,定番,0.931005,3
完備,品質,0.928188,4
完備,仕上がり,0.927581,5
在住,在留,0.985374,1
在住,所属,0.969609,2
在住,持ち,0.9681,3
在住,受け入れ,0.966715,4
在住,中身,0.96571,5
ワイド,大半,0.962753,1
ワイド,多く,0.954312,2
ワイド,幅広い,0.948779,3
ワイド,大,0.945902,4
ワイド,大きな,0.94374,5
緩和,和らげる,0.959241,1
緩和,まったり,0.948358,2
緩和,落ち着く,0.943919,3
緩和,マイルド,0.943869,4
緩和,ゆったり,0.943378,5
進学,留学,0.959422,1
進学,就職,0.947007,2
進学,人材,0.941638,3
進学,ヘルスケア,0.937333,4
進学,キャリア,0.936607,5
個室,カプセル,0.921412,1
個室,ヘッドホン,0.91432,2
個室,浴室,0.894412,3
個室,寝室,0.891746,4
個室,宅建,0.889156,5
挟む,打,0.943587,1
挟む,叩く,0.939172,2
挟む,割,0.92913,3
挟む,押す,0.926209,4
挟む,あしらう,0.92102,5
クオリティー,良質,0.954464,1
クオリティー,成果,0.952084,2
クオリティー,良品,0.950992,3
クオリティー,有用,0.949036,4
クオリティー,健全,0.946516,5
期間中,年内,0.971811,1
期間中,当日,0.968253,2
期間中,ウイーク,0.966227,3
期間中,行,0.950364,4
期間中,日日,0.945855,5
匂い,におい,0.981633,1
匂い,味,0.925857,2
匂い,感触,0.917119,3
匂い,触れる,0.902885,4
匂い,触る,0.902395,5
山口,山形,0.963601,1
山口,山梨,0.954804,2
山口,秋田,0.953038,3
山口,瀬戸,0.943425,4
山口,岩手,0.942407,5
草,葉っぱ,0.939866,1
草,芋,0.933405,2
草,まめ,0.902719,3
草,豆,0.899436,4
草,ピーマン,0.898368,5
本格的,本格,0.981999,1
本格的,上級,0.939705,2
本格的,立派,0.935799,3
本格的,堂々,0.925982,4
本格的,安田,0.925793,5
マラソン,テニス,0.923865,1
マラソン,体育,0.897024,2
マラソン,ランナー,0.885286,3
マラソン,スポーツ,0.878371,4
マラソン,ランニング,0.868532,5
豆腐,野菜,0.975001,1
豆腐,タピオカ,0.96283,2
豆腐,白菜,0.954937,3
豆腐,綿,0.954874,4
豆腐,米,0.952949,5
一旦,ホールド,0.947065,1
一旦,終了,0.932881,2
一旦,バック,0.932706,3
一旦,被,0.932488,4
一旦,止め,0.921646,5
フェア,公開,0.940398,1
フェア,掲載,0.926941,2
フェア,公,0.916455,3
フェア,公的,0.915773,4
フェア,ラウンド,0.914704,5
付与,獲得,0.97723,1
付与,満たす,0.973448,2
付与,得,0.967383,3
付与,賜る,0.963501,4
付与,得る,0.963327,5
驚き,びっくり,0.967916,1
驚き,突然,0.895461,2
驚き,意外,0.894514,3
驚き,驚く,0.843118,4
驚き,ワイルド,0.76586,5
つき,ま,0.984314,1
つき,み,0.982669,2
つき,き,0.981643,3
つき,り,0.980851,4
つき,ゆう,0.980751,5
業種,開催,0.95759,1
業種,配布,0.952368,2
業種,公表,0.952161,3
業種,週刊,0.950414,4
業種,部会,0.948102,5
体感,実感,0.977781,1
体感,感じる,0.965604,2
体感,思う,0.962946,3
体感,感覚,0.962728,4
体感,関心,0.94944,5
つい,ちゃう,0.945234,1
つい,ぎゅっ,0.899764,2
つい,ブレーク,0.890319,3
つい,抜ける,0.880414,4
つい,なんて,0.873514,5
取り扱う,取り上げる,0.980774,1
取り扱う,扱う,0.979545,2
取り扱う,返信,0.978147,3
取り扱う,員,0.976161,4
取り扱う,返答,0.972994,5
勢い,駆ける,0.935593,1
勢い,刺激,0.897811,2
勢い,飛び出す,0.888072,3
勢い,思い切り,0.887766,4
勢い,スピード,0.883143,5
有無,何回,0.956359,1
有無,一応,0.950211,2
有無,左右,0.94933,3
有無,側,0.946107,4
有無,単に,0.942813,5
止め,停,0.969333,1
止め,閉じる,0.968544,2
止め,停止,0.965757,3
止め,ストップ,0.962232,4
止め,クローズ,0.960151,5
汚れる,汚い,0.979761,1
汚れる,損なう,0.968246,2
汚れる,有害,0.96733,3
汚れる,悪影響,0.963482,4
汚れる,不良,0.960228,5
チキン,鶏肉,0.983326,1
チキン,ライス,0.967397,2
チキン,そば,0.957331,3
チキン,飯,0.949842,4
チキン,菜,0.944587,5
スニーカー,アプリ,0.920446,1
スニーカー,バックパック,0.912324,2
スニーカー,サングラス,0.911755,3
スニーカー,シューズ,0.908677,4
スニーカー,レンタカー,0.899305,5
合成,人工,0.911311,1
合成,グラフィック,0.896912,2
合成,設計,0.890052,3
合成,シミュレーション,0.889037,4
合成,スタジオ,0.886466,5
面積,時点,0.973207,1
面積,直径,0.970572,2
面積,形状,0.96647,3
面積,位置,0.96497,4
面積,数,0.964066,5
装飾,デコレーション,0.986216,1
装飾,飾り,0.951306,2
装飾,飾る,0.919893,3
装飾,ヘアカラー,0.915664,4
装飾,スイート,0.91453,5
チャート,集計,0.96268,1
チャート,一覧表,0.950836,2
チャート,メニュー,0.950157,3
チャート,指標,0.94679,4
チャート,インデックス,0.945775,5
立地,見出し,0.969615,1
立地,ロケーション,0.961122,2
立地,資料,0.956569,3
立地,地点,0.955289,4
立地,案内,0.953661,5
滑らか,スムーズ,0.950123,1
滑らか,雰囲気,0.913144,2
滑らか,ビュー,0.911776,3
滑らか,しなやか,0.894245,4
滑らか,丸い,0.888186,5
形態,層,0.962916,1
形態,水準,0.961723,2
形態,形,0.958983,3
形態,テクスチャー,0.957218,4
形態,領域,0.952065,5
周,団,0.972256,1
周,都,0.967286,2
周,中部,0.966952,3
周,一通り,0.960561,4
周,通,0.959646,5
ハーフ,半,0.940886,1
ハーフ,粉,0.939154,2
ハーフ,セカンド,0.916182,3
ハーフ,部分,0.910723,4
ハーフ,毛先,0.909354,5
コロナ禍,新型コロナ,0.946098,1
コロナ禍,新型コロナウイルス感染症,0.92342,2
コロナ禍,新型コロナウイルス,0.910925,3
コロナ禍,コロナウイルス,0.881057,4
コロナ禍,危機,0.880445,5
解体,崩す,0.91152,1
解体,破れる,0.911304,2
解体,崩れる,0.906666,3
解体,矛盾,0.902076,4
解体,崩壊,0.898383,5
地下,墓,0.879537,1
地下,陰,0.878012,2
地下,凍結,0.867313,3
地下,黒,0.866705,4
地下,洞窟,0.858789,5
学び,学習,0.98308,1
学び,学ぶ,0.980409,2
学び,学,0.980158,3
学び,学会,0.970983,4
学び,技能,0.959692,5
サプリ,補充,0.971795,1
サプリ,ウェア,0.959476,2
サプリ,取り揃える,0.953927,3
サプリ,帳,0.953819,4
サプリ,キープ,0.953785,5
フリーランス,副業,0.863943,1
フリーランス,創業,0.815945,2
フリーランス,起業,0.790622,3
フリーランス,独学,0.789096,4
フリーランス,DIY,0.751725,5
議論,ディスカッション,0.976806,1
議論,商談,0.933379,2
議論,話し合い,0.931491,3
議論,事件,0.926376,4
議論,話し合う,0.92301,5
受注,発注,0.949998,1
受注,発送,0.949885,2
受注,請求,0.944932,3
受注,セッション,0.944832,4
受注,申請,0.940995,5
破壊,暴落,0.960327,1
破壊,攻撃,0.957235,2
破壊,崩壊,0.948265,3
破壊,アタック,0.944582,4
破壊,破綻,0.943931,5
味方,サポーター,0.957309,1
味方,賛成,0.951888,2
味方,寄与,0.950251,3
味方,肯定,0.947655,4
味方,支持,0.946662,5
組み合わせる,繋ぐ,0.92872,1
組み合わせる,併用,0.924269,2
組み合わせる,連結,0.906439,3
組み合わせる,バリエーション,0.906335,4
組み合わせる,合わせる,0.905513,5
土曜,土曜日,0.991699,1
土曜,土日,0.954205,2
土曜,金曜,0.93417,3
土曜,年中,0.930165,4
土曜,初夏,0.919858,5
現,会,0.972373,1
現,事,0.9702,2
現,有り,0.969339,3
現,実,0.967871,4
現,観,0.964484,5
塗料,デスクトップ,0.887858,1
塗料,水槽,0.883624,2
塗料,スクリーン,0.87646,3
塗料,シンク,0.87448,4
塗料,カート,0.869823,5
邪魔,嫌,0.918807,1
邪魔,嫌う,0.913973,2
邪魔,汚れ,0.91235,3
邪魔,損なう,0.909902,4
邪魔,妨げる,0.908928,5
品種,種目,0.962104,1
品種,当たり前,0.936996,2
品種,丸,0.934236,3
品種,種,0.932659,4
品種,プレース,0.931827,5
ラスト,末,0.944129,1
ラスト,後,0.939479,2
ラスト,アンド,0.939047,3
ラスト,端,0.925021,4
ラスト,卒,0.918851,5
ゴールデン,ゴールド,0.940216,1
ゴールデン,豊か,0.937808,2
ゴールデン,極上,0.937678,3
ゴールデン,ベスト,0.937325,4
ゴールデン,最,0.936874,5
筆者,主体,0.959397,1
筆者,取り扱い,0.957887,2
筆者,一員,0.955202,3
筆者,読者,0.954186,4
筆者,写し,0.951695,5
温める,温まる,0.95919,1
温める,温かい,0.944997,2
温める,暖かい,0.943056,3
温める,あたたかい,0.938558,4
温める,温か,0.930529,5
居酒屋,浅草,0.847638,1
居酒屋,屋台,0.823498,2
居酒屋,風俗,0.812904,3
居酒屋,BBQ,0.800583,4
居酒屋,バーベキュー,0.782925,5
統一,中心,0.962762,1
統一,網羅,0.958655,2
統一,中央,0.955773,3
統一,セントラル,0.950243,4
統一,国民,0.943673,5
全力,有力,0.939147,1
全力,がっつり,0.924765,2
全力,力強い,0.923724,3
全力,一生懸命,0.920233,4
全力,強い,0.912743,5
ダイニング,サロン,0.952909,1
ダイニング,喫茶店,0.94673,2
ダイニング,レストラン,0.944077,3
ダイニング,食卓,0.943554,4
ダイニング,カフェ,0.940167,5
有機,オーガニック,0.991732,1
有機,無添加,0.948841,2
有機,サーモン,0.934422,3
有機,グリーン,0.922277,4
有機,エコ,0.916113,5
片付け,掃除,0.944326,1
片付け,洗濯,0.93567,2
片付け,洗う,0.934216,3
片付け,練習,0.926521,4
片付け,清掃,0.922471,5
血,血液,0.868938,1
血,圧力,0.844254,2
血,熱,0.841898,3
血,麻,0.823512,4
血,バット,0.817491,5
福袋,ドーナツ,0.820539,1
福袋,キャンデー,0.812592,2
福袋,パンケーキ,0.78403,3
福袋,コーラ,0.776537,4
福袋,ボウル,0.774468,5
北欧,スウェーデン,0.962129,1
北欧,フィンランド,0.949253,2
北欧,カナダ,0.934063,3
北欧,スイス,0.931681,4
北欧,ニュージーランド,0.926327,5
微妙,繊細,0.887438,1
微妙,細やか,0.880322,2
微妙,細かい,0.866006,3
微妙,控えめ,0.857514,4
微妙,デリケート,0.838011,5
対面,同士,0.956217,1
対面,向き合う,0.942964,2
対面,伴う,0.93936,3
対面,ボブ,0.937459,4
対面,知人,0.935527,5
長野,長野県,0.991543,1
長野,富山,0.986299,2
長野,新潟県,0.98614,3
長野,新潟,0.984694,4
長野,石川県,0.982097,5
噛む,掴む,0.947408,1
噛む,踏まえる,0.926187,2
噛む,下りる,0.916933,3
噛む,放る,0.906498,4
噛む,揉む,0.905673,5
予告,発売日,0.978455,1
予告,部門,0.946291,2
予告,バージョン,0.94269,3
予告,出口,0.937928,4
予告,勤務地,0.93629,5
段々,巻,0.949049,1
段々,しま,0.946553,2
段々,縁,0.945197,3
段々,経,0.942719,4
段々,廻,0.941706,5
ランド,アース,0.982925,1
ランド,地,0.976073,2
ランド,大地,0.972114,3
ランド,陸,0.957379,4
ランド,土地,0.956132,5
独り暮らし,単身,0.916109,1
独り暮らし,在宅,0.899218,2
独り暮らし,単独,0.886509,3
独り暮らし,一人,0.882506,4
独り暮らし,個々,0.87679,5
中村,木村,0.993317,1
中村,田村,0.989762,2
中村,佐藤,0.982789,3
中村,西村,0.982177,4
中村,田中,0.980885,5
苦しい,辛い,0.989974,1
苦しい,不幸,0.977634,2
苦しい,苦しむ,0.967154,3
苦しい,挫折,0.96693,4
苦しい,痛い,0.948987,5
選考,任務,0.960895,1
選考,関数,0.958971,2
選考,検査,0.956263,3
選考,職務,0.956223,4
選考,メソッド,0.955359,5
ハッピー,嬉しい,0.953245,1
ハッピー,陽気,0.944976,2
ハッピー,スマイル,0.943857,3
ハッピー,幸せ,0.936561,4
ハッピー,喜び,0.936002,5
タウン,町,0.98572,1
タウン,市内,0.969933,2
タウン,御店,0.950697,3
タウン,学級,0.945388,4
タウン,町中,0.939911,5
順位,エリア,0.961979,1
順位,区間,0.961023,2
順位,一覧,0.95593,3
順位,見出し,0.94898,4
順位,並び,0.948743,5
クエスト,発揮,0.920016,1
クエスト,駆使,0.911823,2
クエスト,活用,0.8988,3
クエスト,率いる,0.898486,4
クエスト,後押し,0.895916,5
モール,スーパー,0.961102,1
モール,市,0.957769,2
モール,百貨店,0.949829,3
モール,マート,0.949583,4
モール,売り場,0.949321,5
蝦,花粉,0.921721,1
蝦,鼠,0.904851,2
蝦,菌,0.9007,3
蝦,蛙,0.897691,4
蝦,昆虫,0.881037,5
移住,移籍,0.921766,1
移住,転職,0.91622,2
移住,引っ越し,0.899349,3
移住,引っ越す,0.89756,4
移住,転勤,0.875317,5
ファースト,マーク,0.976187,1
ファースト,得,0.972789,2
ファースト,j,0.972511,3
ファースト,吉,0.971387,4
ファースト,k,0.971337,5
代謝,消化,0.949895,1
代謝,腸内,0.943224,2
代謝,血流,0.934173,3
代謝,認知,0.925744,4
代謝,繁殖,0.920714,5
青い,ブルー,0.98714,1
青い,青色,0.982815,2
青い,青,0.93962,3
青い,白色,0.928201,4
青い,白い,0.924948,5
適正,妥当,0.976288,1
適正,正規,0.973643,2
適正,正しく,0.967256,3
適正,正当,0.964882,4
適正,相応しい,0.963539,5
美人,美女,0.991888,1
美人,褒美,0.937344,2
美人,奇麗,0.928009,3
美人,美品,0.925629,4
美人,素敵,0.916553,5
底,ボトム,0.97877,1
底,左,0.97254,2
底,残り,0.961814,3
底,どころ,0.958925,4
底,有限,0.95851,5
ターゲット,ペイ,0.951507,1
ターゲット,付,0.950184,2
ターゲット,m2,0.948855,3
ターゲット,会員,0.947362,4
ターゲット,EC,0.947254,5
就活,稼ぐ,0.913656,1
就活,インターンシップ,0.9073,2
就活,通話,0.90439,3
就活,消費,0.902099,4
就活,消費者,0.89999,5
ワード,字,0.982575,1
ワード,単語,0.972735,2
ワード,カテゴリー,0.972067,3
ワード,品目,0.960899,4
ワード,表記,0.960143,5
高橋,長谷川,0.991296,1
高橋,加藤,0.988087,2
高橋,佐々木,0.981116,3
高橋,前田,0.979645,4
高橋,渡辺,0.979342,5
テンプレート,パッケージ,0.975915,1
テンプレート,フォーマット,0.971675,2
テンプレート,モジュール,0.961957,3
テンプレート,図面,0.960704,4
テンプレート,コピー,0.957647,5
セルフ,自身,0.965329,1
セルフ,自分,0.950543,2
セルフ,自ら,0.947996,3
セルフ,パーソナル,0.946909,4
セルフ,私自身,0.944049,5
教会,セレモニー,0.942112,1
教会,寺院,0.929452,2
教会,学院,0.914551,3
教会,神社,0.912063,4
教会,道場,0.912051,5
ピックアップ,ゲット,0.940565,1
ピックアップ,チャージ,0.90982,2
ピックアップ,プッシュ,0.909677,3
ピックアップ,ライド,0.894822,4
ピックアップ,パーカ,0.891743,5
食堂,飲食店,0.974792,1
食堂,レストラン,0.971976,2
食堂,店,0.951506,3
食堂,広場,0.948836,4
食堂,店舗,0.948122,5
仕方無い,諦める,0.922917,1
仕方無い,尽きる,0.911279,2
仕方無い,限界,0.900876,3
仕方無い,疲れ,0.898694,4
仕方無い,疲れる,0.891518,5
促す,後押し,0.95935,1
促す,繋げる,0.948777,2
促す,引き続く,0.942008,3
促す,及ぼす,0.941956,4
促す,広める,0.941717,5
法令,規程,0.962978,1
法令,条例,0.956635,2
法令,法的,0.94747,3
法令,規約,0.938963,4
法令,制度,0.936144,5
スペック,モジュール,0.948449,1
スペック,システム,0.947901,2
スペック,板金,0.945276,3
スペック,建て,0.944077,4
スペック,コーティング,0.943114,5
サークル,並び,0.957479,1
サークル,真ん中,0.949794,2
サークル,方,0.948996,3
サークル,円やか,0.948732,4
サークル,丸,0.947946,5
しも,根元,0.956816,1
しも,ロー,0.955372,2
しも,左側,0.940101,3
しも,脇,0.939805,4
しも,原,0.939622,5
サイクル,走行,0.930661,1
サイクル,循環,0.929724,2
サイクル,陸上,0.915536,3
サイクル,風通し,0.909131,4
サイクル,農場,0.907298,5
歴,証,0.96798,1
歴,章,0.957051,2
歴,種目,0.951909,3
歴,節,0.951393,4
歴,源,0.951376,5
飽きる,眠い,0.94726,1
飽きる,尽きる,0.943214,2
飽きる,疲れる,0.937208,3
飽きる,負う,0.920764,4
飽きる,尻尾,0.920501,5
連休,年末,0.887146,1
連休,年末年始,0.877784,2
連休,ビュッフェ,0.876687,3
連休,シェア,0.850151,4
連休,日祝,0.839992,5
トヨタ,ホンダ,0.979162,1
トヨタ,日産,0.973789,2
トヨタ,ヤマハ,0.973709,3
トヨタ,本田,0.969729,4
トヨタ,パナソニック,0.957398,5
酵素,乳酸菌,0.923846,1
酵素,蛋白質,0.899097,2
酵素,酵母,0.897229,3
酵素,循環,0.886536,4
酵素,プロテイン,0.878086,5
スキンケア,ヘアケア,0.977627,1
スキンケア,セルフケア,0.956537,2
スキンケア,保健,0.948173,3
スキンケア,洗顔,0.933485,4
スキンケア,読書,0.929948,5
外れる,漏れ,0.931443,1
外れる,破れる,0.926937,2
外れる,ずれる,0.924233,3
外れる,錯誤,0.917448,4
外れる,漏れる,0.916504,5
イエロー,黄色,0.990699,1
イエロー,黄色い,0.972933,2
イエロー,黄,0.951898,3
イエロー,今季,0.914993,4
イエロー,紅,0.914496,5
倉庫,ファクトリー,0.929124,1
倉庫,バンク,0.927768,2
倉庫,出荷,0.924258,3
倉庫,ポート,0.922693,4
倉庫,病棟,0.919315,5
今晩は,選ぶ,0.947502,1
今晩は,今度,0.936337,2
今晩は,関心,0.936155,3
今晩は,意見,0.933452,4
今晩は,今夜,0.93288,5
改革,民主,0.885602,1
改革,近代,0.884418,2
改革,選挙,0.883305,3
改革,開発,0.874134,4
改革,トレード,0.868498,5
贈り物,プレゼント,0.987357,1
贈り物,ギフト,0.978167,2
贈り物,贈与,0.959439,3
贈り物,ディナー,0.934278,4
贈り物,土産,0.916246,5
出現,生じる,0.958605,1
出現,現れる,0.952078,2
出現,発生,0.916841,3
出現,始まる,0.91587,4
出現,起こる,0.903117,5
復帰,承継,0.967791,1
復帰,継ぐ,0.954729,2
復帰,受け継ぐ,0.949139,3
復帰,養成,0.948655,4
復帰,養う,0.947065,5
アプリケーション,アプリ,0.983847,1
アプリケーション,APP,0.973665,2
アプリケーション,Android,0.953128,3
アプリケーション,ブラウザ,0.93705,4
アプリケーション,電機,0.936835,5
樹脂,コーティング,0.890326,1
樹脂,ポリエステル,0.887831,2
樹脂,ウレタン,0.887692,3
樹脂,板金,0.886914,4
樹脂,鉄筋,0.879533,5
薬剤,薬,0.9699,1
薬剤,薬品,0.955294,2
薬剤,医薬品,0.946743,3
薬剤,クレジットカード,0.92866,4
薬剤,送金,0.914196,5
兎,小鳥,0.910052,1
兎,蛙,0.874402,2
兎,歳児,0.872824,3
兎,鳥,0.865894,4
兎,びびる,0.854752,5
尽くす,士,0.961839,1
尽くす,ちゃんと,0.959583,2
尽くす,旨,0.952952,3
尽くす,志,0.951218,4
尽くす,順,0.95044,5
ジャンプ,飛び込む,0.931959,1
ジャンプ,飛び出す,0.922167,2
ジャンプ,弾く,0.914687,3
ジャンプ,サーフ,0.910325,4
ジャンプ,駆ける,0.895201,5
登記,免許,0.967145,1
登記,申請書,0.950825,2
登記,ゲージ,0.947671,3
登記,請求書,0.946075,4
登記,内訳,0.945353,5
債務,借金,0.951901,1
債務,残業,0.891903,2
債務,解雇,0.872592,3
債務,圧迫,0.866623,4
債務,滞納,0.865228,5
規則,ルール,0.985444,1
規則,規定,0.985333,2
規則,規格,0.978732,3
規則,クラス,0.955265,4
規則,仕様,0.954264,5
長崎,高知,0.967174,1
長崎,四国,0.96567,2
長崎,熊本県,0.960549,3
長崎,熊本,0.959068,4
長崎,徳島,0.958884,5
家賃,賃料,0.967101,1
家賃,費用,0.95097,2
家賃,定年,0.943771,3
家賃,残高,0.942982,4
家賃,返済,0.942022,5
要する,有る,0.97036,1
要する,要素,0.966227,2
要する,入り,0.964294,3
要する,受信,0.961311,4
要する,言及,0.960378,5
書士,本舗,0.888677,1
書士,師,0.883172,2
書士,伝授,0.880002,3
書士,道場,0.877293,4
書士,知れる,0.865606,5
益々,もっと,0.971335,1
益々,更に,0.967893,2
益々,上がり,0.96659,3
益々,更なる,0.966373,4
益々,増,0.964753,5
ポーチ,鉢,0.958322,1
ポーチ,グローブ,0.952323,2
ポーチ,パッド,0.951697,3
ポーチ,ハット,0.949882,4
ポーチ,引き出し,0.948998,5
協議,方針,0.952838,1
協議,協定,0.949736,2
協議,編成,0.947905,3
協議,報告,0.947722,4
協議,掲載,0.947567,5
破損,壊れる,0.971527,1
破損,崩れる,0.958434,2
破損,錯誤,0.951426,3
破損,劣化,0.949354,4
破損,誤り,0.944367,5
移転,移す,0.945008,1
移転,入れ替え,0.920074,2
移転,替える,0.916637,3
移転,先日,0.915599,4
移転,異動,0.915461,5
チップ,電子,0.914508,1
チップ,プラグイン,0.908339,2
チップ,QR,0.898571,3
チップ,ルーター,0.894314,4
チップ,携帯,0.89171,5
良好,良い,0.997391,1
良好,グッド,0.994638,2
良好,良く,0.992965,3
良好,好,0.989344,4
良好,有利,0.978494,5
先行,調,0.975423,1
先行,基づく,0.968427,2
先行,しめる,0.96721,3
先行,準,0.965958,4
先行,前半,0.965753,5
党,政府,0.968417,1
党,国会,0.944574,2
党,内閣,0.942446,3
党,政権,0.934708,4
党,議会,0.930456,5
ホイール,電源,0.93573,1
ホイール,メーター,0.931186,2
ホイール,ヘッドライト,0.929099,3
ホイール,バルブ,0.927164,4
ホイール,スピーカー,0.925923,5
玉葱,まめ,0.961305,1
玉葱,葱,0.960885,2
玉葱,米,0.958753,3
玉葱,牛蒡,0.954002,4
玉葱,ピーマン,0.953791,5
発酵,酵母,0.826394,1
発酵,麹,0.820793,2
発酵,混ぜる,0.764621,3
発酵,進化,0.760595,4
発酵,梅雨,0.754032,5
詰める,張り,0.926128,1
詰める,アンド,0.914769,2
詰める,埋める,0.913843,3
詰める,ウチ,0.909421,4
詰める,積もり,0.904982,5
入浴,浴,0.97916,1
入浴,毛布,0.965071,2
入浴,ブランケット,0.963884,3
入浴,風呂,0.953113,4
入浴,湯,0.945389,5
生み出す,活用,0.926444,1
生み出す,発揮,0.898186,2
生み出す,作り出す,0.895647,3
生み出す,覚醒,0.895245,4
生み出す,成長,0.889143,5
まち,協会,0.943343,1
まち,交流,0.942952,2
まち,普及,0.941271,3
まち,さいたま,0.941229,4
まち,シリーズ,0.940633,5
否定,不,0.976253,1
否定,不能,0.972243,2
否定,負,0.964957,3
否定,マイナス,0.964617,4
否定,NO,0.959357,5
スピーカー,乗り物,0.954112,1
スピーカー,リフト,0.947571,2
スピーカー,ヘッドライト,0.945946,3
スピーカー,カー,0.945807,4
スピーカー,アンプ,0.944652,5
高度,アース,0.947795,1
高度,一望,0.937843,2
高度,ランド,0.936817,3
高度,マウント,0.936263,4
高度,陸,0.935479,5
票,チケット,0.963321,1
票,コピー,0.955094,2
票,レジ,0.948695,3
票,マーカー,0.948614,4
票,券,0.948441,5
ま,り,0.99501,1
ま,き,0.994281,2
ま,わ,0.993516,3
ま,ぎ,0.993015,4
ま,み,0.991348,5
叩く,打,0.941901,1
叩く,打つ,0.940131,2
叩く,挟む,0.939172,3
叩く,引っ張る,0.931835,4
叩く,推す,0.926791,5
ミッション,選手権,0.944432,1
ミッション,戦略,0.927031,2
ミッション,経営者,0.926647,3
ミッション,指揮,0.924033,4
ミッション,管理者,0.92354,5
お客さん,通う,0.962863,1
お客さん,訪問,0.960839,2
お客さん,人員,0.960501,3
お客さん,セリフ,0.959848,4
お客さん,同僚,0.953692,5
観点,対象者,0.962909,1
観点,額,0.961813,2
観点,持つ,0.958981,3
観点,姿勢,0.958123,4
観点,袖,0.957409,5
朝日,日光,0.97541,1
朝日,太陽,0.957097,2
朝日,日差し,0.95661,3
朝日,向日葵,0.942106,4
朝日,収穫,0.937169,5
シフト,参入,0.940153,1
シフト,手段,0.933282,2
シフト,改めて,0.9324,3
シフト,替える,0.929931,4
シフト,リクエスト,0.929429,5
時給,金額,0.925579,1
時給,検温,0.914339,2
時給,残高,0.91371,3
時給,ダウンロード,0.908626,4
時給,賃金,0.908615,5
匿名,回避,0.871972,1
匿名,別々,0.87075,2
匿名,不在,0.859973,3
匿名,オフ,0.855744,4
匿名,隠れる,0.853001,5
貸す,借りる,0.979691,1
貸す,仕入れる,0.967648,2
貸す,取り寄せる,0.955533,3
貸す,クライアント,0.955425,4
貸す,持参,0.952528,5
どころ,側,0.975119,1
どころ,合間,0.974751,2
どころ,単に,0.972128,3
どころ,側面,0.96537,4
どころ,サイド,0.961792,5
ブラウザ,車両,0.95103,1
ブラウザ,Android,0.945969,2
ブラウザ,決済,0.944297,3
ブラウザ,ツール,0.939779,4
ブラウザ,カメラ,0.939668,5
用語,キーワード,0.984498,1
用語,概要,0.975807,2
用語,称する,0.974644,3
用語,含める,0.973948,4
用語,記載,0.973674,5
携わる,都合,0.966671,1
携わる,任せる,0.966654,2
携わる,応じる,0.966102,3
携わる,持ち帰る,0.965588,4
携わる,連れ,0.962998,5
供給,通路,0.95722,1
供給,納品,0.95531,2
供給,担任,0.953176,3
供給,定期,0.952164,4
供給,補給,0.952114,5
管,枠,0.960969,1
管,ブロック,0.959015,2
管,線,0.954199,3
管,板,0.952089,4
管,サイン,0.951816,5
日本製,日本人,0.940717,1
日本製,正確,0.940276,2
日本製,正しく,0.935648,3
日本製,合格,0.932946,4
日本製,記事,0.929943,5
艶,堪能,0.945405,1
艶,チャーム,0.931936,2
艶,尚更,0.904567,3
艶,☆彡,0.902961,4
艶,輝き,0.902288,5
集合,並び,0.959762,1
集合,エリア,0.959248,2
集合,幅,0.95768,3
集合,集,0.956819,4
集合,域,0.956129,5
遺言,処方,0.905737,1
遺言,担保,0.875837,2
遺言,宅建,0.870625,3
遺言,仏壇,0.868058,4
遺言,印鑑,0.867825,5
ローズ,薔薇,0.969793,1
ローズ,さくら,0.951391,2
ローズ,ハニー,0.949892,3
ローズ,はな,0.949054,4
ローズ,香,0.947673,5
銀,クオーツ,0.942112,1
銀,ダイヤ,0.910819,2
銀,水晶,0.904443,3
銀,玉,0.904057,4
銀,シルバー,0.891269,5
隠れる,こっそり,0.940829,1
隠れる,別々,0.92409,2
隠れる,寧ろ,0.910541,3
隠れる,潜む,0.910246,4
隠れる,単独,0.903199,5
っこ,てく,0.976731,1
っこ,さく,0.976204,2
っこ,め,0.976101,3
っこ,け,0.968254,4
っこ,さす,0.967926,5
ストラップ,ベルト,0.97934,1
ストラップ,キャップ,0.959983,2
ストラップ,持ち手,0.939861,3
ストラップ,キー,0.930954,4
ストラップ,靴,0.9309,5
路線,通路,0.960532,1
路線,集計,0.951726,2
路線,納品,0.951577,3
路線,勤務地,0.9482,4
路線,経路,0.947598,5
太る,面皰,0.90762,1
太る,浮腫み,0.899737,2
太る,余計,0.864216,3
太る,猫背,0.862923,4
太る,便秘,0.859173,5
試し,試行,0.94266,1
試し,試す,0.940351,2
試し,日替わり,0.900087,3
試し,試みる,0.89473,4
試し,ドラフト,0.881977,5
のんびり,まったり,0.986414,1
のんびり,ゆったり,0.980115,2
のんびり,穏やか,0.963084,3
のんびり,弛み,0.953368,4
のんびり,緩やか,0.952859,5
キーボード,デスクトップ,0.961149,1
キーボード,時計,0.95901,2
キーボード,装備,0.958734,3
キーボード,デバイス,0.958206,4
キーボード,プリンター,0.955613,5
史,院長,0.957519,1
史,道,0.944849,2
史,理事,0.943597,3
史,中山,0.939455,4
史,大和,0.938051,5
節,度,0.980489,1
節,所,0.975032,2
節,同様,0.973832,3
節,量,0.971788,4
節,条,0.969079,5
受け取り,受け取る,0.983954,1
受け取り,置く,0.975281,2
受け取り,着く,0.974502,3
受け取り,入る,0.972135,4
受け取り,当事者,0.969923,5
山田,山崎,0.980326,1
山田,木村,0.979362,2
山田,原田,0.977858,3
山田,田村,0.976794,4
山田,石井,0.974976,5
奪う,支配,0.834182,1
奪う,欲,0.776596,2
奪う,攻撃力,0.773945,3
奪う,テンション,0.760869,4
奪う,打,0.755776,5
牛乳,ミルク,0.99206,1
牛乳,ヨーグルト,0.961632,2
牛乳,野菜,0.959324,3
牛乳,豆乳,0.950515,4
牛乳,フルーツ,0.94137,5
飲み物,飲料,0.9899,1
飲み物,ドリンク,0.988033,2
飲み物,ブラウス,0.961085,3
飲み物,シャツ,0.960269,4
飲み物,トップス,0.951597,5
人事,研修,0.933376,1
人事,労務,0.927525,2
人事,職場,0.924763,3
人事,営業,0.920299,4
人事,リクルート,0.918025,5
判明,確定,0.980912,1
判明,定める,0.976398,2
判明,根拠,0.97612,3
判明,結論,0.974743,4
判明,確か,0.969047,5
飛行,飛ぶ,0.844605,1
飛行,機動,0.84144,2
飛行,ジェット,0.824212,3
飛行,加速,0.801732,4
飛行,トレーダー,0.7979,5
入居,持ち,0.962951,1
入居,在住,0.960817,2
入居,入居者,0.955888,3
入居,取り扱い,0.955091,4
入居,帳,0.954437,5
ジュニア,後輩,0.942668,1
ジュニア,プチ,0.910444,2
ジュニア,小まめ,0.899616,3
ジュニア,中小,0.897006,4
ジュニア,子,0.893794,5
辺,時点,0.955557,1
辺,直線,0.952632,2
辺,真っ直ぐ,0.950384,3
辺,弦,0.949656,4
辺,線,0.949077,5
ハイ,アップ,0.973976,1
ハイ,もっと,0.969419,2
ハイ,増,0.967686,3
ハイ,MAX,0.965474,4
ハイ,最多,0.962499,5
証明書,SSL,0.953478,1
証明書,証書,0.940968,2
証明書,スペック,0.939541,3
証明書,精度,0.935037,4
証明書,制服,0.911829,5
観,記,0.981723,1
観,其の,0.980019,2
観,きく,0.979454,3
観,有り,0.978227,4
観,録,0.977763,5
ラウンド,一通り,0.95807,1
ラウンド,行,0.946099,2
ラウンド,結成,0.944178,3
ラウンド,沿線,0.941024,4
ラウンド,選出,0.939653,5
げ,ひ,0.994389,1
げ,い,0.993767,2
げ,ぐ,0.992699,3
げ,ぶ,0.990479,4
げ,てん,0.98889,5
旨,関,0.977766,1
旨,価,0.977651,2
旨,令,0.97686,3
旨,OB,0.976397,4
旨,程,0.974662,5
実装,メソッド,0.95502,1
実装,関数,0.94579,2
実装,制御,0.945646,3
実装,算定,0.940254,4
実装,部署,0.938815,5
旅館,内訳,0.921764,1
旅館,本屋,0.917276,2
旅館,設定,0.912688,3
旅館,給付,0.912505,4
旅館,書店,0.908329,5
メートル,道路,0.950447,1
メートル,日付け,0.944405,2
メートル,暦,0.942003,3
メートル,都道府県,0.938027,4
メートル,カウンター,0.937779,5
生成,アレンジ,0.94994,1
生成,デザイン,0.929443,2
生成,DX,0.927166,3
生成,造,0.923018,4
生成,作り出す,0.922643,5
接する,会,0.978162,1
接する,交える,0.969138,2
接する,問,0.968923,3
接する,向ける,0.965915,4
接する,沿う,0.964748,5
別れる,別れ,0.935395,1
別れる,懸念,0.921944,2
別れる,辞める,0.914582,3
別れる,心配,0.912672,4
別れる,悩む,0.903821,5
保障,確保,0.972501,1
保障,保証,0.967691,2
保障,セーフティー,0.967075,3
保障,正社員,0.964747,4
保障,保護,0.956872,5
整形,改装,0.75978,1
整形,タトゥー,0.739073,2
整形,有料,0.736951,3
整形,新車,0.732069,4
整形,ビザ,0.726429,5
接触,触れる,0.955599,1
接触,呼ぶ,0.953739,2
接触,叫ぶ,0.952593,3
接触,取る,0.951907,4
接触,触る,0.947742,5
メルマガ,推奨,0.912008,1
メルマガ,推薦,0.901486,2
メルマガ,エキストラ,0.901305,3
メルマガ,インスタ,0.897283,4
メルマガ,sim,0.895288,5
オーストラリア,神奈川,0.905367,1
オーストラリア,ジャパン,0.904861,2
オーストラリア,神奈川県,0.903588,3
オーストラリア,カリフォルニア,0.895196,4
オーストラリア,日本,0.893439,5
ジュース,果汁,0.990856,1
ジュース,スムージー,0.955755,2
ジュース,ヨーグルト,0.955142,3
ジュース,サラダ,0.935209,4
ジュース,ミルク,0.920335,5
自慢,誇る,0.820987,1
自慢,酒,0.748722,2
自慢,ヒール,0.747025,3
自慢,奪う,0.742491,4
自慢,満喫,0.738959,5
見た目,外観,0.962606,1
見た目,外見,0.954657,2
見た目,中身,0.942862,3
見た目,前髪,0.936785,4
見た目,姿,0.932112,5
地下鉄,メトロ,0.973481,1
地下鉄,電鉄,0.950753,2
地下鉄,鉄道,0.938052,3
地下鉄,電車,0.937544,4
地下鉄,Webサイト,0.916024,5
すっかり,置き,0.937691,1
すっかり,滞在,0.937295,2
すっかり,留まる,0.936832,3
すっかり,おく,0.934976,4
すっかり,留める,0.928718,5
梅雨,潮,0.858623,1
梅雨,アニマル,0.852472,2
梅雨,鳴く,0.84758,3
梅雨,鳴る,0.84573,4
梅雨,波,0.838313,5
生える,生む,0.915012,1
生える,立ち上がる,0.914328,2
生える,前走,0.910512,3
生える,上る,0.897963,4
生える,脈,0.896451,5
鍼灸,整骨,0.864219,1
鍼灸,修行,0.834642,2
鍼灸,漢方,0.831084,3
鍼灸,復元,0.808822,4
鍼灸,エキス,0.80429,5
冷蔵庫,冷蔵,0.958464,1
冷蔵庫,家電,0.929514,2
冷蔵庫,モニター,0.929311,3
冷蔵庫,時計,0.927455,4
冷蔵庫,冷房,0.921293,5
本部,本社,0.98334,1
本部,本線,0.954493,2
本部,財団,0.953382,3
本部,校舎,0.951563,4
本部,NHK,0.947195,5
ぱっ,びっ,0.91686,1
ぱっ,まじ,0.906074,2
ぱっ,さっ,0.873086,3
ぱっ,又,0.872112,4
ぱっ,ちゃう,0.868312,5
飲食店,レストラン,0.983498,1
飲食店,食堂,0.974792,2
飲食店,御店,0.956444,3
飲食店,店舗,0.95384,4
飲食店,店,0.948263,5
柔軟,柔軟性,0.917418,1
柔軟,リキッド,0.901203,2
柔軟,軽やか,0.860833,3
柔軟,ふんわり,0.8603,4
柔軟,弾力,0.859637,5
一瞬,瞬間,0.958106,1
一瞬,一時的,0.838478,2
一瞬,一時,0.815926,3
一瞬,こっそり,0.814942,4
一瞬,偶然,0.803621,5
カタログ,マップ,0.964233,1
カタログ,公式,0.963901,2
カタログ,地図,0.961704,3
カタログ,図面,0.960435,4
カタログ,説明書,0.960028,5
強度,ウエート,0.930534,1
強度,フォース,0.900218,2
強度,制する,0.88193,3
強度,威力,0.879683,4
強度,決め手,0.879118,5
最短,僅か,0.965394,1
最短,最低限,0.943393,2
最短,少量,0.938476,3
最短,一寸,0.937333,4
最短,最小,0.935392,5
併用,連結,0.936642,1
併用,組み合わせる,0.924269,2
併用,多種,0.920298,3
併用,横断,0.916304,4
併用,マッチング,0.916182,5
フラット,位,0.933516,1
フラット,一層,0.926087,2
フラット,フレーム,0.924928,3
フラット,フォーム,0.920052,4
フラット,平屋,0.918752,5
始め,開始,0.975316,1
始め,始める,0.965324,2
始め,始まる,0.955857,3
始め,改めて,0.945044,4
始め,次回,0.944938,5
素,純,0.902688,1
素,根元,0.860227,2
素,シード,0.858908,3
素,貝,0.853813,4
素,凝縮,0.838046,5
餌,戻る,0.901714,1
餌,向き,0.892113,2
餌,畳む,0.891688,3
餌,入れる,0.888983,4
餌,下ろす,0.885074,5
褒める,感激,0.965982,1
褒める,感謝,0.961216,2
褒める,お礼,0.958454,3
褒める,親切,0.957575,4
褒める,仲良く,0.954099,5
役員,取締役,0.958966,1
役員,幹部,0.958816,2
役員,理事長,0.956866,3
役員,社長,0.954752,4
役員,会長,0.927723,5
適当,適合,0.976496,1
適当,適切,0.973425,2
適当,足りる,0.968827,3
適当,適する,0.96613,4
適当,まあまあ,0.965976,5
アフター,LV,0.969283,1
アフター,得,0.968527,2
アフター,d,0.96753,3
アフター,為,0.966426,4
アフター,LP,0.966014,5
漢字,憲法,0.869453,1
漢字,教科,0.867057,2
漢字,聖書,0.866222,3
漢字,図書,0.856664,4
漢字,カリキュラム,0.854679,5
戦闘,バトル,0.954321,1
戦闘,戦い,0.919506,2
戦闘,ウォーズ,0.91672,3
戦闘,高圧,0.912942,4
戦闘,大戦,0.911628,5
パール,真珠,0.993794,1
パール,宝石,0.930302,2
パール,玉,0.896103,3
パール,水晶,0.893817,4
パール,クリスタル,0.889783,5
ブレーキ,スピーカー,0.918939,1
ブレーキ,乗り物,0.903756,2
ブレーキ,ヘッドライト,0.901961,3
ブレーキ,アンプ,0.899938,4
ブレーキ,掃除機,0.898455,5
説,順,0.979682,1
説,しめる,0.978909,2
説,状,0.978726,3
説,科,0.976829,4
説,論,0.976361,5
世界中,世の中,0.94823,1
世界中,世界的,0.943123,2
世界中,世間,0.938601,3
世界中,全域,0.931525,4
世界中,諸国,0.928742,5
時間帯,日時,0.965318,1
時間帯,年代,0.955912,2
時間帯,時刻,0.952559,3
時間帯,曜日,0.947121,4
時間帯,数える,0.941128,5
見所,絶景,0.943797,1
見所,富士,0.879133,2
見所,青空,0.872585,3
見所,富士山,0.867601,4
見所,絶賛,0.867233,5
ウッド,檜,0.978065,1
ウッド,木,0.963655,2
ウッド,木材,0.958272,3
ウッド,木製,0.947302,4
ウッド,ウール,0.945657,5
丼,スープ,0.945567,1
丼,そば,0.940576,2
丼,総菜,0.932756,3
丼,麺,0.932056,4
丼,もち,0.926969,5
向き,左右,0.955337,1
向き,入れる,0.950193,2
向き,数カ月,0.946266,3
向き,言及,0.944289,4
向き,戻る,0.940978,5
ミネラル,昆布,0.94426,1
ミネラル,白菜,0.930344,2
ミネラル,ブロッコリー,0.923401,3
ミネラル,キャベツ,0.922009,4
ミネラル,野菜,0.917658,5
エキス,エッセンス,0.902099,1
エキス,治る,0.898787,2
エキス,エッセンシャル,0.892047,3
エキス,磨き,0.886356,4
エキス,回復,0.884769,5
控除,払い,0.94448,1
控除,限度額,0.930405,2
控除,返金,0.923415,3
控除,車検,0.920574,4
控除,賃料,0.920515,5
いざ,振る,0.918932,1
いざ,又々,0.91878,2
いざ,次々,0.904192,3
いざ,かける,0.902016,4
いざ,再度,0.901421,5
二,いー,0.942014,1
二,次,0.934535,2
二,ど,0.915952,3
二,下,0.906642,4
二,分,0.896533,5
高等,上級,0.973136,1
高等,上位,0.959893,2
高等,一級,0.955731,3
高等,最適,0.940849,4
高等,最善,0.940037,5
長袖,持ち,0.961138,1
長袖,持つ,0.958479,2
長袖,トーン,0.957449,3
長袖,本人,0.95685,4
長袖,適量,0.956557,5
穏やか,緩やか,0.982215,1
穏やか,柔らかい,0.968477,2
穏やか,のんびり,0.963084,3
穏やか,ゆったり,0.962258,4
穏やか,まったり,0.959966,5
いけメン,好評,0.909105,1
いけメン,ベスト,0.908364,2
いけメン,栄,0.904035,3
いけメン,亮,0.903028,4
いけメン,優,0.899464,5
泊まる,マット,0.956928,1
泊まる,席,0.956554,2
泊まる,いえ,0.949632,3
泊まる,休診,0.948201,4
泊まる,蓋,0.947671,5
郵送,書類,0.944434,1
郵送,登記,0.93042,2
郵送,原価,0.926426,3
郵送,チェックアウト,0.924582,4
郵送,ポスト,0.921995,5
新幹線,東急,0.941003,1
新幹線,三菱,0.938637,2
新幹線,マツダ,0.93622,3
新幹線,日立,0.936205,4
新幹線,電鉄,0.935433,5
真ん中,一致,0.959885,1
真ん中,主題,0.954916,2
真ん中,題材,0.954147,3
真ん中,均,0.953789,4
真ん中,均等,0.952204,5
数々,広がり,0.936306,1
数々,幅広い,0.919676,2
数々,数多く,0.906378,3
数々,大凡,0.902863,4
数々,至る,0.902863,5
循環,昼,0.953709,1
循環,昼間,0.93081,2
循環,陸上,0.930264,3
循環,サイクル,0.929724,4
循環,共生,0.923805,5
ハンドメイド,手作り,0.949321,1
ハンドメイド,クラフト,0.880829,2
ハンドメイド,工芸,0.838961,3
ハンドメイド,手芸,0.813032,4
ハンドメイド,希望者,0.807487,5
キング,王,0.951454,1
キング,ジョージ,0.951427,2
キング,王者,0.945908,3
キング,ボス,0.940577,4
キング,冠,0.939429,5
比,三,0.969147,1
比,約,0.965325,2
比,スリー,0.96456,3
比,ブラ,0.963881,4
比,率,0.962756,5
密着,親身,0.911664,1
密着,親しい,0.904478,2
密着,好む,0.894068,3
密着,好き,0.894017,4
密着,実感,0.888357,5
大豆,小麦,0.97926,1
大豆,米,0.970207,2
大豆,作物,0.954513,3
大豆,野菜,0.953228,4
大豆,ブロッコリー,0.946093,5
危機,災害,0.977473,1
危機,紛争,0.965642,2
危機,震災,0.963234,3
危機,衝突,0.94584,4
危機,崩壊,0.923324,5
グランド,大,0.974401,1
グランド,大型,0.969062,2
グランド,大きな,0.962744,3
グランド,メジャー,0.957609,4
グランド,大手,0.955308,5
在籍,員,0.973168,1
在籍,取り扱う,0.970292,2
在籍,勤める,0.970279,3
在籍,取り上げる,0.967689,4
在籍,定期,0.964585,5
ショット,スタート,0.927361,1
ショット,即日,0.890983,2
ショット,スタンド,0.890825,3
ショット,on,0.887352,4
ショット,シフト,0.880643,5
手紙,ポストカード,0.927004,1
手紙,用紙,0.916965,2
手紙,レター,0.912243,3
手紙,年賀状,0.911404,4
手紙,筆記,0.908707,5
学院,高等学校,0.954236,1
学院,カレッジ,0.952025,2
学院,高校,0.949734,3
学院,学校,0.945798,4
学院,アカデミー,0.944476,5
社会人,行事,0.941475,1
社会人,スピーチ,0.940271,2
社会人,ディスカッション,0.940113,3
社会人,商談,0.939704,4
社会人,連携,0.939355,5
Facebook,SNS,0.933749,1
Facebook,メディア,0.914294,2
Facebook,媒体,0.909205,3
Facebook,ウェブ,0.894024,4
Facebook,Instagram,0.889554,5
ドコモ,日産,0.969655,1
ドコモ,マイナビ,0.960872,2
ドコモ,三菱,0.960207,3
ドコモ,東急,0.957584,4
ドコモ,本田,0.951278,5
サウンド,音響,0.960239,1
サウンド,音声,0.94115,2
サウンド,ボイス,0.921197,3
サウンド,音,0.912653,4
サウンド,音源,0.898237,5
面皰,浮腫み,0.943407,1
面皰,肩凝り,0.919598,2
面皰,負う,0.909673,3
面皰,太る,0.90762,4
面皰,染み,0.906771,5
無地,停,0.944788,1
無地,一面,0.93421,2
無地,シルエット,0.925884,3
無地,グレー,0.924175,4
無地,背面,0.923321,5
官,庁,0.962399,1
官,府,0.942058,2
官,理事,0.941829,3
官,長官,0.935718,4
官,取締役,0.933985,5
デー,月間,0.979901,1
デー,沿い,0.967198,2
デー,朝,0.965534,3
デー,時,0.959559,4
デー,ロケ,0.958166,5
松本,宮城,0.982083,1
松本,岐阜,0.976555,2
松本,群馬,0.974,3
松本,岐阜県,0.97288,4
松本,高崎,0.972215,5
始まり,はじめ,0.963571,1
始まり,序盤,0.958405,2
始まり,初め,0.947264,3
始まり,最初,0.939637,4
始まり,早,0.922469,5
天皇,文化財,0.902847,1
天皇,寺,0.896061,2
天皇,理事,0.890121,3
天皇,院長,0.888696,4
天皇,仏,0.885701,5
文書,ドキュメント,0.981215,1
文書,記録,0.968584,2
文書,セクション,0.968334,3
文書,素材,0.967485,4
文書,資料,0.967107,5
借り入れ,課金,0.934764,1
借り入れ,ローン,0.925018,2
借り入れ,振り込み,0.924559,3
借り入れ,交通費,0.907242,4
借り入れ,融資,0.897005,5
有利,好,0.984265,1
有利,グッド,0.981434,2
有利,良好,0.978494,3
有利,メリット,0.977686,4
有利,良く,0.977505,5
化粧品,コスメ,0.981893,1
化粧品,化粧,0.968708,2
化粧品,スタイリング,0.949083,3
化粧品,化粧水,0.946443,4
化粧品,ハンドバッグ,0.938366,5
資源,リソース,0.971389,1
資源,時間,0.929824,2
資源,タイム,0.927921,3
資源,見通し,0.925,4
資源,土地,0.921663,5
ライダー,スピード,0.85718,1
ライダー,ピックアップ,0.849651,2
ライダー,ブレード,0.842838,3
ライダー,激,0.842563,4
ライダー,ドライブ,0.841901,5
or,若しくは,0.910775,1
or,POP,0.900735,2
or,フック,0.897033,3
or,放出,0.877867,4
or,出し,0.874571,5
妹,弟,0.957403,1
妹,娘,0.953966,2
妹,個人的,0.918279,3
妹,寄り,0.914867,4
妹,子連れ,0.913692,5
UV,紫外,0.964462,1
UV,紫外線,0.926234,2
UV,放射,0.851849,3
UV,塩素,0.851624,4
UV,放射線,0.824954,5
著者,作者,0.981585,1
著者,コンテンツ,0.952301,2
著者,文章,0.945648,3
著者,記事,0.939873,4
著者,結論,0.93949,5
受信,放置,0.971989,1
受信,ソース,0.964502,2
受信,等,0.962976,3
受信,入り,0.962829,4
受信,要する,0.961311,5
展望,見通し,0.961261,1
展望,長期,0.934308,2
展望,一望,0.927402,3
展望,見込み,0.922632,4
展望,ロング,0.921341,5
負荷,荷重,0.92281,1
負荷,負担,0.921669,2
負荷,消耗,0.914134,3
負荷,処分,0.908203,4
負荷,排出,0.87863,5
トップス,シャツ,0.979542,1
トップス,ズボン,0.971577,2
トップス,服,0.971435,3
トップス,ブラウス,0.970287,4
トップス,衣類,0.96349,5
弾く,リバウンド,0.917245,1
弾く,投げる,0.916307,2
弾く,動かす,0.916239,3
弾く,ジャンプ,0.914687,4
弾く,放る,0.911641,5
割と,し,0.978144,1
割と,づける,0.973773,2
割と,じゃ,0.971992,3
割と,こ,0.971102,4
割と,とも,0.969959,5
深夜,夜中,0.953478,1
深夜,影,0.941184,2
深夜,夜間,0.911301,3
深夜,ナイト,0.899158,4
深夜,夜,0.886884,5
創造,創出,0.957389,1
創造,創作,0.898644,2
創造,クリエーティブ,0.894069,3
創造,覚醒,0.875675,4
創造,工夫,0.854659,5
帰宅,帰る,0.965107,1
帰宅,持ち帰る,0.961553,2
帰宅,帰国,0.953683,3
帰宅,住む,0.946641,4
帰宅,朝食,0.946456,5
万が一,万一,0.976925,1
万が一,疑問,0.851268,2
万が一,退会,0.851181,3
万が一,手放す,0.846969,4
万が一,やめる,0.831418,5
テラス,盤,0.952406,1
テラス,列,0.933537,2
テラス,表,0.931787,3
テラス,レイヤー,0.92587,4
テラス,台,0.922119,5
水道,施設,0.951836,1
水道,フォント,0.942309,2
水道,アルミニウム,0.941975,3
水道,HTML,0.938453,4
水道,ホームページ,0.936128,5
流,流れ,0.959244,1
流,巡る,0.937891,2
流,横断,0.918666,3
流,日中,0.915606,4
流,広がり,0.914926,5
神奈川県,神奈川,0.996989,1
神奈川県,愛知県,0.985709,2
神奈川県,愛知,0.983379,3
神奈川県,大阪府,0.978303,4
神奈川県,神戸,0.976105,5
救う,頑張る,0.948775,1
救う,乗り切る,0.943223,2
救う,貢献,0.94262,3
救う,前進,0.942335,4
救う,手伝う,0.94115,5
祈る,祈願,0.981721,1
祈る,祈り,0.96192,2
祈る,御願い,0.951691,3
祈る,生前,0.931566,4
祈る,お復習い,0.929286,5
ツイート,フォロワー,0.880786,1
ツイート,Twitter,0.862773,2
ツイート,リンク,0.834652,3
ツイート,デモ,0.827037,4
ツイート,集客,0.815271,5
兵庫,兵庫県,0.985651,1
兵庫,千葉,0.984192,2
兵庫,埼玉,0.978981,3
兵庫,大宮,0.978609,4
兵庫,浜松,0.977203,5
恥ずかしい,がっかり,0.955285,1
恥ずかしい,悔しい,0.952429,2
恥ずかしい,抜け毛,0.944761,3
恥ずかしい,疲れる,0.929157,4
恥ずかしい,落ち込む,0.928208,5
踊る,舞う,0.987259,1
踊る,踊り,0.98548,2
踊る,プレー,0.898005,3
踊る,ダンス,0.895742,4
踊る,笑い,0.863788,5
応用,コース,0.959539,1
応用,サービス,0.955866,2
応用,模型,0.949389,3
応用,アップデート,0.948641,4
応用,制定,0.947716,5
論文,報告書,0.96693,1
論文,レクチャー,0.965461,2
論文,講義,0.960905,3
論文,カリキュラム,0.951921,4
論文,文献,0.948526,5
グラフ,会場,0.917493,1
グラフ,網,0.910245,2
グラフ,組織,0.904215,3
グラフ,併設,0.891999,4
グラフ,ランキング,0.891922,5
メード,何とぞ,0.897438,1
メード,初代,0.88012,2
メード,御八つ,0.879221,3
メード,御,0.879016,4
メード,猶,0.876124,5
削る,絞る,0.9275,1
削る,割,0.917095,2
削る,抜く,0.914233,3
削る,切り,0.913912,4
削る,引き出す,0.901331,5
数量,エリア,0.961612,1
数量,枚数,0.960523,2
数量,平均,0.958807,3
数量,時点,0.957178,4
数量,区間,0.956928,5
活性,活性化,0.966384,1
活性,アクティブ,0.953214,2
活性,発揮,0.945096,3
活性,活躍,0.944095,4
活性,エナジー,0.936231,5
鹿児島,鹿児島県,0.996881,1
鹿児島,佐賀,0.97432,2
鹿児島,淡路,0.970532,3
鹿児島,大分,0.967752,4
鹿児島,熊本県,0.967555,5
ゾーン,一括,0.961754,1
ゾーン,ライン,0.957125,2
ゾーン,スケール,0.950584,3
ゾーン,キロ,0.948122,4
ゾーン,区,0.946408,5
叶える,差し込む,0.949145,1
叶える,一々,0.94815,2
叶える,ねん,0.934478,3
叶える,仰る,0.931461,4
叶える,ろ,0.928993,5
耐える,背,0.949788,1
耐える,留まる,0.942738,2
耐える,持ち主,0.938706,3
耐える,所有者,0.938285,4
耐える,相続人,0.937688,5
アドバイザー,指導,0.960428,1
アドバイザー,カウンセラー,0.949902,2
アドバイザー,コーチ,0.948036,3
アドバイザー,助言,0.940117,4
アドバイザー,インストラクター,0.938833,5
不調,失敗,0.962565,1
不調,痺れ,0.95649,2
不調,倒れる,0.954425,3
不調,損する,0.950469,4
不調,傷付く,0.950332,5
ち,つ,0.989432,1
ち,ふ,0.988741,2
ち,よ,0.986543,3
ち,じゃ,0.985244,4
ち,こ,0.983065,5
新型コロナウイルス,コロナウイルス,0.984468,1
新型コロナウイルス,新型コロナウイルス感染症,0.969827,2
新型コロナウイルス,新型コロナ,0.949902,3
新型コロナウイルス,コロナ禍,0.910925,4
新型コロナウイルス,震災,0.885905,5
正式,フォーマル,0.96008,1
正式,オフィシャル,0.959771,2
正式,証明,0.938564,3
正式,理事,0.934189,4
正式,報告書,0.929136,5
診察,診療,0.986572,1
診察,診断,0.959235,2
診察,内科,0.934795,3
診察,弁護,0.926772,4
診察,メディカル,0.925509,5
圏,理系,0.804056,1
圏,次元,0.803471,2
圏,立体,0.798037,3
圏,法律,0.784754,4
圏,法的,0.779789,5
満載,大量,0.866908,1
満載,多い,0.852576,2
満載,膨大,0.851236,3
満載,特大,0.844742,4
満載,沢山,0.832338,5
批判,取り締まり,0.85868,1
批判,監視,0.847905,2
批判,駆除,0.833985,3
批判,抵抗,0.823165,4
批判,ライバル,0.813165,5
世話,ケア,0.970075,1
世話,養護,0.958522,2
世話,育成,0.954971,3
世話,養う,0.952304,4
世話,姉,0.951208,5
簡易,簡単,0.975616,1
簡易,単純,0.95362,2
簡易,初級,0.948055,3
簡易,小規模,0.943182,4
簡易,シンプル,0.933135,5
インパクト,迫力,0.906813,1
インパクト,パワー,0.871309,2
インパクト,パワフル,0.85803,3
インパクト,強力,0.848745,4
インパクト,威力,0.846081,5
都内,市内,0.961436,1
都内,町中,0.948939,2
都内,節目,0.94854,3
都内,各社,0.947418,4
都内,タウン,0.937602,5
老舗,伝統,0.974815,1
老舗,伝統的,0.955597,2
老舗,本舗,0.930053,3
老舗,遺産,0.91727,4
老舗,恒例,0.915389,5
敏感,躊躇,0.875655,1
敏感,副,0.84947,2
敏感,可哀想,0.849024,3
敏感,欠かす,0.845505,4
敏感,切ない,0.841911,5
ライフスタイル,暮らし,0.956865,1
ライフスタイル,パーソナル,0.936468,2
ライフスタイル,使い心地,0.935605,3
ライフスタイル,履き心地,0.931731,4
ライフスタイル,選び方,0.931137,5
配当,券,0.958512,1
配当,コピー,0.947189,2
配当,給付金,0.938886,3
配当,レジ,0.933609,4
配当,備品,0.9306,5
クレジットカード,自動車,0.949782,1
クレジットカード,パソコン,0.944682,2
クレジットカード,Android,0.943421,3
クレジットカード,PC,0.94036,4
クレジットカード,エアコン,0.93559,5
サプリメント,育毛,0.91877,1
サプリメント,育毛剤,0.910908,2
サプリメント,美白,0.907519,3
サプリメント,給料,0.893104,4
サプリメント,月収,0.880137,5
山本,佐藤,0.98662,1
山本,加藤,0.986287,2
山本,岡本,0.984216,3
山本,吉田,0.98377,4
山本,渡辺,0.981592,5
防犯,セキュリティー,0.954331,1
防犯,警備,0.926053,2
防犯,資金,0.921825,3
防犯,ドル,0.907304,4
防犯,契約,0.905943,5
しっとり,浴びる,0.924158,1
しっとり,休み,0.920848,2
しっとり,温かい,0.919375,3
しっとり,休める,0.919183,4
しっとり,暖かい,0.91598,5
ガード,責任者,0.911629,1
ガード,直営,0.907792,2
ガード,防御,0.907599,3
ガード,締める,0.90633,4
ガード,守備,0.905563,5
閉じる,閉める,0.980817,1
閉じる,止め,0.968544,2
閉じる,クローズ,0.964521,3
閉じる,ストップ,0.951951,4
閉じる,収める,0.949926,5
SEO,新聞,0.953032,1
SEO,ニュース,0.943911,2
SEO,報道,0.942246,3
SEO,プレゼン,0.939226,4
SEO,日経,0.938203,5
頻繁,続々,0.921622,1
頻繁,夏場,0.903759,2
頻繁,多い,0.894289,3
頻繁,度々,0.88883,4
頻繁,ビート,0.886857,5
養成,培う,0.982295,1
養成,育成,0.968749,2
養成,養う,0.965295,3
養成,育む,0.956453,4
養成,育てる,0.954076,5
飼育,施術,0.941347,1
飼育,手入れ,0.931181,2
飼育,養う,0.911981,3
飼育,仕立てる,0.911662,4
飼育,トリートメント,0.907225,5
com,レーベル,0.941901,1
com,チャンネル,0.936409,2
com,ブース,0.933095,3
com,ポイント,0.92742,4
com,.com,0.926941,5
ランプ,置き場,0.957479,1
ランプ,番号,0.956142,2
ランプ,棚,0.953721,3
ランプ,番地,0.949078,4
ランプ,パーキング,0.949062,5
招く,あう,0.978996,1
招く,迎える,0.960016,2
招く,談,0.955181,3
招く,会,0.952439,4
招く,一緒,0.951599,5
高価,高額,0.881278,1
高価,ラグジュアリー,0.846251,2
高価,豪華,0.817602,3
高価,VIP,0.809817,4
高価,金持ち,0.788254,5
冷蔵,保冷,0.959724,1
冷蔵,冷蔵庫,0.958464,2
冷蔵,ストレージ,0.909898,3
冷蔵,チェア,0.909797,4
冷蔵,車庫,0.907821,5
宮崎,愛媛,0.95249,1
宮崎,愛媛県,0.938887,2
宮崎,川越,0.938762,3
宮崎,伊豆,0.937408,4
宮崎,奈良県,0.934204,5
突破,起業家,0.866862,1
突破,革新,0.865301,2
突破,開拓,0.857551,3
突破,ダイナミック,0.84991,4
突破,イノベーション,0.831358,5
中学校,中学,0.989528,1
中学校,学級,0.975008,2
中学校,小学校,0.961319,3
中学校,スクール,0.96097,4
中学校,教室,0.951841,5
DIY,自作,0.920369,1
DIY,自家製,0.884469,2
DIY,工房,0.864538,3
DIY,物作り,0.833695,4
DIY,着色,0.82049,5
洗顔,洗面,0.984356,1
洗顔,保湿,0.955122,2
洗顔,手入れ,0.950466,3
洗顔,ローション,0.948951,4
洗顔,シャンプー,0.946765,5
とこ,下部,0.975502,1
とこ,もと,0.953832,2
とこ,脇,0.951529,3
とこ,すむ,0.94905,4
とこ,被せる,0.944707,5
楽曲,ソング,0.929771,1
楽曲,音楽,0.903577,2
楽曲,歌,0.894135,3
楽曲,アニメ,0.894084,4
楽曲,作品,0.883927,5
リモート,遠隔,0.929872,1
リモート,トークン,0.86447,2
リモート,テークアウト,0.857412,3
リモート,メール便,0.849262,4
リモート,キャッシュレス,0.848529,5
埼玉県,埼玉,0.995434,1
埼玉県,千葉県,0.99206,2
埼玉県,兵庫県,0.991213,3
埼玉県,千葉,0.987552,4
埼玉県,福岡県,0.986978,5
NG,デ,0.98267,1
NG,当該,0.982566,2
NG,ド,0.979516,3
NG,某,0.979139,4
NG,以降,0.977205,5
大蒜,胡椒,0.909942,1
大蒜,キムチ,0.879428,2
大蒜,酢,0.861496,3
大蒜,ペッパー,0.853031,4
大蒜,生姜,0.849631,5
選定,選,0.977789,1
選定,選択,0.969626,2
選定,具体的,0.967828,3
選定,品,0.967406,4
選定,使用,0.966495,5
マイク,会員,0.945896,1
マイク,メンバー,0.945048,2
マイク,フォロー,0.93127,3
マイク,フロント,0.9306,4
マイク,使用,0.927541,5
日中,年中,0.976804,1
日中,中旬,0.965696,2
日中,今季,0.950364,3
日中,上旬,0.947584,4
日中,午後,0.946499,5
カスタマー,顧客,0.987577,1
カスタマー,同意,0.956983,2
カスタマー,ユース,0.954998,3
カスタマー,お出掛け,0.94608,4
カスタマー,会員,0.945978,5
スキー,スノーボード,0.944824,1
スキー,ダイビング,0.90998,2
スキー,登山,0.834336,3
スキー,トレッキング,0.773366,4
スキー,サーフ,0.743306,5
経費,返送,0.951207,1
経費,交通費,0.948039,2
経費,返済,0.945617,3
経費,納付,0.939089,4
経費,払い戻し,0.938473,5
記述,表す,0.988691,1
記述,文,0.987766,2
記述,述べる,0.986093,3
記述,具体,0.982229,4
記述,描写,0.981778,5
中小,半日,0.937609,1
中小,後輩,0.900753,2
中小,ジュニア,0.897006,3
中小,近郊,0.894828,4
中小,部下,0.891041,5
クラフト,手作り,0.944164,1
クラフト,手芸,0.885404,2
クラフト,ハンドメイド,0.880829,3
クラフト,自家製,0.867494,4
クラフト,ホビー,0.864204,5
添える,添う,0.981329,1
添える,取れる,0.948139,2
添える,つける,0.945664,3
添える,携わる,0.944306,4
添える,届ける,0.94019,5
体内,内面,0.939041,1
体内,生理,0.932416,2
体内,肉体,0.932085,3
体内,胸,0.928948,4
体内,自体,0.928447,5
かっこいい,カッコイイ,0.859114,1
かっこいい,魅力,0.815156,2
かっこいい,魅力的,0.81435,3
かっこいい,見事,0.800273,4
かっこいい,素晴らしい,0.796158,5
紅茶,茶,0.972382,1
紅茶,ティー,0.961866,2
紅茶,スープ,0.945168,3
紅茶,夕食,0.943384,4
紅茶,茶葉,0.940668,5
面談,インタビュー,0.985599,1
面談,アプローチ,0.945948,2
面談,面接,0.942416,3
面談,連絡,0.940643,4
面談,働き,0.938849,5
滑る,揺る,0.951673,1
滑る,落とす,0.936743,2
滑る,滑り,0.936502,3
滑る,揺れる,0.926899,4
滑る,傾く,0.924283,5
担う,果たす,0.970916,1
担う,承諾,0.969221,2
担う,継ぐ,0.966355,3
担う,しめる,0.964231,4
担う,承継,0.963934,5
見直し,従事,0.953878,1
見直し,改訂,0.951792,2
見直し,担当,0.949476,3
見直し,調べ,0.949268,4
見直し,責任者,0.948808,5
余計,だらだら,0.906132,1
余計,過ぎる,0.872985,2
余計,余分,0.87049,3
余計,太る,0.864216,4
余計,怠る,0.863727,5
少々,ちょっぴり,0.981979,1
少々,少し,0.966679,2
少々,些細,0.952229,3
少々,ひく,0.933733,4
少々,小,0.926598,5
判定,出力,0.958279,1
判定,アウトプット,0.953213,2
判定,算出,0.951885,3
判定,評価,0.949148,4
判定,要件,0.948475,5
源,ソース,0.977304,1
源,予め,0.966689,2
源,御覧,0.962586,3
源,相変わらず,0.959404,4
源,既に,0.959351,5
年始,年末,0.859733,1
年始,正月,0.851787,2
年始,開幕,0.847897,3
年始,登壇,0.845203,4
年始,開催,0.843262,5
損,欠点,0.967629,1
損,損失,0.963536,2
損,ロス,0.952792,3
損,被害,0.952301,4
損,デメリット,0.93987,5
バー,ビュッフェ,0.931885,1
バー,食堂,0.915537,2
バー,飲食店,0.91225,3
バー,市街,0.910726,4
バー,商店街,0.906704,5
追求,頑張る,0.940118,1
追求,上達,0.935658,2
追求,克服,0.930844,3
追求,乗り切る,0.927959,4
追求,覚醒,0.926126,5
雲,空中,0.899937,1
雲,空気,0.878685,2
雲,スカイ,0.871225,3
雲,天,0.845999,4
雲,空,0.841558,5
名刺,領収書,0.94014,1
名刺,封筒,0.936652,2
名刺,カード,0.927777,3
名刺,レシート,0.924903,4
名刺,住所,0.914556,5
来場,観覧,0.956798,1
来場,来店,0.953266,2
来場,通う,0.94954,3
来場,話題,0.94638,4
来場,出場,0.945089,5
重さ,重量,0.987326,1
重さ,背,0.945626,2
重さ,止まる,0.930774,3
重さ,踵,0.93019,4
重さ,止める,0.926872,5
希少,レア,0.912537,1
希少,珍しい,0.813122,2
希少,唯一,0.722641,3
希少,シークレット,0.718132,4
希少,秘訣,0.688711,5
築く,製,0.959832,1
築く,造,0.956871,2
築く,利用,0.954051,3
築く,構える,0.951203,4
築く,補強,0.949554,5
数学,理科,0.95826,1
数学,学術,0.946589,2
数学,サイエンス,0.934383,3
数学,SEO,0.92885,4
数学,学問,0.928309,5
蛋白質,プロテイン,0.991322,1
蛋白質,蛋白,0.975656,2
蛋白質,水産,0.918917,3
蛋白質,大豆,0.914572,4
蛋白質,酸素,0.906418,5
性質,特性,0.975933,1
性質,品,0.966469,2
性質,属,0.963342,3
性質,其の,0.962566,4
性質,納得,0.959924,5
無視,いや,0.940378,1
無視,回避,0.937743,2
無視,不要,0.932059,3
無視,避ける,0.929901,4
無視,拒否,0.928725,5
深める,上達,0.954895,1
深める,培う,0.942963,2
深める,動機,0.942838,3
深める,成長,0.940261,4
深める,能力,0.936365,5
列車,電車,0.983962,1
列車,鉄道,0.983599,2
列車,電鉄,0.957274,3
列車,スーパー,0.953422,4
列車,東武,0.952106,5
上部,右上,0.972222,1
上部,上,0.961498,2
上部,ロング,0.956261,3
上部,以上,0.951901,4
上部,描写,0.945794,5
アクセント,うち,0.955259,1
アクセント,抱える,0.94479,2
アクセント,就く,0.941322,3
アクセント,僕,0.937914,4
アクセント,込める,0.934958,5
水着,ショーツ,0.925689,1
水着,サングラス,0.907711,2
水着,Tシャツ,0.898183,3
水着,スニーカー,0.878303,4
水着,ポロシャツ,0.877181,5
仮面,シャッター,0.734674,1
仮面,マスク,0.720095,2
仮面,塵箱,0.705988,3
仮面,ブラインド,0.700193,4
仮面,ルアー,0.698983,5
御祝い,祝い,0.954316,1
御祝い,めでたい,0.912941,2
御祝い,盛り,0.911392,3
御祝い,イタリアン,0.908496,4
御祝い,召し上がる,0.900183,5
素直,認める,0.916298,1
素直,本物,0.91107,2
素直,納得,0.895622,3
素直,存知,0.892839,4
素直,申し上げる,0.890426,5
リード,マーク,0.966041,1
リード,ファースト,0.963733,2
リード,ver,0.958847,3
リード,旨,0.958774,4
リード,授与,0.956829,5
婆,かしら,0.954419,1
婆,ふる,0.950512,2
婆,此れ,0.938188,3
婆,然も,0.936045,4
婆,猶,0.936012,5
怪しい,違和感,0.882288,1
怪しい,異常,0.873942,2
怪しい,違和,0.873278,3
怪しい,フェーク,0.852069,4
怪しい,違法,0.85112,5
策,程,0.98715,1
策,研,0.976114,2
策,科,0.969831,3
策,旨,0.969817,4
策,合,0.969282,5
ステーション,ステージ,0.966785,1
ステーション,会場,0.963505,2
ステーション,売り場,0.958403,3
ステーション,スーパー,0.958077,4
ステーション,市,0.957932,5
幼児,乳幼児,0.974343,1
幼児,子供,0.954997,2
幼児,児童,0.950062,3
幼児,歳児,0.941007,4
幼児,児,0.933192,5
コンクリート,スチール,0.945523,1
コンクリート,鉄筋,0.940144,2
コンクリート,ウォール,0.925259,3
コンクリート,レール,0.923341,4
コンクリート,板金,0.905954,5
緩い,やわらかい,0.950055,1
緩い,柔らか,0.949674,2
緩い,柔らかい,0.944569,3
緩い,緩める,0.939156,4
緩い,弛み,0.937088,5
美術館,ミュージアム,0.983815,1
美術館,ギャラリー,0.976615,2
美術館,博物館,0.974027,3
美術館,博物,0.952633,4
美術館,ライブラリー,0.909242,5
測る,数える,0.972907,1
測る,測定,0.958557,2
測る,計測,0.953357,3
測る,運搬,0.94845,4
測る,並べる,0.947802,5
調,準,0.985588,1
調,ル,0.984815,2
調,せい,0.98456,3
調,有,0.981805,4
調,かく,0.981651,5
包装,梱包,0.974367,1
包装,容器,0.966359,2
包装,パッケージ,0.963868,3
包装,レジ,0.962034,4
包装,プリント,0.957775,5
タイル,配列,0.967935,1
タイル,リスト,0.964184,2
タイル,フレーム,0.963992,3
タイル,番号,0.9526,4
タイル,容器,0.952513,5
マイル,キロ,0.945143,1
マイル,足す,0.938914,2
マイル,期間,0.9327,3
マイル,到着,0.931886,4
マイル,フィールド,0.931436,5
逮捕,刑事,0.872089,1
逮捕,監視,0.857899,2
逮捕,夜勤,0.850972,3
逮捕,農薬,0.847067,4
逮捕,駆除,0.840242,5
支持,支援,0.985799,1
支持,提供,0.982395,2
支持,正解,0.975203,3
支持,助,0.968852,4
支持,解決,0.968476,5
原料,原材料,0.98515,1
原料,産地,0.954998,2
原料,資材,0.949921,3
原料,数,0.937321,4
原料,ロケーション,0.936969,5
決算,会計,0.941728,1
決算,財政,0.92277,2
決算,裁判所,0.917938,3
決算,経理,0.917247,4
決算,カリキュラム,0.916948,5
推移,際する,0.927746,1
推移,分布,0.918737,2
推移,次ぐ,0.917904,3
推移,共,0.917495,4
推移,後半,0.913439,5
折る,折り畳む,0.944016,1
折る,曲げる,0.91403,2
折る,開ける,0.864837,3
折る,開封,0.864541,4
折る,塗る,0.864326,5
浸透,加わる,0.900603,1
浸透,度々,0.880935,2
浸透,浸ける,0.876705,3
浸透,反響,0.87305,4
浸透,纏まる,0.868532,5
司法,裁判所,0.961821,1
司法,法律,0.959406,2
司法,法務,0.955366,3
司法,法的,0.943259,4
司法,法,0.931768,5
鑑賞,味わう,0.94903,1
鑑賞,賞味,0.941377,2
鑑賞,親しむ,0.92569,3
鑑賞,良し,0.924659,4
鑑賞,捧げる,0.923788,5
通過,通,0.972246,1
通過,続ける,0.970863,2
通過,表明,0.965932,3
通過,能,0.96552,4
通過,続出,0.965377,5
異,逆,0.940539,1
異,違う,0.911819,2
異,反する,0.899812,3
異,ずれる,0.892541,4
異,けれど,0.886973,5
手元,手持ち,0.970122,1
手元,持ち歩く,0.952805,2
手元,掌,0.941678,3
手元,持ち運び,0.932552,4
手元,手指,0.9223,5
向き合う,向ける,0.970339,1
向き合う,面する,0.96991,2
向き合う,交わす,0.969114,3
向き合う,セリフ,0.962878,4
向き合う,言う,0.961344,5
店員,デイサービス,0.940314,1
店員,御店,0.938873,2
店員,ヒアリング,0.936263,3
店員,インタビュー,0.934157,4
店員,取材,0.933643,5
浮かぶ,浮かべる,0.697002,1
浮かぶ,浮上,0.696127,2
浮かぶ,蛍,0.681735,3
浮かぶ,ムーン,0.66895,4
浮かぶ,アイランド,0.666847,5
運命,深い,0.876486,1
運命,奥深い,0.84312,2
運命,相続,0.843109,3
運命,風水,0.839353,4
運命,長年,0.833789,5
特許,法律,0.915376,1
特許,憲法,0.914985,2
特許,法的,0.9108,3
特許,法務,0.904372,4
特許,法令,0.903879,5
精度,仕様,0.937053,1
精度,証明書,0.935037,2
精度,定価,0.922707,3
精度,認定,0.920857,4
精度,スペック,0.920459,5
演技,芝居,0.936804,1
演技,声優,0.919913,2
演技,演劇,0.915107,3
演技,劇団,0.912659,4
演技,公演,0.907734,5
関係者,事由,0.963283,1
関係者,シチュエーション,0.96068,2
関係者,双方,0.956262,3
関係者,事情,0.950826,4
関係者,状況,0.949618,5
ギャラリー,美術館,0.976615,1
ギャラリー,ミュージアム,0.975451,2
ギャラリー,博物館,0.965398,3
ギャラリー,博物,0.965283,4
ギャラリー,ショールーム,0.943079,5
ぜ,ば,0.982378,1
ぜ,ぞ,0.967221,2
ぜ,しょう,0.966261,3
ぜ,どん,0.964722,4
ぜ,む,0.963129,5
引き出す,取り出す,0.949509,1
引き出す,抜く,0.949085,2
引き出す,去る,0.948408,3
引き出す,遣る,0.946439,4
引き出す,回る,0.943017,5
民間,知り合い,0.934996,1
民間,馴染む,0.931684,2
民間,お喋り,0.931196,3
民間,我,0.928914,4
民間,同士,0.928618,5
処方,担保,0.948776,1
処方,装備,0.943552,2
処方,アパート,0.927248,3
処方,登記,0.927026,4
処方,預金,0.926209,5
ショルダー,フット,0.969006,1
ショルダー,足,0.964061,2
ショルダー,額,0.962384,3
ショルダー,視野,0.959202,4
ショルダー,目線,0.956943,5
まじ,びっ,0.970656,1
まじ,ば,0.952048,2
まじ,又,0.949044,3
まじ,まー,0.948354,4
まじ,又々,0.941783,5
自立,独立,0.955452,1
自立,決意,0.944885,2
自立,実力,0.931059,3
自立,確信,0.930527,4
自立,自己,0.928581,5
中学生,高校生,0.976744,1
中学生,学生,0.956293,2
中学生,年生,0.917408,3
中学生,少年,0.912386,4
中学生,会話,0.908218,5
ラウンジ,ソファー,0.978533,1
ラウンジ,和室,0.942485,2
ラウンジ,リビング,0.936552,3
ラウンジ,カーペット,0.928455,4
ラウンジ,ドレス,0.927249,5
食物,食べ物,0.995041,1
食物,食品,0.992992,2
食物,フード,0.97565,3
食物,食料,0.96071,4
食物,食,0.956614,5
技能,スキル,0.994773,1
技能,ヘルス,0.96305,2
技能,健康,0.962264,3
技能,学び,0.959692,4
技能,人権,0.949326,5
投げる,引っ張る,0.936136,1
投げる,放る,0.930515,2
投げる,振動,0.921724,3
投げる,弾く,0.916307,4
投げる,動く,0.915651,5
助成,レポ,0.977785,1
助成,キープ,0.974748,2
助成,OB,0.97272,3
助成,授与,0.97014,4
助成,採択,0.968058,5
ユ,一,0.988135,1
ユ,デ,0.986013,2
ユ,ザ,0.981658,3
ユ,某,0.979786,4
ユ,ド,0.979595,5
加熱,起動,0.915841,1
加熱,煮る,0.908798,2
加熱,炒める,0.897722,3
加熱,煮込む,0.893569,4
加熱,運搬,0.892276,5
世間,諸国,0.944737,1
世間,集団,0.944178,2
世間,大勢,0.94223,3
世間,世の中,0.938701,4
世間,世界中,0.938601,5
単価,値段,0.954429,1
単価,枚数,0.953202,2
単価,時点,0.946223,3
単価,パーセント,0.945154,4
単価,寸法,0.943529,5
枕,クッション,0.981608,1
枕,タオル,0.969902,2
枕,ソープ,0.968098,3
枕,シーツ,0.954715,4
枕,パジャマ,0.953476,5
じ,き,0.991671,1
じ,み,0.990682,2
じ,か,0.990612,3
じ,へん,0.990478,4
じ,げ,0.988687,5
統計,予報,0.948372,1
統計,集計,0.947797,2
統計,チャート,0.935624,3
統計,レポート,0.934416,4
統計,報告書,0.934261,5
池,丸い,0.946963,1
池,丸,0.928321,2
池,湖,0.923785,3
池,ビュー,0.921343,4
池,常温,0.920673,5
デザート,よる,0.823478,1
デザート,辺り,0.796735,2
デザート,溜まる,0.787624,3
デザート,跡,0.780439,4
デザート,尾,0.772483,5
稼働,運行,0.98127,1
稼働,執行,0.950768,2
稼働,運用,0.945245,3
稼働,生産者,0.943498,4
稼働,実行,0.939661,5
ラベル,枚数,0.974665,1
ラベル,カウント,0.960944,2
ラベル,番地,0.955809,3
ラベル,単位,0.955698,4
ラベル,枠,0.949944,5
沿い,月間,0.967496,1
沿い,デー,0.967198,2
沿い,到着,0.963489,3
沿い,時,0.962405,4
沿い,ロケ,0.957789,5
体験談,親身,0.968242,1
体験談,経験者,0.950622,2
体験談,主人公,0.939519,3
体験談,応じる,0.93846,4
体験談,同伴,0.936311,5
態度,我,0.961342,1
態度,我が,0.9574,2
態度,見方,0.956234,3
態度,傾向,0.94987,4
態度,感,0.949353,5
寿命,メモリー,0.923942,1
寿命,ニーズ,0.915703,2
寿命,記憶,0.908461,3
寿命,世帯,0.908155,4
寿命,ヘッド,0.90542,5
きらきら,彩,0.940619,1
きらきら,輝き,0.912643,2
きらきら,瑞々しい,0.905471,3
きらきら,楽,0.898096,4
きらきら,咲き,0.895368,5
ウォッチ,腕時計,0.963177,1
ウォッチ,時計,0.961651,2
ウォッチ,カード,0.960516,3
ウォッチ,ファンデーション,0.959958,4
ウォッチ,眼鏡,0.952014,5
出金,買い付け,0.968646,1
出金,換金,0.966636,2
出金,支払い,0.954771,3
出金,ログイン,0.954356,4
出金,購買,0.953821,5
夕食,昼食,0.955536,1
夕食,御飯,0.955357,2
夕食,ディナー,0.944895,3
夕食,紅茶,0.943384,4
夕食,居心地,0.942621,5
正常,ノーマル,0.97898,1
正常,適切,0.955957,2
正常,常,0.955244,3
正常,現実的,0.954444,4
正常,レギュラー,0.953365,5
商店,ショップ,0.99568,1
商店,店舗,0.993267,2
商店,店,0.989671,3
商店,マート,0.964807,4
商店,物販,0.963081,5
新人,新卒,0.946913,1
新人,初回,0.87514,2
新人,初心者,0.865816,3
新人,試行,0.85816,4
新人,新入,0.85653,5
記者,報道,0.942879,1
記者,研究会,0.93726,2
記者,アナウンサー,0.93699,3
記者,司会,0.93503,4
記者,ニュース,0.933387,5
色合い,基調,0.95137,1
色合い,色味,0.95063,2
色合い,意味,0.948558,3
色合い,意思,0.94438,4
色合い,日日,0.940036,5
外側,外,0.977173,1
外側,外部,0.976112,2
外側,向こう,0.949918,3
外側,周囲,0.909285,4
外側,東西,0.905324,5
研究所,研究室,0.949658,1
研究所,ラボ,0.945999,2
研究所,医院,0.905755,3
研究所,医学部,0.901579,4
研究所,編集部,0.89965,5
大阪府,福岡市,0.986737,1
大阪府,横浜,0.985546,2
大阪府,愛知,0.984667,3
大阪府,神戸市,0.984322,4
大阪府,横浜市,0.984169,5
ベトナム,マレーシア,0.955194,1
ベトナム,インドネシア,0.948613,2
ベトナム,メキシコ,0.928415,3
ベトナム,インド,0.927882,4
ベトナム,スペイン,0.925128,5
殺す,殺害,0.973269,1
殺す,殴る,0.959125,2
殺す,殺人,0.946744,3
殺す,暴力,0.945258,4
殺す,虐待,0.927659,5
スペイン,イタリア,0.989098,1
スペイン,タイ,0.966566,2
スペイン,マレーシア,0.958807,3
スペイン,フランス,0.954012,4
スペイン,カリフォルニア,0.951421,5
虫歯,副作用,0.954121,1
虫歯,傷,0.952296,2
虫歯,怪我,0.946526,3
虫歯,下痢,0.936415,4
虫歯,病,0.930263,5
譲渡,貸し,0.948784,1
譲渡,計上,0.948602,2
譲渡,貸し出し,0.944165,3
譲渡,返還,0.940036,4
譲渡,依頼,0.939312,5
画,絵画,0.913226,1
画,イラスト,0.90519,2
画,アルバム,0.897073,3
画,コミックス,0.884874,4
画,装飾,0.858874,5
伊藤,安田,0.960192,1
伊藤,斎藤,0.958232,2
伊藤,士,0.956433,3
伊藤,本格,0.951126,4
伊藤,石田,0.947795,5
au,AT,0.975525,1
au,TEL,0.971127,2
au,EC,0.970639,3
au,m2,0.969405,4
au,MP,0.960418,5
ミラー,鏡,0.947741,1
ミラー,壁掛け,0.929203,2
ミラー,ベル,0.928592,3
ミラー,シート,0.910611,4
ミラー,CD,0.907801,5
愛知県,愛知,0.992246,1
愛知県,神奈川県,0.985709,2
愛知県,埼玉県,0.984731,3
愛知県,兵庫県,0.983867,4
愛知県,神奈川,0.983037,5
統合,総合的,0.971376,1
統合,総合,0.965983,2
統合,全面,0.964878,3
統合,シリーズ,0.953064,4
統合,網羅,0.951793,5
免疫,免疫力,0.952305,1
免疫,体幹,0.940954,2
免疫,プロテイン,0.921468,3
免疫,抗体,0.921276,4
免疫,薬用,0.91126,5
持参,持ち込む,0.972842,1
持参,取り寄せる,0.97062,2
持参,一員,0.957274,3
持参,持ち帰る,0.955947,4
持参,クライアント,0.955164,5
商業,企業,0.980056,1
商業,ビジネス,0.978756,2
商業,商売,0.973382,3
商業,プロジェクト,0.970373,4
商業,会社,0.96755,5
シミュレーション,人工,0.940783,1
シミュレーション,プログラム,0.907938,2
シミュレーション,機体,0.905115,3
シミュレーション,ml,0.897728,4
シミュレーション,ソフトウェア,0.890309,5
体操,卓球,0.766239,1
体操,ダイビング,0.747343,2
体操,レース,0.739598,3
体操,飛行,0.72981,4
体操,テニス,0.724962,5
恐怖,恐ろしい,0.979422,1
恐怖,怖い,0.963904,2
恐怖,危ない,0.955376,3
恐怖,ホラー,0.935041,4
恐怖,過酷,0.932186,5
パーマ,名入れ,0.92083,1
パーマ,ウェア,0.920671,2
パーマ,チェスト,0.912451,3
パーマ,一戸建て,0.910963,4
パーマ,サプリ,0.910564,5
発症,再発,0.915392,1
発症,症状,0.904693,2
発症,消耗,0.894546,3
発症,吸う,0.888143,4
発症,下回る,0.882753,5
最終的,最終,0.973052,1
最終的,完全,0.952914,2
最終的,ファイナル,0.950465,3
最終的,長,0.92628,4
最終的,九,0.925098,5
体質,生前,0.948414,1
体質,信念,0.934411,2
体質,体内,0.926803,3
体質,瞼,0.923549,4
体質,生理,0.921119,5
理事,院長,0.971918,1
理事,府,0.957954,2
理事,校長,0.946808,3
理事,史,0.943597,4
理事,官,0.941829,5
黄,黄色,0.965106,1
黄,黄色い,0.954268,2
黄,イエロー,0.951898,3
黄,明,0.949992,4
黄,紅,0.939988,5
飼い主,主人,0.987886,1
飼い主,両親,0.971308,2
飼い主,夫婦,0.971248,3
飼い主,頼る,0.970388,4
飼い主,配偶者,0.969162,5
血管,骨盤,0.915129,1
血管,関節,0.907,2
血管,肺,0.905975,3
血管,肩,0.899479,4
血管,顎,0.89736,5
来院,受け付ける,0.960036,1
来院,入り,0.958682,2
来院,有する,0.952265,3
来院,常,0.951908,4
来院,いらっしゃる,0.948592,5
安倍,自民,0.931662,1
安倍,自民党,0.913386,2
安倍,主導,0.909114,3
安倍,大統領,0.906603,4
安倍,首相,0.894678,5
ド,デ,0.996896,1
ド,ラ,0.993307,2
ド,特,0.992876,3
ド,ア,0.992378,4
ド,イ,0.990411,5
リクエスト,要望,0.982072,1
リクエスト,依頼,0.956053,2
リクエスト,支払う,0.952189,3
リクエスト,請求,0.952136,4
リクエスト,着信,0.949884,5
息,待つ,0.950159,1
息,冷める,0.948575,2
息,左,0.944283,3
息,残る,0.942892,4
息,尾,0.940534,5
付き合い,付き合う,0.987505,1
付き合い,同居,0.937949,2
付き合い,暮らし,0.933054,3
付き合い,相性,0.928178,4
付き合い,カップル,0.927706,5
割る,切る,0.982684,1
割る,力,0.958983,2
割る,狙う,0.925217,3
割る,打つ,0.923993,4
割る,捕まえる,0.913434,5
限,限る,0.962245,1
限,制限,0.935201,2
限,有限,0.913974,3
限,止め,0.910227,4
限,勿体,0.906748,5
ネービー,フラット,0.912969,1
ネービー,ホワイト,0.900382,2
ネービー,白い,0.885724,3
ネービー,青,0.883671,4
ネービー,グレー,0.882881,5
敷く,襟,0.966056,1
敷く,布,0.964994,2
敷く,のり,0.963038,3
敷く,掛ける,0.958813,4
敷く,席,0.956254,5
トータル,ユナイテッド,0.958094,1
トータル,ファイナル,0.954124,2
トータル,全面,0.952023,3
トータル,統合,0.95002,4
トータル,メジャー,0.946021,5
小林,竹内,0.958419,1
小林,ボブ,0.953084,2
小林,木村,0.950885,3
小林,彼女,0.950549,4
小林,田中,0.947712,5
軒,坪,0.977807,1
軒,戸,0.950883,2
軒,ワックス,0.947992,3
軒,亭,0.945848,4
軒,籠,0.943496,5
ばら,羽根,0.923239,1
ばら,葉っぱ,0.898045,2
ばら,羽,0.893104,3
ばら,リーフ,0.853712,4
ばら,潤う,0.850699,5
センス,キャラ,0.979997,1
センス,表現,0.97611,2
センス,特徴,0.970074,3
センス,意,0.968301,4
センス,品,0.965737,5
経営者,管理職,0.978562,1
経営者,管理者,0.964738,2
経営者,CEO,0.955383,3
経営者,マネージャー,0.950047,4
経営者,ディレクター,0.938979,5
ぃ,ち,0.981686,1
ぃ,つ,0.979105,2
ぃ,ぽん,0.977245,3
ぃ,ふ,0.975363,4
ぃ,ぷ,0.973686,5
一回,いー,0.942263,1
一回,下,0.941613,2
一回,ぉ,0.934812,3
一回,単,0.932773,4
一回,サブ,0.927619,5
貯金,貯蓄,0.996584,1
貯金,存分,0.949638,2
貯金,積み立て,0.949598,3
貯金,セーブ,0.948922,4
貯金,清潔,0.930472,5
洗剤,クリーナー,0.959253,1
洗剤,ランドリー,0.936212,2
洗剤,スピーカー,0.930857,3
洗剤,洗濯機,0.922967,4
洗剤,洗車,0.921447,5
満喫,熱愛,0.888161,1
満喫,大好き,0.884385,2
満喫,嬉しい,0.877251,3
満喫,喜ぶ,0.875268,4
満喫,好き,0.872712,5
あう,招く,0.978996,1
あう,談,0.964876,2
あう,迎える,0.962158,3
あう,会,0.954288,4
あう,通す,0.952394,5
注,被せる,0.972647,1
注,入れ,0.963345,2
注,事前,0.960843,3
注,なおす,0.957604,4
注,一層,0.957487,5
メンタル,セルフ,0.9331,1
メンタル,考え方,0.930313,2
メンタル,ライフスタイル,0.926246,3
メンタル,思想,0.92434,4
メンタル,体感,0.923238,5
正社員,保障,0.964747,1
正社員,常勤,0.95501,2
正社員,確立,0.95432,3
正社員,確保,0.947502,4
正社員,担任,0.946327,5
久々,臨む,0.901966,1
久々,御陰,0.892996,2
久々,待望,0.882879,3
久々,存ずる,0.881841,4
久々,欅,0.875278,5
質感,テクスチャー,0.947848,1
質感,外見,0.92468,2
質感,半身,0.918849,3
質感,雰囲気,0.917201,4
質感,対象,0.916362,5
インフルエンザ,コロナ,0.848799,1
インフルエンザ,感染症,0.844897,2
インフルエンザ,風邪,0.840076,3
インフルエンザ,肺炎,0.817697,4
インフルエンザ,責める,0.806633,5
速報,リアルタイム,0.864086,1
速報,実況,0.820262,2
速報,デモ,0.81428,3
速報,救急,0.799627,4
速報,警報,0.797699,5
ビザ,ローン,0.93641,1
ビザ,機種,0.923882,2
ビザ,口座,0.922363,3
ビザ,プリンター,0.918617,4
ビザ,リース,0.917324,5
炎症,炎,0.919716,1
炎症,感染,0.913128,2
炎症,出血,0.905858,3
炎症,火災,0.900231,4
炎症,焼ける,0.898093,5
石鹸,シャンプー,0.975128,1
石鹸,タオル,0.963852,2
石鹸,シャツ,0.958461,3
石鹸,トップス,0.956852,4
石鹸,ソープ,0.953512,5
手前,本人,0.969706,1
手前,持つ,0.958943,2
手前,持ち,0.954713,3
手前,姿,0.954481,4
手前,名称,0.952217,5
先端,最先端,0.977992,1
先端,先進,0.96819,2
先端,次世代,0.960466,3
先端,高性能,0.89309,4
先端,革新,0.864836,5
大臣,市長,0.968894,1
大臣,長官,0.966103,2
大臣,理事長,0.965869,3
大臣,主任,0.956898,4
大臣,部長,0.953622,5
岐阜,岐阜県,0.989689,1
岐阜,水戸,0.980271,2
岐阜,松本,0.976555,3
岐阜,盛岡,0.97604,4
岐阜,宮城,0.974775,5
調達,物流,0.954874,1
調達,仕入れ,0.950752,2
調達,経営,0.947679,3
調達,出荷,0.946477,4
調達,部署,0.938148,5
買い,購入,0.989752,1
買い,購買,0.984081,2
買い,買う,0.979248,3
買い,お買い上げ,0.971321,4
買い,入手,0.971292,5
脇,受ける,0.957385,1
脇,裾,0.95443,2
脇,とこ,0.951529,3
脇,おる,0.948802,4
脇,下部,0.948267,5
排出,ガス,0.890727,1
排出,負荷,0.87863,2
排出,煙,0.851207,3
排出,吐く,0.846921,4
排出,感染,0.84594,5
PS,DS,0.989103,1
PS,VS,0.983236,2
PS,EC,0.981482,3
PS,MP,0.980819,4
PS,FF,0.979892,5
苛々,苛め,0.977547,1
苛々,嫌う,0.927187,2
苛々,痛い,0.922799,3
苛々,辛い,0.91633,4
苛々,きつい,0.915694,5
本番,業務用,0.944948,1
本番,業務,0.943878,2
本番,管理者,0.943393,3
本番,管理人,0.94337,4
本番,本線,0.942384,5
きり,センチ,0.950317,1
きり,此れ,0.945119,2
きり,かしら,0.941933,3
きり,原,0.936587,4
きり,其れ,0.93564,5
マイクロ,微,0.969668,1
マイクロ,細い,0.946367,2
マイクロ,薄手,0.944542,3
マイクロ,少し,0.926006,4
マイクロ,僅か,0.925884,5
仰る,浸かる,0.949168,1
仰る,差し込む,0.946611,2
仰る,返る,0.935292,3
仰る,浸る,0.932994,4
仰る,おお,0.93204,5
広報,キャンペーン,0.96849,1
広報,商工,0.963883,2
広報,事業者,0.958954,3
広報,PR,0.957913,4
広報,商売,0.952155,5
痛む,痛める,0.99014,1
痛む,痛い,0.978383,2
痛む,痛,0.976522,3
痛む,しんどい,0.966374,4
痛む,苦痛,0.960438,5
取り上げる,取り扱う,0.980774,1
取り上げる,称する,0.978114,2
取り上げる,員,0.97469,3
取り上げる,答える,0.97274,4
取り上げる,用語,0.972038,5
Zoom,ネット,0.909081,1
Zoom,オンライン,0.903346,2
Zoom,ポータル,0.900696,3
Zoom,プラットフォーム,0.886768,4
Zoom,ドル,0.886017,5
サラリーマン,会社員,0.976356,1
サラリーマン,勤務,0.956437,2
サラリーマン,交付,0.941711,3
サラリーマン,任務,0.935875,4
サラリーマン,職務,0.934708,5
鞄,ファンデーション,0.955686,1
鞄,ネクタイ,0.951562,2
鞄,眼鏡,0.948397,3
鞄,服,0.947361,4
鞄,CD,0.942908,5
被,ホールド,0.970352,1
被,ロー,0.948415,2
被,余,0.946257,3
被,つめる,0.943258,4
被,片方,0.941005,5
書店,本屋,0.990305,1
書店,ダイニング,0.934888,2
書店,教室,0.934157,3
書店,図書館,0.93045,4
書店,マガジン,0.921401,5
監視,関税,0.881963,1
監視,取り締まり,0.870584,2
監視,増税,0.863044,3
監視,逮捕,0.857899,4
監視,批判,0.847905,5
自治体,行政,0.964408,1
自治体,委員会,0.961701,2
自治体,運営,0.95221,3
自治体,近鉄,0.950858,4
自治体,商社,0.950455,5
宣伝,広告,0.96859,1
宣伝,プロモーション,0.957433,2
宣伝,キャンペーン,0.951706,3
宣伝,販促,0.938649,4
宣伝,シティー,0.937284,5
受け付ける,有する,0.976661,1
受け付ける,届く,0.975518,2
受け付ける,含める,0.972898,3
受け付ける,取り上げる,0.968798,4
受け付ける,大抵,0.968743,5
レア,希少,0.912537,1
レア,珍しい,0.760033,2
レア,シークレット,0.725994,3
レア,唯一,0.716618,4
レア,稀,0.705577,5
ソフトバンク,メディア,0.936031,1
ソフトバンク,都会,0.933016,2
ソフトバンク,媒体,0.929774,3
ソフトバンク,近代,0.926496,4
ソフトバンク,都市,0.925305,5
実務,職務,0.973599,1
実務,ワーク,0.967673,2
実務,任務,0.964703,3
実務,業務,0.963544,4
実務,講習,0.963258,5
果物,フルーツ,0.999172,1
果物,果実,0.986888,2
果物,梨,0.973311,3
果物,苺,0.968557,4
果物,メロン,0.965461,5
入門,基本,0.976874,1
入門,基本的,0.976597,2
入門,ベーシック,0.967452,3
入門,冒頭,0.947823,4
入門,シンプル,0.942814,5
積極,積極的,0.986317,1
積極,活躍,0.977054,2
積極,アクティブ,0.964871,3
積極,熱心,0.964789,4
積極,活躍中,0.946089,5
自律,自主,0.973784,1
自律,自治,0.966156,2
自律,自立,0.923799,3
自律,集中力,0.919571,4
自律,上達,0.913076,5
更なる,更に,0.979602,1
更なる,もっと,0.977556,2
更なる,益々,0.966373,3
更なる,最多,0.963464,4
更なる,ハイ,0.961508,5
指標,インデックス,0.972288,1
指標,スコア,0.962067,2
指標,字幕,0.952365,3
指標,集計,0.952327,4
指標,バージョン,0.951714,5
さっぱり,清水,0.940575,1
さっぱり,アクア,0.93799,2
さっぱり,白色,0.934665,3
さっぱり,白い,0.926231,4
さっぱり,クリーン,0.921203,5
中間,最中,0.988828,1
中間,ミドル,0.988477,2
中間,ミディアム,0.986455,3
中間,中,0.984006,4
中間,一部,0.973422,5
歪み,歪む,0.972816,1
歪み,不当,0.934895,2
歪み,無断,0.916894,3
歪み,不良,0.911711,4
歪み,バグ,0.903755,5
車検,納付,0.947633,1
車検,請求書,0.93421,2
車検,原価,0.928976,3
車検,チェックアウト,0.926196,4
車検,限度額,0.923603,5
千葉県,埼玉県,0.99206,1
千葉県,千葉,0.990165,2
千葉県,兵庫県,0.989078,3
千葉県,埼玉,0.988347,4
千葉県,福岡県,0.986781,5
スライド,パネル,0.972944,1
スライド,ボード,0.966628,2
スライド,ページ,0.9666,3
スライド,表,0.964729,4
スライド,字幕,0.960017,5
解釈,把握,0.965877,1
解釈,実践,0.964344,2
解釈,考察,0.954274,3
解釈,習得,0.946811,4
解釈,果たす,0.94648,5
色味,色合い,0.95063,1
色味,フレーバー,0.9255,2
色味,音色,0.923354,3
色味,香り,0.922578,4
色味,味,0.914379,5
通学,乗る,0.943771,1
通学,使う,0.936022,2
通学,ボイス,0.932209,3
通学,通話,0.931143,4
通学,教わる,0.929341,5
入れ,入れる,0.969502,1
入れ,寄せる,0.967768,2
入れ,一先ず,0.96733,3
入れ,被せる,0.964353,4
入れ,注,0.963345,5
飼う,帰国,0.9527,1
飼う,持ち帰る,0.952504,2
飼う,パーソナル,0.943838,3
飼う,帰る,0.94221,4
飼う,抱く,0.939638,5
突く,一押し,0.939983,1
突く,割,0.932977,2
突く,打ち,0.928563,3
突く,パーカ,0.924565,4
突く,越す,0.924004,5
崩れる,破れる,0.975926,1
崩れる,壊れる,0.959069,2
崩れる,破損,0.958434,3
崩れる,転倒,0.956966,4
崩れる,倒れる,0.955168,5
預かる,預ける,0.982063,1
預かる,備える,0.963271,2
預かる,予想,0.963058,3
預かる,記す,0.962287,4
預かる,確かめる,0.953364,5
飯,御飯,0.985541,1
飯,パン,0.966516,2
飯,昼食,0.964118,3
飯,ライス,0.96209,4
飯,膳,0.960026,5
ゴー,キャッチ,0.968036,1
ゴー,スルー,0.959192,2
ゴー,通す,0.946847,3
ゴー,プッシュ,0.94644,4
ゴー,出し,0.945611,5
跡,尾,0.948404,1
跡,残す,0.937936,2
跡,残る,0.929248,3
跡,辺り,0.920522,4
跡,被る,0.918867,5
態々,士,0.939087,1
態々,ハリー,0.937332,2
態々,栄,0.936714,3
態々,訳有り,0.93555,4
態々,李,0.929882,5
じゃん,まー,0.957353,1
じゃん,又々,0.944009,2
じゃん,さす,0.935753,3
じゃん,斯く,0.935683,4
じゃん,出し,0.934304,5
DX,NET,0.970546,1
DX,CS,0.957766,2
DX,MP,0.95748,3
DX,リニューアル,0.955123,4
DX,プロ,0.954761,5
整骨,復元,0.903892,1
整骨,復旧,0.886713,2
整骨,治す,0.865686,3
整骨,鍼灸,0.864219,4
整骨,修復,0.864209,5
兄,パパ,0.968644,1
兄,父,0.968019,2
兄,父さん,0.966824,3
兄,長男,0.966328,4
兄,父親,0.966068,5
着ける,着用,0.98619,1
着ける,着る,0.976442,2
着ける,飲む,0.952762,3
着ける,持ち物,0.947827,4
着ける,着脱,0.947501,5
ふわふわ,ふわ,0.979705,1
ふわふわ,柔らか,0.945244,2
ふわふわ,柔らかい,0.936809,3
ふわふわ,やわらかい,0.93565,4
ふわふわ,ふんわり,0.915432,5
素早い,逸早く,0.922471,1
素早い,迅速,0.861312,2
素早い,速やか,0.844248,3
素早い,速い,0.832793,4
素早い,クイック,0.830125,5
ダーク,闇,0.954812,1
ダーク,暗い,0.944801,2
ダーク,凄い,0.913247,3
ダーク,物凄い,0.87793,4
ダーク,死亡,0.87368,5
アクリル,グラフィック,0.898503,1
アクリル,レジン,0.880392,2
アクリル,CSS,0.86545,3
アクリル,コミックス,0.863566,4
アクリル,雑誌,0.862903,5
程,策,0.98715,1
程,製,0.98446,2
程,研,0.975077,3
程,旨,0.974662,4
程,然程,0.974396,5
取り寄せる,仕入れる,0.979108,1
取り寄せる,持参,0.97062,2
取り寄せる,付ける,0.968704,3
取り寄せる,送る,0.96809,4
取り寄せる,取る,0.96642,5
ヨーグルト,果汁,0.971251,1
ヨーグルト,牛乳,0.961632,2
ヨーグルト,ミルク,0.959291,3
ヨーグルト,豆乳,0.955455,4
ヨーグルト,ジュース,0.955142,5
耐久性,耐久,0.991889,1
耐久性,長持ち,0.949232,2
耐久性,不可欠,0.917266,3
耐久性,頑丈,0.914931,4
耐久性,固める,0.914706,5
産後,妊娠中,0.893187,1
産後,生後,0.885018,2
産後,子連れ,0.879879,3
産後,妊娠,0.859777,4
産後,妊婦,0.837787,5
キープ,確か,0.975618,1
キープ,助成,0.974748,2
キープ,確保,0.968948,3
キープ,承諾,0.968561,4
キープ,確定,0.967331,5
スクリーン,包装,0.949637,1
スクリーン,ファイル,0.941482,2
スクリーン,数字,0.937489,3
スクリーン,ディスプレー,0.935263,4
スクリーン,梱包,0.928443,5
におい,匂い,0.981633,1
におい,昨夜,0.901822,2
におい,感触,0.888724,3
におい,摂取,0.887486,4
におい,踏まえる,0.882409,5
復縁,恋愛,0.921887,1
復縁,恋,0.920903,2
復縁,付き合う,0.914669,3
復縁,恋人,0.911568,4
復縁,相性,0.911448,5
共感,尊重,0.962555,1
共感,繋がり,0.945498,2
共感,活,0.936941,3
共感,触れ合い,0.936695,4
共感,親子,0.936614,5
代引き,転売,0.821512,1
代引き,振り込み,0.811737,2
代引き,後払い,0.796677,3
代引き,スワップ,0.766823,4
代引き,遣り取り,0.7652,5
御負け,不備,0.950731,1
御負け,劣化,0.940007,2
御負け,不足,0.936235,3
御負け,劣る,0.935641,4
御負け,駄目,0.934672,5
競争,競う,0.952084,1
競争,値動き,0.900178,2
競争,対戦,0.889871,3
競争,相場,0.867779,4
競争,ラリー,0.852339,5
ディスク,フレーム,0.968687,1
ディスク,ルーフ,0.962525,2
ディスク,ボックス,0.962212,3
ディスク,板,0.959191,4
ディスク,ラック,0.95587,5
真実,真相,0.994749,1
真実,知識,0.954039,2
真実,知見,0.92839,3
真実,証拠,0.918453,4
真実,品質,0.90978,5
教員,教授,0.982895,1
教員,講師,0.977575,2
教員,教師,0.976998,3
教員,インストラクター,0.968185,4
教員,医者,0.94837,5
図書館,ライブラリー,0.993484,1
図書館,図書,0.961134,2
図書館,博物館,0.956515,3
図書館,本屋,0.949146,4
図書館,校舎,0.947291,5
コスプレ,仮装,0.725319,1
コスプレ,娱乐,0.682606,2
コスプレ,コミック,0.680773,3
コスプレ,バーチャル,0.67625,4
コスプレ,ファッション,0.675982,5
御免,どうぞ,0.935143,1
御免,はじめ,0.930771,2
御免,発祥,0.921597,3
御免,凡そ,0.914979,4
御免,過去,0.912337,5
信託,不動産,0.924633,1
信託,年金,0.920171,2
信託,担保,0.916115,3
信託,保険,0.911786,4
信託,処方,0.897552,5
ライセンス,券,0.950271,1
ライセンス,免許,0.945567,2
ライセンス,設置,0.942561,3
ライセンス,契約,0.932194,4
ライセンス,装置,0.929849,5
摘み,摘む,0.975572,1
摘み,巻く,0.949986,2
摘み,直し,0.930629,3
摘み,採取,0.929442,4
摘み,拾う,0.9294,5
人参,椎茸,0.96935,1
人参,蜂蜜,0.946403,2
人参,ごま,0.926825,3
人参,緑茶,0.925964,4
人参,リネン,0.924864,5
プラチナ,ダイヤモンド,0.968316,1
プラチナ,黄金,0.915786,2
プラチナ,ゴールド,0.907582,3
プラチナ,ルビー,0.895863,4
プラチナ,貴重,0.887167,5
夜間,夜中,0.97555,1
夜間,夜,0.964814,2
夜間,深夜,0.911301,3
夜間,ナイト,0.89962,4
夜間,影,0.891173,5
宗教,業,0.838049,1
宗教,信仰,0.833091,2
宗教,伊藤,0.831398,3
宗教,聖書,0.824268,4
宗教,成人式,0.822579,5
歌詞,キャラ,0.933266,1
歌詞,表現,0.930176,2
歌詞,センス,0.926071,3
歌詞,描写,0.923971,4
歌詞,キャラクター,0.921969,5
陣,行成,0.942195,1
陣,団,0.923483,2
陣,箇国,0.915432,3
陣,印,0.914852,4
陣,囲む,0.91321,5
ポール,ジャック,0.985947,1
ポール,ジョージ,0.978915,2
ポール,君,0.975233,3
ポール,関,0.972698,4
ポール,ジャン,0.972087,5
気味,汚れ,0.935026,1
気味,損,0.926795,2
気味,欠点,0.925732,3
気味,染み,0.924603,4
気味,嫌い,0.923364,5
召し上がる,賞,0.969374,1
召し上がる,付与,0.949955,2
召し上がる,吉,0.946662,3
召し上がる,福,0.943081,4
召し上がる,礼,0.942895,5
初日,新入,0.888962,1
初日,祝,0.886284,2
初日,申し出,0.868766,3
初日,ぷ,0.867694,4
初日,ぴん,0.865208,5
待ち,辺り,0.938528,1
待ち,待つ,0.930455,2
待ち,休業,0.918606,3
待ち,終わる,0.917508,4
待ち,側面,0.912201,5
補給,供給,0.952114,1
補給,翻訳,0.947887,2
補給,回収,0.94369,3
補給,納品,0.936067,4
補給,職,0.936037,5
庁,官,0.962399,1
庁,機関,0.962051,2
庁,法定,0.943667,3
庁,州,0.941265,4
庁,郡,0.94115,5
加速,スピード,0.934076,1
加速,速度,0.923972,2
加速,高速,0.915162,3
加速,迅速,0.908444,4
加速,速,0.903364,5
フック,ゴー,0.929352,1
フック,キャッチ,0.918691,2
フック,通す,0.918195,3
フック,かける,0.917911,4
フック,張る,0.916933,5
鎌倉,川越,0.940408,1
鎌倉,長崎,0.937755,2
鎌倉,出雲,0.932908,3
鎌倉,落語,0.932008,4
鎌倉,奈良,0.92531,5
仲良く,抱っこ,0.96447,1
仲良く,触れ合い,0.957529,2
仲良く,感謝,0.956427,3
仲良く,褒める,0.954099,4
仲良く,ティー,0.95123,5
出勤,問い合わせ,0.959934,1
出勤,出席,0.957521,2
出勤,アクセス,0.954619,3
出勤,申し込む,0.949697,4
出勤,受診,0.946246,5
もてる,吸引,0.942271,1
もてる,好く,0.932017,2
もてる,似合う,0.930601,3
もてる,キャリー,0.927869,4
もてる,幸,0.927806,5
達する,獲得,0.971294,1
達する,きっと,0.970703,2
達する,遂げる,0.970066,3
達する,能,0.963866,4
達する,志,0.962221,5
カナダ,スウェーデン,0.974439,1
カナダ,札幌,0.96699,2
カナダ,札幌市,0.954167,3
カナダ,新潟,0.936481,4
カナダ,北欧,0.934063,5
美肌,ビューティー,0.919811,1
美肌,美脚,0.916128,2
美肌,すっきり,0.91247,3
美肌,格好,0.909617,4
美肌,音質,0.897661,5
事業所,事務所,0.976013,1
事業所,オフィス,0.974241,2
事業所,駅,0.963743,3
事業所,会議室,0.963633,4
事業所,出版,0.95629,5
土曜日,土曜,0.991699,1
土曜日,土日,0.93331,2
土曜日,金曜,0.929859,3
土曜日,年中,0.92846,4
土曜日,歓迎,0.916214,5
バックアップ,ストレージ,0.946503,1
バックアップ,ナビ,0.946351,2
バックアップ,担保,0.937675,3
バックアップ,財産,0.933126,4
バックアップ,給与,0.931533,5
ポリエステル,ナイロン,0.980262,1
ポリエステル,アルミ,0.951165,2
ポリエステル,ジップ,0.91394,3
ポリエステル,板金,0.913574,4
ポリエステル,ウレタン,0.901828,5
袖,部位,0.965482,1
袖,年齢,0.965435,2
袖,ネック,0.965309,3
袖,足,0.962735,4
袖,就く,0.961184,5
面倒臭い,不味い,0.932069,1
面倒臭い,不便,0.929393,2
面倒臭い,面倒,0.905651,3
面倒臭い,ゴミ,0.905163,4
面倒臭い,汚れ,0.904647,5
取り,付く,0.966737,1
取り,付ける,0.966431,2
取り,引き,0.966375,3
取り,つける,0.966146,4
取り,毎,0.963026,5
治す,引き継ぐ,0.961991,1
治す,治る,0.957515,2
治す,解す,0.94683,3
治す,預かる,0.945324,4
治す,担う,0.945302,5
ウォーキング,歩行,0.973513,1
ウォーキング,散歩,0.972362,2
ウォーキング,ウォーク,0.967077,3
ウォーキング,歩く,0.965557,4
ウォーキング,歩む,0.952236,5
メッシュ,コネクター,0.795805,1
メッシュ,パーセント,0.787653,2
メッシュ,ゴム,0.783003,3
メッシュ,株主,0.778899,4
メッシュ,点数,0.778439,5
新卒,新人,0.946913,1
新卒,試行,0.884662,2
新卒,トライアル,0.883605,3
新卒,インターン,0.861531,4
新卒,日替わり,0.85829,5
間取り,内装,0.963252,1
間取り,衣装,0.953196,2
間取り,服装,0.952545,3
間取り,インテリア,0.950781,4
間取り,洋服,0.950589,5
傘,ハット,0.973739,1
傘,帽子,0.967841,2
傘,引き出し,0.967708,3
傘,グローブ,0.965645,4
傘,袋,0.96529,5
マジック,魔法,0.819086,1
マジック,サプライズ,0.736275,2
マジック,幻想,0.720357,3
マジック,派手,0.664146,4
マジック,花火,0.662352,5
抑制,ドライ,0.935475,1
抑制,自粛,0.933534,2
抑制,分離,0.922312,3
抑制,抑,0.918857,4
抑制,限る,0.906377,5
志望,目指す,0.960689,1
志望,信じる,0.960041,2
志望,取り戻す,0.948374,3
志望,志向,0.946322,4
志望,見込む,0.943982,5
実習,ゼミ,0.942047,1
実習,稽古,0.938751,2
実習,実技,0.927756,3
実習,考察,0.924593,4
実習,添削,0.923525,5
コンテスト,キャンペーン,0.930817,1
コンテスト,コンクール,0.92901,2
コンテスト,パフォーマンス,0.923984,3
コンテスト,プロモーション,0.915704,4
コンテスト,トーナメント,0.906087,5
氷,雪,0.91736,1
氷,アイス,0.916836,2
氷,凍結,0.903025,3
氷,凍る,0.895146,4
氷,夜中,0.892337,5
スコア,インデックス,0.967403,1
スコア,点数,0.965746,2
スコア,指標,0.962067,3
スコア,ボード,0.955372,4
スコア,字幕,0.948587,5
ビジョン,成果,0.957671,1
ビジョン,解決策,0.934811,2
ビジョン,発展,0.926602,3
ビジョン,実現,0.92551,4
ビジョン,進展,0.924275,5
マネー,金銭,0.988219,1
マネー,お金,0.985939,2
マネー,資金,0.933825,3
マネー,車,0.911168,4
マネー,エアコン,0.908781,5
常識,周知,0.95426,1
常識,当たり前,0.95241,2
常識,地域,0.946571,3
常識,産地,0.937124,4
常識,ロケーション,0.934625,5
埋める,ホールド,0.943656,1
埋める,バック,0.935896,2
埋める,閉める,0.931612,3
埋める,ウチ,0.930265,4
埋める,踵,0.923921,5
サンド,砂,0.933334,1
サンド,辺り,0.931542,2
サンド,湿度,0.911591,3
サンド,合間,0.901803,4
サンド,左右,0.898162,5
スリム,育毛,0.849133,1
スリム,サプリメント,0.843585,2
スリム,美白,0.843003,3
スリム,ネイル,0.838147,4
スリム,ミニマリスト,0.837047,5
闇,ダーク,0.954812,1
闇,凄い,0.926186,2
闇,暗い,0.921708,3
闇,死亡,0.906692,4
闇,滅,0.886553,5
姉,姉妹,0.977032,1
姉,母,0.975576,2
姉,お母さん,0.97523,3
姉,ママ,0.975038,4
姉,親,0.973871,5
うん,来る,0.94822,1
うん,来,0.943237,2
うん,掛かる,0.940507,3
うん,今日は,0.93949,4
うん,くっ付く,0.937346,5
丈夫,父親,0.988676,1
丈夫,お父さん,0.983845,2
丈夫,父さん,0.983663,3
丈夫,旦那,0.981538,4
丈夫,パパ,0.97859,5
州,都道府県,0.972286,1
州,サイト,0.955153,2
州,掲示,0.950918,3
州,施設,0.947686,4
州,部門,0.947074,5
ソウル,豊,0.920993,1
ソウル,後編,0.917264,2
ソウル,例文,0.906382,3
ソウル,最も,0.904839,4
ソウル,本編,0.904711,5
冒険,アドベンチャー,0.978716,1
冒険,挑戦,0.857423,2
冒険,情熱,0.834619,3
冒険,敢えて,0.826736,4
冒険,突破,0.794774,5
by,ver,0.990633,1
by,to,0.984085,2
by,b,0.983286,3
by,z,0.983265,4
by,第,0.983015,5
レコード,本,0.959938,1
レコード,ドキュメント,0.948883,2
レコード,文庫,0.943215,3
レコード,文書,0.940427,4
レコード,冊,0.939963,5
対戦,競う,0.921293,1
対戦,レース,0.900057,2
対戦,競争,0.889871,3
対戦,ラリー,0.884906,4
対戦,シュート,0.847841,5
店長,先生,0.956861,1
店長,ホスト,0.950069,2
店長,福田,0.948439,3
店長,山本,0.947363,4
店長,佐々木,0.947044,5
植える,歩,0.950313,1
植える,歩く,0.944311,2
植える,歩む,0.943815,3
植える,歩行,0.940791,4
植える,散歩,0.940255,5
農家,農場,0.912397,1
農家,生かす,0.907188,2
農家,使い熟す,0.895692,3
農家,伺う,0.890312,4
農家,ネーティブ,0.889752,5
博士,専門,0.958603,1
博士,学術,0.957613,2
博士,専門医,0.955136,3
博士,専門的,0.943223,4
博士,専門家,0.941923,5
吉田,遠藤,0.989733,1
吉田,渡辺,0.988565,2
吉田,内田,0.987896,3
吉田,岡本,0.987775,4
吉田,加藤,0.986906,5
切り替える,切り替え,0.975574,1
切り替える,開閉,0.942424,2
切り替える,曲げる,0.931724,3
切り替える,移す,0.927653,4
切り替える,移動,0.923519,5
抹茶,緑茶,0.977991,1
抹茶,茶葉,0.959715,2
抹茶,茶,0.952567,3
抹茶,蜂蜜,0.942144,4
抹茶,ハニー,0.933735,5
対処法,適応,0.956978,1
対処法,保健,0.944392,2
対処法,振り返る,0.944338,3
対処法,習う,0.943941,4
対処法,手入れ,0.943024,5
孫,付着,0.96254,1
孫,受け継ぐ,0.959292,2
孫,頼る,0.958979,3
孫,捧げる,0.957343,4
孫,旨い,0.953317,5
さあ,来る,0.945141,1
さあ,向かう,0.938302,2
さあ,出る,0.937544,3
さあ,発する,0.928166,4
さあ,出す,0.926171,5
補修,修理,0.962412,1
補修,修繕,0.947339,2
補修,発注,0.945643,3
補修,掃除,0.942,4
補修,買い付け,0.939884,5
拒否,阻害,0.949772,1
拒否,いや,0.943545,2
拒否,取り除く,0.933042,3
拒否,無視,0.928725,4
拒否,捨てる,0.927229,5
日曜日,日曜,0.981634,1
日曜日,いらっしゃる,0.938701,2
日曜日,概ね,0.93258,3
日曜日,茶色,0.930917,4
日曜日,日和,0.93,5
紐,丈,0.964288,1
紐,桁,0.962157,2
紐,弁,0.960384,3
紐,階,0.957542,4
紐,布,0.957243,5
長時間,長期間,0.956557,1
長時間,長期,0.937921,2
長時間,結末,0.921099,3
長時間,全身,0.916755,4
長時間,結局,0.914996,5
九,東,0.969206,1
九,大,0.964572,2
九,右上,0.960466,3
九,上,0.959496,4
九,フル,0.958886,5
気候,気象,0.907542,1
気候,景気,0.885457,2
気候,終盤,0.869049,3
気候,情勢,0.866315,4
気候,世界,0.856139,5
冷やす,冷却,0.927961,1
冷やす,乾く,0.907148,2
冷やす,乾かす,0.884302,3
冷やす,足元,0.870389,4
冷やす,涼しい,0.868581,5
容易,易い,0.949679,1
容易,あっさり,0.944005,2
容易,イージー,0.937713,3
容易,手軽,0.937533,4
容易,簡単,0.924653,5
仲,令,0.974181,1
仲,期,0.968944,2
仲,部,0.968276,3
仲,にて,0.967699,4
仲,諸,0.966922,5
髪型,ヘアスタイル,0.983827,1
髪型,髪,0.933511,2
髪型,ドレス,0.923305,3
髪型,フェイシャル,0.916077,4
髪型,着こなし,0.914492,5
リサーチ,研究,0.987311,1
リサーチ,研究者,0.958314,2
リサーチ,技師,0.939518,3
リサーチ,理科,0.937164,4
リサーチ,学術,0.937003,5
てく,とく,0.978025,1
てく,っこ,0.976731,2
てく,ま,0.97492,3
てく,てる,0.974302,4
てく,とる,0.972828,5
テレワーク,通販,0.898512,1
テレワーク,省エネ,0.891849,2
テレワーク,充電,0.886953,3
テレワーク,宅配,0.877252,4
テレワーク,節税,0.87641,5
川崎,愛知県,0.969164,1
川崎,千葉,0.968797,2
川崎,兵庫県,0.965391,3
川崎,埼玉県,0.962749,4
川崎,埼玉,0.96082,5
ブース,com,0.933095,1
ブース,レーベル,0.926755,2
ブース,ディスプレー,0.912521,3
ブース,建て,0.907693,4
ブース,脚本,0.906106,5
換気,通気,0.953296,1
換気,通気性,0.947462,2
換気,給水,0.940054,3
換気,予防,0.926941,4
換気,水分,0.926091,5
グレード,チェック,0.963051,1
グレード,ユニット,0.960569,2
グレード,定額,0.958664,3
グレード,代金,0.956004,4
グレード,帳,0.953258,5
ペア,何人,0.951509,1
ペア,どなた,0.950114,2
ペア,各,0.947276,3
ペア,交える,0.946463,4
ペア,何者,0.939455,5
真面目,着実,0.960393,1
真面目,資格,0.955332,2
真面目,紳士,0.955117,3
真面目,守る,0.952162,4
真面目,信頼性,0.950106,5
慎重,控えめ,0.936836,1
慎重,退職,0.918024,2
慎重,我慢,0.910682,3
慎重,退院,0.905694,4
慎重,相続人,0.903347,5
拡張,多,0.967079,1
拡張,多く,0.959228,2
拡張,もっと,0.949544,3
拡張,拡大,0.946425,4
拡張,多め,0.941418,5
シニア,年長,0.943558,1
シニア,供養,0.930282,2
シニア,伝授,0.928655,3
シニア,奥様,0.925301,4
シニア,誠,0.924907,5
アウター,アフター,0.964193,1
アウター,用,0.963824,2
アウター,選,0.959546,3
アウター,為,0.95666,4
アウター,デ,0.954826,5
差す,下回る,0.91641,1
差す,キャン,0.914337,2
差す,下す,0.910554,3
差す,因む,0.88571,4
差す,たん,0.885112,5
概念,トピック,0.975965,1
概念,種類,0.971563,2
概念,テキスト,0.971287,3
概念,何者,0.971148,4
概念,有する,0.971142,5
黴,さび,0.950918,1
黴,劣化,0.938911,2
黴,腐る,0.938687,3
黴,沼,0.921153,4
黴,破損,0.914163,5
戸建て,一戸建て,0.992932,1
戸建て,ユニホーム,0.955278,2
戸建て,内蔵,0.950773,3
戸建て,宿泊,0.949121,4
戸建て,居住,0.948186,5
ペン,筆,0.982989,1
ペン,文具,0.979649,2
ペン,ボールペン,0.972921,3
ペン,手帳,0.957427,4
ペン,シューズ,0.949775,5
サンダル,着脱,0.890611,1
サンダル,近付ける,0.869937,2
サンダル,手軽,0.869741,3
サンダル,着ける,0.86889,4
サンダル,簡易,0.868502,5
マットレス,ベッド,0.972903,1
マットレス,床,0.971017,2
マットレス,本棚,0.965294,3
マットレス,シーツ,0.964964,4
マットレス,宿泊,0.963011,5
投手,ドライバー,0.897028,1
投手,マグネット,0.862664,2
投手,フォース,0.851549,3
投手,ワーカー,0.848701,4
投手,早速,0.84658,5
蜂蜜,ハニー,0.964146,1
蜂蜜,緑茶,0.959732,2
蜂蜜,蜜,0.959398,3
蜂蜜,蜜柑,0.957064,4
蜂蜜,サーモン,0.947301,5
医者,医師,0.984972,1
医者,ドクター,0.96817,2
医者,教員,0.94837,3
医者,教師,0.946826,4
医者,教授,0.94606,5
爺,御腹,0.927175,1
爺,婆,0.911633,2
爺,歳,0.90435,3
爺,飽くまで,0.901192,4
爺,厚手,0.899618,5
開放,オープン,0.978592,1
開放,共同,0.902521,2
開放,ビーチ,0.895367,3
開放,通じる,0.894003,4
開放,幅広い,0.893395,5
滝,潮,0.866088,1
滝,満月,0.861577,2
滝,オーシャン,0.853603,3
滝,岬,0.842313,4
滝,海上,0.829894,5
法則,決まり,0.938975,1
法則,道,0.929746,2
法則,歴代,0.927014,3
法則,客観的,0.917331,4
法則,一律,0.916069,5
交際,デート,0.88498,1
交際,婚活,0.881746,2
交際,対人,0.878188,3
交際,面会,0.875264,4
交際,言動,0.873024,5
フライパン,鍋,0.94225,1
フライパン,オーブン,0.918417,2
フライパン,アイロン,0.917258,3
フライパン,充電器,0.913397,4
フライパン,ヒーター,0.902877,5
狙い,研磨,0.944983,1
狙い,割る,0.909987,2
狙い,磨く,0.909089,3
狙い,狙う,0.905916,4
狙い,切る,0.888247,5
後日,後々,0.975885,1
後日,以後,0.950651,2
後日,此の頃,0.944519,3
後日,ウイーク,0.940107,4
後日,翌年,0.93803,5
下落,落下,0.975391,1
下落,落とす,0.946987,2
下落,落ちる,0.941314,3
下落,切れる,0.920266,4
下落,割れる,0.913243,5
右側,右,0.985406,1
右側,以上,0.952997,2
右側,類,0.948128,3
右側,事,0.946889,4
右側,シーン,0.945954,5
タンク,ダム,0.889579,1
タンク,基地,0.886325,2
タンク,タワー,0.88166,3
タンク,塔,0.864864,4
タンク,鉄筋,0.850075,5
犯罪,攻撃,0.93881,1
犯罪,アタック,0.934669,2
犯罪,違反,0.929868,3
犯罪,侵入,0.925478,4
犯罪,暴力,0.919608,5
前向き,促進,0.948364,1
前向き,陽性,0.945359,2
前向き,発展,0.943533,3
前向き,進展,0.942276,4
前向き,積極的,0.940867,5
ツリー,樹,0.977025,1
ツリー,木,0.967376,2
ツリー,林,0.964663,3
ツリー,松,0.95791,4
ツリー,樹木,0.954157,5
ふと,なんか,0.953917,1
ふと,緩む,0.935107,2
ふと,呟く,0.931278,3
ふと,暫く,0.928687,4
ふと,うー,0.903072,5
最悪,悪い,0.963815,1
最悪,不良,0.948769,2
最悪,酷い,0.937575,3
最悪,悪質,0.937352,4
最悪,有害,0.936343,5
バリエーション,多種,0.927824,1
バリエーション,如何,0.921948,2
バリエーション,アプローチ,0.913042,3
バリエーション,如何に,0.912862,4
バリエーション,シナリオ,0.912684,5
大根,牛蒡,0.970778,1
大根,キャベツ,0.967221,2
大根,白菜,0.947348,3
大根,ピーマン,0.944023,4
大根,玉葱,0.941083,5
上場,公募,0.96284,1
上場,(株),0.960631,2
上場,東証,0.949453,3
上場,輸出,0.940846,4
上場,株式会社,0.938444,5
香港,韓国,0.950398,1
香港,台北,0.947951,2
香港,シンガポール,0.942185,3
香港,銀座,0.935825,4
香港,赤坂,0.920396,5
締める,結ぶ,0.970497,1
締める,立て,0.969289,2
締める,接着,0.96461,3
締める,責任者,0.955968,4
締める,決まる,0.947659,5
生姜,胡椒,0.955799,1
生姜,スパイス,0.901055,2
生姜,シナモン,0.900253,3
生姜,人参,0.885895,4
生姜,昼間,0.875738,5
一層,一面,0.971764,1
一層,位,0.971391,2
一層,名義,0.967517,3
一層,放置,0.96586,4
一層,箇所,0.96083,5
弟,妹,0.957403,1
弟,子,0.942328,2
弟,後輩,0.935521,3
弟,次男,0.91013,4
弟,嘗める,0.908963,5
カラフル,ポップ,0.873827,1
カラフル,多彩,0.832971,2
カラフル,エンタメ,0.816756,3
カラフル,彩り,0.807161,4
カラフル,華やか,0.792152,5
放し,放つ,0.906969,1
放し,仰る,0.904735,2
放し,返る,0.894788,3
放し,乍ら,0.888713,4
放し,叶える,0.877612,5
握る,運ぶ,0.975542,1
握る,食らう,0.963533,2
握る,取る,0.958128,3
握る,乗る,0.957461,4
握る,口,0.956218,5
旨み,心掛ける,0.970366,1
旨み,旨い,0.9654,2
旨み,頼る,0.954132,3
旨み,心,0.953813,4
旨み,御自身,0.951924,5
素人,アマチュア,0.89366,1
素人,小さい,0.885409,2
素人,何気,0.881709,3
素人,小さな,0.87372,4
素人,スポンジ,0.873321,5
真っ直ぐ,直線,0.972918,1
真っ直ぐ,円,0.962265,2
真っ直ぐ,方,0.957415,3
真っ直ぐ,並ぶ,0.951627,4
真っ直ぐ,並び,0.95131,5
リハビリ,リハビリテーション,0.988948,1
リハビリ,療法,0.951029,2
リハビリ,治療,0.944372,3
リハビリ,セラピー,0.934624,4
リハビリ,薬用,0.932685,5
程良い,良い,0.966434,1
程良い,良く,0.965539,2
程良い,良好,0.96501,3
程良い,好,0.963982,4
程良い,良,0.962801,5
じゃ,よ,0.985801,1
じゃ,ち,0.985244,2
じゃ,な,0.985125,3
じゃ,す,0.984533,4
じゃ,こ,0.981637,5
テクノロジー,テック,0.989832,1
テクノロジー,ICT,0.962939,2
テクノロジー,デジタル,0.954071,3
テクノロジー,IT,0.950411,4
テクノロジー,技術,0.940628,5
物事,事情,0.987202,1
物事,現状,0.979461,2
物事,事由,0.968109,3
物事,シチュエーション,0.959294,4
物事,事項,0.95397,5
才能,偉い,0.919309,1
才能,優秀,0.9174,2
才能,達人,0.915093,3
才能,優れる,0.906308,4
才能,特長,0.903475,5
片付ける,取り寄せる,0.964778,1
片付ける,引き取る,0.962476,2
片付ける,仕入れる,0.9574,3
片付ける,終える,0.950817,4
片付ける,持ち込む,0.950565,5
図書,教科書,0.980611,1
図書,ライブラリー,0.973585,2
図書,参考書,0.970669,3
図書,教材,0.964283,4
図書,図書館,0.961134,5
通話,ボイス,0.948428,1
通話,連絡,0.945054,2
通話,通学,0.931143,3
通話,転送,0.928154,4
通話,音声,0.922168,5
浅い,小さな,0.95204,1
浅い,小,0.947826,2
浅い,些細,0.944951,3
浅い,スモール,0.942612,4
浅い,軽,0.941784,5
剣,刀,0.820338,1
剣,戦士,0.808027,2
剣,武将,0.806944,3
剣,ハンマー,0.785456,4
剣,武,0.761338,5
螺子,ファスナー,0.951794,1
螺子,缶,0.948645,2
螺子,ジップ,0.946073,3
螺子,コンセント,0.923131,4
螺子,番号,0.922453,5
コミック,漫画,0.987727,1
コミック,コミックス,0.946855,2
コミック,アニメ,0.927078,3
コミック,アニメーション,0.908199,4
コミック,娱乐,0.897958,5
喉,関節,0.95275,1
喉,肘,0.927033,2
喉,膝,0.921477,3
喉,生理,0.915647,4
喉,舌,0.912696,5
インク,録音,0.932489,1
インク,窓,0.930551,2
インク,ドア,0.921065,3
インク,柄,0.918536,4
インク,扉,0.915817,5
ミュージック,音楽,0.974044,1
ミュージック,ミュージシャン,0.935063,2
ミュージック,歌,0.920734,3
ミュージック,ソング,0.914387,4
ミュージック,ドラマ,0.909351,5
首相,総理,0.984001,1
首相,大統領,0.946228,2
首相,市長,0.941023,3
首相,議員,0.938237,4
首相,大臣,0.927772,5
課金,電気代,0.946458,1
課金,納付,0.940811,2
課金,借り入れ,0.934764,3
課金,賠償,0.928545,4
課金,交通費,0.925834,5
放つ,傾ける,0.951055,1
放つ,手放す,0.950131,2
放つ,返る,0.936906,3
放つ,下ろす,0.932504,4
放つ,離す,0.931999,5
Windows,PC,0.969342,1
Windows,コンピューター,0.960726,2
Windows,Mac,0.955556,3
Windows,車,0.950409,4
Windows,保険,0.942192,5
イヤホン,ヘッドホン,0.988435,1
イヤホン,端末,0.958043,2
イヤホン,携帯,0.956615,3
イヤホン,マウスピース,0.922605,4
イヤホン,ウォレット,0.92181,5
働き方,経済的,0.950461,1
働き方,就労,0.94881,2
働き方,面接,0.944182,3
働き方,ジョブ,0.937818,4
働き方,サービス,0.933877,5
ボート,自転車,0.873598,1
ボート,試食,0.840596,2
ボート,着脱,0.832367,3
ボート,折る,0.830513,4
ボート,試乗,0.83008,5
入札,調達,0.908295,1
入札,部署,0.904619,2
入札,出荷,0.898934,3
入札,輸出,0.889623,4
入札,売買,0.88575,5
とる,当てる,0.97545,1
とる,り,0.975193,2
とる,とく,0.973789,3
とる,てく,0.972828,4
とる,ま,0.971163,5
返事,問い合わせ,0.969816,1
返事,アクセス,0.961621,2
返事,インプット,0.961046,3
返事,納める,0.957207,4
返事,コメント,0.956348,5
基,項,0.978303,1
基,録,0.977041,2
基,ごと,0.975966,3
基,条,0.973901,4
基,部,0.97245,5
ファンド,ドコモ,0.936935,1
ファンド,加盟,0.935384,2
ファンド,基金,0.93343,3
ファンド,実装,0.933329,4
ファンド,NTT,0.93272,5
ダイビング,スキー,0.90998,1
ダイビング,登山,0.904377,2
ダイビング,スノーボード,0.875299,3
ダイビング,トレッキング,0.871379,4
ダイビング,サーフ,0.852328,5
光る,輝き,0.880928,1
光る,亮,0.877594,2
光る,輝く,0.876676,3
光る,きらきら,0.874311,4
光る,彩り,0.873212,5
若手,若い,0.940809,1
若手,青年,0.920103,2
若手,若者,0.906767,3
若手,少年,0.864055,4
若手,青春,0.820405,5
レイアウト,資料,0.970063,1
レイアウト,メニュー,0.963598,2
レイアウト,セクション,0.963578,3
レイアウト,ドキュメント,0.963204,4
レイアウト,フォルム,0.961655,5
ニューヨーク,上海,0.962897,1
ニューヨーク,ロンドン,0.958307,2
ニューヨーク,東京,0.947226,3
ニューヨーク,新宿,0.933864,4
ニューヨーク,パリ,0.923078,5
合同,契約,0.990688,1
合同,契約書,0.978619,2
合同,OS,0.954286,3
合同,ハードウェア,0.935537,4
合同,データベース,0.935302,5
田舎,素朴,0.943541,1
田舎,小山,0.903584,2
田舎,亀,0.899915,3
田舎,庵,0.889318,4
田舎,村,0.881125,5
桃,果実,0.972169,1
桃,蜜柑,0.972076,2
桃,オレンジ,0.962623,3
桃,花,0.956054,4
桃,バニラ,0.953989,5
補正,訂正,0.967699,1
補正,修正,0.966101,2
補正,計上,0.955381,3
補正,依頼,0.95409,4
補正,登録,0.953609,5
ガチャ,ベイト,0.741694,1
ガチャ,臨時,0.729394,2
ガチャ,スナップ,0.72588,3
ガチャ,フリーター,0.716703,4
ガチャ,真似,0.712222,5
出席,問い合わせ,0.965437,1
出席,出勤,0.957521,2
出席,毎度,0.957035,3
出席,申し込む,0.956214,4
出席,渡す,0.955688,5
腸,胃,0.955161,1
腸,内臓,0.950006,2
腸,胃腸,0.942717,3
腸,腸内,0.925583,4
腸,消化,0.91961,5
蟹,鴨,0.901058,1
蟹,蛙,0.898465,2
蟹,かえる,0.884921,3
蟹,蝦,0.860991,4
蟹,たこ,0.858683,5
オリーブ,海苔,0.957689,1
オリーブ,ごま,0.956213,2
オリーブ,梨,0.954354,3
オリーブ,林檎,0.952284,4
オリーブ,綿,0.948832,5
重なる,分かれる,0.86627,1
重なる,分岐,0.855216,2
重なる,発生,0.849698,3
重なる,生じる,0.849523,4
重なる,浸透,0.839326,5
新年,クリスマス,0.965972,1
新年,祝日,0.927602,2
新年,アトラクション,0.924961,3
新年,ツアー,0.917744,4
新年,宴会,0.912872,5
加わる,張る,0.928662,1
加わる,通す,0.927249,2
加わる,スルー,0.923141,3
加わる,放出,0.918826,4
加わる,出る,0.918405,5
総会,連盟,0.943297,1
総会,協議会,0.939093,2
総会,団体,0.926618,3
総会,議会,0.921043,4
総会,国際,0.905479,5
側面,側,0.978075,1
側面,辺り,0.970268,2
側面,どころ,0.96537,3
側面,サイド,0.964327,4
側面,合間,0.963328,5
お疲れ様,趣旨,0.939943,1
お疲れ様,今月,0.927429,2
お疲れ様,出来,0.927039,3
お疲れ様,登場,0.925929,4
お疲れ様,一緒,0.925517,5
値引き,値下げ,0.935046,1
値引き,お買い得,0.903291,2
値引き,時短,0.895097,3
値引き,クーポン,0.891557,4
値引き,トーク,0.885955,5
花粉,蝦,0.921721,1
花粉,菌,0.916734,2
花粉,鼠,0.884319,3
花粉,蛸,0.874617,4
花粉,昆虫,0.868619,5
短,短い,0.982699,1
短,ショート,0.974983,2
短,部分,0.934136,3
短,サブ,0.928726,4
短,小型,0.926423,5
心身,考え方,0.946319,1
心身,思想,0.946009,2
心身,精神,0.944891,3
心身,生涯,0.93882,4
心身,記憶,0.938232,5
オーディオ,ボイス,0.940359,1
オーディオ,買い物,0.937313,2
オーディオ,グリップ,0.931135,3
オーディオ,書く,0.930015,4
オーディオ,書き込む,0.92964,5
学年,年度,0.956978,1
学年,班,0.956817,2
学年,週,0.952058,3
学年,見学,0.945623,4
学年,週刊,0.941759,5
ヒーロー,英雄,0.980547,1
ヒーロー,チャンピオン,0.95992,2
ヒーロー,勝,0.949265,3
ヒーロー,主力,0.94372,4
ヒーロー,勝利,0.936062,5
パス,結ぶ,0.970127,1
パス,ステップ,0.966983,2
パス,開き,0.960286,3
パス,アクセス,0.960225,4
パス,問,0.959799,5
ナビ,スケジュール,0.96388,1
ナビ,日程,0.95623,2
ナビ,給与,0.954534,3
ナビ,モニター,0.9545,4
ナビ,キーボード,0.952445,5
作戦,施工,0.917049,1
作戦,トレード,0.913178,2
作戦,捜査,0.903647,3
作戦,レーダー,0.895532,4
作戦,軍,0.887673,5
溶ける,曲がる,0.919655,1
溶ける,変色,0.9181,2
溶ける,折れる,0.91689,3
溶ける,散る,0.903548,4
溶ける,傾く,0.903437,5
生理,頭皮,0.951653,1
生理,膝,0.935746,2
生理,腰,0.934739,3
生理,肉体,0.93362,4
生理,体内,0.932416,5
ダンボール,ステッカー,0.813497,1
ダンボール,テープ,0.808425,2
ダンボール,ハンカチ,0.773867,3
ダンボール,ビニール,0.771466,4
ダンボール,テント,0.771279,5
データベース,OS,0.971162,1
データベース,銀行,0.942373,2
データベース,バンク,0.936447,3
データベース,法律,0.935954,4
データベース,合同,0.935302,5
浴びる,浴,0.94626,1
浴びる,湯,0.94282,2
浴びる,入浴,0.941736,3
浴びる,しっとり,0.924158,4
浴びる,寝る,0.920236,5
強み,長所,0.96722,1
強み,自信,0.96514,2
強み,上手,0.961207,3
強み,メリット,0.958358,4
強み,利点,0.949446,5
ウエー,発,0.966929,1
ウエー,ハリ,0.955623,2
ウエー,等々,0.952791,3
ウエー,際,0.951273,4
ウエー,トレ,0.95118,5
院長,校長,0.9881,1
院長,会長,0.972485,2
院長,理事,0.971918,3
院長,長官,0.960554,4
院長,史,0.957519,5
同一,同じ,0.981126,1
同一,等,0.973285,2
同一,同等,0.969205,3
同一,対象,0.968149,4
同一,所在,0.966562,5
崩す,潰す,0.960968,1
崩す,破れる,0.946387,2
崩す,壊す,0.937088,3
崩す,割れる,0.927734,4
崩す,損なう,0.921126,5
代理,代行,0.955566,1
代理,更新,0.943627,2
代理,採用,0.934608,3
代理,発送,0.931512,4
代理,処理,0.927199,5
ブレスレット,アクセサリー,0.950974,1
ブレスレット,ネックレス,0.948338,2
ブレスレット,イヤリング,0.946151,3
ブレスレット,ペンダント,0.942027,4
ブレスレット,化粧水,0.935236,5
一目,ソール,0.939932,1
一目,就く,0.938105,2
一目,アイ,0.931606,3
一目,叶える,0.921514,4
一目,唯,0.916948,5
離島,アイランド,0.875006,1
離島,石垣島,0.824529,2
離島,島,0.81814,3
離島,素,0.775949,4
離島,琉球,0.733106,5
最寄り,近く,0.944778,1
最寄り,近い,0.930777,2
最寄り,近郊,0.927858,3
最寄り,近辺,0.927366,4
最寄り,のり,0.922943,5
最早,元年,0.924922,1
最早,最初,0.909571,2
最早,早期,0.904121,3
最早,昔,0.864855,4
最早,以前,0.839505,5
盆,戸,0.980812,1
盆,蓋,0.960999,2
盆,座,0.955605,3
盆,布,0.954828,4
盆,敷地,0.951264,5
全額,フル,0.918155,1
全額,ファイナル,0.916756,2
全額,億,0.910102,3
全額,トータル,0.907641,4
全額,最終的,0.904241,5
発音,音源,0.935103,1
発音,フェーズ,0.933741,2
発音,期間,0.919396,3
発音,音声,0.915833,4
発音,乗車,0.913882,5
定員,品番,0.950177,1
定員,単位,0.949834,2
定員,枚数,0.947866,3
定員,置き場,0.946532,4
定員,区画,0.942872,5
ポップ,エンタメ,0.908565,1
ポップ,バラエティー,0.887386,2
ポップ,芸人,0.881102,3
ポップ,マリオ,0.875178,4
ポップ,カラフル,0.873827,5
聖,御,0.943406,1
聖,荘,0.942698,2
聖,宮,0.936727,3
聖,証,0.935445,4
聖,御陰様,0.934875,5
ラッキー,幸運,0.960759,1
ラッキー,おめでとう,0.914167,2
ラッキー,心地良い,0.904973,3
ラッキー,嬉しい,0.902846,4
ラッキー,幸い,0.901955,5
柔らか,柔らかい,0.982608,1
柔らか,やわらかい,0.974964,2
柔らか,緩やか,0.968822,3
柔らか,ふわ,0.959351,4
柔らか,緩い,0.949674,5
好む,喜ぶ,0.969423,1
好む,好き,0.963689,2
好む,親しむ,0.961345,3
好む,似合う,0.958472,4
好む,満足,0.95537,5
臨時,一時,0.921275,1
臨時,一時的,0.901093,2
臨時,短期間,0.868757,3
臨時,短時間,0.837186,4
臨時,溶ける,0.813632,5
不便,厄介,0.950843,1
不便,苦手,0.938067,2
不便,不快,0.933104,3
不便,面倒臭い,0.929393,4
不便,不幸,0.922756,5
計測,測定,0.989564,1
計測,換算,0.963228,2
計測,測る,0.953357,3
計測,翻訳,0.948923,4
計測,納期,0.947644,5
水槽,瓶,0.962635,1
水槽,ボトル,0.95918,2
水槽,デスク,0.958057,3
水槽,フォルダー,0.956873,4
水槽,座席,0.953998,5
ぎりぎり,弱る,0.881571,1
ぎりぎり,収縮,0.872542,2
ぎりぎり,下がる,0.867682,3
ぎりぎり,減る,0.862296,4
ぎりぎり,一時,0.856279,5
編成,クラス,0.955965,1
編成,設立,0.955557,2
編成,制定,0.954483,3
編成,メソッド,0.952449,4
編成,配分,0.951669,5
短縮,半額,0.90863,1
短縮,短,0.905224,2
短縮,粉末,0.901158,3
短縮,リットル,0.898786,4
短縮,短い,0.893166,5
ばっちり,当たり,0.918003,1
ばっちり,かなう,0.907609,2
ばっちり,誇り,0.907151,3
ばっちり,固める,0.903459,4
ばっちり,勝ち,0.902061,5
パリ,ロンドン,0.949104,1
パリ,銀座,0.943489,2
パリ,フランス,0.937777,3
パリ,東京,0.935084,4
パリ,上海,0.934605,5
食欲,欲求,0.928518,1
食欲,食う,0.915137,2
食欲,動機,0.912325,3
食欲,食らう,0.909133,4
食欲,味わう,0.906641,5
盛り上がる,盛り上がり,0.985763,1
盛り上がる,賑やか,0.91518,2
盛り上がる,流行る,0.908737,3
盛り上がる,賑わう,0.894337,4
盛り上がる,フェスティバル,0.889823,5
ごみ,廃棄物,0.986628,1
ごみ,ゴミ,0.980858,2
ごみ,廃棄,0.914003,3
ごみ,廃車,0.899918,4
ごみ,汚れ,0.899357,5
抽出,受講,0.935365,1
抽出,取り付ける,0.931622,2
抽出,回収,0.930719,3
抽出,終える,0.929517,4
抽出,計上,0.922845,5
圧倒,大変,0.921315,1
圧倒,衝撃,0.914584,2
圧倒,過酷,0.882421,3
圧倒,ショック,0.867536,4
圧倒,襲う,0.864209,5
課税,税,0.985519,1
課税,税金,0.97044,2
課税,税制,0.966693,3
課税,納税,0.952792,4
課税,税務,0.946439,5
引退,退職,0.951161,1
引退,留まる,0.946359,2
引退,滞在,0.945475,3
引退,臨む,0.939574,4
引退,居る,0.928977,5
丸い,円やか,0.954322,1
丸い,丸,0.953619,2
丸い,池,0.946963,3
丸い,水平,0.943572,4
丸い,丸で,0.941991,5
ブレンド,組合,0.920527,1
ブレンド,ミックス,0.898397,2
ブレンド,多分,0.88781,3
ブレンド,バリエーション,0.885197,4
ブレンド,拡張,0.882936,5
納期,変数,0.965598,1
納期,期限,0.96448,2
納期,チェックアウト,0.963308,3
納期,期日,0.960268,4
納期,換算,0.952716,5
バナナ,トマト,0.96209,1
バナナ,ココナッツ,0.95599,2
バナナ,ピーマン,0.953839,3
バナナ,鶏肉,0.94186,4
バナナ,玉葱,0.941501,5
似合う,好感,0.972785,1
似合う,人柄,0.969145,2
似合う,合う,0.965461,3
似合う,親しむ,0.964661,4
似合う,再会,0.963441,5
飾り,ドール,0.951709,1
飾り,装飾,0.951306,2
飾り,デコレーション,0.930339,3
飾り,ペンダント,0.903944,4
飾り,リボン,0.891514,5
スカイ,天,0.950562,1
スカイ,風景,0.929628,2
スカイ,森,0.928072,3
スカイ,一望,0.926251,4
スカイ,青空,0.921929,5
心臓,血流,0.919197,1
心臓,体幹,0.918054,2
心臓,筋肉,0.917755,3
心臓,生命,0.917,4
心臓,生体,0.916946,5
繊細,デリケート,0.957819,1
繊細,細やか,0.927284,2
繊細,ほんのり,0.917289,3
繊細,微妙,0.887438,4
繊細,淡い,0.86924,5
税理士,弁護士,0.952537,1
税理士,司法書士,0.944728,2
税理士,コンサル,0.930268,3
税理士,医科,0.928757,4
税理士,医学,0.926611,5
スロット,スポット,0.799954,1
スロット,手数,0.784608,2
スロット,ワイヤ,0.762312,3
スロット,ZIP,0.761811,4
スロット,時短,0.759779,5
小麦,米,0.98289,1
小麦,大豆,0.97926,2
小麦,作物,0.966128,3
小麦,ライス,0.962988,4
小麦,コットン,0.955377,5
針,マッチ,0.838664,1
針,プラグ,0.829547,2
針,杖,0.818416,3
針,絞り,0.814885,4
針,ピン,0.80676,5
役所,役場,0.986899,1
役所,労働省,0.94109,2
役所,市役所,0.937731,3
役所,行政,0.929195,4
役所,公務員,0.922674,5
覚悟,治す,0.940808,1
覚悟,背負う,0.936573,2
覚悟,注力,0.931959,3
覚悟,信念,0.931511,4
覚悟,意志,0.929342,5
耐久,耐久性,0.991889,1
耐久,長持ち,0.949958,2
耐久,不可欠,0.931878,3
耐久,固める,0.931364,4
耐久,コア,0.915596,5
セレクト,選定,0.952714,1
セレクト,コーディネート,0.949946,2
セレクト,ファイン,0.942751,3
セレクト,e,0.941833,4
セレクト,プロミス,0.9406,5
違和感,違和,0.977448,1
違和感,怪しい,0.882288,2
違和感,迷惑,0.871813,3
違和感,外れる,0.85552,4
違和感,不快,0.853596,5
おじ,受け継ぐ,0.962519,1
おじ,おば,0.959318,2
おじ,祖父,0.95754,3
おじ,孫,0.949616,4
おじ,パパ,0.948259,5
次元,軌道,0.839895,1
次元,惑星,0.809075,2
次元,圏,0.803471,3
次元,奥行き,0.757747,4
次元,理学,0.744885,5
天候,天気,0.919876,1
天候,気象,0.895166,2
天候,露天,0.883985,3
天候,波,0.880619,4
天候,時期,0.867209,5
リーズナブル,手頃,0.977134,1
リーズナブル,食パン,0.894682,2
リーズナブル,ベーシック,0.893574,3
リーズナブル,簡単,0.887456,4
リーズナブル,シンプル,0.87933,5
のり,敷く,0.963038,1
のり,着く,0.962242,2
のり,づける,0.958575,3
のり,就く,0.951633,4
のり,入る,0.948891,5
給付,支給,0.971239,1
給付,助成,0.954266,2
給付,組み込む,0.95242,3
給付,内定,0.951573,4
給付,補充,0.94952,5
憧れ,憧れる,0.984453,1
憧れ,感動,0.924437,2
憧れ,尚更,0.922716,3
憧れ,ロマン,0.908652,4
憧れ,魅了,0.903658,5
強制,無理矢理,0.886664,1
強制,パワハラ,0.866769,2
強制,暴力,0.853105,3
強制,攻撃,0.843193,4
強制,侵害,0.842869,5
次々,度々,0.950059,1
次々,ばかり,0.940267,2
次々,再度,0.931387,3
次々,直後,0.9288,4
次々,ウエー,0.92,5
釣れる,滑る,0.874574,1
釣れる,落とす,0.846327,2
釣れる,曲がる,0.839072,3
釣れる,抜ける,0.83659,4
釣れる,下りる,0.834576,5
出口,予告,0.937928,1
出口,公表,0.937593,2
出口,配布,0.936873,3
出口,転載,0.935555,4
出口,輸出,0.935508,5
アンテナ,パーキング,0.938487,1
アンテナ,駐車場,0.931298,2
アンテナ,配管,0.927792,3
アンテナ,置き場,0.925761,4
アンテナ,URL,0.922946,5
ソリューション,解決策,0.97264,1
ソリューション,効果的,0.947232,2
ソリューション,トヨタ,0.941821,3
ソリューション,マツダ,0.941392,4
ソリューション,ヤマハ,0.940432,5
ばれる,散らし,0.933822,1
ばれる,ずれる,0.928154,2
ばれる,ずれ,0.9253,3
ばれる,滑り,0.909302,4
ばれる,誤る,0.907616,5
一見,映る,0.943082,1
一見,そのまま,0.933978,2
一見,どんな,0.93035,3
一見,間,0.925365,4
一見,掛かる,0.921764,5
両立,言い方,0.951023,1
両立,関係,0.948888,2
両立,方式,0.944914,3
両立,意味,0.944127,4
両立,考慮,0.943289,5
焦る,怒る,0.928115,1
焦る,怒り,0.920115,2
焦る,起毛,0.920078,3
焦る,騒ぐ,0.903549,4
焦る,慌てる,0.902416,5
庫,帳,0.971044,1
庫,部,0.970073,2
庫,階,0.969817,3
庫,処,0.965377,4
庫,こく,0.963665,5
だらけ,詰まる,0.860752,1
だらけ,ごろごろ,0.853729,2
だらけ,酔い,0.851216,3
だらけ,混む,0.846467,4
だらけ,ムラ,0.842321,5
浮く,映る,0.93099,1
浮く,一見,0.91863,2
浮く,日曜日,0.911079,3
浮く,液,0.9074,4
浮く,汁,0.901969,5
障害者,高齢者,0.766638,1
障害者,同年,0.729146,2
障害者,外国人,0.724886,3
障害者,同日,0.721867,4
障害者,平等,0.7187,5
執筆,書く,0.964264,1
執筆,ライティング,0.95104,2
執筆,書き,0.949376,3
執筆,描く,0.942428,4
執筆,写る,0.937706,5
占める,段,0.9698,1
占める,帯,0.968387,2
占める,階,0.96644,3
占める,度,0.966338,4
占める,里,0.965206,5
茸,椎茸,0.920996,1
茸,蜜柑,0.905974,2
茸,鰻,0.897401,3
茸,栗,0.892859,4
茸,シナモン,0.884901,5
飛ばす,飛び出す,0.937606,1
飛ばす,飛び込む,0.911218,2
飛ばす,ダッシュ,0.90066,3
飛ばす,ジャンプ,0.883243,4
飛ばす,弾く,0.86365,5
単に,どころ,0.972128,1
単に,のみ,0.953368,2
単に,一面,0.948767,3
単に,合間,0.948623,4
単に,側,0.945257,5
どきどき,焦る,0.858299,1
どきどき,変わり,0.856017,2
どきどき,揺れる,0.854632,3
どきどき,逃す,0.854046,4
どきどき,逃げる,0.85284,5
築,固める,0.964858,1
築,程,0.954919,2
築,庫,0.953351,3
築,確立,0.952645,4
築,制,0.952527,5
適合,適する,0.98559,1
適合,適切,0.976897,2
適合,適当,0.976496,3
適合,品,0.966885,4
適合,良し,0.96684,5
グリップ,アーム,0.961958,1
グリップ,立てる,0.956853,2
グリップ,書き込む,0.946011,3
グリップ,直す,0.944562,4
グリップ,乗る,0.940687,5
高品質,上質,0.971323,1
高品質,パーフェクト,0.952991,2
高品質,良質,0.952728,3
高品質,最善,0.949495,4
高品質,一流,0.947202,5
優良,良く,0.979883,1
優良,グッド,0.978762,2
優良,良好,0.978345,3
優良,良い,0.978228,4
優良,良質,0.976273,5
依存,症状,0.890168,1
依存,因む,0.88919,2
依存,込む,0.886446,3
依存,先程,0.881261,4
依存,頼む,0.878935,5
転換,チェンジ,0.913023,1
転換,モーション,0.911774,2
転換,可動,0.905093,3
転換,反応,0.89592,4
転換,変化,0.890528,5
軽,浅い,0.941784,1
軽,スモール,0.94,2
軽,小,0.939588,3
軽,小まめ,0.937479,4
軽,小さな,0.935797,5
ポーズ,成分,0.962936,1
ポーズ,体,0.960077,2
ポーズ,布,0.952825,3
ポーズ,テクスチャー,0.950037,4
ポーズ,ポジション,0.94802,5
林,森,0.984629,1
林,ツリー,0.964663,2
林,樹,0.962719,3
林,谷,0.958031,4
林,松,0.956135,5
施策,事業者,0.975168,1
施策,事業,0.969506,2
施策,プロジェクト,0.96728,3
施策,プレゼン,0.962686,4
施策,演習,0.960389,5
全体的,全体,0.987877,1
全体的,整体,0.972562,2
全体的,全域,0.954095,3
全体的,規模,0.949469,4
全体的,外構,0.94691,5
乾く,片手,0.956983,1
乾く,左手,0.953934,2
乾く,吸収,0.953687,3
乾く,足,0.948295,4
乾く,水温,0.942945,5
無線,ワイヤレス,0.968091,1
無線,Wi-Fi,0.892327,2
無線,デリバリー,0.888465,3
無線,オンライン,0.884995,4
無線,モバイル,0.875885,5
切り替え,切り替える,0.975574,1
切り替え,移動,0.939268,2
切り替え,曲げる,0.931739,3
切り替え,開閉,0.91185,4
切り替え,タップ,0.89863,5
浴室,バスルーム,0.982952,1
浴室,寝室,0.960894,2
浴室,浴槽,0.950271,3
浴室,ベッド,0.939435,4
浴室,風呂,0.936981,5
要請,向ける,0.970121,1
要請,改めて,0.96912,2
要請,申し出,0.96753,3
要請,要求,0.966176,4
要請,会,0.963093,5
安値,最安値,0.96805,1
安値,激安,0.931317,2
安値,低価格,0.930525,3
安値,格安,0.925134,4
安値,安価,0.9077,5
去る,取り出す,0.963846,1
去る,引き取る,0.9555,2
去る,引き出す,0.948408,3
去る,行く,0.945338,4
去る,払う,0.942286,5
チャージ,ピックアップ,0.90982,1
チャージ,通知,0.908734,2
チャージ,コール,0.901251,3
チャージ,音量,0.885022,4
チャージ,取り付ける,0.884047,5
足元,足裏,0.975036,1
足元,片手,0.969947,2
足元,足,0.965553,3
足元,左手,0.964727,4
足元,下車,0.962377,5
例文,H,0.980929,1
例文,〇,0.978716,2
例文,一種,0.977163,3
例文,W,0.975635,4
例文,V,0.970519,5
同社,弊社,0.986605,1
同社,当社,0.974125,2
同社,セントラル,0.969697,3
同社,センター,0.968887,4
同社,中央,0.964504,5
阪神,阪急,0.954776,1
阪神,中日,0.942972,2
阪神,福岡,0.931614,3
阪神,隊,0.930095,4
阪神,名古屋,0.929462,5
テークアウト,カート,0.924777,1
テークアウト,ファイル,0.91968,2
テークアウト,録画,0.915736,3
テークアウト,票,0.912455,4
テークアウト,録音,0.910995,5
上質,立派,0.971508,1
上質,高品質,0.971323,2
上質,良質,0.969787,3
上質,最善,0.955466,4
上質,ベスト,0.954691,5
除菌,殺菌,0.988701,1
除菌,消毒,0.97615,2
除菌,抗菌,0.952931,3
除菌,ワクチン,0.872344,4
除菌,ヘルメット,0.868603,5
生き物,動物,0.958807,1
生き物,生物,0.953741,2
生き物,日間,0.919091,3
生き物,季節,0.915684,4
生き物,世代,0.913207,5
疑う,質疑,0.948885,1
疑う,疑惑,0.945631,2
疑う,疑い,0.91985,3
疑う,疑問,0.886071,4
疑う,懸念,0.876519,5
見直す,扱う,0.975666,1
見直す,確かめる,0.957725,2
見直す,決める,0.95758,3
見直す,引き継ぐ,0.955533,4
見直す,改めて,0.954767,5
石川,石川県,0.984192,1
石川,宮城,0.976366,2
石川,長野,0.973857,3
石川,新潟県,0.969826,4
石川,盛岡,0.96883,5
薬剤師,医者,0.93668,1
薬剤師,医師,0.934153,2
薬剤師,クリニック,0.932198,3
薬剤師,教員,0.924342,4
薬剤師,看護師,0.923788,5
火災,焼ける,0.949385,1
火災,炎,0.944682,2
火災,洪水,0.933433,3
火災,台風,0.916797,4
火災,爆発,0.905168,5
信号,通行,0.947834,1
信号,検出,0.924748,2
信号,ロード,0.922556,3
信号,出口,0.922193,4
信号,乗り換え,0.920609,5
友,友達,0.984458,1
友,フレンド,0.982156,2
友,ファミリー,0.980765,3
友,友人,0.980263,4
友,好意,0.973254,5
工具,ツール,0.990583,1
工具,器具,0.975284,2
工具,タイマー,0.94187,3
工具,決済,0.931611,4
工具,デバイス,0.930335,5
ハイブリッド,次世代,0.871724,1
ハイブリッド,スマート,0.86622,2
ハイブリッド,先進,0.858231,3
ハイブリッド,ネクスト,0.855527,4
ハイブリッド,bts,0.838344,5
補助金,助成金,0.91627,1
補助金,中継,0.898429,2
補助金,商材,0.896222,3
補助金,給付金,0.893851,4
補助金,代理店,0.892939,5
半袖,試食,0.948743,1
半袖,ユース,0.92799,2
半袖,メッセージ,0.924566,3
半袖,使い分け,0.923346,4
半袖,ショーツ,0.922344,5
学科,科目,0.955351,1
学科,論理,0.952548,2
学科,文献,0.943923,3
学科,教科,0.935533,4
学科,講義,0.935108,5
印,弁,0.962031,1
印,首,0.956487,2
印,格,0.95534,3
印,こく,0.953596,4
印,名乗る,0.952183,5
止む,止まる,0.97594,1
止む,収める,0.956761,2
止む,部位,0.954576,3
止む,戻る,0.947566,4
止む,止める,0.947484,5
バレンタイン,にこにこ,0.911915,1
バレンタイン,メルマガ,0.891795,2
バレンタイン,ピンク,0.882422,3
バレンタイン,クリスマス,0.882192,4
バレンタイン,喫茶,0.88144,5
根,種,0.923265,1
根,固有,0.922574,2
根,グラウンド,0.91776,3
根,くるみ,0.908916,4
根,枝,0.907228,5
テンション,緊張,0.923049,1
テンション,プレッシャー,0.906223,2
テンション,迫る,0.890171,3
テンション,急,0.868633,4
テンション,争い,0.864396,5
ドローン,スタートアップ,0.794902,1
ドローン,ベンチャー,0.770237,2
ドローン,フリーランス,0.750377,3
ドローン,電子,0.74844,4
ドローン,創業,0.746413,5
芸人,バラエティー,0.978013,1
芸人,芸能,0.910946,2
芸人,エンタメ,0.910795,3
芸人,芸能人,0.894455,4
芸人,ポップ,0.881102,5
コンセント,スイッチ,0.962026,1
コンセント,ジップ,0.939584,2
コンセント,タイマー,0.939066,3
コンセント,電源,0.934073,4
コンセント,ファスナー,0.933115,5
決意,確信,0.956833,1
決意,注力,0.948695,2
決意,頑張る,0.948466,3
決意,自立,0.944885,4
決意,動機,0.939119,5
交付,納品,0.986503,1
交付,発行,0.960852,2
交付,任務,0.95984,3
交付,勤務,0.958868,4
交付,課程,0.958245,5
大学生,高校生,0.926265,1
大学生,学生,0.898917,2
大学生,対話,0.88863,3
大学生,中学生,0.887524,4
大学生,会話,0.885535,5
シルク,玉,0.947755,1
シルク,蜜,0.926018,2
シルク,アイボリー,0.924654,3
シルク,ローズ,0.921101,4
シルク,抹茶,0.91788,5
愛犬,母子,0.969952,1
愛犬,愛顧,0.966248,2
愛犬,親しい,0.964503,3
愛犬,親子,0.961173,4
愛犬,恋人,0.959272,5
送付,納車,0.97143,1
送付,請求,0.970843,2
送付,登録,0.970081,3
送付,購入,0.968865,4
送付,依頼,0.968285,5
注ぐ,開く,0.976559,1
注ぐ,向ける,0.965567,2
注ぐ,開ける,0.96291,3
注ぐ,浸ける,0.958525,4
注ぐ,回る,0.957467,5
クレンジング,洗浄,0.973689,1
クレンジング,クリーニング,0.96887,2
クレンジング,手入れ,0.943377,3
クレンジング,清掃,0.940772,4
クレンジング,クリーナー,0.939628,5
寺院,寺,0.959432,1
寺院,神宮,0.9409,2
寺院,神社,0.940617,3
寺院,教会,0.929452,4
寺院,古典,0.905184,5
分泌,脈,0.944904,1
分泌,往復,0.937233,2
分泌,道中,0.936436,3
分泌,立ち上がる,0.925755,4
分泌,渡る,0.922689,5
ガンダム,ドラクエ,0.8551,1
ガンダム,戦隊,0.83212,2
ガンダム,ウルトラ,0.814482,3
ガンダム,グランプリ,0.795361,4
ガンダム,海軍,0.764514,5
日経,NHK,0.962301,1
日経,管理職,0.953445,2
日経,管理者,0.94623,3
日経,SEO,0.938203,4
日経,新聞,0.937185,5
縫い包み,簿,0.922044,1
縫い包み,マフラー,0.919551,2
縫い包み,着丈,0.918301,3
縫い包み,ポーチ,0.91617,4
縫い包み,ポット,0.903382,5
規格,規則,0.978732,1
規格,規定,0.971275,2
規格,公式,0.963633,3
規格,文法,0.96031,4
規格,定価,0.959377,5
告知,告げる,0.967074,1
告知,確認,0.957909,2
告知,お知らせ,0.957291,3
告知,知らせ,0.949998,4
告知,取り扱う,0.949534,5
間に合う,中々,0.934234,1
間に合う,ずつ,0.931096,2
間に合う,緩める,0.929834,3
間に合う,受ける,0.927195,4
間に合う,途中,0.926894,5
響く,鳴る,0.938728,1
響く,響き,0.936868,2
響く,鳴らす,0.92315,3
響く,発する,0.922548,4
響く,渡る,0.907349,5
招待,内祝い,0.940682,1
招待,面会,0.936115,2
招待,贈与,0.932357,3
招待,取り入れる,0.929947,4
招待,礼,0.92865,5
ネガティブ,不利,0.988051,1
ネガティブ,反面,0.977738,2
ネガティブ,反する,0.964068,3
ネガティブ,悪い,0.95932,4
ネガティブ,負,0.955316,5
自粛,抑制,0.933534,1
自粛,止め,0.929428,2
自粛,分離,0.923985,3
自粛,クローズ,0.913705,4
自粛,一旦,0.913432,5
何とぞ,齎す,0.938966,1
何とぞ,唯,0.9245,2
何とぞ,縁,0.9227,3
何とぞ,かしら,0.917119,4
何とぞ,承る,0.915606,5
なくす,無くす,0.988437,1
なくす,欠品,0.945094,2
なくす,回避,0.941457,3
なくす,失う,0.937127,4
なくす,放棄,0.93485,5
決勝,選手権,0.973796,1
決勝,ミッション,0.921146,2
決勝,大賞,0.919958,3
決勝,試合,0.919649,4
決勝,五輪,0.917393,5
文庫,レコード,0.943215,1
文庫,冊,0.94144,2
文庫,格納,0.937897,3
文庫,冊子,0.932665,4
文庫,本の,0.923017,5
支店,営業所,0.966549,1
支店,販売店,0.958751,2
支店,市町村,0.957187,3
支店,店頭,0.956662,4
支店,勤務地,0.955243,5
ラッピング,ラップ,0.948247,1
ラッピング,ジャケット,0.936056,2
ラッピング,キット,0.934498,3
ラッピング,ファンデーション,0.933379,4
ラッピング,飾る,0.925828,5
親切,友達,0.968596,1
親切,友,0.967818,2
親切,友人,0.965685,3
親切,フレンド,0.96366,4
親切,好意,0.961276,5
体温,左手,0.968487,1
体温,足,0.967853,2
体温,年齢,0.964456,3
体温,視点,0.964442,4
体温,視野,0.9526,5
ヘア,髪,0.969127,1
ヘア,暮らし,0.952046,2
ヘア,私服,0.948082,3
ヘア,食事,0.946642,4
ヘア,スキン,0.941876,5
稀,少数,0.937626,1
稀,極く,0.860777,2
稀,無い,0.843901,3
稀,零,0.831252,4
稀,無し,0.816298,5
社団,協会,0.961128,1
社団,団,0.952529,2
社団,群,0.946792,3
社団,隊,0.94418,4
社団,連合,0.943684,5
動向,昨今,0.91367,1
動向,議論,0.910515,2
動向,事件,0.908946,3
動向,今年,0.907848,4
動向,現場,0.89553,5
切れ,切れる,0.958692,1
切れ,ブレーク,0.902271,2
切れ,下落,0.898256,3
切れ,落とす,0.887731,4
切れ,引っ掛かる,0.884483,5
美味しさ,美味しい,0.97811,1
美味しさ,美,0.920855,2
美味しさ,満足,0.9066,3
美味しさ,味わい,0.906253,4
美味しさ,奇麗,0.901142,5
恵まれる,恵み,0.965702,1
恵まれる,福,0.948612,2
恵まれる,恩恵,0.94471,3
恵まれる,幸い,0.939144,4
恵まれる,幸,0.938596,5
奥行き,結末,0.917643,1
奥行き,領域,0.90313,2
奥行き,見通し,0.902592,3
奥行き,展望,0.902245,4
奥行き,結局,0.901928,5
フィリピン,メキシコ,0.953716,1
フィリピン,ブラジル,0.936207,2
フィリピン,インドネシア,0.917023,3
フィリピン,ベトナム,0.904901,4
フィリピン,ライブ,0.843553,5
定着,確り,0.967579,1
定着,保有,0.961745,2
定着,コア,0.960386,3
定着,据える,0.958642,4
定着,保持,0.957256,5
蛋白,プロテイン,0.976585,1
蛋白,蛋白質,0.975656,2
蛋白,大豆,0.93724,3
蛋白,ごま,0.919329,4
蛋白,作物,0.91834,5
断熱,レンズ,0.90312,1
断熱,部材,0.90268,2
断熱,定価,0.887117,3
断熱,ストレージ,0.88707,4
断熱,数値,0.88618,5
フォルダー,録画,0.966402,1
フォルダー,梱包,0.96578,2
フォルダー,座席,0.965285,3
フォルダー,箱,0.963679,4
フォルダー,ラック,0.958795,5
施行,執行,0.951808,1
施行,運営,0.948317,2
施行,監督,0.941975,3
施行,管理人,0.941957,4
施行,審判,0.941437,5
切り,割,0.963312,1
切り,引き,0.937108,2
切り,抜く,0.927263,3
切り,突く,0.914845,4
切り,削る,0.913912,5
決断,決める,0.949232,1
決断,取り組む,0.946204,2
決断,決定,0.943028,3
決断,進路,0.936554,4
決断,注力,0.936365,5
邸,屋敷,0.909649,1
邸,チェスト,0.909266,2
邸,トランク,0.907674,3
邸,蔵,0.894961,4
邸,仏壇,0.886227,5
サウナ,風呂,0.923186,1
サウナ,暖房,0.886711,2
サウナ,コート,0.862304,3
サウナ,浴槽,0.861028,4
サウナ,ブランケット,0.859513,5
ワイヤ,管,0.949801,1
ワイヤ,階段,0.937027,2
ワイヤ,チューブ,0.935431,3
ワイヤ,番号,0.929898,4
ワイヤ,コイル,0.929583,5
デ,ド,0.996896,1
デ,特,0.990061,2
デ,ラ,0.989138,3
デ,イ,0.987916,4
デ,ア,0.987794,5
政権,党,0.934708,1
政権,内閣,0.913727,2
政権,政府,0.911983,3
政権,当局,0.906798,4
政権,規制,0.889811,5
フレンチ,フランス,0.91596,1
フレンチ,パリ,0.888213,2
フレンチ,イタリア,0.880598,3
フレンチ,京都市,0.880561,4
フレンチ,宝塚,0.879201,5
納品,交付,0.986503,1
納品,発行,0.961169,2
納品,翻訳,0.955788,3
納品,供給,0.95531,4
納品,路線,0.951577,5
喋る,語る,0.971307,1
喋る,問う,0.961437,2
喋る,講じる,0.960235,3
喋る,話し掛ける,0.954635,4
喋る,話し合う,0.954468,5
クリップ,ピン,0.957307,1
クリップ,スタンプ,0.949982,2
クリップ,瓶,0.940731,3
クリップ,封筒,0.937549,4
クリップ,リモコン,0.935728,5
体育,スポーツ,0.992726,1
体育,テニス,0.923362,2
体育,野球,0.920129,3
体育,運動会,0.916315,4
体育,サッカー,0.910878,5
陥る,割れ,0.956279,1
陥る,倒れる,0.941763,2
陥る,落ち,0.933497,3
陥る,剥がれる,0.931466,4
陥る,滑り,0.931444,5
カラオケ,エンタメ,0.890899,1
カラオケ,エンターテインメント,0.887393,2
カラオケ,娱乐,0.859548,3
カラオケ,芸人,0.854831,4
カラオケ,スタバ,0.854616,5
難易度,コスト,0.873844,1
難易度,難易,0.871876,2
難易度,レベル,0.871711,3
難易度,料金,0.867531,4
難易度,本体,0.857308,5
イ,ア,0.997318,1
イ,ラ,0.996967,2
イ,特,0.991049,3
イ,ド,0.990411,4
イ,シン,0.989277,5
体型,ボディー,0.931726,1
体型,年齢,0.928895,2
体型,ショルダー,0.925542,3
体型,バスト,0.925502,4
体型,ウエスト,0.923311,5
マガジン,雑誌,0.976644,1
マガジン,モデル,0.929622,2
マガジン,書店,0.921401,3
マガジン,アルバム,0.919452,4
マガジン,デザイン,0.911257,5
睫,掌,0.935461,1
睫,額,0.935363,2
睫,唇,0.934793,3
睫,ネック,0.934633,4
睫,親指,0.929096,5
アリ,絞る,0.843705,1
アリ,アミノ,0.835607,2
アリ,爪先,0.835223,3
アリ,烏,0.83464,4
アリ,切り,0.834189,5
今一,直近,0.944778,1
今一,随時,0.936294,2
今一,次回,0.932577,3
今一,只今,0.928186,4
今一,今日は,0.921426,5
流通,市場,0.971611,1
流通,マーケット,0.955731,2
流通,広報,0.94677,3
流通,会議,0.942695,4
流通,業界,0.942322,5
影,シャドー,0.946478,1
影,夜中,0.944713,2
影,深夜,0.941184,3
影,アッシュ,0.927396,4
影,冷たい,0.920221,5
清水,さっぱり,0.940575,1
清水,アクア,0.938672,2
清水,葡萄,0.938397,3
清水,フルーツ,0.938176,4
清水,果物,0.937849,5
宜しい,宜しく,0.987002,1
宜しい,心地良い,0.972521,2
宜しい,楽々,0.956066,3
宜しい,温か,0.951165,4
宜しい,スマイル,0.941196,5
クイズ,節目,0.943983,1
クイズ,講習会,0.941382,2
クイズ,プレゼン,0.929441,3
クイズ,セミナー,0.929392,4
クイズ,プレゼンテーション,0.928635,5
エンド,端,0.948799,1
エンド,グレー,0.937438,2
エンド,状態,0.928657,3
エンド,すっかり,0.927341,4
エンド,界,0.927312,5
秋田,北陸,0.983383,1
秋田,岩手県,0.981364,2
秋田,青森県,0.980597,3
秋田,青森,0.975638,4
秋田,鳥取,0.970964,5
名物,受賞,0.929872,1
名物,観光地,0.90996,2
名物,必見,0.903389,3
名物,大賞,0.897838,4
名物,主流,0.893788,5
ビューティー,美,0.946042,1
ビューティー,美容,0.924012,2
ビューティー,グルメ,0.920203,3
ビューティー,美肌,0.919811,4
ビューティー,愛車,0.912105,5
ステーキ,ショコラ,0.921718,1
ステーキ,牛肉,0.899852,2
ステーキ,ビーフ,0.899102,3
ステーキ,焼き鳥,0.892048,4
ステーキ,チョコレート,0.889342,5
アカデミー,学院,0.944476,1
アカデミー,財団,0.930746,2
アカデミー,ユナイテッド,0.925445,3
アカデミー,セントラル,0.921384,4
アカデミー,センター,0.921079,5
四季,季節,0.953652,1
四季,秋,0.92735,2
四季,昼,0.925547,3
四季,河川,0.914579,4
四季,西日本,0.910464,5
ダイヤ,玉,0.946742,1
ダイヤ,銀,0.910819,2
ダイヤ,水晶,0.906142,3
ダイヤ,金,0.900604,4
ダイヤ,クリスタル,0.888877,5
保持,維持,0.983276,1
保持,保つ,0.966448,2
保持,安定,0.964809,3
保持,在留,0.964731,4
保持,保有,0.963548,5
纏まる,纏わる,0.943588,1
纏まる,つれる,0.899869,2
纏まる,浸透,0.868532,3
纏まる,纏う,0.864667,4
纏まる,傾向,0.85519,5
髭,踵,0.881854,1
髭,あご,0.874496,2
髭,出身,0.865462,3
髭,毛,0.861473,4
髭,生まれ,0.858478,5
随分,唯々,0.932684,1
随分,乍ら,0.930908,2
随分,かわる,0.896796,3
随分,くるくる,0.885945,4
随分,もん,0.871489,5
リフト,スピーカー,0.947571,1
リフト,カー,0.942047,2
リフト,マイカー,0.929099,3
リフト,機,0.928088,4
リフト,机,0.927819,5
海岸,東海,0.930824,1
海岸,鯛,0.918482,2
海岸,秋,0.914659,3
海岸,朝日,0.910245,4
海岸,満開,0.906684,5
ウクライナ,イラン,0.789123,1
ウクライナ,相場,0.724353,2
ウクライナ,波動,0.717491,3
ウクライナ,ミャンマー,0.714221,4
ウクライナ,朝鮮,0.710496,5
春夏,初夏,0.986109,1
春夏,春,0.98258,2
春夏,サマー,0.928081,3
春夏,夏,0.927323,4
春夏,開花,0.916226,5
ストリート,Twitter,0.855761,1
ストリート,交差点,0.844009,2
ストリート,デモ,0.793356,3
ストリート,ツイート,0.792653,4
ストリート,掲示板,0.791642,5
根拠,結論,0.976457,1
根拠,判明,0.97612,2
根拠,準ずる,0.970757,3
根拠,記載,0.969998,4
根拠,定める,0.969787,5
議会,国会,0.985419,1
議会,内閣,0.945765,2
議会,外交,0.943109,3
議会,商社,0.933447,4
議会,党,0.930456,5
生涯,ライフ,0.981358,1
生涯,一生,0.969253,2
生涯,生活,0.968775,3
生涯,記憶,0.950811,4
生涯,生きる,0.94728,5
ピザ,ハンバーガー,0.965161,1
ピザ,バーガー,0.964668,2
ピザ,焼き鳥,0.939891,3
ピザ,ハンバーグ,0.936986,4
ピザ,パンケーキ,0.931047,5
ビニール,缶,0.938098,1
ビニール,テープ,0.935665,2
ビニール,缶詰め,0.930459,3
ビニール,スタンプ,0.918386,4
ビニール,ワゴン,0.908141,5
泡,透ける,0.913303,1
泡,曲がる,0.900539,2
泡,漂う,0.892903,3
泡,滴,0.888772,4
泡,変色,0.879107,5
氏名,名前,0.98669,1
氏名,本名,0.977392,2
氏名,名字,0.972397,3
氏名,座,0.933722,4
氏名,身長,0.932418,5
山形,山形県,0.976578,1
山形,北陸,0.971292,2
山形,秋田,0.970448,3
山形,山梨,0.966498,4
山形,山口,0.963601,5
棒,ロッド,0.964404,1
棒,竿,0.954662,2
棒,矢印,0.94537,3
棒,ハンドル,0.940795,4
棒,柄,0.932779,5
闇金,悪魔,0.89507,1
闇金,虐待,0.890316,2
闇金,不正,0.890215,3
闇金,最悪,0.886058,4
闇金,悪質,0.880716,5
水準,層,0.973708,1
水準,形,0.970688,2
水準,基準,0.967999,3
水準,形態,0.961723,4
水準,素材,0.961042,5
自治,自律,0.966156,1
自治,自主,0.962874,2
自治,自立,0.90387,3
自治,上達,0.894351,4
自治,実力,0.893944,5
本の,冊子,0.982316,1
本の,冊,0.98194,2
本の,ブック,0.980988,3
本の,書籍,0.965255,4
本の,写真集,0.950904,5
割れる,剥がれる,0.966531,1
割れる,破れる,0.966505,2
割れる,割れ,0.964736,3
割れる,倒れる,0.956116,4
割れる,滑り,0.953023,5
くま,牛,0.895942,1
くま,馬,0.88677,2
くま,大凡,0.882342,3
くま,獣,0.873645,4
くま,匹,0.869804,5
東海,太平洋,0.943922,1
東海,大河,0.935884,2
東海,海岸,0.930824,3
東海,茨城,0.929275,4
東海,海,0.92924,5
セットアップ,設置,0.975046,1
セットアップ,配置,0.971487,2
セットアップ,テンプレート,0.948638,3
セットアップ,スクリプト,0.94475,4
セットアップ,モジュール,0.942063,5
カリキュラム,校舎,0.956212,1
カリキュラム,論文,0.951921,2
カリキュラム,報告書,0.951593,3
カリキュラム,講義,0.949587,4
カリキュラム,教材,0.94899,5
家作り,厨房,0.908417,1
家作り,物作り,0.898791,2
家作り,キッチン,0.893828,3
家作り,仕立て,0.892133,4
家作り,改良,0.886888,5
発想,想像,0.958201,1
発想,覚醒,0.865469,2
発想,直感,0.862325,3
発想,生み出す,0.861055,4
発想,構想,0.85512,5
外来,彼方,0.594062,1
外来,外国,0.566091,2
外来,ウイッグ,0.535113,3
外来,元彼,0.524854,4
外来,未知,0.523181,5
リノベーション,リフォーム,0.927789,1
リノベーション,改装,0.906778,2
リノベーション,改造,0.900718,3
リノベーション,リニューアル,0.897992,4
リノベーション,物作り,0.897927,5
カート,リモコン,0.969726,1
カート,ボトル,0.96608,2
カート,引き出し,0.965621,3
カート,デスク,0.958954,4
カート,瓶,0.957765,5
日付け,数値,0.966391,1
日付け,合計,0.952025,2
日付け,入り口,0.951823,3
日付け,パーセント,0.94982,4
日付け,メートル,0.944405,5
紛失,失う,0.933598,1
紛失,傷付く,0.89077,2
紛失,不調,0.882151,3
紛失,倒れる,0.880125,4
紛失,転倒,0.87833,5
富山,長野,0.986299,1
富山,新潟,0.97412,2
富山,長野県,0.973991,3
富山,新潟県,0.968579,4
富山,山形県,0.963421,5
出来るだけ,利く,0.932427,1
出来るだけ,達する,0.930175,2
出来るだけ,獲得,0.926993,3
出来るだけ,きっと,0.925904,4
出来るだけ,とことん,0.923182,5
金沢,京都府,0.952093,1
金沢,京都,0.950839,2
金沢,函館,0.949058,3
金沢,富山,0.932568,4
金沢,福井,0.930045,5
ずれる,ずれ,0.982246,1
ずれる,誤る,0.946711,2
ずれる,滑り,0.943474,3
ずれる,剥がれる,0.938374,4
ずれる,間違える,0.937671,5
誘導,再開,0.950524,1
誘導,通す,0.949422,2
誘導,向ける,0.946804,3
誘導,沿う,0.946188,4
誘導,用事,0.942883,5
ドクター,医者,0.96817,1
ドクター,医師,0.964347,2
ドクター,教授,0.952409,3
ドクター,医,0.940887,4
ドクター,インストラクター,0.940664,5
坂,溝,0.938811,1
坂,降る,0.878688,2
坂,夜間,0.854989,3
坂,峠,0.853754,4
坂,気,0.847138,5
延期,中止,0.919975,1
延期,取り消し,0.916761,2
延期,申し立て,0.891474,3
延期,退会,0.890474,4
延期,キャンセル,0.889549,5
支部,東口,0.941995,1
支部,市町村,0.938708,2
支部,営業所,0.934168,3
支部,市区町村,0.927726,4
支部,部会,0.925093,5
業績,働き,0.955421,1
業績,機能,0.94918,2
業績,事業主,0.94796,3
業績,実現,0.947203,4
業績,職,0.945084,5
ラップ,トート,0.964941,1
ラップ,ウェア,0.961218,2
ラップ,マイページ,0.957685,3
ラップ,ラッピング,0.948247,4
ラップ,シュー,0.944088,5
覆う,台,0.967112,1
覆う,庫,0.95668,2
覆う,盤,0.955999,3
覆う,立て,0.95396,4
覆う,桁,0.953534,5
序で,常,0.97194,1
序で,概要,0.970731,2
序で,均,0.967805,3
序で,同様,0.967337,4
序で,節,0.966725,5
届け出,申告,0.970529,1
届け出,通報,0.941408,2
届け出,応募,0.9388,3
届け出,委託,0.938738,4
届け出,引き渡し,0.938486,5
絵画,画,0.913226,1
絵画,彫刻,0.912324,2
絵画,イラスト,0.887689,3
絵画,美術,0.85768,4
絵画,アルバム,0.855629,5
勝,勝ち,0.968146,1
勝,チャンピオン,0.966576,2
勝,勝利,0.965292,3
勝,主力,0.963895,4
勝,ベスト,0.963709,5
EC,DS,0.987747,1
EC,MP,0.98638,2
EC,AT,0.984747,3
EC,CM,0.982765,4
EC,PS,0.981482,5
リップ,頬,0.949119,1
リップ,就く,0.944865,2
リップ,個,0.929023,3
リップ,前髪,0.929019,4
リップ,着く,0.9287,5
極く,稀,0.860777,1
極く,除外,0.844951,2
極く,非公開,0.825451,3
極く,除く,0.816294,4
極く,全く,0.812391,5
日光,日差し,0.976104,1
日光,朝日,0.97541,2
日光,太陽,0.964587,3
日光,太陽光,0.952752,4
日光,向日葵,0.936432,5
誌,コラム,0.970098,1
誌,代表,0.963289,2
誌,KG,0.961181,3
誌,著,0.960833,4
誌,提供,0.957927,5
実態,症例,0.960004,1
実態,因子,0.954602,2
実態,方面,0.953981,3
実態,実質,0.95346,4
実態,ケース,0.951354,5
録画,録音,0.96889,1
録画,ファイル,0.966406,2
録画,フォルダー,0.966402,3
録画,アイテム,0.957108,4
録画,箱,0.952957,5
無効,不可,0.96948,1
無効,否,0.965788,2
無効,非,0.963585,3
無効,NO,0.953951,4
無効,不能,0.951417,5
関数,選考,0.958971,1
関数,計算,0.954586,2
関数,生産,0.95129,3
関数,メソッド,0.950109,4
関数,予報,0.949127,5
加藤,渡辺,0.991155,1
加藤,岡本,0.990313,2
加藤,高橋,0.988087,3
加藤,岡田,0.987089,4
加藤,野田,0.987047,5
偶々,偶に,0.964729,1
偶々,時折,0.951345,2
偶々,一時的,0.898417,3
偶々,一時,0.892405,4
偶々,時々,0.869669,5
宝,賞,0.96674,1
宝,福,0.937122,2
宝,栄,0.935703,3
宝,大切,0.933708,4
宝,幸,0.9332,5
留まる,留める,0.981823,1
留まる,居る,0.976259,2
留まる,滞在,0.971557,3
留まる,持ち主,0.967408,4
留まる,臨む,0.965746,5
下手,駄目,0.966701,1
下手,間違える,0.960088,2
下手,負ける,0.959269,3
下手,損する,0.953316,4
下手,負け,0.950083,5
一致,一定,0.97527,1
一致,一貫,0.968514,2
一致,序で,0.963084,3
一致,成り立つ,0.959889,4
一致,真ん中,0.959885,5
きく,み,0.988039,1
きく,き,0.983704,2
きく,ゆう,0.982131,3
きく,せい,0.980572,4
きく,準,0.980107,5
リュック,バックパック,0.976353,1
リュック,ランドセル,0.932762,2
リュック,口座,0.932352,3
リュック,アカウント,0.929583,4
リュック,ブラシ,0.929535,5
ペンダント,ネックレス,0.96939,1
ペンダント,指輪,0.95938,2
ペンダント,ブレスレット,0.942027,3
ペンダント,アクセサリー,0.930954,4
ペンダント,イヤリング,0.916613,5
効率的,効率化,0.969669,1
効率的,効率,0.968562,2
効率的,最適化,0.932145,3
効率的,攻略,0.931,4
効率的,ソリューション,0.89562,5
蔵,荘,0.945626,1
蔵,宿,0.941171,2
蔵,源泉,0.935024,3
蔵,蓄積,0.934273,4
蔵,確り,0.931043,5
得点,売り上げ,0.937658,1
得点,売り,0.936183,2
得点,ピッチ,0.92638,3
得点,リリース,0.92042,4
得点,選出,0.911437,5
急ぐ,急ぎ,0.946741,1
急ぐ,蹴る,0.884174,2
急ぐ,焦る,0.879042,3
急ぐ,争う,0.871887,4
急ぐ,逃げる,0.869171,5
ポット,バスタオル,0.940327,1
ポット,包,0.933719,2
ポット,水槽,0.932714,3
ポット,鉢,0.92851,4
ポット,カーテン,0.927442,5
喧嘩,トラブル,0.951433,1
喧嘩,パニック,0.946573,2
喧嘩,騒動,0.934936,3
喧嘩,悪化,0.931689,4
喧嘩,破壊,0.928202,5
汁,くっ付く,0.929948,1
汁,聞こえる,0.925329,2
汁,あさ,0.922273,3
汁,見,0.922136,4
汁,早い,0.91942,5
ウイーク,期間中,0.966227,1
ウイーク,出来,0.96401,2
ウイーク,中途,0.957718,3
ウイーク,今月,0.955009,4
ウイーク,途中,0.952442,5
酸味,降る,0.899444,1
酸味,レイン,0.840245,2
酸味,摩擦,0.833275,3
酸味,かえる,0.827487,4
酸味,寒い,0.823364,5
左側,左,0.975824,1
左側,下部,0.959086,2
左側,ロー,0.944101,3
左側,しも,0.940101,4
左側,ボトム,0.939549,5
区分,区別,0.964318,1
区分,有する,0.964229,2
区分,種類,0.960934,3
区分,同,0.958893,4
区分,度,0.956901,5
特有,唯一,0.874149,1
特有,珍しい,0.828185,2
特有,独特,0.792259,3
特有,純粋,0.771385,4
特有,特色,0.767957,5
便秘,肩凝り,0.940648,1
便秘,浮腫み,0.918281,2
便秘,疲れ,0.910835,3
便秘,悔しい,0.908519,4
便秘,面皰,0.903062,5
プリン,ベル,0.951313,1
プリン,ホルダー,0.944466,2
プリン,名入れ,0.942643,3
プリン,錠,0.938226,4
プリン,トレー,0.937079,5
持ち運び,手持ち,0.962859,1
持ち運び,持ち歩く,0.953535,2
持ち運び,試着,0.945998,3
持ち運び,着脱,0.942576,4
持ち運び,持ち物,0.941633,5
ファスナー,ジップ,0.952373,1
ファスナー,螺子,0.951794,2
ファスナー,コンセント,0.933115,3
ファスナー,スイッチ,0.9257,4
ファスナー,圧縮,0.906659,5
下地,収める,0.968458,1
下地,置き,0.968037,2
下地,収まる,0.957749,3
下地,ベース,0.956557,4
下地,置く,0.956538,5
及ぶ,要る,0.974071,1
及ぶ,がる,0.973949,2
及ぶ,ては,0.970561,3
及ぶ,かく,0.967909,4
及ぶ,係,0.967823,5
手洗い,ビタミン,0.960795,1
手洗い,水分,0.960703,2
手洗い,洗顔,0.946652,3
手洗い,葉酸,0.941314,4
手洗い,ウォーキング,0.937782,5
ばか,馬鹿,0.993108,1
ばか,悪い,0.954389,2
ばか,不良,0.948997,3
ばか,汚い,0.937061,4
ばか,ネガティブ,0.934285,5
潤い,潤う,0.927971,1
潤い,アイリス,0.926794,2
潤い,ふんわり,0.925278,3
潤い,しなやか,0.924834,4
潤い,香る,0.917521,5
来週,来月,0.986171,1
来週,来年,0.97139,2
来週,翌月,0.968897,3
来週,明日,0.966025,4
来週,今月,0.964024,5
秋冬,月々,0.912737,1
秋冬,バレー,0.897895,2
秋冬,冬季,0.896383,3
秋冬,岩手,0.894846,4
秋冬,降る,0.885727,5
均,相当,0.981819,1
均,類,0.970524,2
均,和,0.970199,3
均,対応,0.969682,4
均,成り立つ,0.969585,5
レギュラー,正規,0.971079,1
レギュラー,常,0.966188,2
レギュラー,適切,0.963878,3
レギュラー,成り立つ,0.962344,4
レギュラー,定期,0.961799,5
英国,イギリス,0.997205,1
英国,ドイツ,0.977429,2
英国,ジャパン,0.961932,3
英国,欧州,0.959946,4
英国,ヨーロッパ,0.951248,5
メジャー,大,0.960382,1
メジャー,京,0.957708,2
メジャー,グランド,0.957609,3
メジャー,多く,0.953042,4
メジャー,ユナイテッド,0.952588,5
損失,損,0.963536,1
損失,被害,0.958804,2
損失,挫折,0.953115,3
損失,損害,0.952597,4
損失,不幸,0.94817,5
反射,映る,0.960955,1
反射,吸収,0.945914,2
反射,部位,0.925353,3
反射,眺める,0.923255,4
反射,額,0.923203,5
一同,共同,0.963197,1
一同,我々,0.962901,2
一同,同行,0.961782,3
一同,通じる,0.954902,4
一同,一緒,0.954797,5
届け,取り入れる,0.9677,1
届け,取り込む,0.966124,2
届け,しめる,0.966041,3
届け,繋げる,0.960746,4
届け,連れる,0.960515,5
違法,不正,0.973131,1
違法,違反,0.947349,2
違法,不当,0.945461,3
違法,無断,0.944498,4
違法,有害,0.939769,5
辿る,うかがう,0.938912,1
辿る,脈,0.935246,2
辿る,辿り着く,0.924111,3
辿る,手動,0.922438,4
辿る,道中,0.919368,5
抗菌,除菌,0.952931,1
抗菌,殺菌,0.933274,2
抗菌,消毒,0.923268,3
抗菌,ワクチン,0.892741,4
抗菌,機能性,0.891667,5
飛行機,航空,0.977734,1
飛行機,フライト,0.927408,2
飛行機,Microsoft,0.925481,3
飛行機,空港,0.909798,4
飛行機,取引所,0.906342,5
プラザ,広場,0.988987,1
プラザ,食堂,0.943592,2
プラザ,ステージ,0.927987,3
プラザ,会館,0.9241,4
プラザ,商店街,0.919453,5
経緯,経過,0.946725,1
経緯,関係,0.946521,2
経緯,扱う,0.944237,3
経緯,方式,0.942314,4
経緯,道程,0.940033,5
クリスタル,水晶,0.986854,1
クリスタル,玉,0.903198,2
クリスタル,宝石,0.889916,3
クリスタル,パール,0.889783,4
クリスタル,ダイヤ,0.888877,5
ピース,丸で,0.924496,1
ピース,平,0.921474,2
ピース,平和,0.919422,3
ピース,園,0.915882,4
ピース,平安,0.914796,5
暇,弛み,0.932125,1
暇,何気,0.91987,2
暇,緩める,0.909207,3
暇,緩い,0.896599,4
暇,緩む,0.889295,5
スパイス,香料,0.963734,1
スパイス,胡椒,0.909737,2
スパイス,生姜,0.901055,3
スパイス,シナモン,0.889119,4
スパイス,出汁,0.876185,5
理念,意義,0.954221,1
理念,知,0.944421,2
理念,質,0.936133,3
理念,意味,0.933453,4
理念,エッセー,0.931071,5
予選,募集,0.91316,1
予選,中継,0.911433,2
予選,入荷,0.907657,3
予選,発足,0.906497,4
予選,演習,0.901383,5
セラピスト,カウンセラー,0.986949,1
セラピスト,カウンセリング,0.962614,2
セラピスト,看護,0.954637,3
セラピスト,セラピー,0.95225,4
セラピスト,コーチング,0.946499,5
実質,因子,0.966855,1
実質,相当,0.964209,2
実質,判明,0.963829,3
実質,根拠,0.962806,4
実質,度,0.9592,5
コール,出す,0.949462,1
コール,出入り,0.941704,2
コール,乗り,0.938946,3
コール,取り,0.934364,4
コール,出し,0.932498,5
トライアル,試行,0.899171,1
トライアル,インターン,0.895219,2
トライアル,日替わり,0.89494,3
トライアル,新卒,0.883605,4
トライアル,スタート,0.878228,5
WWW,ウェブ,0.983133,1
WWW,インターネット,0.959285,2
WWW,ネットワーク,0.953161,3
WWW,クラウド,0.943927,4
WWW,貿易,0.934529,5
改修,手配,0.94384,1
改修,貸し付け,0.940998,2
改修,リフォーム,0.937351,3
改修,プランナー,0.932087,4
改修,制作,0.928938,5
御早う,沿う,0.939245,1
御早う,向く,0.938075,2
御早う,早,0.930945,3
御早う,道中,0.928,4
御早う,どうぞ,0.926865,5
本作,W,0.960362,1
本作,一部,0.959223,2
本作,H,0.956047,3
本作,続き,0.954758,4
本作,英,0.954695,5
長男,長女,0.978697,1
長男,父,0.972805,2
長男,年上,0.968437,3
長男,お父さん,0.966777,4
長男,兄,0.966328,5
恐れる,恐れ,0.970254,1
恐れる,疑い,0.928087,2
恐れる,懸念,0.911964,3
恐れる,別れる,0.900549,4
恐れる,苦労,0.891824,5
条例,規程,0.976243,1
条例,ポリシー,0.964556,2
条例,規約,0.956853,3
条例,法令,0.956635,4
条例,規制,0.954189,5
古代,歴史的,0.980333,1
古代,史上,0.911856,2
古代,江戸,0.90667,3
古代,歴史,0.891062,4
古代,御座る,0.884606,5
廃止,解散,0.949786,1
廃止,撤退,0.834964,2
廃止,廃棄,0.819181,3
廃止,赤字,0.817123,4
廃止,さび,0.807758,5
ステータス,装着,0.967325,1
ステータス,レート,0.955491,2
ステータス,登録,0.948476,3
ステータス,ポジション,0.945649,4
ステータス,プロフィール,0.943726,5
怒り,怒る,0.98376,1
怒り,プレッシャー,0.923479,2
怒り,焦る,0.920115,3
怒り,ストレス,0.917462,4
怒り,大変,0.913728,5
おっ,あっ,0.910754,1
おっ,んっ,0.898086,2
おっ,ばか,0.881912,3
おっ,馬鹿,0.874788,4
おっ,彼奴,0.872053,5
手頃,リーズナブル,0.977134,1
手頃,簡単,0.927486,2
手頃,シンプル,0.918018,3
手頃,簡易,0.910485,4
手頃,ベーシック,0.91036,5
晴れる,晴れ,0.990426,1
晴れる,昼,0.948961,2
晴れる,朝,0.923661,3
晴れる,光,0.923069,4
晴れる,昼間,0.922496,5
重宝,母さん,0.963559,1
重宝,親,0.963392,2
重宝,感激,0.96047,3
重宝,家庭,0.959176,4
重宝,愛顧,0.959125,5
ガイドライン,レポート,0.977285,1
ガイドライン,指針,0.972658,2
ガイドライン,報告書,0.968205,3
ガイドライン,教材,0.963355,4
ガイドライン,報告,0.956587,5
プロモーション,販促,0.974091,1
プロモーション,宣伝,0.957433,2
プロモーション,キャンペーン,0.950288,3
プロモーション,広告,0.926788,4
プロモーション,公演,0.925551,5
激安,安値,0.931317,1
激安,最安値,0.924855,2
激安,特価,0.912729,3
激安,低価格,0.907299,4
激安,値下げ,0.896759,5
総額,外装,0.961389,1
総額,品目,0.950989,2
総額,レイヤー,0.948722,3
総額,成績,0.947248,4
総額,台,0.947028,5
ドロップ,薄手,0.887685,1
ドロップ,抜き,0.887667,2
ドロップ,一回,0.884756,3
ドロップ,取り外す,0.881029,4
ドロップ,コマ,0.880852,5
成人,成年,0.972717,1
成人,彼の,0.937292,2
成人,大人,0.934593,3
成人,鈴木,0.933719,4
成人,存在感,0.93346,5
輸送,運送,0.976844,1
輸送,運輸,0.968899,2
輸送,サーチ,0.943848,3
輸送,配送,0.937665,4
輸送,スキャン,0.931285,5
愛情,愛,0.988907,1
愛情,ラブ,0.949219,2
愛情,恋,0.948296,3
愛情,愛着,0.938084,4
愛情,愛する,0.93327,5
ユニーク,独特,0.969413,1
ユニーク,オリジナル,0.870742,2
ユニーク,特別,0.792115,3
ユニーク,唯一,0.775588,4
ユニーク,珍しい,0.765152,5
適度,適量,0.974619,1
適度,バランス,0.946869,2
適度,携わる,0.940207,3
適度,回復,0.939019,4
適度,許容,0.938793,5
添付,エントリー,0.97365,1
添付,輸入,0.971288,2
添付,記入,0.964113,3
添付,挿入,0.957432,4
添付,掛ける,0.954473,5
兵庫県,埼玉県,0.991213,1
兵庫県,千葉,0.991159,2
兵庫県,埼玉,0.990099,3
兵庫県,千葉県,0.989078,4
兵庫県,福岡県,0.987803,5
vol.,オン,0.986413,1
vol.,Gb,0.972169,2
vol.,WW,0.967128,3
vol.,CC,0.965731,4
vol.,ver,0.963705,5
基盤,ドメイン,0.96601,1
基盤,目次,0.964184,2
基盤,完結,0.962869,3
基盤,域,0.959483,4
基盤,決まり,0.958695,5
門,扉,0.987745,1
門,ドア,0.986677,2
門,ベンチ,0.968657,3
門,テーブル,0.960657,4
門,アドレス,0.953519,5
注射,銃,0.878637,1
注射,切開,0.87583,2
注射,借金,0.847144,3
注射,武器,0.841466,4
注射,債務,0.839039,5
ほっと,大丈夫,0.940913,1
ほっと,まったり,0.939982,2
ほっと,過ごす,0.939257,3
ほっと,緩める,0.936199,4
ほっと,休み,0.936011,5
糖,砂糖,0.964836,1
糖,麺,0.926978,2
糖,バター,0.92563,3
糖,ハム,0.92516,4
糖,糖質,0.922572,5
下旬,ウイーク,0.952087,1
下旬,今月,0.948811,2
下旬,年内,0.948241,3
下旬,出来,0.94718,4
下旬,上旬,0.947119,5
刑事,取り締まり,0.875822,1
刑事,逮捕,0.872089,2
刑事,兵,0.865851,3
刑事,工事,0.842005,4
刑事,政権,0.827544,5
手放す,離す,0.962504,1
手放す,放つ,0.950131,2
手放す,下ろす,0.933727,3
手放す,傾ける,0.917792,4
手放す,ああ,0.917422,5
滅,さび,0.939103,1
滅,故,0.928024,2
滅,破損,0.927462,3
滅,支障,0.926966,4
滅,消滅,0.924455,5
尋ねる,問う,0.982259,1
尋ねる,問い合わせる,0.982124,2
尋ねる,観察,0.964122,3
尋ねる,訪ねる,0.963024,4
尋ねる,読み取る,0.96072,5
リフレッシュ,ヒーリング,0.891652,1
リフレッシュ,ガーデン,0.886464,2
リフレッシュ,着心地,0.883443,3
リフレッシュ,すっきり,0.87974,4
リフレッシュ,セルフケア,0.875497,5
学歴,資産,0.957538,1
学歴,成績,0.952764,2
学歴,財産,0.943641,3
学歴,ブック,0.93085,4
学歴,年収,0.929587,5
説明会,発表,0.978504,1
説明会,講習会,0.975516,2
説明会,講演会,0.975505,3
説明会,週刊,0.963751,4
説明会,掲載,0.961916,5
叶う,まあ,0.922358,1
叶う,羽根,0.920663,2
叶う,息,0.910442,3
叶う,手放す,0.902426,4
叶う,よる,0.898485,5
タレント,進歩,0.898179,1
タレント,ヒット,0.896004,2
タレント,歌手,0.890517,3
タレント,カリフォルニア,0.878857,4
タレント,ミュージシャン,0.871548,5
進出,取り引き,0.920858,1
進出,ピッチ,0.918535,2
進出,スルー,0.913063,3
進出,ワークス,0.911007,4
進出,起用,0.908595,5
挑む,刺激,0.804938,1
挑む,挑戦,0.789056,2
挑む,弾ける,0.780678,3
挑む,突入,0.775579,4
挑む,スイング,0.768203,5
物理,現実,0.913029,1
物理,周期,0.901427,2
物理,河川,0.896152,3
物理,地形,0.894629,4
物理,フェーズ,0.893109,5
勧め,勧める,0.98491,1
勧め,助け,0.975274,2
勧め,助ける,0.969334,3
勧め,相棒,0.966419,4
勧め,パートナー,0.966245,5
端,元,0.954828,1
端,エンド,0.948799,2
端,位,0.946195,3
端,締め,0.941808,4
端,条,0.941035,5
炒める,加熱,0.897722,1
炒める,焼く,0.895965,2
炒める,煮る,0.879064,3
炒める,煮込む,0.865184,4
炒める,炊く,0.860716,5
地上,ノーマル,0.960959,1
地上,プレース,0.959963,2
地上,常,0.959795,3
地上,普通,0.954004,4
地上,当たり前,0.953868,5
ロイヤル,プリンス,0.953393,1
ロイヤル,豪,0.916029,2
ロイヤル,ゴールド,0.912225,3
ロイヤル,クイーン,0.906254,4
ロイヤル,宝,0.901012,5
濡れる,湿気,0.927395,1
濡れる,遣る気,0.905782,2
濡れる,傾く,0.901444,3
濡れる,下がる,0.897249,4
濡れる,見逃す,0.897003,5
時刻,方向,0.971498,1
時刻,位置,0.967338,2
時刻,所在地,0.963982,3
時刻,日時,0.96312,4
時刻,年月日,0.961809,5
姉妹,両親,0.98212,1
姉妹,親,0.977332,2
姉妹,姉,0.977032,3
姉妹,家庭,0.976298,4
姉妹,親子,0.974897,5
工学,工程,0.988443,1
工学,技術,0.970901,2
工学,IT,0.958403,3
工学,自動化,0.945273,4
工学,ml,0.944358,5
分間,還元,0.919458,1
分間,秒,0.909063,2
分間,リットル,0.896825,3
分間,サンプル,0.895458,4
分間,間隔,0.893439,5
紫,青い,0.907832,1
紫,ブルー,0.894614,2
紫,青色,0.889076,3
紫,青,0.848336,4
紫,ムーン,0.837326,5
上達,深める,0.954895,1
上達,成長,0.94869,2
上達,達成,0.946071,3
上達,モチベーション,0.945281,4
上達,動機,0.936277,5
訴える,捉える,0.945024,1
訴える,行使,0.941527,2
訴える,見直す,0.940596,3
訴える,課する,0.939585,4
訴える,行う,0.93755,5
手配,プラン,0.946875,1
手配,プランナー,0.944477,2
手配,改修,0.94384,3
手配,計画,0.936545,4
手配,PIC,0.930966,5
大きめ,ロング,0.936034,1
大きめ,長,0.923741,2
大きめ,大きい,0.917363,3
大きめ,大半,0.917057,4
大きめ,厚い,0.916548,5
オン,vol.,0.986413,1
オン,ver,0.971336,2
オン,CC,0.967166,3
オン,on,0.965685,4
オン,通,0.962723,5
安価,安い,0.986647,1
安価,低価格,0.960304,2
安価,格安,0.955001,3
安価,最安値,0.917106,4
安価,半額,0.915592,5
だし,出汁,0.954197,1
だし,味噌,0.926186,2
だし,味噌汁,0.921283,3
だし,小麦,0.911587,4
だし,菜,0.908338,5
監修,公務,0.954965,1
監修,報告,0.953404,2
監修,報告書,0.950094,3
監修,事務,0.942539,4
監修,検証,0.942202,5
パチンコ,ギャンブル,0.868715,1
パチンコ,ぱちスロ,0.863558,2
パチンコ,カジノ,0.82511,3
パチンコ,馬券,0.775825,4
パチンコ,ドラッグ,0.759749,5
表紙,フォルム,0.960359,1
表紙,パネル,0.933263,2
表紙,仕上がり,0.933223,3
表紙,形式,0.931539,4
表紙,セット,0.92799,5
ソーシャル,近年,0.928255,1
ソーシャル,交流,0.925953,2
ソーシャル,共演,0.920498,3
ソーシャル,連動,0.914745,4
ソーシャル,イベント,0.910293,5
不具合,故障,0.969368,1
不具合,エラー,0.96914,2
不具合,錯誤,0.966585,3
不具合,誤差,0.960545,4
不具合,失敗,0.952225,5
プライム,一級,0.952841,1
プライム,トップ,0.949884,2
プライム,立派,0.936412,3
プライム,マスター,0.932463,4
プライム,上級,0.931461,5
只管,ああ,0.937234,1
只管,離す,0.935993,2
只管,折,0.919384,3
只管,下ろす,0.909486,4
只管,ぼ,0.908518,5
立派,上質,0.971508,1
立派,良質,0.963899,2
立派,優良,0.957247,3
立派,最適,0.955905,4
立派,最善,0.951198,5
壺,鉢,0.932948,1
壺,スタンプ,0.895878,2
壺,付録,0.893827,3
壺,ランタン,0.890815,4
壺,簿,0.889325,5
木材,木,0.959074,1
木材,ウッド,0.958272,2
木材,檜,0.947015,3
木材,樹,0.935516,4
木材,樹木,0.928363,5
発動,プッシュ,0.925989,1
発動,引き上げる,0.917049,2
発動,始動,0.90431,3
発動,立ち上げる,0.901988,4
発動,駆動,0.901885,5
シリコン,数字,0.956211,1
シリコン,CSS,0.952428,2
シリコン,コンテナ,0.950747,3
シリコン,板金,0.942357,4
シリコン,HTML,0.93866,5
フレーズ,キーワード,0.983007,1
フレーズ,用語,0.972049,2
フレーズ,称する,0.968769,3
フレーズ,何者,0.966856,4
フレーズ,問,0.965252,5
濃度,時,0.94478,1
濃度,界,0.935238,2
濃度,領域,0.934785,3
濃度,陸,0.930066,4
濃度,地,0.925886,5
鮮やか,華やか,0.860786,1
鮮やか,映える,0.850876,2
鮮やか,輝く,0.818608,3
鮮やか,多彩,0.812178,4
鮮やか,圧巻,0.811681,5
薄毛,抜け毛,0.925034,1
薄毛,無職,0.911369,2
薄毛,がっかり,0.895067,3
薄毛,痺れ,0.889773,4
薄毛,不調,0.889304,5
釣る,探す,0.902785,1
釣る,摘む,0.892905,2
釣る,拾う,0.886651,3
釣る,手動,0.879903,4
釣る,開ける,0.873857,5
立体,構造,0.913435,1
立体,構図,0.903195,2
立体,グラデーション,0.896973,3
立体,構成,0.894674,4
立体,収束,0.894505,5
活性化,活性,0.966384,1
活性化,アクティブ,0.946243,2
活性化,発揮,0.925441,3
活性化,エナジー,0.924571,4
活性化,活躍,0.911027,5
罪,悪,0.929661,1
罪,毒,0.914275,2
罪,中傷,0.913983,3
罪,損害,0.913278,4
罪,犯人,0.90201,5
博多,関西,0.940829,1
博多,福岡,0.93374,2
博多,恵比寿,0.932952,3
博多,那覇,0.923444,4
博多,熱海,0.916121,5
冒頭,基本,0.957007,1
冒頭,導入,0.951219,2
冒頭,入り,0.950341,3
冒頭,ソース,0.949555,4
冒頭,出典,0.948148,5
ぐっ,ぼ,0.957578,1
ぐっ,ぇ,0.957241,2
ぐっ,ぁ,0.942106,3
ぐっ,いー,0.940952,4
ぐっ,ぉ,0.935042,5
排水,電圧,0.849,1
排水,期限,0.830333,2
排水,ログ,0.824929,3
排水,運搬,0.816838,4
排水,信号,0.815175,5
ロンドン,北京,0.959751,1
ロンドン,ボストン,0.958587,2
ロンドン,ニューヨーク,0.958307,3
ロンドン,東京,0.957999,4
ロンドン,パリ,0.949104,5
池袋,駅前,0.942797,1
池袋,飲食店,0.940108,2
池袋,浦和,0.934933,3
池袋,節目,0.934641,4
池袋,カフェ,0.934371,5
仕入れる,取り寄せる,0.979108,1
仕入れる,申し込む,0.974368,2
仕入れる,付ける,0.97421,3
仕入れる,乗せる,0.973437,4
仕入れる,貸す,0.967648,5
柚子,林檎,0.966102,1
柚子,柿,0.959531,2
柚子,レモン,0.953696,3
柚子,梨,0.947608,4
柚子,苺,0.94582,5
インプラント,医薬品,0.889521,1
インプラント,移植,0.874828,2
インプラント,Mac,0.860319,3
インプラント,PC,0.849618,4
インプラント,EV,0.84281,5
引き,再び,0.968917,1
引き,取り,0.966375,2
引き,引く,0.957475,3
引き,当たる,0.956769,4
引き,肢,0.950323,5
敷地,格納,0.962862,1
敷地,席,0.957208,2
敷地,物件,0.956999,3
敷地,窓,0.952292,4
敷地,盆,0.951264,5
フォー,シン,0.986417,1
フォー,博,0.985444,2
フォー,特,0.98491,3
フォー,トレ,0.984221,4
フォー,BB,0.984066,5
コーチング,カウンセラー,0.960916,1
コーチング,カウンセリング,0.958319,2
コーチング,コーチ,0.946933,3
コーチング,セラピスト,0.946499,4
コーチング,アシスタント,0.944888,5
爆発,爆,0.944536,1
爆発,破壊,0.915539,2
爆発,津波,0.912949,3
爆発,災害,0.90692,4
爆発,火災,0.905168,5
漂う,泡,0.892903,1
漂う,偶然,0.86503,2
漂う,蕩ける,0.856168,3
漂う,迷い,0.845532,4
漂う,散る,0.843527,5
変形,解体,0.891637,1
変形,フリーター,0.84789,2
変形,矛盾,0.84577,3
変形,逆転,0.835611,4
変形,散らし,0.82991,5
過剰,過度,0.935871,1
過剰,溢れる,0.875961,2
過剰,過言,0.854276,3
過剰,ラッシュ,0.774229,4
過剰,どんどん,0.759897,5
町作り,レストラン,0.908922,1
町作り,商店街,0.897669,2
町作り,中学校,0.896321,3
町作り,小田急,0.895839,4
町作り,ブランディング,0.894431,5
乗車,数える,0.959082,1
乗車,乗る,0.958536,2
乗車,測る,0.947215,3
乗車,搭乗,0.946684,4
乗車,年代,0.94598,5
安全性,安全,0.992735,1
安全性,セーフティー,0.973841,2
安全性,衛生,0.946002,3
安全性,保障,0.939401,4
安全性,診療,0.927601,5
基地,塔,0.947653,1
基地,ダム,0.945209,2
基地,タワー,0.944534,3
基地,本社,0.92295,4
基地,ホールディングス,0.916457,5
GW,GT,0.967538,1
GW,MT,0.95807,2
GW,TOP,0.955634,3
GW,MS,0.955075,4
GW,SR,0.954714,5
青森,青森県,0.994975,1
青森,岩手県,0.982383,2
青森,鳥取,0.977174,3
青森,岩手,0.976331,4
青森,秋田,0.975638,5
平,等,0.978881,1
平,水平,0.96587,2
平,背景,0.964201,3
平,所在,0.955679,4
平,どこ,0.954514,5
日帰り,試食,0.959664,1
日帰り,使う,0.950385,2
日帰り,モーニング,0.948655,3
日帰り,帰宅,0.936553,4
日帰り,読者,0.936411,5
ドーム,タワー,0.947046,1
ドーム,塔,0.944116,2
ドーム,大橋,0.930479,3
ドーム,橋,0.907564,4
ドーム,パネル,0.905123,5
干す,乾かす,0.9742,1
干す,洗い,0.970672,2
干す,拭く,0.968525,3
干す,拭き取る,0.954829,4
干す,擦る,0.93472,5
発熱,熱中,0.950006,1
発熱,熱中症,0.908333,2
発熱,炎症,0.897689,3
発熱,火傷,0.888231,4
発熱,焦る,0.887223,5
モーター,アンプ,0.936496,1
モーター,加工,0.928029,2
モーター,運輸,0.915901,3
モーター,ポンプ,0.911688,4
モーター,自動,0.907529,5
物作り,工房,0.939442,1
物作り,アトリエ,0.92506,2
物作り,建てる,0.924382,3
物作り,プランナー,0.921333,4
物作り,制作,0.910652,5
本線,本部,0.954493,1
本線,ステーション,0.954025,2
本線,東武,0.946335,3
本線,刊行,0.946234,4
本線,トップページ,0.944816,5
談,前編,0.971703,1
談,語,0.971681,2
談,きく,0.968143,3
談,しめる,0.967519,4
談,会,0.967428,5
送迎,介助,0.947728,1
送迎,注文,0.93701,2
送迎,送付,0.936054,3
送迎,用途,0.93578,4
送迎,貸し出し,0.932302,5
リース,賃貸,0.969721,1
リース,口座,0.95308,2
リース,アカウント,0.946253,3
リース,給料,0.941156,4
リース,代行,0.93688,5
完売,禁止,0.857724,1
完売,閉店,0.849889,2
完売,収容,0.813799,3
完売,最終日,0.799699,4
完売,増税,0.786835,5
習う,復習,0.97578,1
習う,練習,0.961153,2
習う,教わる,0.960746,3
習う,振り返る,0.959558,4
習う,練る,0.955754,5
和食,緑茶,0.921494,1
和食,奈良,0.916835,2
和食,奈良県,0.915484,3
和食,日本酒,0.913344,4
和食,抹茶,0.911226,5
セカンド,半,0.963193,1
セカンド,中々,0.937081,2
セカンド,次,0.928142,3
セカンド,部分,0.919173,4
セカンド,ハーフ,0.916182,5
認知症,鬱病,0.915186,1
認知症,不妊,0.876683,2
認知症,鬱,0.867869,3
認知症,障害,0.861376,4
認知症,内障,0.841725,5
完結,基盤,0.962869,1
完結,仕上がり,0.962641,2
完結,丸ごと,0.959698,3
完結,完了,0.958696,4
完結,中心,0.954306,5
レール,橋,0.96147,1
レール,板金,0.95495,2
レール,ドック,0.951585,3
レール,ゲート,0.948469,4
レール,棟,0.942056,5
ハードル,弾,0.914944,1
ハードル,打ち,0.845126,2
ハードル,竿,0.829932,3
ハードル,割,0.828594,4
ハードル,発令,0.823648,5
キャッチ,かける,0.972706,1
キャッチ,ゴー,0.968036,2
キャッチ,スルー,0.956755,3
キャッチ,プッシュ,0.956402,4
キャッチ,ビート,0.952514,5
コマンド,命令,0.974429,1
コマンド,スキャン,0.923773,2
コマンド,起動,0.922647,3
コマンド,圧縮,0.918405,4
コマンド,ポンプ,0.915091,5
果たして,求める,0.949295,1
果たして,今迄,0.943577,2
果たして,そろそろ,0.942483,3
果たして,再び,0.938897,4
果たして,翌,0.934814,5
修復,修繕,0.963529,1
修復,薬用,0.951146,2
修復,治療,0.948237,3
修復,復旧,0.946309,4
修復,復元,0.940868,5
選手権,決勝,0.973796,1
選手権,ミッション,0.944432,2
選手権,競技,0.933037,3
選手権,リーグ,0.929411,4
選手権,五輪,0.928972,5
本質,固有,0.975452,1
本質,自体,0.930975,2
本質,青木,0.929827,3
本質,自身,0.926273,4
本質,己,0.925547,5
告白,打ち明ける,0.917262,1
告白,実感,0.890645,2
告白,思い遣り,0.883684,3
告白,構う,0.870331,4
告白,体験談,0.868466,5
んっ,あっ,0.935993,1
んっ,潰す,0.929056,2
んっ,誤る,0.90331,3
んっ,ずれる,0.900588,4
んっ,おっ,0.898086,5
支配,権力,0.836216,1
支配,奪う,0.834182,2
支配,圧力,0.82124,3
支配,ヘビー,0.806457,4
支配,威力,0.789495,5
奇跡,珍しい,0.71642,1
奇跡,魔法,0.716128,2
奇跡,絶妙,0.70957,3
奇跡,憧れる,0.702548,4
奇跡,特別,0.699299,5
ポンプ,運送,0.939759,1
ポンプ,電源,0.938392,2
ポンプ,アンプ,0.922725,3
ポンプ,運輸,0.922292,4
ポンプ,加工,0.915554,5
国道,道路,0.964866,1
国道,号線,0.954868,2
国道,施設,0.948385,3
国道,ユーロ,0.946888,4
国道,ステーション,0.945754,5
分散,拡散,0.874108,1
分散,変動,0.838485,2
分散,分かれる,0.833874,3
分散,移る,0.808978,4
分散,変わり,0.807904,5
人類,人間,0.914741,1
人類,アジア,0.912957,2
人類,中華,0.911404,3
人類,大人,0.910311,4
人類,文化,0.908991,5
遥か,遠い,0.896722,1
遥か,遠方,0.872393,2
遥か,彼方,0.824418,3
遥か,高原,0.799629,4
遥か,遠く,0.794451,5
知り合い,知人,0.991449,1
知り合い,同伴,0.963562,2
知り合い,馴染む,0.959835,3
知り合い,親戚,0.9477,4
知り合い,受け入れ,0.946725,5
そこそこ,まあまあ,0.981066,1
そこそこ,大抵,0.966162,2
そこそこ,適当,0.965657,3
そこそこ,足りる,0.957217,4
そこそこ,均,0.948503,5
ベンチ,ドア,0.977819,1
ベンチ,扉,0.97616,2
ベンチ,テーブル,0.974529,3
ベンチ,門,0.968657,4
ベンチ,ボックス,0.957978,5
美容室,美容院,0.99294,1
美容室,美容師,0.969747,2
美容室,サロン,0.964835,3
美容室,ダイニング,0.91917,4
美容室,スタイリスト,0.90773,5
追記,替え,0.959938,1
追記,つける,0.946469,2
追記,付ける,0.945169,3
追記,付け,0.938311,4
追記,付く,0.937248,5
今朝,今週,0.980984,1
今朝,先週,0.971657,2
今朝,明日,0.97114,3
今朝,いま,0.970348,4
今朝,今月,0.966756,5
おお,ふる,0.965001,1
おお,おる,0.95954,2
おお,さえ,0.955753,3
おお,此れ,0.95038,4
おお,割と,0.950155,5
何回,何度,0.957718,1
何回,有無,0.956359,2
何回,多少,0.937456,3
何回,いずれ,0.936335,4
何回,一応,0.931261,5
悪,敵,0.957987,1
悪,悪影響,0.946011,2
悪,暴力,0.934438,3
悪,罪,0.929661,4
悪,禍,0.927786,5
発注,注文,0.981493,1
発注,買い付け,0.977662,2
発注,換金,0.961776,3
発注,ご入金,0.960918,4
発注,入金,0.956229,5
件数,多少,0.952643,1
件数,受信,0.945774,2
件数,入れる,0.943205,3
件数,インプット,0.941937,4
件数,言及,0.940122,5
閉店,休業,0.951754,1
閉店,終了,0.948718,2
閉店,収容,0.929447,3
閉店,最終日,0.900066,4
閉店,ストップ,0.889046,5
視野,足,0.959478,1
視野,腰,0.959335,2
視野,ショルダー,0.959202,3
視野,視界,0.952935,4
視野,体温,0.9526,5
絆,愛着,0.956916,1
絆,信仰,0.948712,2
絆,肝心,0.945971,3
絆,大切,0.945112,4
絆,家族,0.939953,5
改良,改善,0.95278,1
改良,効能,0.948962,2
改良,補強,0.946515,3
改良,解決策,0.942118,4
改良,築く,0.940473,5
本音,大野,0.933187,1
本音,産,0.929068,2
本音,もり,0.924446,3
本音,ネーティブ,0.922816,4
本音,瞼,0.922701,5
懸命,一生懸命,0.943027,1
懸命,努力,0.9154,2
懸命,奮闘,0.903117,3
懸命,乗り越える,0.895586,4
懸命,克服,0.893061,5
シェフ,ミュージシャン,0.916154,1
シェフ,デザイナー,0.887662,2
シェフ,職人,0.887258,3
シェフ,活用,0.885276,4
シェフ,リーダー,0.883223,5
炭酸,塩分,0.892728,1
炭酸,ナトリウム,0.891405,2
炭酸,通行,0.86509,3
炭酸,信号,0.863222,4
炭酸,入場,0.861554,5
ストップ,停止,0.96386,1
ストップ,止め,0.962232,2
ストップ,閉じる,0.951951,3
ストップ,蛇口,0.942143,4
ストップ,止まる,0.937954,5
早朝,息,0.889055,1
早朝,冷える,0.886788,2
早朝,ひんやり,0.885283,3
早朝,夜中,0.883443,4
早朝,影,0.876598,5
スタイリッシュ,スペシャル,0.840723,1
スタイリッシュ,プラダ,0.819107,2
スタイリッシュ,特製,0.815555,3
スタイリッシュ,豪華,0.810635,4
スタイリッシュ,ラグジュアリー,0.80593,5
単,のみ,0.965105,1
単,下,0.963339,2
単,底,0.952877,3
単,左,0.952726,4
単,ロー,0.951121,5
通院,受診,0.966741,1
通院,収支,0.941645,2
通院,皮膚科,0.937253,3
通院,必要,0.929077,4
通院,備える,0.929076,5
振動,投げる,0.921724,1
振動,引っ張る,0.886416,2
振動,滑る,0.867324,3
振動,変更,0.867132,4
振動,動く,0.864306,5
蜜柑,桃,0.972076,1
蜜柑,ハニー,0.9686,2
蜜柑,蜂蜜,0.957064,3
蜜柑,蜜,0.951482,4
蜜柑,サーモン,0.950011,5
探る,探し,0.921965,1
探る,手掛ける,0.903941,2
探る,為る,0.896637,3
探る,辿る,0.894545,4
探る,実践,0.89229,5
財団,本部,0.953382,1
財団,NHK,0.943019,2
財団,JR,0.93991,3
財団,市役所,0.935219,4
財団,西武,0.931759,5
御数,伊藤,0.920658,1
御数,仕舞う,0.913507,2
御数,荘,0.90821,3
御数,本舗,0.905128,4
御数,聖,0.898639,5
虎,タイガー,0.967234,1
虎,ライオン,0.95642,2
虎,矢鱈,0.858953,3
虎,竜,0.851493,4
虎,ドラゴン,0.850457,5
同僚,通う,0.959094,1
同僚,お客さん,0.953692,2
同僚,発言,0.952784,3
同僚,話,0.946945,4
同僚,住民,0.94197,5
キャベツ,大根,0.967221,1
キャベツ,白菜,0.965346,2
キャベツ,牛蒡,0.946234,3
キャベツ,胡瓜,0.940085,4
キャベツ,葱,0.927387,5
意図,意向,0.974424,1
意図,思う,0.960957,2
意図,意見,0.959891,3
意図,利用者,0.958287,4
意図,僕,0.955017,5
材質,材料,0.979462,1
材質,物質,0.964384,2
材質,素材,0.963226,3
材質,形状,0.959924,4
材質,形,0.958328,5
反省,振り返る,0.960554,1
反省,考え,0.935568,2
反省,自覚,0.931419,3
反省,思い出す,0.926132,4
反省,考える,0.923266,5
ナイロン,ポリエステル,0.980262,1
ナイロン,アルミ,0.962081,2
ナイロン,三脚,0.926347,3
ナイロン,アルミニウム,0.92153,4
ナイロン,板金,0.919365,5
ローカル,地元,0.970426,1
ローカル,近郊,0.962515,2
ローカル,近辺,0.949883,3
ローカル,近所,0.941664,4
ローカル,近隣,0.940191,5
原発,核,0.906172,1
原発,放射,0.863348,2
原発,放射線,0.819917,3
原発,合戦,0.812376,4
原発,イラン,0.807425,5
中旬,年中,0.983687,1
中旬,今季,0.974678,2
中旬,日中,0.965696,3
中旬,上旬,0.963338,4
中旬,午後,0.948854,5
時短,ショートカット,0.897001,1
時短,値引き,0.895097,2
時短,チップ,0.881977,3
時短,ワンタッチ,0.862713,4
時短,クーポン,0.858051,5
壊す,損なう,0.94014,1
壊す,崩す,0.937088,2
壊す,汚れる,0.926374,3
壊す,破れる,0.924597,4
壊す,傷付ける,0.920145,5
プリンター,デバイス,0.958772,1
プリンター,口座,0.956,2
プリンター,キーボード,0.955613,3
プリンター,モニター,0.954632,4
プリンター,掃除機,0.949174,5
霊,嘗て,0.844588,1
霊,オールド,0.837062,2
霊,御陰,0.832544,3
霊,じっと,0.830549,4
霊,古く,0.817963,5
絶品,見事,0.939513,1
絶品,素晴らしい,0.925624,2
絶品,絶妙,0.921543,3
絶品,美しい,0.890752,4
絶品,逸品,0.882463,5
ゲート,レール,0.948469,1
ゲート,足場,0.944994,2
ゲート,ドック,0.939249,3
ゲート,ブロック,0.939184,4
ゲート,旗,0.93286,5
プラグイン,チップ,0.908339,1
プラグイン,Bluetooth,0.901579,2
プラグイン,アフィリエイト,0.893962,3
プラグイン,ワイヤレス,0.893488,4
プラグイン,キャッシュレス,0.893457,5
酢,塩,0.884591,1
酢,大蒜,0.861496,2
酢,ロープ,0.833499,3
酢,塩分,0.832814,4
酢,鯖,0.830581,5
スチール,金属,0.954546,1
スチール,鋼,0.948203,2
スチール,コンクリート,0.945523,3
スチール,鉄筋,0.941133,4
スチール,ステンレス,0.934609,5
移す,回す,0.945802,1
移す,移転,0.945008,2
移す,分ける,0.944017,3
移す,去る,0.939514,4
移す,回る,0.934729,5
離す,下ろす,0.962552,1
離す,手放す,0.962504,2
離す,返す,0.950977,3
離す,回す,0.950485,4
離す,ああ,0.949285,5
究極,絶大,0.949313,1
究極,極めて,0.902415,2
究極,最高,0.891891,3
究極,レジェンド,0.8874,4
究極,偉大,0.88557,5
鰻,日曜,0.926839,1
鰻,蜜柑,0.919759,2
鰻,葡萄,0.91044,3
鰻,土日,0.903365,4
鰻,日曜日,0.901122,5
靴下,手袋,0.987104,1
靴下,ソックス,0.974882,2
靴下,ハット,0.973751,3
靴下,帽子,0.965128,4
靴下,パッド,0.95873,5
巨人,竜,0.884594,1
巨人,無限,0.843217,2
巨人,ドラゴン,0.80578,3
巨人,巨大,0.805647,4
巨人,恐竜,0.796454,5
セブン‐イレブン,ローソン,0.978672,1
セブン‐イレブン,ユニクロ,0.946365,2
セブン‐イレブン,マクドナルド,0.93129,3
セブン‐イレブン,マート,0.923577,4
セブン‐イレブン,マイナビ,0.920075,5
キャッシング,キャッシュ,0.973267,1
キャッシング,ディスプレー,0.949619,2
キャッシング,レジ,0.929906,3
キャッシング,備品,0.928526,4
キャッシング,ストレージ,0.927793,5
青年,若者,0.978491,1
青年,若手,0.920103,2
青年,青春,0.918341,3
青年,若い,0.916961,4
青年,少年,0.892756,5
グローブ,引き出し,0.966856,1
グローブ,傘,0.965645,2
グローブ,ハット,0.96152,3
グローブ,ポーチ,0.952323,4
グローブ,手袋,0.951023,5
ライティング,執筆,0.95104,1
ライティング,解決策,0.940147,2
ライティング,作詞,0.939031,3
ライティング,貢献,0.935304,4
ライティング,物語,0.933443,5
液晶,インターフェース,0.918092,1
液晶,数字,0.89431,2
液晶,センサー,0.894022,3
液晶,計算,0.892987,4
液晶,半導体,0.892758,5
しょう,む,0.984183,1
しょう,ば,0.98002,2
しょう,ず,0.971479,3
しょう,ぞ,0.96823,4
しょう,ち,0.966939,5
ipad,タブレット,0.974192,1
ipad,iPhone,0.969372,2
ipad,パソコン,0.926844,3
ipad,PC,0.921455,4
ipad,ios,0.918679,5
工作,仕事,0.991774,1
工作,ジョブ,0.975128,2
工作,働く,0.974582,3
工作,管理,0.971226,4
工作,ワーク,0.963075,5
拭く,洗い,0.974335,1
拭く,擦る,0.970463,2
拭く,乾かす,0.969789,3
拭く,拭き取る,0.969413,4
拭く,干す,0.968525,5
到達,取り扱う,0.967155,1
到達,届ける,0.962454,2
到達,行き,0.958799,3
到達,来月,0.957947,4
到達,毎日,0.957441,5
ドッグ,犬,0.994447,1
ドッグ,友人,0.925606,2
ドッグ,仲良し,0.923087,3
ドッグ,仲間,0.922762,4
ドッグ,友達,0.921441,5
退会,辞める,0.937066,1
退会,やめる,0.927693,2
退会,取り消し,0.923937,3
退会,解約,0.921175,4
退会,戻す,0.907792,5
カボチャ,ジャガ芋,0.968679,1
カボチャ,ココナッツ,0.950474,2
カボチャ,トマト,0.945916,3
カボチャ,柿,0.937358,4
カボチャ,大根,0.92925,5
両面,両方,0.937837,1
両面,両者,0.924596,2
両面,両側,0.898955,3
両面,双方,0.883453,4
両面,色々,0.865339,5
メソッド,手続き,0.974146,1
メソッド,算定,0.971944,2
メソッド,制定,0.963062,3
メソッド,制御,0.962215,4
メソッド,手順,0.959447,5
盛り,華,0.959873,1
盛り,豊,0.959155,2
盛り,吉,0.944968,3
盛り,グラン,0.942672,4
盛り,吸引,0.942145,5
順調,適する,0.947224,1
順調,適合,0.93923,2
順調,順,0.934143,3
順調,平安,0.934015,4
順調,備わる,0.933728,5
こく,里,0.991785,1
こく,期,0.985178,2
こく,階,0.976421,3
こく,部,0.97595,4
こく,録,0.972856,5
上野,香川,0.954846,1
上野,西日本,0.952634,2
上野,近畿,0.949847,3
上野,堺,0.949295,4
上野,高松,0.943827,5
服用,摂取,0.965304,1
服用,持ち込む,0.964558,2
服用,購入者,0.959602,3
服用,買い換える,0.952227,4
服用,着用,0.952046,5
根本,ずっと,0.95979,1
根本,階,0.95549,2
根本,根本的,0.954703,3
根本,山田,0.953496,4
根本,源,0.952234,5
畳む,繰る,0.968413,1
畳む,おろし,0.948742,2
畳む,巻く,0.947724,3
畳む,つ折り,0.944525,4
畳む,戻る,0.94137,5
さっ,すく,0.923682,1
さっ,ちっ,0.918628,2
さっ,ぽん,0.916684,3
さっ,ぽち,0.903124,4
さっ,まじ,0.899296,5
私自身,自分自身,0.993623,1
私自身,自己,0.99083,2
私自身,自分,0.985429,3
私自身,御自身,0.972927,4
私自身,自身,0.96754,5
グッド,良い,0.995276,1
グッド,良好,0.994638,2
グッド,好,0.991533,3
グッド,良く,0.990895,4
グッド,有利,0.981434,5
ポジティブ,好,0.987789,1
ポジティブ,グッド,0.981391,2
ポジティブ,有利,0.97642,3
ポジティブ,良い,0.97391,4
ポジティブ,良好,0.972743,5
ピーク,ハイ,0.925348,1
ピーク,最大限,0.92392,2
ピーク,増,0.920537,3
ピーク,上がり,0.920412,4
ピーク,最,0.913819,5
及ぼす,能,0.971236,1
及ぼす,判断,0.967275,2
及ぼす,続ける,0.965256,3
及ぼす,作用,0.964168,4
及ぼす,行う,0.962938,5
カー,車,0.97171,1
カー,マイカー,0.964801,2
カー,乗り物,0.955005,3
カー,車両,0.953698,4
カー,スピーカー,0.945807,5
満点,ベスト,0.917892,1
満点,最適,0.912109,2
満点,高品質,0.910579,3
満点,受賞,0.909344,4
満点,完備,0.908604,5
和風,川越,0.917432,1
和風,宇治,0.915786,2
和風,伊豆,0.913681,3
和風,奈良,0.91365,4
和風,花言葉,0.911726,5
適応,習得,0.975169,1
適応,認知,0.959265,2
適応,対処法,0.956978,3
適応,思考,0.955286,4
適応,学会,0.951812,5
味付け,調味,0.945132,1
味付け,食らう,0.94056,2
味付け,食べる,0.938729,3
味付け,食う,0.930153,4
味付け,オーディオ,0.923585,5
Gb,SD,0.982138,1
Gb,SS,0.980526,2
Gb,DS,0.978473,3
Gb,CC,0.976777,4
Gb,CM,0.975536,5
燃料,ガソリン,0.919622,1
燃料,油,0.893244,2
燃料,電力,0.890731,3
燃料,オイル,0.885122,4
燃料,石油,0.855742,5
四国,九州,0.971361,1
四国,熊本県,0.966518,2
四国,長崎,0.96567,3
四国,徳島,0.963937,4
四国,鹿児島県,0.962847,5
胃,腸,0.955161,1
胃,内臓,0.945899,2
胃,消化,0.922752,3
胃,胃腸,0.922591,4
胃,喉,0.91073,5
折り畳む,折る,0.944016,1
折り畳む,ペダル,0.917683,2
折り畳む,折畳み,0.912254,3
折り畳む,塗る,0.904826,4
折り畳む,スティック,0.902469,5
復興,振興,0.936767,1
復興,中華,0.926415,2
復興,使命,0.906211,3
復興,東洋,0.906173,4
復興,業,0.899578,5
極めて,究極,0.902415,1
極めて,リッチ,0.874436,2
極めて,絶大,0.86189,3
極めて,超,0.861561,4
極めて,非常,0.848396,5
ストック,ドメイン,0.972727,1
ストック,年版,0.950521,2
ストック,インデックス,0.949528,3
ストック,収録,0.948555,4
ストック,基盤,0.948325,5
お任せ,承諾,0.959087,1
お任せ,支給,0.956891,2
お任せ,確か,0.954471,3
お任せ,根拠,0.954261,4
お任せ,届ける,0.95095,5
保育士,ナース,0.959214,1
保育士,看護,0.951321,2
保育士,看護師,0.937743,3
保育士,接客,0.933891,4
保育士,カウンセラー,0.92746,5
点数,スコア,0.965746,1
点数,リスト,0.954028,2
点数,ページ,0.943472,3
点数,パッケージ,0.940426,4
点数,番号,0.939872,5
名義,種別,0.971805,1
名義,放置,0.969723,2
名義,一層,0.967517,3
名義,箇所,0.962112,4
名義,客,0.959062,5
引っ越す,引っ越し,0.952031,1
引っ越す,転職,0.920222,2
引っ越す,労力,0.91506,3
引っ越す,移籍,0.912847,4
引っ越す,対処,0.906809,5
アクティブ,積極,0.964871,1
アクティブ,活躍,0.962434,2
アクティブ,活躍中,0.960055,3
アクティブ,活性,0.953214,4
アクティブ,積極的,0.952234,5
ライバル,競合,0.874207,1
ライバル,抵抗,0.838431,2
ライバル,対立,0.833547,3
ライバル,捕らえる,0.821907,4
ライバル,批判,0.813165,5
確立,確保,0.968502,1
確立,定める,0.966446,2
確立,確定,0.966133,3
確立,確実,0.965819,4
確立,持続,0.964913,5
禁煙,ダイエット,0.94243,1
禁煙,消臭,0.923295,2
禁煙,対処法,0.921625,3
禁煙,ビタミン,0.915229,4
禁煙,衛生,0.914726,5
弱,弱い,0.994521,1
弱,未満,0.960047,2
弱,少,0.944607,3
弱,未経験,0.939772,4
弱,少なめ,0.938597,5
散策,散歩,0.983912,1
散策,ウォーク,0.954721,2
散策,歩く,0.940132,3
散策,ウォーキング,0.929522,4
散策,歩む,0.929115,5
バスト,チーク,0.94841,1
バスト,頬,0.947883,2
バスト,前髪,0.946482,3
バスト,ウエスト,0.943241,4
バスト,あご,0.940911,5
絶妙,素晴らしい,0.926734,1
絶妙,見事,0.922827,2
絶妙,絶品,0.921543,3
絶妙,逸品,0.91527,4
絶妙,抜群,0.908134,5
構える,技,0.961061,1
構える,製,0.956829,2
構える,策,0.955343,3
構える,築く,0.951203,4
構える,編,0.951183,5
ベーシック,基本的,0.978074,1
ベーシック,入門,0.967452,2
ベーシック,基本,0.956485,3
ベーシック,シンプル,0.95636,4
ベーシック,単純,0.94846,5
発明,工学,0.877842,1
発明,デザイナー,0.855691,2
発明,テック,0.848884,3
発明,設計,0.845398,4
発明,技術,0.843453,5
スクエア,配列,0.943786,1
スクエア,テンプレート,0.938487,2
スクエア,フレーム,0.936668,3
スクエア,フォーマット,0.927691,4
スクエア,タイル,0.927579,5
供養,御世話,0.945726,1
供養,伝授,0.931145,2
供養,シニア,0.930282,3
供養,遣り甲斐,0.927433,4
供養,孫,0.926008,5
遠く,遠方,0.963121,1
遠く,遠い,0.951554,2
遠く,彼方,0.942092,3
遠く,県外,0.89337,4
遠く,空,0.889658,5
価値観,人格,0.937906,1
価値観,性格,0.932554,2
価値観,セルフ,0.930946,3
価値観,心身,0.929333,4
価値観,信念,0.922758,5
持ち,持つ,0.981787,1
持ち,装着,0.972679,2
持ち,ネーム,0.972494,3
持ち,オーナー,0.971764,4
持ち,所持,0.970765,5
勘違い,誤解,0.952353,1
勘違い,間違う,0.936198,2
勘違い,間違える,0.928579,3
勘違い,うっかり,0.926793,4
勘違い,遅れる,0.926307,5
茨城,茨城県,0.993466,1
茨城,岡山県,0.977377,2
茨城,近畿,0.973639,3
茨城,西日本,0.97335,4
茨城,岡山,0.973304,5
ワックス,軒,0.947992,1
ワックス,盆,0.939299,2
ワックス,籠,0.935753,3
ワックス,蓋,0.93228,4
ワックス,坪,0.931952,5
同期,シリーズ,0.945232,1
同期,系列,0.944345,2
同期,統合,0.940289,3
同期,併設,0.939886,4
同期,同社,0.935501,5
肘,膝,0.968711,1
肘,肩,0.958161,2
肘,口,0.957514,3
肘,腕,0.955876,4
肘,親指,0.950492,5
幼稚,ちび,0.893866,1
幼稚,幼い,0.85928,2
幼稚,小さい,0.818458,3
幼稚,呟く,0.804765,4
幼稚,迚も,0.804389,5
背,皮,0.963989,1
背,ネック,0.958136,2
背,背中,0.957962,3
背,耐える,0.949788,4
背,額,0.947073,5
バラエティー,芸人,0.978013,1
バラエティー,エンタメ,0.90532,2
バラエティー,フェスタ,0.905254,3
バラエティー,芸能,0.902454,4
バラエティー,フェス,0.892992,5
創作,創出,0.929993,1
創作,創造,0.898644,2
創作,クリエーター,0.893834,3
創作,作り出す,0.88208,4
創作,芸術,0.867162,5
半額,格安,0.93828,1
半額,リットル,0.92919,2
半額,低価格,0.92404,3
半額,安価,0.915592,4
半額,最安値,0.912566,5
巡り,巡回,0.962296,1
巡り,巡る,0.959969,2
巡り,シーズン,0.945539,3
巡り,登場,0.944829,4
巡り,一通り,0.939635,5
必死,取り敢えず,0.872125,1
必死,痛,0.863789,2
必死,ハンガー,0.853459,3
必死,恐れ,0.853453,4
必死,痛める,0.849133,5
同梱,プロフィール,0.944715,1
同梱,組み込む,0.932765,2
同梱,ポロシャツ,0.92907,3
同梱,補助,0.927902,4
同梱,取り揃える,0.926056,5
凡そ,中々,0.947362,1
凡そ,頃,0.938732,2
凡そ,はじめ,0.938101,3
凡そ,一応,0.935187,4
凡そ,先ず,0.933634,5
録音,録画,0.96889,1
録音,フォルダー,0.951757,2
録音,アイテム,0.948444,3
録音,アドレス,0.948014,4
録音,窓,0.944259,5
ふんわり,潤い,0.925278,1
ふんわり,ふわ,0.919697,2
ふんわり,しなやか,0.916787,3
ふんわり,ふわふわ,0.915432,4
ふんわり,気楽,0.900951,5
成る程,漸と,0.94147,1
成る程,択,0.941205,2
成る程,上回る,0.93347,3
成る程,がる,0.930338,4
成る程,タレ,0.928995,5
ラブ,愛する,0.981976,1
ラブ,愛顧,0.968816,2
ラブ,愛,0.965133,3
ラブ,ハート,0.957858,4
ラブ,幸,0.957,5
クリエーター,作り出す,0.947485,1
クリエーター,デザイナー,0.945228,2
クリエーター,考案,0.924479,3
クリエーター,生成,0.910637,4
クリエーター,工夫,0.899057,5
座席,チェア,0.982628,1
座席,椅子,0.974317,2
座席,箱,0.973851,3
座席,テーブル,0.973332,4
座席,デスク,0.971437,5
フロー,上手,0.926812,1
フロー,発展,0.921902,2
フロー,進展,0.921444,3
フロー,活用,0.920029,4
フロー,増進,0.915139,5
太郎,デビッド,0.974672,1
太郎,特徴,0.954681,2
太郎,原田,0.952368,3
太郎,ジャック,0.951532,4
太郎,ジョン,0.951318,5
開花,咲く,0.972911,1
開花,咲き,0.926555,2
開花,初夏,0.920446,3
開花,春,0.918669,4
開花,明ける,0.916316,5
上級,高等,0.973136,1
上級,一級,0.968753,2
上級,マスター,0.96775,3
上級,上級者,0.966731,4
上級,トップ,0.952107,5
教科,教材,0.979541,1
教科,教科書,0.974253,2
教科,辞書,0.973828,3
教科,講義,0.971514,4
教科,文献,0.971345,5
塔,タワー,0.994429,1
塔,基地,0.947653,2
塔,ドーム,0.944116,3
塔,大橋,0.927083,4
塔,橋,0.9195,5
変身,幻想,0.756208,1
変身,魔法,0.706117,2
変身,飛ぶ,0.682362,3
変身,サプライズ,0.680184,4
変身,夢中,0.639895,5
バレエ,オーケストラ,0.864291,1
バレエ,オペラ,0.855618,2
バレエ,歌舞伎,0.808617,3
バレエ,将棋,0.788948,4
バレエ,表参道,0.785231,5
茹でる,洗う,0.956094,1
茹でる,炊く,0.9411,2
茹でる,洗い,0.939657,3
茹でる,煮る,0.939047,4
茹でる,踏む,0.935116,5
加算,足す,0.955635,1
加算,合計,0.945797,2
加算,日時,0.927147,3
加算,所在地,0.91955,4
加算,並べる,0.917235,5
車種,デバイス,0.957409,1
車種,装備,0.949968,2
車種,靴,0.941065,3
車種,キーボード,0.938798,4
車種,機種,0.934233,5
換える,服用,0.937503,1
換える,持ち込む,0.931409,2
換える,摂取,0.931181,3
換える,起きる,0.925517,4
換える,替える,0.923181,5
賠償,費用,0.94703,1
賠償,返済,0.946126,2
賠償,家賃,0.940834,3
賠償,賃料,0.937002,4
賠償,交通費,0.930237,5
預ける,預かる,0.982063,1
預ける,用事,0.962129,2
預ける,確かめる,0.95936,3
預ける,計,0.958481,4
預ける,決める,0.958277,5
血圧,血糖値,0.948686,1
血圧,血糖,0.913074,2
血圧,体重,0.89458,3
血圧,生活費,0.886144,4
血圧,寿命,0.884832,5
湧く,つる,0.890821,1
湧く,流れる,0.887229,2
湧く,生える,0.862083,3
湧く,流す,0.859423,4
湧く,つるつる,0.858258,5
年数,年齢,0.957275,1
年数,座る,0.944289,2
年数,袖,0.943844,3
年数,窓,0.942563,4
年数,柄,0.939747,5
メダル,エディション,0.890023,1
メダル,証書,0.868039,2
メダル,鍍金,0.857838,3
メダル,券,0.855055,4
メダル,クラウン,0.849246,5
拾う,一歩,0.960966,1
拾う,開ける,0.959877,2
拾う,摘む,0.95765,3
拾う,回る,0.955137,4
拾う,取り出す,0.951078,5
泳ぐ,水泳,0.950072,1
泳ぐ,走る,0.945342,2
泳ぐ,ランニング,0.940368,3
泳ぐ,プレー,0.938194,4
泳ぐ,ジョギング,0.935269,5
天使,エンジェル,0.955872,1
天使,プリンセス,0.897748,2
天使,上品,0.892658,3
天使,観音,0.870544,4
天使,理想的,0.870439,5
ブライダル,ウェディング,0.942447,1
ブライダル,花嫁,0.937361,2
ブライダル,結婚式,0.921593,3
ブライダル,エステ,0.917553,4
ブライダル,リゾート,0.908668,5
n,l,0.992155,1
n,д,0.991221,2
n,q,0.990332,3
n,u,0.989789,4
n,一,0.987794,5
民,つう,0.973293,1
民,さん,0.971874,2
民,似る,0.957333,3
民,係,0.957017,4
民,ゆう,0.95604,5
運行,稼働,0.98127,1
運行,運用,0.958073,2
運行,実施,0.942646,3
運行,実行,0.940308,4
運行,営む,0.93997,5
キャンプ場,開く,0.8739,1
キャンプ場,足す,0.863935,2
キャンプ場,数える,0.860259,3
キャンプ場,見学,0.857016,4
キャンプ場,収集,0.854547,5
黄色,イエロー,0.990699,1
黄色,黄色い,0.977905,2
黄色,黄,0.965106,3
黄色,紅,0.924382,4
黄色,夏,0.912097,5
就業,就労,0.982367,1
就業,雇用,0.970038,2
就業,職業,0.950485,3
就業,就職,0.948086,4
就業,渡航,0.943429,5
パンフレット,フォーマット,0.937069,1
パンフレット,ページ,0.931571,2
パンフレット,テンプレート,0.931495,3
パンフレット,書面,0.931333,4
パンフレット,図形,0.931223,5
各国,時代,0.934919,1
各国,各地,0.929056,2
各国,情勢,0.923467,3
各国,諸国,0.920431,4
各国,共通,0.919305,5
ステッカー,ハンカチ,0.928699,1
ステッカー,スリッパ,0.89763,2
ステッカー,ミニ,0.888505,3
ステッカー,ソックス,0.887808,4
ステッカー,リモコン,0.870389,5
動機,モチベーション,0.97075,1
動機,意欲,0.966216,2
動機,頑張る,0.952131,3
動機,活,0.947719,4
動機,信じる,0.946715,5
メタル,レーザー,0.885241,1
メタル,金属,0.862498,2
メタル,スチール,0.860596,3
メタル,技術,0.856682,4
メタル,鉄筋,0.850386,5
クリエーティブ,創造,0.894069,1
クリエーティブ,創出,0.880536,2
クリエーティブ,創作,0.863738,3
クリエーティブ,イノベーション,0.86345,4
クリエーティブ,工夫,0.826281,5
コンタクト,着ける,0.938398,1
コンタクト,着用,0.930293,2
コンタクト,装着,0.927147,3
コンタクト,選び,0.923688,4
コンタクト,つける,0.920574,5
一口,一人,0.949497,1
一口,個々,0.938683,2
一口,足元,0.924292,3
一口,省く,0.921913,4
一口,手首,0.918276,5
絶景,見所,0.943797,1
絶景,美しい,0.858338,2
絶景,天国,0.84915,3
絶景,美品,0.845702,4
絶景,奇麗,0.840588,5
従業,従事,0.967442,1
従業,採択,0.959176,2
従業,社員,0.953567,3
従業,授与,0.95278,4
従業,勤める,0.95162,5
賃金,給料,0.982132,1
賃金,給与,0.965964,2
賃金,年収,0.95828,3
賃金,口座,0.956593,4
賃金,アカウント,0.953955,5
SP,ST,0.995417,1
SP,SE,0.995383,2
SP,RE,0.994183,3
SP,r,0.993457,4
SP,g,0.993368,5
部下,勤める,0.961588,1
部下,員,0.954127,2
部下,取り扱う,0.952095,3
部下,返信,0.951538,4
部下,出席,0.951432,5
予報,関数,0.949127,1
予報,統計,0.948372,2
予報,求人情報,0.947695,3
予報,計測,0.939225,4
予報,集計,0.933111,5
プロテイン,蛋白質,0.991322,1
プロテイン,蛋白,0.976585,2
プロテイン,水産,0.93328,3
プロテイン,免疫,0.921468,4
プロテイン,大豆,0.919382,5
サマー,夏,0.955656,1
サマー,初夏,0.954533,2
サマー,夏季,0.949975,3
サマー,わく,0.931379,4
サマー,春夏,0.928081,5
県立,公立,0.960187,1
県立,標準,0.959313,2
県立,総務,0.946591,3
県立,スタンダード,0.942433,4
県立,国立,0.938367,5
帰国,暮らし,0.95499,1
帰国,帰宅,0.953683,2
帰国,帰省,0.95318,3
帰国,飼う,0.9527,4
帰国,帰る,0.95121,5
ラ,ア,0.998463,1
ラ,イ,0.996967,2
ラ,シン,0.993391,3
ラ,ド,0.993307,4
ラ,特,0.991472,5
アップロード,デリバリー,0.932166,1
アップロード,通知,0.931986,2
アップロード,ズーム,0.925767,3
アップロード,配達,0.925419,4
アップロード,配信,0.914976,5
取り出す,引き取る,0.97329,1
取り出す,取る,0.972099,2
取り出す,運ぶ,0.96947,3
取り出す,行く,0.967981,4
取り出す,採取,0.965397,5
ぁ,ぉ,0.975028,1
ぁ,ぇ,0.974288,2
ぁ,ぼ,0.960651,3
ぁ,おー,0.948235,4
ぁ,すら,0.944901,5
蓄積,長年,0.954573,1
蓄積,長期間,0.94683,2
蓄積,長期,0.945975,3
蓄積,厚み,0.934563,4
蓄積,蔵,0.934273,5
チェンジ,変える,0.945592,1
チェンジ,転換,0.913023,2
チェンジ,変化,0.893541,3
チェンジ,試みる,0.876906,4
チェンジ,起こす,0.863015,5
精神的,精神,0.918061,1
精神的,スピリチュアル,0.911126,2
精神的,内面,0.907839,3
精神的,心,0.884305,4
精神的,個性,0.879125,5
後期,結果的,0.938311,1
後期,最終,0.933608,2
後期,総,0.925995,3
後期,GW,0.925886,4
後期,右上,0.925396,5
IC,MAC,0.971072,1
IC,搭載,0.960704,2
IC,TEL,0.955306,3
IC,au,0.952434,4
IC,asp,0.949149,5
幸福,幸せ,0.990454,1
幸福,幸い,0.959848,2
幸福,喜び,0.957075,3
幸福,ラブ,0.95334,4
幸福,再会,0.951331,5
アミノ,茎,0.914827,1
アミノ,種,0.913714,2
アミノ,早,0.904054,3
アミノ,枝,0.896321,4
アミノ,貝,0.89547,5
映る,反射,0.960955,1
映る,一見,0.943082,2
映る,晩,0.941169,3
映る,液,0.938034,4
映る,彼処,0.936445,5
べい,へん,0.977621,1
べい,り,0.975786,2
べい,ゆう,0.975547,3
べい,じ,0.975281,4
べい,かく,0.975215,5
農園,ガーデン,0.972735,1
農園,園芸,0.960927,2
農園,庭園,0.958452,3
農園,ガーデニング,0.950948,4
農園,ヒーリング,0.947269,5
あける,派,0.941958,1
あける,ウエー,0.940375,2
あける,かける,0.940052,3
あける,張る,0.936299,4
あける,かわる,0.934551,5
ブーム,盛り上がる,0.866783,1
ブーム,高まる,0.866443,2
ブーム,どんどん,0.8564,3
ブーム,フレア,0.852822,4
ブーム,盛り上がり,0.851686,5
作者,著者,0.981585,1
作者,作品,0.943455,2
作者,出品,0.921965,3
作者,コンテンツ,0.921413,4
作者,描く,0.919287,5
瓶,ボトル,0.988869,1
瓶,箱,0.986096,2
瓶,封筒,0.967319,3
瓶,ボックス,0.966551,4
瓶,引き出し,0.96282,5
痛,苦痛,0.979359,1
痛,痛める,0.979128,2
痛,痛む,0.976522,3
痛,痛い,0.975865,4
痛,痛み,0.9586,5
絡む,絡める,0.92335,1
絡む,混ざる,0.825079,2
絡む,つれる,0.778481,3
絡む,発散,0.771065,4
絡む,蔓延,0.715575,5
往復,向ける,0.952177,1
往復,回る,0.950062,2
往復,乗り,0.948359,3
往復,渡す,0.947908,4
往復,尋ねる,0.947173,5
膨らむ,流す,0.924217,1
膨らむ,伸びる,0.892408,2
膨らむ,つるつる,0.871697,3
膨らむ,伸び,0.862695,4
膨らむ,いざ,0.848728,5
例年,月間,0.956756,1
例年,概ね,0.953312,2
例年,毎年,0.95225,3
例年,ロケ,0.948756,4
例年,県内,0.948616,5
アニメーション,アニメ,0.982841,1
アニメーション,エンターテインメント,0.928469,2
アニメーション,ムービー,0.9216,3
アニメーション,エンタメ,0.919087,4
アニメーション,映画,0.914676,5
賞味,味わう,0.965988,1
賞味,味わい,0.960207,2
賞味,満足,0.951104,3
賞味,好む,0.946743,4
賞味,鑑賞,0.941377,5
ファンタジー,魔法,0.827503,1
ファンタジー,幻想,0.730413,2
ファンタジー,奇跡,0.687404,3
ファンタジー,魔,0.657874,4
ファンタジー,華やか,0.649733,5
税務,税理,0.95374,1
税務,課税,0.946439,2
税務,税制,0.941294,3
税務,税,0.916519,4
税務,財政,0.907621,5
投入,利用,0.96841,1
投入,更新,0.962953,2
投入,起用,0.961294,3
投入,適用,0.959863,4
投入,作用,0.957909,5
紫外線,UV,0.926234,1
紫外線,紫外,0.921969,2
紫外線,酸,0.892947,3
紫外線,攻める,0.844639,4
紫外線,敵,0.833576,5
リピート,とる,0.939131,1
リピート,毎度,0.937619,2
リピート,取り,0.937459,3
リピート,付く,0.935526,4
リピート,つける,0.935255,5
歯磨き,洗顔,0.944495,1
歯磨き,シャンプー,0.93021,2
歯磨き,手当て,0.925143,3
歯磨き,手帳,0.921594,4
歯磨き,洗面,0.92063,5
調味料,バター,0.921248,1
調味料,醤油,0.919528,2
調味料,糖,0.91495,3
調味料,麺,0.909316,4
調味料,砂糖,0.906869,5
岩,石,0.94737,1
岩,丘,0.911483,2
岩,ストーン,0.910911,3
岩,北,0.892673,4
岩,土,0.88588,5
古,従来,0.954494,1
古,古く,0.953164,2
古,元々,0.933882,3
古,郷,0.92912,4
古,アナログ,0.920638,5
ローソン,セブン‐イレブン,0.978672,1
ローソン,ユニクロ,0.942652,2
ローソン,ドラッグストアー,0.938126,3
ローソン,マート,0.935538,4
ローソン,店舗,0.930831,5
ウインドー,視界,0.932567,1
ウインドー,ビュー,0.911344,2
ウインドー,見通し,0.910564,3
ウインドー,液,0.908759,4
ウインドー,水栓,0.90619,5
明かり,照明,0.944062,1
明かり,めん,0.910738,2
明かり,フード,0.907701,3
明かり,書く,0.906092,4
明かり,書き,0.899362,5
レジャー,レクリエーション,0.981299,1
レジャー,週末,0.935177,2
レジャー,自在,0.921903,3
レジャー,趣味,0.917401,4
レジャー,休暇,0.915857,5
仲介,調停,0.933048,1
仲介,ヒアリング,0.918477,2
仲介,共済,0.91371,3
仲介,弁護,0.91311,4
仲介,デイサービス,0.897615,5
パーカ,発,0.928047,1
パーカ,突く,0.924565,2
パーカ,キャッチ,0.921597,3
パーカ,かける,0.918085,4
パーカ,出し,0.916243,5
浮腫み,肩凝り,0.944561,1
浮腫み,面皰,0.943407,2
浮腫み,猫背,0.920649,3
浮腫み,疲れ,0.919317,4
浮腫み,便秘,0.918281,5
諸,此の,0.976374,1
諸,前述,0.973635,2
諸,所謂,0.972096,3
諸,其の,0.968434,4
諸,仲,0.966922,5
レディー,星野,0.952966,1
レディー,マリア,0.948637,2
レディー,キャリー,0.947586,3
レディー,アナ,0.945022,4
レディー,キム,0.941378,5
見守る,読み取る,0.943518,1
見守る,存知,0.943007,2
見守る,毎日,0.940281,3
見守る,取り上げる,0.93911,4
見守る,お任せ,0.937593,5
事務局,事務,0.959736,1
事務局,公務,0.944204,2
事務局,市町村,0.942357,3
事務局,部門,0.934813,4
事務局,監修,0.933309,5
新着,最新,0.844859,1
新着,新,0.8284,2
新着,集客,0.824219,3
新着,プロモーション,0.817546,4
新着,コンテスト,0.813847,5
自作,自家製,0.935527,1
自作,DIY,0.920369,2
自作,手作り,0.889963,3
自作,工房,0.882201,4
自作,創作,0.849331,5
倒れる,転倒,0.992701,1
倒れる,転ぶ,0.990913,2
倒れる,油断,0.95802,3
倒れる,壊れる,0.956505,4
倒れる,割れる,0.956116,5
スティック,折り畳む,0.902469,1
スティック,ペーパー,0.892899,2
スティック,ハンカチ,0.892749,3
スティック,ティッシュ,0.890898,4
スティック,折畳み,0.889388,5
振興,復興,0.936767,1
振興,進歩,0.929617,2
振興,進展,0.919945,3
振興,リーディング,0.917636,4
振興,主演,0.917136,5
ホワイトニング,美白,0.943818,1
ホワイトニング,脱毛,0.915636,2
ホワイトニング,新車,0.895638,3
ホワイトニング,育毛剤,0.89168,4
ホワイトニング,HP,0.885431,5
ファックス,塵箱,0.767009,1
ファックス,廃止,0.759108,2
ファックス,空き家,0.747477,3
ファックス,切手,0.738091,4
ファックス,なし,0.737746,5
出展,展示会,0.969595,1
出展,発表会,0.968411,2
出展,展,0.956916,3
出展,シンポジウム,0.953398,4
出展,節目,0.949347,5
衣類,服,0.986629,1
衣類,服装,0.981808,2
衣類,洋服,0.981299,3
衣類,衣装,0.98,4
衣類,ルーム,0.977567,5
ミーティング,会議,0.974693,1
ミーティング,講習会,0.968123,2
ミーティング,配布,0.960108,3
ミーティング,販売店,0.959076,4
ミーティング,出店,0.957188,5
ポート,号線,0.946401,1
ポート,道路,0.937282,2
ポート,部隊,0.930601,3
ポート,市役所,0.927906,4
ポート,国道,0.926619,5
嵐,強風,0.962805,1
嵐,雷,0.955904,2
嵐,豪雨,0.952502,3
嵐,狼,0.901495,4
嵐,洪水,0.901329,5
手袋,靴下,0.987104,1
手袋,ハット,0.973341,2
手袋,帽子,0.96522,3
手袋,傘,0.963324,4
手袋,袋,0.96066,5
博物館,ミュージアム,0.995615,1
博物館,博物,0.977965,2
博物館,美術館,0.974027,3
博物館,ギャラリー,0.965398,4
博物館,ライブラリー,0.958391,5
締結,校,0.952343,1
締結,中心,0.95037,2
締結,確立,0.945599,3
締結,統一,0.939714,4
締結,級,0.939697,5
和歌山,高知,0.974292,1
和歌山,九州,0.971762,2
和歌山,大分,0.971255,3
和歌山,熊本,0.967942,4
和歌山,熊本県,0.967124,5
王子,プリンス,0.931407,1
王子,玉,0.899796,2
王子,御陰様,0.898826,3
王子,聖,0.898251,4
王子,御迎え,0.891199,5
襲う,刺さる,0.937505,1
襲う,攻める,0.934082,2
襲う,攻撃,0.932503,3
襲う,衝撃,0.927684,4
襲う,喧嘩,0.916371,5
冷静,落ち着き,0.914449,1
冷静,牛乳,0.8828,2
冷静,カルシウム,0.880971,3
冷静,ヨーグルト,0.876316,4
冷静,専攻,0.870145,5
引っ張る,推す,0.95773,1
引っ張る,押す,0.948999,2
引っ張る,放る,0.942417,3
引っ張る,投げる,0.936136,4
引っ張る,叩く,0.931835,5
つれる,纏まる,0.899869,1
つれる,絡める,0.89894,2
つれる,くるくる,0.88947,3
つれる,巻き込む,0.870967,4
つれる,いざ,0.85845,5
様式,構成,0.958277,1
様式,セッティング,0.938934,2
様式,池田,0.9313,3
様式,結論,0.929696,4
様式,エンディング,0.9292,5
冷える,ひんやり,0.9468,1
冷える,冷え性,0.942567,2
冷える,冷え,0.929657,3
冷える,見逃す,0.928197,4
冷える,アッシュ,0.926258,5
相応しい,適切,0.974691,1
相応しい,適正,0.963539,2
相応しい,正しく,0.962428,3
相応しい,正しい,0.961931,4
相応しい,適合,0.961188,5
さく,っこ,0.976204,1
さく,め,0.974332,2
さく,さす,0.972252,3
さく,てく,0.971547,4
さく,み,0.971366,5
高原,高山,0.917413,1
高原,山頂,0.910909,2
高原,大山,0.889643,3
高原,星,0.88456,4
高原,山,0.877047,5
性別,身分,0.92443,1
性別,品物,0.884986,2
性別,国籍,0.884492,3
性別,定年,0.883977,4
性別,髪,0.881628,5
大半,多分,0.973676,1
大半,至る,0.965576,2
大半,多く,0.964751,3
大半,ワイド,0.962753,4
大半,広げる,0.960429,5
出典,参考,0.990665,1
出典,導入,0.975253,2
出典,概要,0.973565,3
出典,分類,0.96756,4
出典,一定,0.966802,5
大学院,大学,0.951135,1
大学院,医学部,0.942852,2
大学院,顧問,0.940284,3
大学院,カレッジ,0.939166,4
大学院,高等学校,0.937394,5
漬け,井戸,0.920283,1
漬け,堀,0.894237,2
漬け,坪,0.89281,3
漬け,籠,0.890821,4
漬け,軒,0.890549,5
収まる,受け取り,0.962567,1
収まる,滞在,0.962368,2
収まる,置く,0.961567,3
収まる,状態,0.961472,4
収まる,ベース,0.959088,5
ハンバーグ,ハンバーガー,0.971693,1
ハンバーグ,バーガー,0.964497,2
ハンバーグ,ラーメン,0.954785,3
ハンバーグ,焼き鳥,0.947528,4
ハンバーグ,ピザ,0.936986,5
礼,奥様,0.949718,1
礼,下さる,0.9494,2
礼,御礼,0.948817,3
礼,賜る,0.948538,4
礼,召し上がる,0.942895,5
偶然,偶に,0.903231,1
偶然,ばらばら,0.869173,2
偶然,漂う,0.86503,3
偶然,偶々,0.85826,4
偶然,ランダム,0.852133,5
ベランダ,一杯,0.950499,1
ベランダ,手摺,0.946484,2
ベランダ,メモ,0.943538,3
ベランダ,ノート,0.942588,4
ベランダ,卓上,0.940728,5
丘,谷,0.959228,1
丘,陸,0.95436,2
丘,月,0.946219,3
丘,ノース,0.936821,4
丘,山,0.93589,5
並行,横断,0.944527,1
並行,併用,0.916024,2
並行,連結,0.907227,3
並行,連動,0.906522,4
並行,交差,0.905338,5
ジャガ芋,カボチャ,0.968679,1
ジャガ芋,トマト,0.961989,2
ジャガ芋,ココナッツ,0.951225,3
ジャガ芋,米,0.948305,4
ジャガ芋,薩摩芋,0.940134,5
木村,中村,0.993317,1
木村,田村,0.983778,2
木村,田中,0.982495,3
木村,山田,0.979362,4
木村,佐藤,0.975954,5
ブレーク,抜ける,0.927306,1
ブレーク,落とす,0.907176,2
ブレーク,倒す,0.905005,3
ブレーク,滑る,0.903389,4
ブレーク,切れ,0.902271,5
スリーブ,席,0.96162,1
スリーブ,シート,0.957041,2
スリーブ,メモ,0.956175,3
スリーブ,一杯,0.954443,4
スリーブ,残高,0.953346,5
見なす,日々,0.967012,1
見なす,望む,0.96627,2
見なす,称する,0.964111,3
見なす,指す,0.962714,4
見なす,受け止める,0.962002,5
会見,行事,0.964135,1
会見,伝達,0.955332,2
会見,対談,0.954152,3
会見,共同,0.94258,4
会見,話し合い,0.94196,5
一歩,拾う,0.960966,1
一歩,起きる,0.949376,2
一歩,開ける,0.945279,3
一歩,触る,0.939822,4
一歩,触れる,0.934786,5
宮城,宮城県,0.994059,1
宮城,群馬県,0.985262,2
宮城,石川県,0.984643,3
宮城,群馬,0.984302,4
宮城,岐阜県,0.982949,5
ビーズ,アクセサリー,0.891029,1
ビーズ,リボン,0.877677,2
ビーズ,付属品,0.874084,3
ビーズ,卓上,0.859494,4
ビーズ,ベビーカー,0.85618,5
wordpress,ヤマハ,0.946605,1
wordpress,Google,0.942568,2
wordpress,ブランディング,0.929164,3
wordpress,ソリューション,0.925137,4
wordpress,トヨタ,0.924955,5
継ぐ,継続,0.977837,1
継ぐ,承継,0.976206,2
継ぐ,担う,0.966355,3
継ぐ,引き継ぐ,0.966251,4
継ぐ,遂に,0.959559,5
洗濯機,掃除機,0.957722,1
洗濯機,ドライヤー,0.93578,2
洗濯機,ナビ,0.930071,3
洗濯機,タイヤ,0.928626,4
洗濯機,マイカー,0.928042,5
実物,現物,0.985635,1
実物,存知,0.955606,2
実物,居る,0.947593,3
実物,座,0.941661,4
実物,目安,0.941524,5
意欲,モチベーション,0.969181,1
意欲,動機,0.966216,2
意欲,成長,0.956076,3
意欲,エナジー,0.931506,4
意欲,頑張る,0.925542,5
暗号,コンピューター,0.821568,1
暗号,テクニカル,0.818204,2
暗号,サーバー,0.799316,3
暗号,アルゴリズム,0.79688,4
暗号,プログラミング,0.791094,5
NO,否,0.988407,1
NO,不,0.982816,2
NO,不能,0.9786,3
NO,不可,0.96619,4
NO,否定,0.959357,5
行き,乗せる,0.971005,1
行き,来る,0.965743,2
行き,渡す,0.965202,3
行き,到達,0.958799,4
行き,仕入れる,0.957514,5
ついつい,つい,0.865866,1
ついつい,癖,0.865101,2
ついつい,わあ,0.861124,3
ついつい,嵌まる,0.840373,4
ついつい,踏まえる,0.838526,5
昼間,昼,0.977374,1
昼間,晴れ,0.952289,2
昼間,年中,0.944203,3
昼間,日中,0.939493,4
昼間,循環,0.93081,5
無印,着く,0.943005,1
無印,ワン,0.935383,2
無印,一面,0.932486,3
無印,すむ,0.929671,4
無印,右下,0.928464,5
中古車,中古品,0.888739,1
中古車,中古,0.882962,2
中古車,HDD,0.824122,3
中古車,ガレージ,0.785195,4
中古車,ラジオ,0.768643,5
処置,手段,0.961978,1
処置,操作,0.958635,2
処置,扱う,0.954494,3
処置,タスク,0.951496,4
処置,調整,0.95085,5
兼,約,0.975192,1
兼,向け,0.96532,2
兼,含有,0.957852,3
兼,比,0.95714,4
兼,有,0.956939,5
芯,ミリ,0.920853,1
芯,立て,0.912843,2
芯,焦点,0.910289,3
芯,エッジ,0.905667,4
芯,紐,0.903383,5
空揚げ,コマ,0.845257,1
空揚げ,BS,0.820013,2
空揚げ,えー,0.818213,3
空揚げ,仮,0.80637,4
空揚げ,抜き,0.798348,5
パスポート,給与,0.950154,1
パスポート,スーツ,0.944163,2
パスポート,モニター,0.94265,3
パスポート,ナビ,0.939245,4
パスポート,保険,0.934424,5
年代,日時,0.983484,1
年代,所在地,0.961798,2
年代,位置,0.960371,3
年代,時間帯,0.955912,4
年代,年月日,0.954827,5
アウトレット,特価,0.8983,1
アウトレット,再販,0.809083,2
アウトレット,コンビニ,0.802705,3
アウトレット,マクドナルド,0.79624,4
アウトレット,中継,0.785348,5
確かめる,留意,0.972382,1
確かめる,求める,0.964424,2
確かめる,採取,0.963676,3
確かめる,扱う,0.961682,4
確かめる,履く,0.961589,5
高知,熊本,0.986754,1
高知,熊本県,0.982224,2
高知,徳島,0.981192,3
高知,岡山,0.978362,4
高知,佐賀,0.978088,5
パナソニック,トヨタ,0.957398,1
パナソニック,ios,0.948385,2
パナソニック,ホンダ,0.943393,3
パナソニック,HP,0.942936,4
パナソニック,本田,0.93629,5
ヒーター,オーブン,0.956714,1
ヒーター,ドライヤー,0.949434,2
ヒーター,アイロン,0.925046,3
ヒーター,ストーブ,0.921576,4
ヒーター,乾燥機,0.906211,5
待機,停,0.95729,1
待機,待つ,0.956562,2
待機,ボトム,0.933564,3
待機,単に,0.931009,4
待機,背面,0.930425,5
地面,地,0.969461,1
地面,ランド,0.951397,2
地面,プレート,0.948186,3
地面,土地,0.938809,4
地面,大地,0.935019,5
アンド,張り,0.954085,1
アンド,彼,0.953486,2
アンド,桁,0.946367,3
アンド,込み,0.943704,4
アンド,埃,0.942125,5
虹,レインボー,0.933617,1
虹,桜,0.929733,2
虹,チューリップ,0.900102,3
虹,紫陽花,0.892698,4
虹,紅葉,0.884163,5
アフリカ,ミャンマー,0.852369,1
アフリカ,インドネシア,0.78744,2
アフリカ,ブラジル,0.782382,3
アフリカ,蔓延,0.776284,4
アフリカ,メキシコ,0.773685,5
知恵,師匠,0.931985,1
知恵,教養,0.931456,2
知恵,知的,0.914734,3
知恵,知れる,0.911165,4
知恵,師,0.90984,5
投資家,金融,0.887223,1
投資家,買収,0.873876,2
投資家,CEO,0.869495,3
投資家,基金,0.868402,4
投資家,経営者,0.866839,5
共演,共同,0.949628,1
共演,金曜,0.942507,2
共演,拍手,0.93613,3
共演,共用,0.930728,4
共演,年中,0.930611,5
ハリ,マチ,0.963853,1
ハリ,発,0.959054,2
ハリ,モン,0.958508,3
ハリ,がる,0.958204,4
ハリ,ウエー,0.955623,5
潰す,崩す,0.960968,1
潰す,んっ,0.929056,2
潰す,誤る,0.925721,3
潰す,剥がれる,0.922553,4
潰す,割れ,0.921673,5
群馬,群馬県,0.995397,1
群馬,岐阜県,0.985836,2
群馬,栃木県,0.98576,3
群馬,滋賀,0.98436,4
群馬,宮城,0.984302,5
覚醒,成長,0.929238,1
覚醒,追求,0.926126,2
覚醒,上達,0.902202,3
覚醒,深める,0.897166,4
覚醒,意欲,0.89646,5
剥がす,断る,0.919941,1
剥がす,断つ,0.910603,2
剥がす,抜ける,0.910536,3
剥がす,引っ張る,0.910364,4
剥がす,擦れる,0.903019,5
アイロン,ストーブ,0.932878,1
アイロン,ライター,0.926588,2
アイロン,ヒーター,0.925046,3
アイロン,フライパン,0.917258,4
アイロン,オーブン,0.892993,5
破産,倒産,0.93941,1
破産,デメリット,0.885108,2
破産,トラウマ,0.875651,3
破産,悪化,0.871584,4
破産,滞納,0.86742,5
本件,事由,0.967313,1
本件,事項,0.951105,2
本件,状況,0.949746,3
本件,とある,0.947519,4
本件,どこ,0.939457,5
兼用,アクセス,0.947177,1
兼用,ご利用,0.933885,2
兼用,視聴者,0.933339,3
兼用,使い分け,0.931364,4
兼用,メッセージ,0.928677,5
失礼,馬鹿,0.924454,1
失礼,ばか,0.922239,2
失礼,汚い,0.9104,3
失礼,悪い,0.910315,4
失礼,邪魔,0.900293,5
単品,単体,0.950636,1
単品,免除,0.93918,2
単品,分量,0.936927,3
単品,一面,0.934877,4
単品,寄せる,0.934691,5
曲がる,分かれる,0.937272,1
曲がる,傾く,0.934591,2
曲がる,溶ける,0.919655,3
曲がる,変色,0.91361,4
曲がる,折れる,0.911972,5
日本酒,和食,0.913344,1
日本酒,京都,0.906258,2
日本酒,京都府,0.895424,3
日本酒,クラシック,0.890292,4
日本酒,抹茶,0.889354,5
宝石,パール,0.930302,1
宝石,真珠,0.91731,2
宝石,ダイヤモンド,0.91501,3
宝石,ルビー,0.91113,4
宝石,クリスタル,0.889916,5
アメリカン,NY,0.94314,1
アメリカン,akb,0.932181,2
アメリカン,拡張,0.93087,3
アメリカン,多,0.929844,4
アメリカン,US,0.929145,5
小児,児,0.97601,1
小児,児童,0.973185,2
小児,子供,0.966575,3
小児,お子さん,0.961097,4
小児,チャイルド,0.959598,5
シンガポール,香港,0.942185,1
シンガポール,銀座,0.936125,2
シンガポール,韓国,0.929226,3
シンガポール,赤坂,0.910484,4
シンガポール,六本木,0.90384,5
アップル,Apple,0.969492,1
アップル,マツダ,0.921943,2
アップル,HD,0.91273,3
アップル,HP,0.896321,4
アップル,チタン,0.896238,5
レジ,カウンター,0.968775,1
レジ,チェックアウト,0.962718,2
レジ,包装,0.962034,3
レジ,メーター,0.959019,4
レジ,コピー,0.958954,5
EX,FF,0.989512,1
EX,CM,0.985498,2
EX,DS,0.983886,3
EX,BB,0.983857,4
EX,SE,0.983847,5
大規模,大型,0.982617,1
大規模,ビッグ,0.976816,2
大規模,大きな,0.960973,3
大規模,大,0.946233,4
大規模,グランド,0.94381,5
悪魔,呪い,0.941549,1
悪魔,魔王,0.923546,2
悪魔,悪質,0.922581,3
悪魔,殺人,0.917547,4
悪魔,悪,0.910429,5
盤,台,0.983275,1
盤,板,0.969277,2
盤,欄,0.964193,3
盤,列,0.963692,4
盤,方,0.963252,5
解す,綴る,0.965054,1
解す,写し,0.964228,2
解す,お復習い,0.954923,3
解す,生,0.95119,4
解す,治る,0.950442,5
ジャズ,ダイナミック,0.787146,1
ジャズ,フィリピン,0.761864,2
ジャズ,ブラジル,0.759058,3
ジャズ,メキシコ,0.755262,4
ジャズ,ダンス,0.753764,5
存知,理由,0.968621,1
存知,目安,0.968525,2
存知,知,0.966445,3
存知,所属,0.964257,4
存知,反映,0.961819,5
カウンセラー,セラピスト,0.986949,1
カウンセラー,カウンセリング,0.975387,2
カウンセラー,コーチング,0.960916,3
カウンセラー,看護,0.956614,4
カウンセラー,アドバイザー,0.949902,5
占い師,占い,0.843639,1
占い師,仕込む,0.78396,2
占い師,見合い,0.763008,3
占い師,ぜ,0.730823,4
占い師,めりはり,0.729742,5
タスク,処理,0.978478,1
タスク,作業,0.976667,2
タスク,働き,0.961674,3
タスク,セッション,0.961025,4
タスク,操作,0.958762,5
瞑想,読書,0.930801,1
瞑想,療養,0.916656,2
瞑想,ヨーガ,0.912675,3
瞑想,睡眠,0.909093,4
瞑想,保湿,0.90509,5
相続人,退職,0.940394,1
相続人,出身,0.938184,2
相続人,耐える,0.937688,3
相続人,我慢,0.934862,4
相続人,生まれ,0.934552,5
ガソリン,燃料,0.919622,1
ガソリン,ディーゼル,0.826971,2
ガソリン,ドリル,0.826888,3
ガソリン,オイル,0.824928,4
ガソリン,バッテリー,0.824832,5
市内,タウン,0.969933,1
市内,都内,0.961436,2
市内,町,0.960177,3
市内,節目,0.95747,4
市内,市街,0.955961,5
恒例,決まり,0.925641,1
恒例,院長,0.923717,2
恒例,原則,0.919287,3
恒例,原作,0.918695,4
恒例,堂,0.918563,5
でかい,特大,0.824287,1
でかい,太い,0.808876,2
でかい,満載,0.808603,3
でかい,強度,0.782678,4
でかい,ヘビー,0.780314,5
インデックス,指標,0.972288,1
インデックス,ボード,0.972027,2
インデックス,クラス,0.970725,3
インデックス,仕様,0.96924,4
インデックス,拠点,0.968708,5
金具,鍍金,0.940311,1
金具,スーツ,0.926948,2
金具,ウォッチ,0.922683,3
金具,鞄,0.913877,4
金具,CD,0.9051,5
嫌う,嫌い,0.981607,1
嫌う,辛い,0.943903,2
嫌う,嫌,0.942125,3
嫌う,不快,0.941007,4
嫌う,不満,0.940492,5
葉書,スティック,0.882988,1
葉書,はじめ,0.877866,2
葉書,切手,0.877421,3
葉書,ペーパー,0.871859,4
葉書,箸,0.871426,5
御自宅,自宅,0.991804,1
御自宅,ホーム,0.985682,2
御自宅,我が家,0.983493,3
御自宅,お家,0.977288,4
御自宅,居宅,0.974005,5
出来上がる,中途,0.957255,1
出来上がる,次第,0.951322,2
出来上がる,出来上がり,0.946355,3
出来上がる,この先,0.944723,4
出来上がる,ウイーク,0.94181,5
間隔,ポジション,0.941222,1
間隔,下地,0.940206,2
間隔,並べる,0.936252,3
間隔,期間,0.930922,4
間隔,区間,0.9298,5
デイサービス,店員,0.940314,1
デイサービス,登校,0.934969,2
デイサービス,ゼミ,0.930267,3
デイサービス,行事,0.930058,4
デイサービス,インタビュー,0.929436,5
就任,選出,0.943917,1
就任,成立,0.939209,2
就任,校,0.935577,3
就任,年版,0.933387,4
就任,オープニング,0.930935,5
此の頃,途中,0.954297,1
此の頃,年々,0.949799,2
此の頃,ウイーク,0.947421,3
此の頃,後日,0.944519,4
此の頃,沿い,0.941281,5
豚肉,肉,0.891051,1
豚肉,ハム,0.866627,2
豚肉,ベーコン,0.857758,3
豚肉,糖,0.8535,4
豚肉,ミート,0.847496,5
ソニー,ヤマハ,0.956298,1
ソニー,3M,0.951471,2
ソニー,任天堂,0.947222,3
ソニー,hulu,0.940699,4
ソニー,Microsoft,0.933968,5
よし,ええ,0.977147,1
よし,良し,0.963783,2
よし,取れる,0.953724,3
よし,済む,0.953221,4
よし,有り,0.952991,5
パイプ,ワイヤ,0.92765,1
パイプ,シャッター,0.924929,2
パイプ,コイル,0.923023,3
パイプ,回線,0.922564,4
パイプ,階段,0.911656,5
産地,地域,0.96709,1
産地,原料,0.954998,2
産地,地区,0.945376,3
産地,ロケーション,0.944811,4
産地,原材料,0.942871,5
反発,不快,0.914059,1
反発,苛々,0.906798,2
反発,損なう,0.902023,3
反発,破れる,0.901137,4
反発,対立,0.899022,5
問い,観察,0.953381,1
問い,見る,0.95124,2
問い,聞く,0.949216,3
問い,観測,0.94335,4
問い,読み取る,0.942406,5
改定,処理,0.959607,1
改定,改訂,0.956833,2
改定,実施,0.956825,3
改定,措置,0.956045,4
改定,任務,0.944708,5
全面,総合的,0.981995,1
全面,総合,0.97711,2
全面,網羅,0.970017,3
全面,全,0.968611,4
全面,統合,0.964878,5
白髪,背,0.916825,1
白髪,上下,0.908643,2
白髪,部位,0.904677,3
白髪,経つ,0.904666,4
白髪,額,0.902471,5
トライ,掛け,0.927418,1
トライ,レイ,0.920273,2
トライ,関,0.916693,3
トライ,つく,0.915906,4
トライ,計,0.915767,5
遣り甲斐,供養,0.927433,1
遣り甲斐,尽くす,0.919594,2
遣り甲斐,士,0.918498,3
遣り甲斐,肝心,0.917226,4
遣り甲斐,綴る,0.913154,5
腹,胸,0.96291,1
腹,あご,0.960051,2
腹,肉体,0.953205,3
腹,毛,0.95268,4
腹,肌,0.949718,5
ログ,事務,0.937719,1
ログ,チェックアウト,0.934243,2
ログ,バージョン,0.933967,3
ログ,期限,0.932719,4
ログ,置き場,0.923829,5
SS,SE,0.994499,1
SS,ST,0.991046,2
SS,SD,0.987772,3
SS,CM,0.985788,4
SS,SP,0.985475,5
天才,才能,0.849395,1
天才,達人,0.828231,2
天才,傑作,0.814245,3
天才,偉大,0.813864,4
天才,抜群,0.804214,5
トラベル,旅行,0.992182,1
トラベル,観光,0.951685,2
トラベル,旅,0.945862,3
トラベル,アクティビティー,0.9217,4
トラベル,キャリア,0.908953,5
彼方此方,互い,0.930621,1
彼方此方,あら,0.910817,2
彼方此方,然う然う,0.908748,3
彼方此方,たとえ,0.901271,4
彼方此方,彼処,0.898998,5
比率,割合,0.977295,1
比率,時点,0.956198,2
比率,人数,0.948212,3
比率,面積,0.946888,4
比率,位置,0.944523,5
大抵,受け付ける,0.968743,1
大抵,そこそこ,0.966162,2
大抵,有する,0.965059,3
大抵,取り上げる,0.965019,4
大抵,まあまあ,0.964523,5
コンビ,コンボ,0.944982,1
コンビ,POP,0.931765,2
コンビ,MC,0.925418,3
コンビ,BB,0.916321,4
コンビ,掛け,0.912585,5
クリーン,ヘルシー,0.948622,1
クリーン,クリア,0.946473,2
クリーン,グリーン,0.938777,3
クリーン,エコ,0.92693,4
クリーン,ヒアルロン,0.926678,5
餅,饅頭,0.964339,1
餅,タルト,0.939904,2
餅,ギョーザ,0.93725,3
餅,煎餅,0.933938,4
餅,甘酒,0.920787,5
経験者,習得,0.955176,1
経験者,体験談,0.950622,2
経験者,親身,0.946837,3
経験者,主人公,0.940138,4
経験者,培う,0.938148,5
テック,テクノロジー,0.989832,1
テック,デジタル,0.973583,2
テック,IT,0.961562,3
テック,ICT,0.960331,4
テック,技術,0.950423,5
取り除く,消す,0.961675,1
取り除く,削除,0.949469,2
取り除く,除去,0.938987,3
取り除く,拒否,0.933042,4
取り除く,撤去,0.931138,5
主役,主演,0.975596,1
主役,指導者,0.967696,2
主役,特集,0.959785,3
主役,リーディング,0.959168,4
主役,必見,0.957373,5
多々,際,0.934553,1
多々,ウエー,0.932326,2
多々,続々,0.930893,3
多々,広げる,0.923307,4
多々,ハリ,0.921743,5
昨今,今時,0.957151,1
昨今,今年,0.944656,2
昨今,今後,0.941269,3
昨今,本年,0.928793,4
昨今,動向,0.91367,5
知人,知り合い,0.991449,1
知人,同伴,0.969125,2
知人,親戚,0.967276,3
知人,馴染む,0.958801,4
知人,兄弟,0.956918,5
内定,保証,0.958278,1
内定,成約,0.958156,2
内定,代金,0.952164,3
内定,給付,0.951573,4
内定,授与,0.950735,5
メトロ,地下鉄,0.973481,1
メトロ,電鉄,0.965288,2
メトロ,鉄道,0.963948,3
メトロ,電車,0.962376,4
メトロ,銀行,0.949323,5
多彩,彩り,0.87635,1
多彩,原宿,0.864261,2
多彩,カラフル,0.832971,3
多彩,光る,0.820697,4
多彩,華やか,0.818732,5
記す,備える,0.96457,1
記す,読み,0.962885,2
記す,預かる,0.962287,3
記す,筆記,0.961066,4
記す,写し,0.956888,5
見込み,付与,0.960883,1
見込み,理,0.951471,2
見込み,しめる,0.950781,3
見込み,目的,0.948796,4
見込み,旨,0.948214,5
コラーゲン,健康的,0.952197,1
コラーゲン,ヒアルロン,0.933034,2
コラーゲン,オメガ,0.928014,3
コラーゲン,健全,0.926425,4
コラーゲン,健やか,0.92501,5
スポンジ,素人,0.873321,1
スポンジ,暫く,0.869635,2
スポンジ,ガーゼ,0.857214,3
スポンジ,空ける,0.854132,4
スポンジ,空く,0.852015,5
配る,済む,0.949577,1
配る,満たす,0.945491,2
配る,フェイス,0.942571,3
配る,都合,0.942097,4
配る,昼食,0.941877,5
マインド,思考,0.956472,1
マインド,意識,0.946661,2
マインド,考える,0.943372,3
マインド,ライフ,0.938287,4
マインド,生涯,0.936691,5
象徴,アーチ,0.918581,1
象徴,殿,0.913008,2
象徴,道,0.910961,3
象徴,モチーフ,0.897737,4
象徴,万,0.887555,5
α,甲,0.978787,1
α,φ,0.976388,2
α,q,0.976102,3
α,n,0.973672,4
α,此方,0.971213,5
インストラクター,教授,0.988468,1
インストラクター,講師,0.979904,2
インストラクター,教師,0.976596,3
インストラクター,教員,0.968185,4
インストラクター,顧問,0.959192,5
ごま,葱,0.961494,1
ごま,オリーブ,0.956213,2
ごま,米,0.955321,3
ごま,玉葱,0.949302,4
ごま,綿,0.949166,5
バンク,銀行,0.983901,1
バンク,鉄道,0.948894,2
バンク,メトロ,0.946213,3
バンク,金融機関,0.937494,4
バンク,データベース,0.936447,5
制服,公式,0.966101,1
制服,テンプレート,0.951052,2
制服,フォーマット,0.950898,3
制服,カタログ,0.947111,4
制服,規定,0.945605,5
自動的,今日,0.922778,1
自動的,フェーズ,0.920255,2
自動的,現在,0.918948,3
自動的,アクセス,0.914066,4
自動的,本日,0.912333,5
湿度,湿気,0.941886,1
湿度,昨日,0.922413,2
湿度,数カ月,0.913117,3
湿度,サンド,0.911591,4
湿度,辺り,0.908227,5
新車,Mac,0.938594,1
新車,BMW,0.93639,2
新車,EV,0.918993,3
新車,iPhone,0.914821,4
新車,ipad,0.908317,5
あんな,ぜ,0.903592,1
あんな,又,0.88936,2
あんな,ば,0.884752,3
あんな,因む,0.879219,4
あんな,びっ,0.867645,5
フォーマル,正式,0.96008,1
フォーマル,理事,0.911362,2
フォーマル,法定,0.905798,3
フォーマル,法要,0.888283,4
フォーマル,規約,0.879737,5
回り,出る,0.959275,1
回り,沿い,0.950396,2
回り,出来,0.944391,3
回り,音,0.942813,4
回り,時半,0.942094,5
留める,留まる,0.981823,1
留める,おく,0.97575,2
留める,臨む,0.966553,3
留める,宿,0.964323,4
留める,出身,0.954929,5
訴訟,税務,0.882363,1
訴訟,買収,0.873567,2
訴訟,税理,0.857304,3
訴訟,課税,0.847381,4
訴訟,納税,0.844908,5
福井,鳥取,0.977932,1
福井,滋賀,0.973275,2
福井,山梨県,0.972436,3
福井,滋賀県,0.966538,4
福井,山梨,0.966367,5
迫力,インパクト,0.906813,1
迫力,強烈,0.89067,2
迫力,急速,0.874966,3
迫力,スピード,0.872795,4
迫力,強力,0.859332,5
念,うかがう,0.938389,1
念,思い,0.912454,2
念,存ずる,0.898667,3
念,思い付く,0.898658,4
念,欅,0.89641,5
スイング,ジャンプ,0.882005,1
スイング,サーフ,0.867923,2
スイング,弾ける,0.861732,3
スイング,勢い,0.85149,4
スイング,興奮,0.841278,5
裏側,裏面,0.984622,1
裏側,裏,0.948763,2
裏側,別々,0.92694,3
裏側,潜む,0.916699,4
裏側,隠れる,0.897498,5
香水,ジュエリー,0.910559,1
香水,エステ,0.890637,2
香水,エルメス,0.880264,3
香水,コスメ,0.87968,4
香水,化粧,0.8647,5
締め切り,期日,0.940894,1
締め切り,納期,0.918654,2
締め切り,期限,0.911533,3
締め切り,試験,0.892851,4
締め切り,追跡,0.886184,5
ボイス,音声,0.970078,1
ボイス,通話,0.948428,2
ボイス,外出,0.941268,3
ボイス,オーディオ,0.940359,4
ボイス,乗る,0.939975,5
欧州,ヨーロッパ,0.989273,1
欧州,イギリス,0.964203,2
欧州,北京,0.960031,3
欧州,英国,0.959946,4
欧州,ジャパン,0.956959,5
立ち上げる,始動,0.913718,1
立ち上げる,再開,0.906081,2
立ち上げる,発動,0.901988,3
立ち上げる,スタート,0.901346,4
立ち上げる,開設,0.896694,5
侵入,違反,0.971179,1
侵入,侵害,0.960425,2
侵入,攻撃,0.957383,3
侵入,妨害,0.951572,4
侵入,不倫,0.943603,5
観戦,来店,0.958445,1
観戦,見学,0.950872,2
観戦,観覧,0.944173,3
観戦,年内,0.942279,4
観戦,搭乗,0.940855,5
訂正,補正,0.967699,1
訂正,計上,0.952938,2
訂正,輸入,0.952595,3
訂正,払い,0.948355,4
訂正,請求,0.947445,5
行列,府,0.926369,1
行列,集約,0.919383,2
行列,庁,0.913956,3
行列,協定,0.907373,4
行列,官,0.905475,5
ヒーリング,治癒,0.982729,1
ヒーリング,養生,0.970425,2
ヒーリング,ヨーガ,0.958924,3
ヒーリング,癒し,0.95469,4
ヒーリング,ガーデン,0.952119,5
泉,あさ,0.918894,1
泉,小川,0.907726,2
泉,鳥取,0.904129,3
泉,午前,0.896908,4
泉,スプリング,0.894706,5
Apple,アップル,0.969492,1
Apple,BMW,0.913904,2
Apple,マツダ,0.913876,3
Apple,ソニー,0.910002,4
Apple,iPhone,0.905629,5
フレッシュ,新鮮,0.984573,1
フレッシュ,瑞々しい,0.958619,2
フレッシュ,グリーン,0.943708,3
フレッシュ,さっぱり,0.919995,4
フレッシュ,エコ,0.917728,5
落ち,陥る,0.933497,1
落ち,隙,0.93303,2
落ち,見逃す,0.927374,3
落ち,失う,0.92223,4
落ち,落ちる,0.921037,5
興奮,刺激,0.881828,1
興奮,勢い,0.855008,2
興奮,情熱,0.845706,3
興奮,スイング,0.841278,4
興奮,弾ける,0.830845,5
ひく,少し,0.934997,1
ひく,マイナー,0.934027,2
ひく,少々,0.933733,3
ひく,小,0.930388,4
ひく,些細,0.930165,5
地獄,ハザード,0.891484,1
地獄,ダンジョン,0.867681,2
地獄,火災,0.862082,3
地獄,爆発,0.85837,4
地獄,攻撃,0.858272,5
文句,文,0.985594,1
文句,事,0.984663,2
文句,テキスト,0.984484,3
文句,題,0.97804,4
文句,内容,0.97713,5
奥さん,奥様,0.965393,1
奥さん,高田,0.952846,2
奥さん,中村,0.950442,3
奥さん,田村,0.950126,4
奥さん,木村,0.948524,5
直径,面積,0.970572,1
直径,密度,0.96188,2
直径,壁,0.944531,3
直径,フロア,0.933306,4
直径,ルーフ,0.930734,5
マン,男,0.98741,1
マン,男性,0.980341,2
マン,男子,0.97212,3
マン,リアル,0.951906,4
マン,継ぐ,0.940591,5
細菌,菌,0.940701,1
細菌,虫,0.914577,2
細菌,害虫,0.892245,3
細菌,鼠,0.88636,4
細菌,蚊,0.874846,5
ダイソー,ローソン,0.929035,1
ダイソー,ユニクロ,0.923931,2
ダイソー,コストコ,0.916717,3
ダイソー,セブン‐イレブン,0.915314,4
ダイソー,PayPay,0.898075,5
歌手,ミュージシャン,0.94698,1
歌手,俳優,0.934099,2
歌手,女優,0.929461,3
歌手,役者,0.90821,4
歌手,コンサート,0.90595,5
ボス,大手,0.954614,1
ボス,キング,0.940577,2
ボス,ユナイテッド,0.938411,3
ボス,主任,0.935979,4
ボス,幹部,0.932611,5
w,v,0.997356,1
w,g,0.9969,2
w,r,0.996105,3
w,k,0.995633,4
w,e,0.994719,5
チューブ,ワイヤ,0.935431,1
チューブ,缶,0.925262,2
チューブ,ラバー,0.923615,3
チューブ,シェル,0.914209,4
チューブ,仕切り,0.913261,5
果実,果物,0.986888,1
果実,フルーツ,0.983959,2
果実,葡萄,0.972704,3
果実,桃,0.972169,4
果実,メロン,0.962975,5
最中,中間,0.988828,1
最中,ミドル,0.981839,2
最中,中,0.980093,3
最中,一部,0.974672,4
最中,ミディアム,0.973349,5
煮る,煮,0.991346,1
煮る,煮込む,0.983114,2
煮る,炊く,0.977492,3
煮る,茹でる,0.939047,4
煮る,加熱,0.908798,5
指名,ネーム,0.929643,1
指名,個,0.922336,2
指名,装着,0.922253,3
指名,薪,0.9218,4
指名,保有,0.92095,5
寮,営業所,0.937706,1
寮,店頭,0.933561,2
寮,店,0.931544,3
寮,市町村,0.925601,4
寮,町,0.92372,5
某,デ,0.982183,1
某,X,0.981627,2
某,ド,0.981076,3
某,ユ,0.979786,4
某,NG,0.979139,5
永遠,オーク,0.899188,1
永遠,源泉,0.885608,2
永遠,永久,0.875079,3
永遠,遺産,0.872406,4
永遠,大谷,0.869682,5
突入,挑戦,0.896809,1
突入,フレア,0.894084,2
突入,ラッシュ,0.880798,3
突入,敢えて,0.872163,4
突入,激しい,0.870287,5
NPO,公益,0.935192,1
NPO,授業,0.923091,2
NPO,ハローワーク,0.910687,3
NPO,司会,0.907566,4
NPO,中学,0.905485,5
会館,ホール,0.934891,1
会館,館,0.928196,2
会館,プラザ,0.9241,3
会館,会場,0.914763,4
会館,広場,0.914047,5
御握り,直し,0.916435,1
御握り,熟す,0.905654,2
御握り,番,0.900248,3
御握り,纏める,0.896973,4
御握り,当たり,0.895518,5
ω,上,0.954561,1
ω,格,0.947346,2
ω,像,0.942752,3
ω,オール,0.941992,4
ω,右上,0.941413,5
トート,トレー,0.968855,1
トート,ラップ,0.964941,2
トート,包,0.952354,3
トート,名入れ,0.950264,4
トート,帳,0.94792,5
五輪,オリンピック,0.946266,1
五輪,選手権,0.928972,2
五輪,決勝,0.917393,3
五輪,大賞,0.916612,4
五輪,展,0.900258,5
親しむ,愛顧,0.966286,1
親しむ,似合う,0.964661,2
親しむ,好む,0.961345,3
親しむ,感激,0.960266,4
親しむ,再会,0.955856,5
労働者,移動,0.869145,1
労働者,ワーカー,0.86811,2
労働者,通報,0.866387,3
労働者,検知,0.861481,4
労働者,伸縮,0.855204,5
相互,双方,0.94578,1
相互,互い,0.926379,2
相互,其々,0.923639,3
相互,出来,0.922357,4
相互,関係者,0.920459,5
ハンガー,痛む,0.939044,1
ハンガー,吐き気,0.934799,2
ハンガー,傷,0.926041,3
ハンガー,損,0.92477,4
ハンガー,痛,0.919676,5
ネーティブ,生,0.952812,1
ネーティブ,培う,0.952502,2
ネーティブ,捧げる,0.951223,3
ネーティブ,信じる,0.950903,4
ネーティブ,志,0.948876,5
書き方,書き,0.960702,1
書き方,返答,0.956229,2
書き方,理解,0.955359,3
書き方,デイリー,0.951164,4
書き方,完成,0.948078,5
折,ど,0.935883,1
折,下す,0.931191,2
折,ロー,0.92717,3
折,す,0.925539,4
折,毛先,0.924503,5
推薦,推奨,0.988757,1
推薦,アシスト,0.968994,2
推薦,支援,0.946236,3
推薦,オススメ,0.939877,4
推薦,マイページ,0.939571,5
刺す,刺さる,0.917252,1
刺す,切開,0.89345,2
刺す,切れる,0.880978,3
刺す,酸,0.871448,4
刺す,傷付ける,0.86857,5
森林,自然,0.960599,1
森林,木々,0.954448,2
森林,森,0.935666,3
森林,樹木,0.924822,4
森林,樹,0.906479,5
犯人,敵,0.944028,1
犯人,毒,0.934009,2
犯人,違反,0.92444,3
犯人,中傷,0.921862,4
犯人,妨害,0.910827,5
崩壊,暴落,0.972074,1
崩壊,破綻,0.964915,2
崩壊,ハザード,0.956205,3
崩壊,破壊,0.948265,4
崩壊,事故,0.945024,5
ホース,ロープ,0.891749,1
ホース,積む,0.890448,2
ホース,輪,0.874705,3
ホース,立てる,0.867932,4
ホース,ロッド,0.861646,5
サポーター,貢献,0.966033,1
サポーター,寄与,0.96458,2
サポーター,味方,0.957309,3
サポーター,リピーター,0.952444,4
サポーター,促進,0.94937,5
羽根,羽,0.951832,1
羽根,ばら,0.923239,2
羽根,叶う,0.920663,3
羽根,潤う,0.915703,4
羽根,リーフ,0.886219,5
インフラ,資本,0.948156,1
インフラ,ビル,0.943674,2
インフラ,土木,0.936319,3
インフラ,データベース,0.934922,4
インフラ,合金,0.922362,5
リセット,フィルター,0.899774,1
リセット,ストラップ,0.875801,2
リセット,取り消し,0.872168,3
リセット,クリップ,0.867258,4
リセット,ラバー,0.865147,5
著作権,技術,0.932588,1
著作権,ソフトウェア,0.926999,2
著作権,法律,0.924584,3
著作権,データベース,0.911224,4
著作権,OS,0.908352,5
克服,乗り越える,0.958697,1
克服,頑張る,0.952732,2
克服,努力,0.9468,3
克服,乗り切る,0.940811,4
克服,スタミナ,0.938591,5
壁紙,壁掛け,0.959764,1
壁紙,カーテン,0.944022,2
壁紙,置き物,0.928683,3
壁紙,絨毯,0.919132,4
壁紙,マットレス,0.91852,5
ベリー,ブルーベリー,0.981434,1
ベリー,苺,0.963811,2
ベリー,林檎,0.957335,3
ベリー,ナッツ,0.94146,4
ベリー,果実,0.940709,5
電波,乗り換える,0.870673,1
電波,乗り換え,0.8494,2
電波,信号,0.842144,3
電波,天気,0.839945,4
電波,乗車,0.822444,5
on,オン,0.965685,1
on,パート,0.962882,2
on,号,0.961555,3
on,フロント,0.958547,4
on,付,0.958355,5
オーブン,ヒーター,0.956714,1
オーブン,ドライヤー,0.944711,2
オーブン,洗濯機,0.924436,3
オーブン,フライパン,0.918417,4
オーブン,乾燥機,0.904979,5
ディナー,夕食,0.944895,1
ディナー,食卓,0.943879,2
ディナー,贈与,0.936042,3
ディナー,贈り物,0.934278,4
ディナー,献立,0.933766,5
ドラム,太鼓,0.881933,1
ドラム,ゲーム,0.808238,2
ドラム,駆動,0.804025,3
ドラム,推進,0.802772,4
ドラム,RPG,0.80165,5
合意,対応,0.978243,1
合意,成り立つ,0.972597,2
合意,含める,0.971787,3
合意,員,0.970278,4
合意,表明,0.969673,5
ふ,つ,0.99273,1
ふ,し,0.991146,2
ふ,ち,0.988741,3
ふ,こ,0.985442,4
ふ,ろ,0.980304,5
寄り添う,ケア,0.9702,1
寄り添う,姉妹,0.955358,2
寄り添う,親子,0.955088,3
寄り添う,好意,0.954136,4
寄り添う,家庭,0.952537,5
伊勢,出雲,0.976872,1
伊勢,瀬戸,0.969926,2
伊勢,信州,0.96666,3
伊勢,松山,0.956947,4
伊勢,熊野,0.955528,5
下部,とこ,0.975502,1
下部,左側,0.959086,2
下部,収まる,0.958137,3
下部,もと,0.956672,4
下部,すむ,0.948568,5
す,な,0.987419,1
す,さ,0.985298,2
す,じゃ,0.984533,3
す,こ,0.979125,4
す,ど,0.977601,5
はさみ,カッター,0.944479,1
はさみ,包丁,0.927455,2
はさみ,カットソー,0.925728,3
はさみ,ドリル,0.891013,4
はさみ,ブレード,0.890849,5
我,我が,0.988676,1
我,僕,0.987699,2
我,見方,0.977771,3
我,トーン,0.973642,4
我,本人,0.97217,5
管理者,管理職,0.990269,1
管理者,管理人,0.984761,2
管理者,マネージャー,0.965311,3
管理者,経営者,0.964738,4
管理者,監督,0.962449,5
ディーラー,営業所,0.965649,1
ディーラー,商社,0.965341,2
ディーラー,業者,0.962228,3
ディーラー,加盟,0.954285,4
ディーラー,代理店,0.951639,5
ビジュアル,イメージ,0.975969,1
ビジュアル,著者,0.931244,2
ビジュアル,コンテンツ,0.92944,3
ビジュアル,構図,0.926008,4
ビジュアル,画面,0.925956,5
バーベキュー,BBQ,0.968534,1
バーベキュー,焼き肉,0.937323,2
バーベキュー,飲み会,0.825541,3
バーベキュー,誕生日,0.799082,4
バーベキュー,カレー,0.788097,5
昼食,ランチ,0.981727,1
昼食,飯,0.964118,2
昼食,朝食,0.963845,3
昼食,御飯,0.961311,4
昼食,私服,0.957134,5
砂,サンド,0.933334,1
砂,曇り,0.906413,2
砂,溝,0.861133,3
砂,待ち,0.857932,4
砂,辺り,0.857887,5
読み,書き,0.970006,1
読み,読む,0.965923,2
読み,読み取る,0.965742,3
読み,知る,0.965526,4
読み,視,0.965069,5
自覚,考え方,0.942897,1
自覚,習得,0.937581,2
自覚,思想,0.933707,3
自覚,養成,0.932313,4
自覚,反省,0.931419,5
遅延,遅れ,0.945178,1
遅延,遅れる,0.935105,2
遅延,ストール,0.933632,3
遅延,故,0.912511,4
遅延,もう,0.911025,5
引き出し,袋,0.973507,1
引き出し,ボトル,0.973392,2
引き出し,傘,0.967708,3
引き出し,デスク,0.966856,4
引き出し,グローブ,0.966856,5
恐ろしい,恐怖,0.979422,1
恐ろしい,怖い,0.962781,2
恐ろしい,危ない,0.962005,3
恐ろしい,酷い,0.931217,4
恐ろしい,凄い,0.929903,5
辿り着く,道程,0.946663,1
辿り着く,思う,0.941328,2
辿り着く,認識,0.941323,3
辿り着く,預かる,0.935217,4
辿り着く,引き継ぐ,0.935068,5
正体,具合,0.935425,1
正体,内部,0.925443,2
正体,スタンス,0.922598,3
正体,耐える,0.92011,4
正体,待遇,0.918645,5
折れる,溶ける,0.91689,1
折れる,曲がる,0.911972,2
折れる,揺る,0.9101,3
折れる,滑る,0.908605,4
折れる,一時,0.904273,5
渡辺,遠藤,0.991158,1
渡辺,加藤,0.991155,2
渡辺,吉田,0.988565,3
渡辺,前田,0.986315,4
渡辺,鈴木,0.984801,5
狼,雷,0.908769,1
狼,嵐,0.901495,2
狼,強風,0.893981,3
狼,豪雨,0.873105,4
狼,大雨,0.856869,5
経理,会計,0.945713,1
経理,監査,0.945294,2
経理,法務,0.93989,3
経理,仕入れ,0.939803,4
経理,業務用,0.939485,5
岳,奥,0.963379,1
岳,経,0.960166,2
岳,廻,0.94994,3
岳,遂に,0.938656,4
岳,大野,0.937648,5
駆除,撃つ,0.867383,1
駆除,切開,0.852377,2
駆除,切断,0.847561,3
駆除,逮捕,0.840242,4
駆除,打撃,0.834954,5
ダイレクト,利用,0.950243,1
ダイレクト,使用,0.950008,2
ダイレクト,投入,0.949675,3
ダイレクト,取得,0.94694,4
ダイレクト,更新,0.943079,5
たとえ,留める,0.954156,1
たとえ,源,0.951891,2
たとえ,おく,0.951172,3
たとえ,そっくり,0.949697,4
たとえ,言わば,0.948629,5
直,ストレート,0.979065,1
直,立,0.96699,2
直,実,0.954683,3
直,段,0.950464,4
直,立て,0.949697,5
肢,当たる,0.958322,1
肢,現,0.954816,2
肢,すすめる,0.952009,3
肢,皮,0.950777,4
肢,引き,0.950323,5
掌,親指,0.966423,1
掌,腕,0.957924,2
掌,手指,0.947287,3
掌,口,0.943464,4
掌,手元,0.941678,5
極端,爆発,0.865739,1
極端,とんでも,0.847525,2
極端,津波,0.835747,3
極端,怪獣,0.83446,4
極端,眩しい,0.824565,5
紫外,UV,0.964462,1
紫外,紫外線,0.921969,2
紫外,放射,0.816956,3
紫外,酸,0.81692,4
紫外,放射線,0.804276,5
井上,内田,0.983003,1
井上,石井,0.978159,2
井上,斎藤,0.973736,3
井上,遠藤,0.972171,4
井上,吉田,0.972054,5
持ち込む,持参,0.972842,1
持ち込む,摂取,0.969547,2
持ち込む,服用,0.964558,3
持ち込む,持ち込み,0.964027,4
持ち込む,取り寄せる,0.963544,5
ループ,繰り返す,0.913561,1
ループ,繰り返し,0.910192,2
ループ,信号,0.903394,3
ループ,複製,0.894588,4
ループ,経由,0.890788,5
セールス,リクルート,0.961531,1
セールス,営業,0.959087,2
セールス,商,0.953018,3
セールス,販売,0.952904,4
セールス,販促,0.947667,5
乗り越える,克服,0.958697,1
乗り越える,動機,0.935974,2
乗り越える,努力,0.927224,3
乗り越える,頑張る,0.923972,4
乗り越える,乗り切る,0.919514,5
懸念,心配,0.955197,1
懸念,別れる,0.921944,2
懸念,恐れる,0.911964,3
懸念,別れ,0.883023,4
懸念,恐れ,0.881822,5
賢い,熟練,0.959122,1
賢い,知的,0.906414,2
賢い,器用,0.903625,3
賢い,優秀,0.902124,4
賢い,強み,0.900566,5
ブラウス,シャツ,0.982587,1
ブラウス,トップス,0.970287,2
ブラウス,ポロシャツ,0.967287,3
ブラウス,衣,0.961504,4
ブラウス,タオル,0.961501,5
皮脂,排泄,0.93726,1
皮脂,毛穴,0.931841,2
皮脂,尿,0.901951,3
皮脂,吐く,0.885364,4
皮脂,汗,0.872089,5
物流,経営,0.96866,1
物流,マネージメント,0.959506,2
物流,調達,0.954874,3
物流,製造業,0.954187,4
物流,産業,0.953058,5
妊婦,妊娠中,0.919391,1
妊婦,長寿,0.891077,2
妊婦,妊娠,0.890814,3
妊婦,配偶者,0.884118,4
妊婦,両親,0.880628,5
エレベーター,ユーロ,0.941312,1
エレベーター,設備,0.938284,2
エレベーター,机,0.936902,3
エレベーター,ポータル,0.932564,4
エレベーター,機器,0.931821,5
こつこつ,わし,0.881249,1
こつこつ,踏まえる,0.877397,2
こつこつ,しょう,0.875228,3
こつこつ,癖,0.863843,4
こつこつ,振る,0.86377,5
イタリアン,熱海,0.940383,1
イタリアン,イタリア,0.931187,2
イタリアン,タイ,0.921409,3
イタリアン,スペイン,0.919968,4
イタリアン,観光地,0.919571,5
無限,巨大,0.874057,1
無限,壮大,0.863184,2
無限,コスモス,0.843666,3
無限,巨人,0.843217,4
無限,伝説,0.840239,5
蕎麦,栗,0.960208,1
蕎麦,玄米,0.95999,2
蕎麦,純米,0.951387,3
蕎麦,椎茸,0.943347,4
蕎麦,玉蜀黍,0.941742,5
帳,処,0.972382,1
帳,庫,0.971044,2
帳,名入れ,0.966047,3
帳,丈,0.965027,4
帳,ウェア,0.963099,5
湘南,愛媛,0.972648,1
湘南,愛媛県,0.972515,2
湘南,香川,0.961989,3
湘南,沖縄県,0.958746,4
湘南,沖縄,0.954271,5
歩む,歩く,0.992357,1
歩む,走る,0.986947,2
歩む,歩,0.986496,3
歩む,ウォーク,0.986413,4
歩む,踏む,0.977657,5
執行,実施,0.978531,1
執行,実行,0.976719,2
執行,運用,0.96256,3
執行,遂行,0.95807,4
執行,任務,0.953779,5
並み,当たり前,0.972773,1
並み,常温,0.956821,2
並み,普通,0.955977,3
並み,通常,0.955961,4
並み,表面,0.955889,5
良品,有益,0.960773,1
良品,クオリティー,0.950992,2
良品,良質,0.947675,3
良品,役立つ,0.945175,4
良品,良好,0.944518,5
救急,消防,0.889508,1
救急,防災,0.851582,2
救急,リアルタイム,0.840295,3
救急,電力,0.833981,4
救急,働く,0.814399,5
スタイリング,コスメ,0.952686,1
スタイリング,着こなし,0.952291,2
スタイリング,化粧品,0.949083,3
スタイリング,美容,0.93861,4
スタイリング,着付け,0.934044,5
プロデュース,プロデューサー,0.965866,1
プロデュース,開発,0.959592,2
プロデュース,事業,0.956878,3
プロデュース,プロジェクト,0.953944,4
プロデュース,企画,0.948012,5
三菱,日立,0.974992,1
三菱,東急,0.966208,2
三菱,NTT,0.962739,3
三菱,本田,0.960335,4
三菱,ドコモ,0.960207,5
ウール,檜,0.957996,1
ウール,ウッド,0.945657,2
ウール,乳,0.945078,3
ウール,木製,0.93818,4
ウール,熟成,0.929586,5
三浦,前田,0.991232,1
三浦,松田,0.98975,2
三浦,上田,0.986342,3
三浦,加藤,0.98627,4
三浦,高田,0.984987,5
上回る,上げ,0.959889,1
上回る,運,0.959794,2
上回る,際,0.954091,3
上回る,発,0.948294,4
上回る,ハリ,0.947817,5
エクササイズ,運動,0.963206,1
エクササイズ,フィットネス,0.960868,2
エクササイズ,トレーニング,0.95455,3
エクササイズ,練る,0.953458,4
エクササイズ,学習,0.943369,5
定価,説明書,0.971123,1
定価,レポート,0.961596,2
定価,資料,0.961263,3
定価,ドキュメント,0.960714,4
定価,仕様,0.960596,5
ファンデーション,ウォッチ,0.959958,1
ファンデーション,鞄,0.955686,2
ファンデーション,服,0.951859,3
ファンデーション,アパート,0.951736,4
ファンデーション,ズボン,0.949653,5
開店,販売中,0.954347,1
開店,出店,0.950888,2
開店,開通,0.944502,3
開店,開業,0.940609,4
開店,発売,0.937308,5
秘訣,シークレット,0.807437,1
秘訣,秘密,0.704113,2
秘訣,希少,0.688711,3
秘訣,レア,0.676279,4
秘訣,唯一,0.63461,5
表彰,賞与,0.953883,1
表彰,入学式,0.920221,2
表彰,特集,0.910327,3
表彰,当選,0.904312,4
表彰,福利,0.903506,5
融合,組合,0.930821,1
融合,拡張,0.916162,2
融合,マルチ,0.911136,3
融合,連動,0.910445,4
融合,発展,0.891656,5
東洋,中華,0.929553,1
東洋,ギリシャ,0.928406,2
東洋,復興,0.906173,3
東洋,エジプト,0.899139,4
東洋,キングダム,0.891519,5
移る,変わり,0.971747,1
移る,変わる,0.960428,2
移る,分かれる,0.936981,3
移る,流す,0.92364,4
移る,傾ける,0.906881,5
アクア,ブルー,0.944505,1
アクア,青色,0.941351,2
アクア,清水,0.938672,3
アクア,さっぱり,0.93799,4
アクア,緑色,0.927956,5
パズル,企画,0.857698,1
パズル,造形,0.846354,2
パズル,デザイン,0.845248,3
パズル,ゲーム,0.842363,4
パズル,設計,0.84069,5
的中,中,0.986676,1
的中,並びに,0.981672,2
的中,状,0.98112,3
的中,調,0.98105,4
的中,式,0.980878,5
修了,免責,0.920031,1
修了,クローズ,0.907446,2
修了,閉鎖,0.899704,3
修了,終了,0.897692,4
修了,免除,0.896404,5
高温,ファイア,0.938217,1
高温,燃える,0.936455,2
高温,沸騰,0.92767,3
高温,燃焼,0.926265,4
高温,炎,0.907429,5
覗く,バット,0.857832,1
覗く,過失,0.845581,2
覗く,疑い,0.843833,3
覗く,容疑,0.82867,4
覗く,挟む,0.823886,5
復旧,修復,0.946309,1
復旧,復元,0.935642,2
復旧,修繕,0.932139,3
復旧,治す,0.932103,4
復旧,承継,0.918114,5
庭園,ガーデン,0.987705,1
庭園,農園,0.958452,2
庭園,ヒーリング,0.931546,3
庭園,緑茶,0.919263,4
庭園,癒し,0.916557,5
圧力,圧,0.906842,1
圧力,捕らえる,0.884239,2
圧力,負担,0.878587,3
圧力,負荷,0.878096,4
圧力,荷重,0.869402,5
育む,育成,0.97594,1
育む,培う,0.972287,2
育む,生かす,0.968544,3
育む,育つ,0.966654,4
育む,養う,0.966302,5
芸能人,芸能,0.961128,1
芸能人,芸能界,0.925304,2
芸能人,六本木,0.900344,3
芸能人,ショー,0.896947,4
芸能人,ジャニーズ,0.895598,5
アパレル,服装,0.984293,1
アパレル,洋服,0.983847,2
アパレル,衣装,0.975739,3
アパレル,衣類,0.974066,4
アパレル,服,0.962682,5
熟成,ウッド,0.933968,1
熟成,檜,0.933793,2
熟成,ウール,0.929586,3
熟成,じっくり,0.923423,4
熟成,祖父,0.919719,5
あん,とも,0.982982,1
あん,じ,0.981549,2
あん,み,0.981288,3
あん,し,0.980177,4
あん,ゆう,0.979963,5
FC,コープ,0.971565,1
FC,クルー,0.966622,2
FC,インター,0.954734,3
FC,PM,0.954451,4
FC,MC,0.953068,5
資本,インフラ,0.948156,1
資本,土木,0.939078,2
資本,ホールディングス,0.926292,3
資本,金融機関,0.919794,4
資本,ダム,0.917741,5
苦しむ,痛める,0.973951,1
苦しむ,不幸,0.970071,2
苦しむ,絶望,0.967787,3
苦しむ,痛い,0.967364,4
苦しむ,苦しい,0.967154,5
選抜,シリアル,0.921521,1
選抜,発行,0.921489,2
選抜,整備,0.916189,3
選抜,直営,0.906509,4
選抜,メソッド,0.9036,5
混乱,乱れ,0.97586,1
混乱,乱れる,0.960696,2
混乱,騒動,0.901514,3
混乱,混む,0.892499,4
混乱,パニック,0.889269,5
機材,設備,0.980575,1
機材,机,0.968799,2
機材,機器,0.960078,3
機材,器具,0.954816,4
機材,装置,0.951709,5
いか,芝,0.929536,1
いか,貝,0.919365,2
いか,青,0.916994,3
いか,シー,0.909165,4
いか,白,0.909048,5
不可欠,エッセンシャル,0.936499,1
不可欠,長持ち,0.934146,2
不可欠,耐久,0.931878,3
不可欠,クオリティー,0.92927,4
不可欠,知識,0.925719,5
ええ,よし,0.977147,1
ええ,はい,0.967698,2
ええ,いえる,0.951963,3
ええ,賛同,0.951132,4
ええ,届く,0.9507,5
華,吉,0.981282,1
華,博,0.975578,2
華,グラン,0.97391,3
華,シン,0.973321,4
華,豊,0.973133,5
検診,健診,0.964985,1
検診,翻訳,0.925709,2
検診,見積もり,0.920794,3
検診,納品,0.911706,4
検診,交付,0.909047,5
スケール,全長,0.974694,1
スケール,区,0.968276,2
スケール,ドメイン,0.957307,3
スケール,域,0.956268,4
スケール,長,0.952011,5
ハム,ベーコン,0.929597,1
ハム,食塩,0.928631,2
ハム,糖,0.92516,3
ハム,砂糖,0.905351,4
ハム,バター,0.904013,5
強調,有力,0.930736,1
強調,がっつり,0.919027,2
強調,チャンピオン,0.90799,3
強調,主力,0.907693,4
強調,主導,0.90649,5
予備,一応,0.932878,1
予備,先ず,0.92943,2
予備,凡そ,0.925505,3
予備,のみ,0.919128,4
予備,中々,0.919007,5
騙す,詐欺,0.951443,1
騙す,フィッシング,0.919365,2
騙す,中傷,0.910173,3
騙す,浮気,0.909559,4
騙す,裏切る,0.909413,5
染め,塗り,0.921974,1
染め,染める,0.916332,2
染め,着色,0.884416,3
染め,捲る,0.883443,4
染め,メーク,0.880121,5
有限,底,0.95851,1
有限,残り,0.955673,2
有限,ボトム,0.944385,3
有限,単,0.941187,4
有限,下,0.937479,5
空き家,オフ,0.905885,1
空き家,全く,0.877776,2
空き家,廃車,0.872281,3
空き家,不用,0.859853,4
空き家,未使用,0.85903,5
指数,倍率,0.848113,1
指数,勝率,0.840624,2
指数,エネルギー,0.839101,3
指数,株,0.835877,4
指数,合併,0.830538,5
染みる,弄る,0.878742,1
染みる,ごろごろ,0.870526,2
染みる,染まる,0.857961,3
染みる,流出,0.847135,4
染みる,染み,0.8434,5
開幕,登壇,0.965618,1
開幕,開通,0.945879,2
開幕,リリース,0.943592,3
開幕,開催中,0.929851,4
開幕,開業,0.925517,5
ホンダ,トヨタ,0.979162,1
ホンダ,ヤマハ,0.978379,2
ホンダ,本田,0.975809,3
ホンダ,日産,0.962316,4
ホンダ,マツダ,0.948589,5
積み立て,目標,0.950582,1
積み立て,貯金,0.949598,2
積み立て,貯蓄,0.947491,3
積み立て,備える,0.943807,4
積み立て,サポート,0.941461,5
極める,最,0.959384,1
極める,最も,0.941934,2
極める,高,0.937993,3
極める,高める,0.930915,4
極める,最高,0.928496,5
消臭,撥水,0.929099,1
消臭,禁煙,0.923295,2
消臭,収入,0.920397,3
消臭,衛生,0.91517,4
消臭,洗顔,0.914887,5
ペットボトル,アダプター,0.905406,1
ペットボトル,カート,0.895355,2
ペットボトル,缶,0.892757,3
ペットボトル,雑貨,0.888565,4
ペットボトル,ビニール,0.884594,5
落札,徴収,0.866983,1
落札,官,0.864863,2
落札,輸出,0.864656,3
落札,インポート,0.861604,4
落札,防衛,0.855398,5
阪急,西武,0.963219,1
阪急,阪神,0.954776,2
阪急,東急,0.948019,3
阪急,TBS,0.945269,4
阪急,首都,0.945029,5
浴衣,カーディガン,0.937487,1
浴衣,布団,0.927394,2
浴衣,フェルト,0.914417,3
浴衣,セーター,0.911591,4
浴衣,粥,0.906375,5
アナ,シン,0.973013,1
アナ,イ,0.971668,2
アナ,英,0.971262,3
アナ,ア,0.970235,4
アナ,一種,0.969869,5
獣,世代,0.92348,1
獣,午後,0.920274,2
獣,年々,0.920144,3
獣,アニマル,0.917229,4
獣,動物,0.916267,5
商標,ブランド,0.933404,1
商標,本社,0.929936,2
商標,本部,0.929352,3
商標,日立,0.91461,4
商標,ブランディング,0.902489,5
派手,大胆,0.812708,1
派手,花火,0.74758,2
派手,ブーム,0.708734,3
派手,フレア,0.701597,4
派手,カラフル,0.701539,5
枝,部位,0.923479,1
枝,しも,0.922162,2
枝,由来,0.920832,3
枝,殻,0.91972,4
枝,山下,0.917709,5
強,威力,0.951575,1
強,強い,0.943615,2
強,有力,0.911573,3
強,フォース,0.900645,4
強,強力,0.891116,5
立て,締める,0.969289,1
立て,結ぶ,0.967805,2
立て,ストレート,0.966949,3
立て,立,0.963909,4
立て,接着,0.95456,5
副作用,虫歯,0.954121,1
副作用,吐き気,0.937753,2
副作用,傷,0.932467,3
副作用,怪我,0.931386,4
副作用,病,0.925038,5
スキン,顔,0.956745,1
スキン,フェイス,0.955867,2
スキン,胸,0.951867,3
スキン,ヘッド,0.95112,4
スキン,髪,0.950329,5
仏教,復元,0.871245,1
仏教,精進,0.859422,2
仏教,伝授,0.849224,3
仏教,園芸,0.848917,4
仏教,育む,0.848836,5
竹,リネン,0.932948,1
竹,麦,0.925288,2
竹,木,0.920862,3
竹,菊,0.918832,4
竹,檜,0.915385,5
業務用,業務,0.955308,1
業務用,部署,0.953856,2
業務用,事業所,0.951149,3
業務用,管理,0.949243,4
業務用,編集部,0.94847,5
昆布,海苔,0.949194,1
昆布,純米,0.9477,2
昆布,ミネラル,0.94426,3
昆布,オリーブ,0.940883,4
昆布,玄米,0.920437,5
顧問,コンサルタント,0.973924,1
顧問,コンサル,0.970393,2
顧問,インストラクター,0.959192,3
顧問,医科,0.952493,4
顧問,教授,0.950363,5
小屋,庵,0.938061,1
小屋,ベランダ,0.890912,2
小屋,ティッシュ,0.885165,3
小屋,ポケット,0.872816,4
小屋,民家,0.866097,5
従事,働き,0.970811,1
従事,務める,0.969064,2
従事,従業,0.967442,3
従事,勤める,0.966565,4
従事,調べ,0.961564,5
ムーン,島,0.895503,1
ムーン,月,0.883365,2
ムーン,月々,0.879168,3
ムーン,バレー,0.873431,4
ムーン,北側,0.864835,5
屋内,室内,0.981269,1
屋内,部屋,0.95019,2
屋内,室,0.942789,3
屋内,座席,0.939627,4
屋内,ルーム,0.93688,5
刻む,研磨,0.860027,1
刻む,仕付け,0.855019,2
刻む,磨く,0.853177,3
刻む,縫製,0.85251,4
刻む,大工,0.845727,5
半端,ばらばら,0.938588,1
半端,ずれ,0.922236,2
半端,ずれる,0.914718,3
半端,ばれる,0.901258,4
半端,散らし,0.884529,5
症例,実態,0.960004,1
症例,ケース,0.950213,2
症例,扱い,0.941133,3
症例,取り扱い,0.932723,4
症例,立場,0.92842,5
上映,放映,0.979588,1
上映,発売,0.967304,2
上映,放送,0.966279,3
上映,番組,0.962374,4
上映,節目,0.956507,5
写る,書き込む,0.97794,1
写る,書き,0.97163,2
写る,読み取る,0.964401,3
写る,書く,0.963716,4
写る,受講,0.955819,5
策定,制定,0.989325,1
策定,課程,0.964715,2
策定,任務,0.960966,3
策定,コース,0.96051,4
策定,運用,0.956304,5
数十,長,0.95993,1
数十,数百,0.958645,2
数十,総,0.951835,3
数十,太,0.951518,4
数十,最長,0.947067,5
地味,遅い,0.925817,1
地味,滅多,0.887075,2
地味,ううん,0.876917,3
地味,待ち,0.874758,4
地味,後方,0.866585,5
お父さん,父親,0.996194,1
お父さん,父さん,0.996139,2
お父さん,父,0.989599,3
お父さん,丈夫,0.983845,4
お父さん,保護者,0.983207,5
極,大山,0.845216,1
極,マウンテン,0.835278,2
極,山頂,0.815,3
極,峠,0.803555,4
極,高山,0.802429,5
水素,最新,0.70065,1
水素,新しい,0.698756,2
水素,新着,0.672994,3
水素,新商品,0.666737,4
水素,新品,0.666341,5
連合,合流,0.972233,1
連合,隊,0.953904,2
連合,連盟,0.953581,3
連合,群,0.945186,4
連合,社団,0.943684,5
ユニホーム,客室,0.970001,1
ユニホーム,宿泊,0.969419,2
ユニホーム,一戸建て,0.968532,3
ユニホーム,ベッド,0.958071,4
ユニホーム,ハウス,0.95765,5
籠もる,つめる,0.936393,1
籠もる,ニート,0.924882,2
籠もる,バック,0.917334,3
籠もる,じっと,0.912255,4
籠もる,ウチ,0.91028,5
ジャック,ポール,0.985947,1
ジャック,デビッド,0.976067,2
ジャック,たつ,0.96718,3
ジャック,君,0.965434,4
ジャック,ジョージ,0.962566,5
滋賀,滋賀県,0.994059,1
滋賀,群馬,0.98436,2
滋賀,群馬県,0.980883,3
滋賀,岐阜県,0.973551,4
滋賀,福井,0.973275,5
トッピング,マヨネーズ,0.878622,1
トッピング,ジェル,0.864228,2
トッピング,cookie,0.857644,3
トッピング,ドレッシング,0.855624,4
トッピング,トーク,0.851128,5
配線,配管,0.934654,1
配線,アンテナ,0.907283,2
配線,パイプ,0.887635,3
配線,コイル,0.884651,4
配線,クラッチ,0.878351,5
震災,災害,0.985618,1
震災,危機,0.963234,2
震災,地震,0.959654,3
震災,津波,0.955896,4
震災,洪水,0.907597,5
トンネル,ターミナル,0.917367,1
トンネル,アンテナ,0.907146,2
トンネル,外壁,0.905769,3
トンネル,ログ,0.895119,4
トンネル,ATM,0.883492,5
販売店,店頭,0.976253,1
販売店,営業所,0.971323,2
販売店,店舗,0.970542,3
販売店,物販,0.969441,4
販売店,ショップ,0.966323,5
とある,幾つ,0.956949,1
とある,おける,0.956763,2
とある,どこ,0.955973,3
とある,間,0.95472,4
とある,頃,0.953243,5
立ち寄る,有る,0.956373,1
立ち寄る,いつ,0.95601,2
立ち寄る,入る,0.955818,3
立ち寄る,言及,0.955748,4
立ち寄る,いらっしゃる,0.951557,5
ウイスキー,ワイン,0.813599,1
ウイスキー,焼酎,0.787715,2
ウイスキー,酒,0.785939,3
ウイスキー,重厚,0.782371,4
ウイスキー,ステーキ,0.775906,5
翼,ウイング,0.921637,1
翼,スプリング,0.897913,2
翼,伸び,0.876281,3
翼,張る,0.87158,4
翼,伸ばす,0.869969,5
流行る,流行,0.974821,1
流行る,人気,0.964182,2
流行る,大人気,0.948899,3
流行る,盛り上がり,0.93536,4
流行る,フェスタ,0.916551,5
フィットネス,エクササイズ,0.960868,1
フィットネス,運動,0.950861,2
フィットネス,トレーニング,0.949719,3
フィットネス,フィット,0.936772,4
フィットネス,コーチング,0.93497,5
フェスティバル,フェスタ,0.981524,1
フェスティバル,フェス,0.957309,2
フェスティバル,盛り上がり,0.928114,3
フェスティバル,盛り上げる,0.928049,4
フェスティバル,コンサート,0.912672,5
鬱病,鬱,0.962804,1
鬱病,不妊,0.921388,2
鬱病,認知症,0.915186,3
鬱病,不幸,0.881832,4
鬱病,断念,0.878257,5
車内,車中,0.956018,1
車内,アパート,0.927768,2
車内,室内,0.918752,3
車内,卓上,0.91781,4
車内,グッズ,0.913458,5
家計,暮らし,0.939407,1
家計,家事,0.929542,2
家計,保健,0.929356,3
家計,習う,0.928722,4
家計,手助け,0.928548,5
花見,桜,0.935004,1
花見,紫陽花,0.908917,2
花見,ビーチ,0.902264,3
花見,さくら,0.899064,4
花見,七夕,0.895575,5
財務,ファイナンシャル,0.958448,1
財務,資金,0.934881,2
財務,金融,0.921725,3
財務,財政,0.917327,4
財務,送金,0.913823,5
最大限,最大,0.957228,1
最大限,MAX,0.956692,2
最大限,超,0.944538,3
最大限,最,0.940051,4
最大限,高,0.93933,5
志,培う,0.976038,1
志,目指す,0.969887,2
志,見込む,0.967097,3
志,理,0.963158,4
志,達する,0.962221,5
明ける,明け,0.948018,1
明ける,はる,0.923404,2
明ける,旬,0.92123,3
明ける,咲く,0.916887,4
明ける,開花,0.916316,5
差別,妨害,0.901315,1
差別,アンチ,0.891843,2
差別,侵害,0.891171,3
差別,中傷,0.886201,4
差別,無理矢理,0.878846,5
向日葵,朝日,0.942106,1
向日葵,日光,0.936432,2
向日葵,日向,0.925517,3
向日葵,満開,0.922154,4
向日葵,日差し,0.920517,5
名所,統一,0.932876,1
名所,静岡,0.932158,2
名所,国立,0.930314,3
名所,静岡県,0.928262,4
名所,水戸,0.927018,5
添加,設ける,0.962123,1
添加,by,0.958681,2
添加,sim,0.957731,3
添加,適用,0.956852,4
添加,用,0.951641,5
合宿,デイサービス,0.927426,1
合宿,巡り,0.926694,2
合宿,巡回,0.922768,3
合宿,会見,0.910769,4
合宿,登校,0.910483,5
引き起こす,反応,0.914578,1
引き起こす,起こす,0.912659,2
引き起こす,追う,0.903044,3
引き起こす,追い付く,0.89941,4
引き起こす,発動,0.890012,5
中継,募集,0.936195,1
中継,予告,0.934889,2
中継,部会,0.932551,3
中継,営業日,0.931122,4
中継,出口,0.928003,5
斜め,左右,0.928681,1
斜め,向き,0.920438,2
斜め,同日,0.917474,3
斜め,数カ月,0.911566,4
斜め,現時点,0.905592,5
復習,習う,0.97578,1
復習,学ぶ,0.963288,2
復習,学,0.962901,3
復習,振り返る,0.962753,4
復習,練習,0.961584,5
作り出す,クリエーター,0.947485,1
作り出す,考案,0.947446,2
作り出す,アレンジ,0.930738,3
作り出す,生成,0.922643,4
作り出す,アトリエ,0.911449,5
スプーン,コップ,0.982174,1
スプーン,カップ,0.966611,2
スプーン,杯,0.956524,3
スプーン,鉛筆,0.95,4
スプーン,ソックス,0.949989,5
栗,柿,0.977674,1
栗,蕎麦,0.960208,2
栗,くるみ,0.951004,3
栗,玉蜀黍,0.947041,4
栗,柚子,0.945771,5
控えめ,慎重,0.936836,1
控えめ,そっと,0.926241,2
控えめ,ゆっくり,0.919932,3
控えめ,下部,0.898727,4
控えめ,徐々,0.891326,5
福岡県,兵庫県,0.987803,1
福岡県,埼玉県,0.986978,2
福岡県,千葉県,0.986781,3
福岡県,埼玉,0.985257,4
福岡県,千葉,0.98439,5
ストーブ,アイロン,0.932878,1
ストーブ,ヒーター,0.921576,2
ストーブ,オーブン,0.902244,3
ストーブ,ライター,0.900744,4
ストーブ,フライパン,0.880359,5
観測,観察,0.9802,1
観測,数える,0.958313,2
観測,尋ねる,0.957096,3
観測,読み取る,0.954913,4
観測,調べる,0.949812,5
ツーリング,遊,0.938421,1
ツーリング,プレー,0.907696,2
ツーリング,バースデー,0.898752,3
ツーリング,誕生日,0.89358,4
ツーリング,楽しむ,0.892489,5
消費税,納税,0.940578,1
消費税,税率,0.904838,2
消費税,課税,0.90076,3
消費税,税,0.898833,4
消費税,システム,0.875053,5
ルアー,ベイト,0.841637,1
ルアー,マッチ,0.805495,2
ルアー,スプレー,0.762477,3
ルアー,真似,0.752452,4
ルアー,BS,0.74976,5
給食,店内,0.94599,1
給食,エントランス,0.939016,2
給食,会場,0.936317,3
給食,教室,0.93509,4
給食,御店,0.934785,5
改造,改装,0.924171,1
改造,エージェント,0.902333,2
改造,リノベーション,0.900718,3
改造,リフォーム,0.895373,4
改造,改修,0.874564,5
準,み,0.987579,1
準,調,0.985588,2
準,き,0.984735,3
準,け,0.984345,4
準,ル,0.983824,5
取り戻す,得る,0.958687,1
取り戻す,信じる,0.955893,2
取り戻す,獲得,0.948548,3
取り戻す,志望,0.948374,4
取り戻す,賜る,0.947465,5
アトピー,花粉症,0.890087,1
アトピー,アレルギー,0.882836,2
アトピー,怪我,0.858949,3
アトピー,疲労,0.85894,4
アトピー,咳,0.855559,5
固まる,コア,0.954682,1
固まる,層,0.951115,2
固まる,立,0.949131,3
固まる,固い,0.948805,4
固まる,領域,0.94478,5
栃木,松山,0.972581,1
栃木,栃木県,0.961423,2
栃木,明石,0.958859,3
栃木,滋賀,0.950235,4
栃木,群馬,0.949634,5
フライ,蚊,0.894671,1
フライ,ぶつける,0.887551,2
フライ,ぶつかる,0.886491,3
フライ,滑り,0.877294,4
フライ,漏れる,0.873898,5
肥料,期日,0.92129,1
肥料,補給,0.912692,2
肥料,算数,0.910689,3
肥料,翻訳,0.904722,4
肥料,照明,0.902754,5
ヤフー,ヤフオク,0.936932,1
ヤフー,東武,0.919939,2
ヤフー,バス,0.908963,3
ヤフー,都営,0.90528,4
ヤフー,プロバイダー,0.905164,5
苗,リーフ,0.945124,1
苗,芽,0.933207,2
苗,竹の子,0.931545,3
苗,卵,0.922255,4
苗,種子,0.917676,5
液体,液,0.950419,1
液体,気温,0.923902,2
液体,温度,0.919367,3
液体,水温,0.913999,4
液体,距離,0.909447,5
ア,ラ,0.998463,1
ア,イ,0.997318,2
ア,ド,0.992378,3
ア,N,0.991907,4
ア,シン,0.991516,5
m2,au,0.969405,1
m2,xm,0.961055,2
m2,EC,0.955753,3
m2,AT,0.954563,4
m2,mm,0.952313,5
大和,大塚,0.971868,1
大和,甲斐,0.969309,2
大和,行成,0.961857,3
大和,岡崎,0.96111,4
大和,宮,0.958863,5
就労,就業,0.982367,1
就労,職業,0.951639,2
就労,働き方,0.94881,3
就労,雇用,0.943538,4
就労,研修,0.940724,5
フェス,フェスタ,0.971454,1
フェス,フェスティバル,0.957309,2
フェス,流行,0.919474,3
フェス,賑やか,0.912471,4
フェス,盛り上がり,0.908836,5
純粋,ピュア,0.949075,1
純粋,無垢,0.910271,2
純粋,純正,0.899655,3
純粋,純,0.878179,4
純粋,素,0.831279,5
甲,l,0.989558,1
甲,c,0.985325,2
甲,b,0.984964,3
甲,n,0.984022,4
甲,a,0.983287,5
ステー,メート,0.985175,1
ステー,ル,0.982333,2
ステー,枚,0.982053,3
ステー,令,0.980364,4
ステー,かく,0.979421,5
栄養素,栄養,0.951534,1
栄養素,カルシウム,0.939459,2
栄養素,葉酸,0.928763,3
栄養素,ビタミン,0.925779,4
栄養素,水分,0.925629,5
営業日,勤務地,0.948982,1
営業日,店頭,0.947111,2
営業日,支店,0.943164,3
営業日,通り,0.941802,4
営業日,配布,0.941262,5
手持ち,手元,0.970122,1
手持ち,持ち運び,0.962859,2
手持ち,持ち歩く,0.960299,3
手持ち,試着,0.907598,4
手持ち,ポータブル,0.898938,5
気付き,気付く,0.947055,1
気付き,感じる,0.944403,2
気付き,思い,0.943828,3
気付き,思い付く,0.942564,4
気付き,目覚める,0.941902,5
先月,今月,0.966271,1
先月,今朝,0.962922,2
先月,先週,0.961779,3
先月,昨日,0.952193,4
先月,去年,0.948102,5
医薬品,医薬,0.972251,1
医薬品,薬剤,0.946743,2
医薬品,Mac,0.926213,3
医薬品,薬,0.916432,4
医薬品,薬品,0.915381,5
足す,加算,0.955635,1
足す,年代,0.947291,2
足す,日時,0.945204,3
足す,並べる,0.942966,4
足す,所在地,0.941703,5
振り袖,仕舞い,0.901548,1
振り袖,ブーケ,0.862026,2
振り袖,和装,0.859863,3
振り袖,仕舞う,0.85473,4
振り袖,プリンセス,0.850348,5
革命,バトル,0.859364,1
革命,合戦,0.843674,2
革命,ウォーズ,0.819511,3
革命,大戦,0.818856,4
革命,戦国,0.818363,5
金曜,金曜日,0.97037,1
金曜,拍手,0.949131,2
金曜,話題,0.945233,3
金曜,今季,0.943555,4
金曜,共演,0.942507,5
部署,出荷,0.956853,1
部署,業務用,0.953856,2
部署,施策,0.946786,3
部署,代理店,0.946026,4
部署,輸出,0.944827,5
核,原発,0.906172,1
核,放射,0.870065,2
核,高圧,0.854722,3
核,軍事,0.833728,4
核,放射線,0.817668,5
文学,小説,0.936512,1
文学,作品,0.923105,2
文学,作家,0.914093,3
文学,作者,0.90263,4
文学,著作,0.887013,5
耐,定着,0.952174,1
耐,守,0.951774,2
耐,据える,0.949403,3
耐,確り,0.944064,4
耐,コア,0.94276,5
刺し身,寿司,0.865656,1
刺し身,白色,0.806655,2
刺し身,果汁,0.80266,3
刺し身,ジュース,0.802435,4
刺し身,さっぱり,0.798833,5
ミリ,芯,0.920853,1
ミリ,嵌める,0.908735,2
ミリ,毛先,0.902449,3
ミリ,グラム,0.901498,4
ミリ,ぴん,0.901252,5
管理人,管理者,0.984761,1
管理人,管理職,0.970982,2
管理人,監督,0.960878,3
管理人,主任,0.958144,4
管理人,マネージャー,0.956005,5
禍,悪化,0.941686,1
禍,悲報,0.940575,2
禍,悪影響,0.938612,3
禍,損傷,0.935368,4
禍,破綻,0.932123,5
支障,ムラ,0.959418,1
支障,デメリット,0.949275,2
支障,損傷,0.947917,3
支障,厄介,0.947449,4
支障,欠点,0.934482,5
慢性,エイジング,0.921808,1
慢性,すっかり,0.906871,2
慢性,ブラウン,0.903137,3
慢性,経年,0.902868,4
慢性,引退,0.90017,5
錠,包,0.96834,1
錠,タブ,0.966548,2
錠,シール,0.950173,3
錠,パック,0.949982,4
錠,キー,0.948504,5
ホスト,メイン,0.967562,1
ホスト,含める,0.958324,2
ホスト,結論,0.957029,3
ホスト,主に,0.955879,4
ホスト,組,0.955492,5
地点,場所,0.994937,1
地点,ロケーション,0.994014,2
地点,所在地,0.971038,3
地点,プレース,0.970292,4
地点,位置,0.968857,5
余る,残り,0.948867,1
余る,残る,0.947086,2
余る,残す,0.943551,3
余る,ううん,0.936761,4
余る,どころ,0.935771,5
輝き,輝く,0.980134,1
輝き,見事,0.942837,2
輝き,素晴らしい,0.923325,3
輝き,ゴールデン,0.92308,4
輝き,亮,0.917428,5
主体,何者,0.979195,1
主体,属性,0.973645,2
主体,項,0.971122,3
主体,名,0.969854,4
主体,ケース,0.96932,5
青春,青年,0.918341,1
青春,若者,0.916185,2
青春,遊び,0.869686,3
青春,チャンス,0.864739,4
青春,若い,0.839607,5
プロダクト,製品,0.981992,1
プロダクト,UI,0.962963,2
プロダクト,モデル,0.947543,3
プロダクト,商品,0.939271,4
プロダクト,算出,0.938504,5
仕入れ,出荷,0.952796,1
仕入れ,調達,0.950752,2
仕入れ,選考,0.950746,3
仕入れ,業務,0.950015,4
仕入れ,検査,0.948767,5
憲法,法的,0.944441,1
憲法,条約,0.942714,2
憲法,カリキュラム,0.939859,3
憲法,法律,0.938396,4
憲法,制度,0.91908,5
レート,付,0.977577,1
レート,ペイ,0.969669,2
レート,指定,0.96234,3
レート,cm,0.95757,4
レート,代金,0.957146,5
見方,我,0.977771,1
見方,見解,0.968816,2
見方,僕,0.967412,3
見方,トーン,0.963003,4
見方,我が,0.961248,5
私立,有料,0.903258,1
私立,専任,0.808116,2
私立,塾,0.798497,3
私立,専属,0.790761,4
私立,パーマ,0.78783,5
酸化,酸,0.910441,1
酸化,ガス,0.853174,2
酸化,感染症,0.841808,3
酸化,摩擦,0.829673,4
酸化,がんがん,0.812162,5
お礼,御礼,0.978736,1
お礼,感謝,0.975032,2
お礼,頼る,0.960922,3
お礼,褒める,0.958454,4
お礼,感激,0.958425,5
ジャニーズ,大阪市,0.947361,1
ジャニーズ,bts,0.942079,2
ジャニーズ,上海,0.931979,3
ジャニーズ,大阪,0.930825,4
ジャニーズ,ディズニー,0.929428,5
エコ,グリーン,0.963848,1
エコ,ヘルシー,0.948718,2
エコ,ヒアルロン,0.93153,3
エコ,オーガニック,0.92829,4
エコ,クリーン,0.92693,5
戦士,武将,0.889578,1
戦士,ハンター,0.875401,2
戦士,武,0.858654,3
戦士,勇者,0.853407,4
戦士,フォース,0.84442,5
メモリ,メモリー,0.96326,1
メモリ,頭,0.932635,2
メモリ,記憶,0.931572,3
メモリ,学力,0.927632,4
メモリ,視力,0.923286,5
参拝,初詣で,0.930316,1
参拝,御参り,0.928282,2
参拝,供養,0.920617,3
参拝,申す,0.908738,4
参拝,御願い,0.903867,5
もち,そば,0.952555,1
もち,柿,0.949989,2
もち,蜜柑,0.936754,3
もち,スープ,0.934459,4
もち,シナモン,0.933483,5
リンパ,歯茎,0.873581,1
リンパ,粘膜,0.866339,2
リンパ,足首,0.866021,3
リンパ,足裏,0.852407,4
リンパ,角質,0.842653,5
チョイス,選択,0.969443,1
チョイス,選び,0.955424,2
チョイス,選ぶ,0.947872,3
チョイス,使い,0.935205,4
チョイス,選,0.934318,5
ボウル,皿,0.961463,1
ボウル,ベンチ,0.953462,2
ボウル,バスケット,0.953019,3
ボウル,テーブル,0.936844,4
ボウル,杯,0.932174,5
医薬,医薬品,0.972251,1
医薬,メディカル,0.944854,2
医薬,製薬,0.937124,3
医薬,医療機関,0.933971,4
医薬,医療,0.933212,5
稽古,訓練,0.951022,1
稽古,制作,0.940314,2
稽古,作業,0.939575,3
稽古,実習,0.938751,4
稽古,対策,0.937955,5
ロッド,竿,0.984661,1
ロッド,棒,0.964404,2
ロッド,柄,0.949146,3
ロッド,ハンドル,0.946409,4
ロッド,枠,0.944768,5
ラッシュ,突入,0.880798,1
ラッシュ,フレア,0.874111,2
ラッシュ,急増,0.864097,3
ラッシュ,激しい,0.838485,4
ラッシュ,進撃,0.837793,5
シナリオ,事,0.97711,1
シナリオ,本文,0.973679,2
シナリオ,内容,0.972252,3
シナリオ,シーン,0.971422,4
シナリオ,トピック,0.971414,5
月曜,月曜日,0.995055,1
月曜,水曜日,0.979123,2
月曜,火曜日,0.978709,3
月曜,火曜,0.978112,4
月曜,水曜,0.975858,5
連動,連携,0.945605,1
連動,展開,0.927354,2
連動,協同,0.919784,3
連動,交流,0.91842,4
連動,社会人,0.916831,5
命令,コマンド,0.974429,1
命令,オペレーター,0.949687,2
命令,起動,0.934749,3
命令,派遣,0.92493,4
命令,作動,0.919392,5
京,西側,0.970418,1
京,愛知,0.959721,2
京,メジャー,0.957708,3
京,グランド,0.954525,4
京,NY,0.954438,5
ポテト,ライス,0.963157,1
ポテト,そば,0.94851,2
ポテト,鶏肉,0.942707,3
ポテト,糖質,0.941203,4
ポテト,チキン,0.936383,5
掲示,入園,0.955863,1
掲示,州,0.950918,2
掲示,サイト,0.950435,3
掲示,部門,0.947796,4
掲示,都道府県,0.945075,5
譲る,中々,0.936978,1
譲る,受ける,0.929829,2
譲る,ずつ,0.928791,3
譲る,緩める,0.92789,4
譲る,一応,0.926711,5
都度,当,0.960407,1
都度,続く,0.958754,2
都度,際,0.958048,3
都度,等々,0.951516,4
都度,況して,0.950844,5
入園,入場,0.977797,1
入園,当店,0.966081,2
入園,掲示,0.955863,3
入園,入店,0.949992,4
入園,廊下,0.945213,5
憧れる,憧れ,0.984453,1
憧れる,尚更,0.91811,2
憧れる,魅力,0.909909,3
憧れる,感動,0.903777,4
憧れる,魅力的,0.901032,5
母さん,お母さん,0.992354,1
母さん,ママ,0.988777,2
母さん,親,0.987066,3
母さん,母,0.981432,4
母さん,家庭,0.979665,5
骨格,骨,0.957789,1
骨格,背骨,0.916913,2
骨格,固まる,0.909898,3
骨格,石,0.885255,4
骨格,顎,0.882268,5
オークション,トレード,0.868735,1
オークション,買収,0.852153,2
オークション,貿易,0.84183,3
オークション,トーナメント,0.841782,4
オークション,取引所,0.826742,5
分離,別々,0.946391,1
分離,自粛,0.923985,2
分離,抑制,0.922312,3
分離,バック,0.913553,4
分離,空く,0.903839,5
花柄,花弁,0.962124,1
花柄,チューリップ,0.943309,2
花柄,菊,0.920309,3
花柄,クローバー,0.905441,4
花柄,梅,0.902248,5
掘る,打つ,0.874739,1
掘る,割る,0.867566,2
掘る,力,0.864071,3
掘る,叩く,0.854274,4
掘る,引っ張る,0.853164,5
不可能,有り難い,0.896755,1
不可能,不可,0.882297,2
不可能,無い,0.864933,3
不可能,外れ,0.85567,4
不可能,無効,0.855455,5
焼酎,酒,0.819116,1
焼酎,ミート,0.804418,2
焼酎,ベーコン,0.792041,3
焼酎,ウイスキー,0.787715,4
焼酎,エール,0.774858,5
数える,測る,0.972907,1
数える,乗車,0.959082,2
数える,観測,0.958313,3
数える,並べる,0.94509,4
数える,観察,0.941888,5
全巻,品揃え,0.949314,1
全巻,著,0.938694,2
全巻,年版,0.936339,3
全巻,ドメイン,0.930889,4
全巻,基盤,0.929628,5
防寒,検温,0.914008,1
防寒,残高,0.899805,2
防寒,所得,0.890261,3
防寒,月収,0.88707,4
防寒,禁煙,0.882859,5
スイート,花束,0.963002,1
スイート,花嫁,0.952296,2
スイート,ブーケ,0.932231,3
スイート,リゾート,0.928799,4
スイート,デコレーション,0.927745,5
修行,魂,0.887017,1
修行,意志,0.876129,2
修行,反省,0.859892,3
修行,自覚,0.858245,4
修行,信仰,0.858158,5
実用,機能,0.967053,1
実用,レッスン,0.960527,2
実用,職,0.948677,3
実用,教え,0.947655,4
実用,教える,0.946137,5
コンサル,コンサルタント,0.976781,1
コンサル,コンサルティング,0.974883,2
コンサル,顧問,0.970393,3
コンサル,研修,0.938727,4
コンサル,エンジニア,0.938041,5
PV,TEL,0.954301,1
PV,EC,0.946666,2
PV,FP,0.945061,3
PV,搭載,0.943133,4
PV,PS,0.934089,5
ワイヤレス,無線,0.968091,1
ワイヤレス,モバイル,0.92935,2
ワイヤレス,Wi-Fi,0.915354,3
ワイヤレス,Bluetooth,0.905256,4
ワイヤレス,携帯,0.903243,5
活発,活躍,0.879468,1
活発,活躍中,0.874358,2
活発,ダイナミック,0.870083,3
活発,積極的,0.866043,4
活発,盛り上がる,0.85294,5
並び,パターン,0.981656,1
並び,エリア,0.963194,2
並び,並ぶ,0.962378,3
並び,序で,0.962052,4
並び,沿線,0.961633,5
化粧水,スカート,0.952892,1
化粧水,ファンデーション,0.94769,2
化粧水,化粧品,0.946443,3
化粧水,ドレス,0.941759,4
化粧水,ハンドバッグ,0.941546,5
継承,権,0.964215,1
継承,階,0.956302,2
継承,承継,0.945497,3
継承,章,0.945373,4
継承,築,0.943425,5
別れ,別れる,0.935395,1
別れ,悩み,0.893026,2
別れ,辞める,0.889185,3
別れ,懸念,0.883023,4
別れ,心配,0.872694,5
厚み,固まる,0.940022,1
厚み,蓄積,0.934563,2
厚み,階,0.933724,3
厚み,領域,0.93317,4
厚み,土台,0.928376,5
客室,宿泊,0.974733,1
客室,ユニホーム,0.970001,2
客室,マットレス,0.961529,3
客室,房,0.958725,4
客室,ハウス,0.958238,5
どなた,各,0.977847,1
どなた,どんな,0.975994,2
どなた,各々,0.969983,3
どなた,どういう,0.967546,4
どなた,其れ,0.964623,5
ガール,女の子,0.992288,1
ガール,ガールズ,0.99091,2
ガール,女子,0.97521,3
ガール,女,0.972655,4
ガール,少女,0.960206,5
一種,〇,0.991632,1
一種,g,0.989198,2
一種,イ,0.987704,3
一種,V,0.985882,4
一種,H,0.985106,5
市長,大臣,0.968894,1
市長,知事,0.963598,2
市長,総理,0.95521,3
市長,同社,0.943227,4
市長,首相,0.941023,5
三重,複合,0.90421,1
三重,ダブル,0.88739,2
三重,組合,0.873433,3
三重,後期,0.869118,4
三重,マルチ,0.861961,5
芝,シー,0.944919,1
芝,種,0.944328,2
芝,菅,0.939472,3
芝,茎,0.931903,4
芝,麦,0.930628,5
ANA,OB,0.973008,1
ANA,旨,0.965749,2
ANA,JP,0.964782,3
ANA,研,0.963135,4
ANA,科,0.963124,5
東急,西武,0.984813,1
東急,スーパー,0.970432,2
東急,三菱,0.966208,3
東急,ドコモ,0.957584,4
東急,デパート,0.956425,5
どうせ,ううん,0.945821,1
どうせ,諦める,0.941339,2
どうせ,放棄,0.939016,3
どうせ,もう,0.932235,4
どうせ,尽きる,0.930711,5
彼是,N,0.976539,1
彼是,JA,0.973172,2
彼是,解答,0.973164,3
彼是,続き,0.973137,4
彼是,w,0.973013,5
農薬,兵器,0.881226,1
農薬,逮捕,0.847067,2
農薬,犯罪,0.841949,3
農薬,ディーゼル,0.83164,4
農薬,工事,0.82941,5
定食,御飯,0.940227,1
定食,パン,0.920311,2
定食,献立,0.920103,3
定食,丼,0.91499,4
定食,パスタ,0.914366,5
洗面,洗顔,0.984356,1
洗面,手入れ,0.961693,2
洗面,水洗い,0.956013,3
洗面,洗う,0.947579,4
洗面,ウォッシュ,0.938906,5
公認,正当,0.967165,1
公認,認定,0.966789,2
公認,スタンダード,0.958194,3
公認,正規,0.953501,4
公認,適正,0.951035,5
喫煙,タバコ,0.951665,1
喫煙,中毒,0.889403,2
喫煙,飲酒,0.827858,3
喫煙,借金,0.808766,4
喫煙,債務,0.79818,5
潜在,ふと,0.849407,1
潜在,気配,0.843652,2
潜在,そっと,0.843057,3
潜在,暗示,0.83821,4
潜在,静か,0.837166,5
加減,期間,0.946899,1
加減,分け,0.941341,2
加減,頻度,0.938681,3
加減,並べる,0.933923,4
加減,足す,0.933314,5
真似,空揚げ,0.781193,1
真似,スナップ,0.774865,2
真似,BS,0.773953,3
真似,ちっ,0.763465,4
真似,っ子,0.759807,5
あたたかい,暖かい,0.986051,1
あたたかい,温かい,0.985761,2
あたたかい,温まる,0.971052,3
あたたかい,温か,0.947062,4
あたたかい,温める,0.938558,5
本名,氏名,0.977392,1
本名,身長,0.969852,2
本名,名前,0.968234,3
本名,持ち主,0.964361,4
本名,居る,0.961892,5
損傷,損害,0.977747,1
損傷,ダメージ,0.964835,2
損傷,病,0.960631,3
損傷,怪我,0.952912,4
損傷,痛,0.95085,5
半島,湾,0.918722,1
半島,地帯,0.917719,2
半島,バレー,0.914328,3
半島,諸島,0.904946,4
半島,南側,0.904908,5
美白,ホワイトニング,0.943818,1
美白,脱毛,0.927639,2
美白,サプリメント,0.907519,3
美白,育毛剤,0.901779,4
美白,育毛,0.899024,5
セリフ,語,0.976597,1
セリフ,講じる,0.965935,2
セリフ,言う,0.96517,3
セリフ,デイリー,0.965068,4
セリフ,員,0.964907,5
グラフィック,模型,0.912868,1
グラフィック,数字,0.910653,2
グラフィック,設計,0.909433,3
グラフィック,CSS,0.905895,4
グラフィック,ポータル,0.904662,5
肌触り,着心地,0.954357,1
肌触り,満足度,0.935316,2
肌触り,満足,0.93336,3
肌触り,賞味,0.928634,4
肌触り,居心地,0.926327,5
やわらかい,柔らかい,0.994428,1
やわらかい,柔らか,0.974964,2
やわらかい,緩やか,0.959741,3
やわらかい,穏やか,0.954408,4
やわらかい,ゆったり,0.952721,5
エンターテインメント,エンタメ,0.985543,1
エンターテインメント,アニメ,0.93179,2
エンターテインメント,アニメーション,0.928469,3
エンターテインメント,芸能,0.914719,4
エンターテインメント,娱乐,0.911089,5
直送,オーダー,0.93446,1
直送,get,0.928684,2
直送,購読,0.926073,3
直送,注文,0.924109,4
直送,宅急便,0.923491,5
意義,意味,0.982785,1
意義,意思,0.973171,2
意義,知,0.972958,3
意義,品,0.972688,4
意義,考慮,0.971823,5
報告書,レポート,0.989604,1
報告書,報告,0.983867,2
報告書,講義,0.97064,3
報告書,方針,0.968299,4
報告書,ガイドライン,0.968205,5
寝室,ベッド,0.972194,1
寝室,浴室,0.960894,2
寝室,住宅,0.953775,3
寝室,バスルーム,0.948308,4
寝室,床,0.946496,5
口腔,味覚,0.926594,1
口腔,舌,0.922981,2
口腔,消化,0.921055,3
口腔,生理,0.905237,4
口腔,口,0.905064,5
枚数,カウント,0.978336,1
枚数,ラベル,0.974665,2
枚数,数量,0.960523,3
枚数,単位,0.958021,4
枚数,単価,0.953202,5
ランダム,偶然,0.852133,1
ランダム,ばらばら,0.850622,2
ランダム,半端,0.810197,3
ランダム,偶に,0.759674,4
ランダム,散らし,0.749021,5
閉鎖,クローズ,0.960322,1
閉鎖,止め,0.921345,2
閉鎖,閉じる,0.910875,3
閉鎖,決して,0.907956,4
閉鎖,自粛,0.905372,5
ライス,鶏肉,0.977155,1
ライス,菜,0.96852,2
ライス,チキン,0.967397,3
ライス,米,0.96647,4
ライス,そば,0.965459,5
ユーロ,ポータル,0.95336,1
ユーロ,.com,0.94721,2
ユーロ,ステーション,0.946994,3
ユーロ,国道,0.946888,4
ユーロ,銘柄,0.946098,5
知事,市長,0.963598,1
知事,総理,0.946784,2
知事,大臣,0.939527,3
知事,北区,0.931369,4
知事,就任,0.926496,5
オブジェクト,物件,0.977169,1
オブジェクト,オブジェ,0.973257,2
オブジェクト,物品,0.972784,3
オブジェクト,アイテム,0.963246,4
オブジェクト,品目,0.961679,5
光沢,美脚,0.907541,1
光沢,クリア,0.887707,2
光沢,画質,0.882634,3
光沢,明,0.880528,4
光沢,仕上がる,0.879355,5
高め,高,0.984188,1
高め,最,0.979949,2
高め,最も,0.974489,3
高め,トップ,0.967155,4
高め,上位,0.967109,5
本書,内容,0.949033,1
本書,エンディング,0.94112,2
本書,ケース,0.940558,3
本書,中身,0.933366,4
本書,品,0.932112,5
焦点,フォーカス,0.956396,1
焦点,芯,0.910289,2
焦点,接着,0.903284,3
焦点,立て,0.901346,4
焦点,グリップ,0.899751,5
特長,長所,0.937588,1
特長,強み,0.932297,2
特長,優れる,0.929189,3
特長,優秀,0.92821,4
特長,優,0.916146,5
鳴る,鳴く,0.986844,1
鳴る,鳴らす,0.944606,2
鳴る,響く,0.938728,3
鳴る,渡る,0.922729,4
鳴る,響き,0.921718,5
廃棄,汚れ,0.927985,1
廃棄,ゴミ,0.92312,2
廃棄,捨てる,0.919064,3
廃棄,無駄,0.91704,4
廃棄,ごみ,0.914003,5
進路,道程,0.964195,1
進路,解く,0.952352,2
進路,対処,0.949525,3
進路,預かる,0.948863,4
進路,決める,0.945659,5
Q&A,答える,0.974355,1
Q&A,解説,0.966183,2
Q&A,伝える,0.963722,3
Q&A,訳,0.961098,4
Q&A,通過,0.960232,5
民族,県,0.911737,1
民族,地帯,0.895843,2
民族,歴代,0.894081,3
民族,地形,0.885161,4
民族,歴史的,0.884541,5
プロフェッショナル,専門家,0.958589,1
プロフェッショナル,専門的,0.957665,2
プロフェッショナル,教授,0.950463,3
プロフェッショナル,専門,0.943231,4
プロフェッショナル,ドクター,0.940322,5
消防,救急,0.889508,1
消防,溶接,0.854461,2
消防,モーター,0.852292,3
消防,戦力,0.848056,4
消防,PCR,0.84614,5
弛み,まったり,0.968669,1
弛み,ゆったり,0.955086,2
弛み,緩める,0.953912,3
弛み,のんびり,0.953368,4
弛み,緩い,0.937088,5
ソール,アイ,0.948331,1
ソール,一目,0.939932,2
ソール,ウエスト,0.939727,3
ソール,ボトムス,0.939354,4
ソール,皮,0.939043,5
ティッシュ,手当て,0.935897,1
ティッシュ,パッド,0.935331,2
ティッシュ,ソックス,0.933037,3
ティッシュ,ベランダ,0.923652,4
ティッシュ,手摺,0.913682,5
南部,東部,0.962007,1
南部,東南,0.952716,2
南部,和歌山,0.935421,3
南部,夕方,0.925198,4
南部,南側,0.913275,5
個々,一人,0.981067,1
個々,個別,0.962562,2
個々,一口,0.938683,3
個々,個体,0.930591,4
個々,各自,0.927311,5
マフラー,カーディガン,0.959081,1
マフラー,絨毯,0.956933,2
マフラー,セーター,0.940981,3
マフラー,ブランケット,0.938665,4
マフラー,ソープ,0.938286,5
紫陽花,菊,0.958482,1
紫陽花,チューリップ,0.952927,2
紫陽花,葵,0.944175,3
紫陽花,紅葉,0.938838,4
紫陽花,花弁,0.926304,5
梅田,新宿,0.969671,1
梅田,大阪市,0.954485,2
梅田,首都圏,0.949128,3
梅田,東京都,0.946045,4
梅田,上海,0.938776,5
声掛け,出る,0.922996,1
声掛け,出し,0.921013,2
声掛け,出す,0.917353,3
声掛け,出番,0.917149,4
声掛け,通す,0.911537,5
茄子,大根,0.938743,1
茄子,牛蒡,0.934535,2
茄子,玉葱,0.933195,3
茄子,ピーマン,0.910497,4
茄子,地,0.908386,5
只今,昨夜,0.932204,1
只今,今日は,0.930318,2
只今,頼む,0.929963,3
只今,今一,0.928186,4
只今,今朝,0.927072,5
山梨,山梨県,0.989557,1
山梨,島根,0.981889,2
山梨,鳥取,0.9742,3
山梨,山形県,0.974163,4
山梨,山形,0.966498,5
トランプ,割高,0.719995,1
トランプ,過言,0.719858,2
トランプ,攻撃力,0.718245,3
トランプ,支配,0.713383,4
トランプ,奪う,0.704219,5
大地,ランド,0.972114,1
大地,アース,0.965771,2
大地,土地,0.965511,3
大地,大陸,0.961411,4
大地,樹,0.958252,5
明かす,務める,0.958506,1
明かす,用事,0.948929,2
明かす,伝える,0.94516,3
明かす,果たす,0.940585,4
明かす,調べ,0.939708,5
黄金,ゴールド,0.976431,1
黄金,ルビー,0.946008,2
黄金,貴重,0.93274,3
黄金,プラチナ,0.915786,4
黄金,逸品,0.894886,5
専攻,資格,0.944181,1
専攻,経歴,0.927714,2
専攻,信頼性,0.924641,3
専攻,履歴,0.924396,4
専攻,目標,0.924277,5
付,ペイ,0.979152,1
付,レート,0.977577,2
付,指定,0.967678,3
付,パート,0.96682,4
付,get,0.96112,5
単独,密か,0.936464,1
単独,只,0.927078,2
単独,隠れる,0.903199,3
単独,ソロ,0.898697,4
単独,オフライン,0.896805,5
触れ合い,同伴,0.962351,1
触れ合い,仲良く,0.957529,2
触れ合い,友達,0.950467,3
触れ合い,フレンド,0.946628,4
触れ合い,寄り添う,0.946319,5
下車,足元,0.962377,1
下車,視点,0.94625,2
下車,戻る,0.944359,3
下車,借りる,0.940135,4
下車,足,0.939621,5
エース,チャンピオン,0.943816,1
エース,優位,0.927297,2
エース,一流,0.923904,3
エース,優れる,0.923861,4
エース,王者,0.920935,5
ブラジル,メキシコ,0.976121,1
ブラジル,インドネシア,0.954498,2
ブラジル,フィリピン,0.936207,3
ブラジル,インド,0.918938,4
ブラジル,ベトナム,0.90062,5
未定,一時,0.901445,1
未定,曖昧,0.88671,2
未定,隙間,0.88393,3
未定,ふと,0.851913,4
未定,未経験,0.848259,5
エレガント,優雅,0.939787,1
エレガント,美品,0.931982,2
エレガント,御洒落,0.928959,3
エレガント,美しい,0.89796,4
エレガント,奇麗,0.892115,5
ゼリー,クッキー,0.873941,1
ゼリー,サンプル,0.849671,2
ゼリー,マヨネーズ,0.849376,3
ゼリー,免除,0.847202,4
ゼリー,cookie,0.846899,5
CC,SD,0.98312,1
CC,by,0.982871,2
CC,ver,0.98115,3
CC,第,0.980113,4
CC,z,0.979741,5
勉強会,打ち合わせ,0.951195,1
勉強会,インタビュー,0.947486,2
勉強会,講習,0.944056,3
勉強会,取材,0.937751,4
勉強会,講習会,0.934812,5
内臓,腸,0.950006,1
内臓,胃,0.945899,2
内臓,胃腸,0.90536,3
内臓,臓器,0.896417,4
内臓,消化,0.890261,5
照射,参戦,0.877875,1
照射,打ち,0.86622,2
照射,シュート,0.856587,3
照射,捕らえる,0.84488,4
照射,ビーム,0.842385,5
品物,物品,0.983064,1
品物,物件,0.981277,2
品物,アイテム,0.9737,3
品物,オブジェクト,0.956634,4
品物,置き物,0.954969,5
対話,会話,0.99512,1
対話,話す,0.969573,2
対話,話し合う,0.962126,3
対話,話,0.961912,4
対話,語る,0.961317,5
あっさり,容易,0.944005,1
あっさり,易い,0.943863,2
あっさり,手軽,0.936929,3
あっさり,イージー,0.931833,4
あっさり,軽い,0.900621,5
作曲,デザイナー,0.914425,1
作曲,イラストレーター,0.910554,2
作曲,作り出す,0.897749,3
作曲,アトリエ,0.896926,4
作曲,考案,0.896883,5
内蔵,戸建て,0.950773,1
内蔵,商品,0.940197,2
内蔵,冊,0.940049,3
内蔵,ホルダー,0.939819,4
内蔵,存分,0.939052,5
テースト,リピート,0.896116,1
テースト,熟す,0.887058,2
テースト,開封,0.88643,3
テースト,すすめる,0.885113,4
テースト,追記,0.879683,5
坪,軒,0.977807,1
坪,瓦,0.949226,2
坪,籠,0.940583,3
坪,局,0.938205,4
坪,ワックス,0.931952,5
納豆,キムチ,0.862095,1
納豆,牡蠣,0.748523,2
納豆,大蒜,0.746027,3
納豆,味噌,0.722684,4
納豆,鯖,0.721445,5
純,白石,0.928774,1
純,清,0.925178,2
純,きり,0.907018,3
純,安,0.904975,4
純,固有,0.903182,5
レンタカー,バックパック,0.938488,1
レンタカー,決済,0.934624,2
レンタカー,購読,0.929351,3
レンタカー,サブスク,0.925644,4
レンタカー,航空券,0.924576,5
万全,最適,0.943507,1
万全,重要,0.941473,2
万全,立派,0.936246,3
万全,一級,0.931979,4
万全,クオリティー,0.930584,5
引き換え,毎回,0.969123,1
引き換え,代わり,0.967017,2
引き換え,毎度,0.958198,3
引き換え,納める,0.955392,4
引き換え,付ける,0.947407,5
お尻,尻尾,0.950588,1
お尻,飽きる,0.900739,2
お尻,尻,0.894595,3
お尻,食後,0.889946,4
お尻,脇,0.883267,5
宅,在宅,0.934605,1
宅,いえ,0.922099,2
宅,単品,0.901387,3
宅,一杯,0.900487,4
宅,昼寝,0.90007,5
マグネット,電,0.893116,1
マグネット,矢印,0.879988,2
マグネット,割る,0.878338,3
マグネット,切る,0.86685,4
マグネット,電源,0.862953,5
王国,頂戴,0.935137,1
王国,八幡,0.932575,2
王国,史上,0.926011,3
王国,徳川,0.905151,4
王国,天下,0.905145,5
女王,神宮,0.91427,1
女王,古典,0.900982,2
女王,クラシック,0.898037,3
女王,王,0.889239,4
女王,クイーン,0.887307,5
ターミナル,トンネル,0.917367,1
ターミナル,外壁,0.902079,2
ターミナル,ログ,0.900249,3
ターミナル,アンテナ,0.897386,4
ターミナル,配管,0.891339,5
混む,混乱,0.892499,1
混む,解体,0.855286,2
混む,乱れ,0.854078,3
混む,トラブル,0.853246,4
混む,乱れる,0.848753,5
臨む,留める,0.966553,1
臨む,留まる,0.965746,2
臨む,宿,0.95154,3
臨む,たてる,0.947092,4
臨む,泊,0.944663,5
松,杉,0.969197,1
松,ツリー,0.95791,2
松,林,0.956135,3
松,柏,0.951335,4
松,栗,0.943798,5
勤める,在籍,0.970279,1
勤める,返信,0.966993,2
勤める,従事,0.966565,3
勤める,員,0.963269,4
勤める,取り扱う,0.962361,5
世界的,全域,0.97429,1
世界的,数百,0.956289,2
世界的,数千,0.955427,3
世界的,ワールド,0.955386,4
世界的,世界中,0.943123,5
長持ち,耐久,0.949958,1
長持ち,頼り,0.949539,2
長持ち,耐久性,0.949232,3
長持ち,父さん,0.940778,4
長持ち,丈夫,0.94059,5
慌てる,不安定,0.927288,1
慌てる,不安,0.924656,2
慌てる,パニック,0.922036,3
慌てる,騒ぐ,0.921916,4
慌てる,煩い,0.908079,5
保温,居住,0.929139,1
保温,住まう,0.913719,2
保温,儲かる,0.913149,3
保温,住む,0.911709,4
保温,戸建て,0.905452,5
トレー,トート,0.968855,1
トレー,ススメ,0.966796,2
トレー,包,0.960821,3
トレー,帳,0.958399,4
トレー,パック,0.951066,5
市町村,市区町村,0.98922,1
市町村,営業所,0.957603,2
市町村,支店,0.957187,3
市町村,事務局,0.942357,4
市町村,支部,0.938708,5
ロケ,フィールド,0.978502,1
ロケ,公,0.969746,2
ロケ,沿線,0.969145,3
ロケ,範囲,0.965996,4
ロケ,大体,0.964305,5
監査,審判,0.947664,1
監査,経理,0.945294,2
監査,仕入れ,0.939628,3
監査,裁判,0.93733,4
監査,業務,0.937269,5
セブン,EC,0.950461,1
セブン,CS,0.949997,2
セブン,ユナイテッド,0.948261,3
セブン,TBS,0.946583,4
セブン,FC,0.944247,5
ATM,メーター,0.912861,1
ATM,コード,0.907201,2
ATM,電源,0.905595,3
ATM,貨物,0.904326,4
ATM,センサー,0.903758,5
午前中,午前,0.993964,1
午前中,あさ,0.979854,2
午前中,日間,0.968821,3
午前中,朝,0.964325,4
午前中,デー,0.943402,5
箇国,世,0.951562,1
箇国,公,0.950419,2
箇国,本場,0.949459,3
箇国,団,0.94757,4
箇国,中山,0.938185,5
今更,只今,0.915199,1
今更,伸び伸び,0.902793,2
今更,今一,0.900562,3
今更,機嫌,0.900328,4
今更,ながら,0.89716,5
ベット,タブ,0.94635,1
ベット,ポーチ,0.942994,2
ベット,トート,0.940616,3
ベット,ホルダー,0.936709,4
ベット,薪,0.933127,5
各社,開催,0.952158,1
各社,団体,0.948039,2
各社,都内,0.947418,3
各社,同社,0.946815,4
各社,グループ,0.939481,5
エイジング,慢性,0.921808,1
エイジング,加齢,0.911153,2
エイジング,遺族,0.897774,3
エイジング,老後,0.895195,4
エイジング,経年,0.890069,5
彩り,彩る,0.919441,1
彩り,彩,0.912132,2
彩り,陽気,0.900733,3
彩り,わく,0.878088,4
彩り,多彩,0.87635,5
炊く,煮る,0.977492,1
炊く,煮,0.968002,2
炊く,茹でる,0.9411,3
炊く,煮込む,0.937704,4
炊く,調理,0.923022,5
路,ロケーション,0.962171,1
路,地点,0.959211,2
路,場所,0.952356,3
路,数,0.95186,4
路,入り口,0.951005,5
返却,返礼,0.986399,1
返却,返還,0.979226,2
返却,返送,0.967332,3
返却,払う,0.965458,4
返却,払い戻し,0.96455,5
下着,パンツ,0.970563,1
下着,傘,0.965184,2
下着,引き出し,0.959087,3
下着,眼鏡,0.952871,4
下着,靴,0.950714,5
トーン,我,0.973642,1
トーン,基調,0.973103,2
トーン,受け止める,0.970647,3
トーン,本人,0.970184,4
トーン,僕,0.968481,5
支出,出費,0.984812,1
支出,交通費,0.943057,2
支出,費やす,0.94254,3
支出,払う,0.941684,4
支出,返済,0.932073,5
アダプター,ZIP,0.94761,1
アダプター,駐車,0.935725,2
アダプター,カートリッジ,0.932245,3
アダプター,缶,0.931908,4
アダプター,マスク,0.931402,5
さら,たり,0.976758,1
さら,こう,0.973818,2
さら,ろ,0.972987,3
さら,ごとし,0.971301,4
さら,みたい,0.970049,5
高値,高額,0.932145,1
高値,億,0.833687,2
高値,特大,0.809407,3
高値,金持ち,0.801564,4
高値,最大限,0.783011,5
フォーラム,ミーティング,0.944333,1
フォーラム,街,0.940041,2
フォーラム,節目,0.935721,3
フォーラム,広報,0.933968,4
フォーラム,放送,0.933448,5
国語,語学,0.960705,1
国語,授業,0.943965,2
国語,本学,0.937864,3
国語,まち,0.937636,4
国語,講座,0.933773,5
ちっ,ぇ,0.945272,1
ちっ,ぉ,0.926355,2
ちっ,ぽい,0.919417,3
ちっ,さっ,0.918628,4
ちっ,ぁ,0.914713,5
ワゴン,袋,0.950729,1
ワゴン,傘,0.938594,2
ワゴン,カート,0.937606,3
ワゴン,引き出し,0.934192,4
ワゴン,皿,0.933362,5
仕掛け,メカニズム,0.910896,1
仕掛け,組み立て,0.88575,2
仕掛け,工法,0.884875,3
仕掛け,加工,0.867078,4
仕掛け,メーカー,0.866897,5
しんどい,痛む,0.966374,1
しんどい,痛める,0.959203,2
しんどい,頭痛,0.955391,3
しんどい,痛い,0.95296,4
しんどい,疲労,0.952445,5
リメーク,脚本,0.922348,1
リメーク,出品,0.916479,2
リメーク,FM,0.914962,3
リメーク,レーベル,0.910076,4
リメーク,版,0.909029,5
鯖,葱,0.861513,1
鯖,魚,0.847169,2
鯖,牛蒡,0.846159,3
鯖,酢,0.830581,4
鯖,亜鉛,0.829258,5
知的,熟練,0.924288,1
知的,知恵,0.914734,2
知的,知能,0.911648,3
知的,賢い,0.906414,4
知的,知育,0.896921,5
傷付ける,殴る,0.967793,1
傷付ける,ダメージ,0.956775,2
傷付ける,損なう,0.953981,3
傷付ける,汚れる,0.950238,4
傷付ける,悪化,0.949127,5
遺伝,遺伝子,0.941761,1
遺伝,血管,0.876095,2
遺伝,骨盤,0.873788,3
遺伝,神経,0.869148,4
遺伝,DNA,0.862689,5
脱出,抜け出す,0.920357,1
脱出,勢い,0.851507,2
脱出,意欲,0.842024,3
脱出,探し,0.830383,4
脱出,機会,0.82873,5
相談所,秘書,0.928575,1
相談所,中学校,0.908791,2
相談所,実店舗,0.907862,3
相談所,パン屋,0.907607,4
相談所,書店,0.9067,5
順次,段階,0.972957,1
順次,序で,0.962731,2
順次,フェーズ,0.950649,3
順次,期間,0.950493,4
順次,週間,0.942797,5
為替,株価,0.899076,1
為替,トレード,0.890558,2
為替,交通,0.878567,3
為替,株式,0.872223,4
為替,経済,0.870561,5
少量,少額,0.966701,1
少量,最小,0.960397,2
少量,少し,0.958401,3
少量,最低限,0.956772,4
少量,小さめ,0.956733,5
三角,線,0.924434,1
三角,辺,0.915476,2
三角,直線,0.915472,3
三角,弦,0.912389,4
三角,円,0.905276,5
夢中,夢,0.945404,1
夢中,ドリーム,0.892502,2
夢中,模索,0.727284,3
夢中,迷う,0.708874,4
夢中,迷い,0.686053,5
ぇ,ぁ,0.974288,1
ぇ,ぉ,0.972633,2
ぇ,いー,0.960594,3
ぇ,ぐっ,0.957241,4
ぇ,ぼ,0.955681,5
歴代,種目,0.957997,1
歴代,原則,0.952012,2
歴代,フィールド,0.951211,3
歴代,ロケ,0.94995,4
歴代,道,0.948565,5
バリア,密,0.913542,1
バリア,重量,0.891254,2
バリア,詰める,0.88136,3
バリア,境界,0.869194,4
バリア,壁,0.867274,5
交通費,払い戻し,0.95832,1
交通費,返済,0.949737,2
交通費,経費,0.948039,3
交通費,支出,0.943057,4
交通費,返送,0.942637,5
ふわ,ふわふわ,0.979705,1
ふわ,柔らか,0.959351,2
ふわ,柔らかい,0.930588,3
ふわ,気楽,0.926704,4
ふわ,緩い,0.924414,5
逆転,変形,0.835611,1
逆転,解体,0.814668,2
逆転,当て嵌まる,0.811873,3
逆転,破る,0.804857,4
逆転,矛盾,0.793219,5
名言,主役,0.932768,1
名言,知れる,0.918658,2
名言,コラム,0.905798,3
名言,伝わる,0.901964,4
名言,必見,0.900524,5
土台,基盤,0.957094,1
土台,台,0.947827,2
土台,盆,0.94722,3
土台,戸,0.941359,4
土台,格納,0.940567,5
メールアドレス,電話番号,0.965857,1
メールアドレス,メール便,0.942787,2
メールアドレス,Eメール,0.92766,3
メールアドレス,メール,0.927063,4
メールアドレス,アカウント,0.924305,5
連盟,連合,0.953581,1
連盟,総会,0.943297,2
連盟,協議会,0.935512,3
連盟,連邦,0.935264,4
連盟,社団,0.93268,5
仏,王道,0.937781,1
仏,寺,0.928085,2
仏,聖,0.926694,3
仏,キリスト,0.923172,4
仏,古典,0.908568,5
とんでも,狂う,0.920665,1
とんでも,乱れ,0.889736,2
とんでも,乱れる,0.872957,3
とんでも,爆,0.871005,4
とんでも,爆発,0.863165,5
チャンピオン,主力,0.97144,1
チャンピオン,勝,0.966576,2
チャンピオン,王者,0.959976,3
チャンピオン,ヒーロー,0.95992,4
チャンピオン,英雄,0.949339,5
陸上,昼,0.931524,1
陸上,循環,0.930264,2
陸上,昼間,0.922492,3
陸上,サイクル,0.915536,4
陸上,周回,0.914021,5
通,共,0.977458,1
通,社,0.974313,2
通,表明,0.972402,3
通,通過,0.972246,4
通,的中,0.971645,5
TOEIC,英検,0.972437,1
TOEIC,研究科,0.940242,2
TOEIC,業務用,0.924243,3
TOEIC,入試,0.923305,4
TOEIC,法律,0.917488,5
力強い,全力,0.923724,1
力強い,有力,0.904101,2
力強い,威力,0.893921,3
力強い,強力,0.890675,4
力強い,パワフル,0.883237,5
著作,作品,0.913105,1
著作,著書,0.912798,2
著作,教材,0.910077,3
著作,講義,0.908737,4
著作,ガイドブック,0.90628,5
キャスター,号,0.958531,1
キャスター,vol.,0.941137,2
キャスター,au,0.940543,3
キャスター,AT,0.938617,4
キャスター,機,0.937868,5
ナッツ,林檎,0.960269,1
ナッツ,オリーブ,0.946264,2
ナッツ,ベリー,0.94146,3
ナッツ,ブルーベリー,0.929312,4
ナッツ,くるみ,0.927489,5
独学,勉強,0.864149,1
独学,テレワーク,0.861956,2
独学,練習,0.840993,3
独学,副業,0.836649,4
独学,試着,0.82121,5
クルーズ,宴会,0.913133,1
クルーズ,ディズニーランド,0.904515,2
クルーズ,クリスマス,0.886877,3
クルーズ,銀座,0.884808,4
クルーズ,ジャニーズ,0.874974,5
出題,提出,0.974091,1
出題,メイン,0.970028,2
出題,表明,0.967923,3
出題,提供,0.966095,4
出題,一家,0.963486,5
芋,草,0.933405,1
芋,大根,0.927288,2
芋,ピーマン,0.925724,3
芋,玉葱,0.923353,4
芋,カボチャ,0.923114,5
腸内,胃腸,0.944635,1
腸内,代謝,0.943224,2
腸内,消化,0.942665,3
腸内,腸,0.925583,4
腸内,心理,0.908697,5
青山,富士,0.929162,1
青山,柏,0.928296,2
青山,椿,0.928047,3
青山,那須,0.92586,4
青山,蓮,0.920608,5
漢方,日本酒,0.837702,1
漢方,鍼灸,0.831084,2
漢方,遺産,0.809775,3
漢方,書士,0.807958,4
漢方,古典,0.797909,5
グリル,鉄板,0.874958,1
グリル,鍋,0.85066,2
グリル,BBQ,0.845094,3
グリル,フライパン,0.825715,4
グリル,焼き,0.81708,5
効能,性能,0.954895,1
効能,優先,0.952063,2
効能,改良,0.948962,3
効能,活用,0.947785,4
効能,改善,0.947218,5
バイオ,抗体,0.88615,1
バイオ,サイエンス,0.885372,2
バイオ,科学,0.879578,3
バイオ,免疫,0.864488,4
バイオ,研究,0.85722,5
仮想通貨,NFT,0.780258,1
仮想通貨,ベンチャー,0.768257,2
仮想通貨,ロケット,0.76501,3
仮想通貨,サイバー,0.748466,4
仮想通貨,スタートアップ,0.718325,5
永久,固い,0.95947,1
永久,基盤,0.91896,2
永久,耐久,0.91543,3
永久,固まる,0.910905,4
永久,絶対,0.908398,5
思想,考え方,0.981833,1
思想,考え,0.975294,2
思想,思う,0.956862,3
思想,経験,0.953181,4
思想,心身,0.946009,5
アーム,グリップ,0.961958,1
アーム,腰,0.960443,2
アーム,腕,0.960355,3
アーム,頭,0.958805,4
アーム,立てる,0.958429,5
大勢,集団,0.964939,1
大勢,集結,0.95963,2
大勢,一斉,0.956295,3
大勢,世間,0.94223,4
大勢,多数,0.936397,5
最低限,少なめ,0.968,1
最低限,最小,0.966687,2
最低限,低い,0.960415,3
最低限,低,0.959391,4
最低限,少量,0.956772,5
包丁,はさみ,0.927455,1
包丁,カットソー,0.907325,2
包丁,カッター,0.882239,3
包丁,ハンマー,0.876772,4
包丁,フライパン,0.857417,5
浄化,復元,0.943007,1
浄化,清潔,0.929378,2
浄化,整える,0.928985,3
浄化,健康的,0.924858,4
浄化,生かす,0.922492,5
右手,ハンド,0.976609,1
右手,手,0.969762,2
右手,手足,0.964104,3
右手,両手,0.963891,4
右手,口,0.96226,5
備考,裾,0.950632,1
備考,なおす,0.94807,2
備考,注,0.943558,3
備考,寄せる,0.94159,4
備考,掛ける,0.940434,5
ベテラン,師,0.950952,1
ベテラン,先輩,0.934416,2
ベテラン,守護,0.932962,3
ベテラン,師匠,0.917776,4
ベテラン,指導者,0.913962,5
満足度,満足,0.97437,1
満足度,着心地,0.939205,2
満足度,休暇,0.935936,3
満足度,肌触り,0.935316,4
満足度,居心地,0.932274,5
併設,センター,0.958738,1
併設,キャスト,0.947245,2
併設,ゾーン,0.94588,3
併設,班,0.944514,4
併設,成立,0.943513,5
帝国,八王子,0.822111,1
帝国,皇帝,0.817759,2
帝国,大社,0.803351,3
帝国,オペラ,0.802625,4
帝国,艦,0.782347,5
残高,メモ,0.958137,1
残高,スリーブ,0.953346,2
残高,金額,0.952678,3
残高,ID,0.951918,4
残高,定年,0.950105,5
ざっくり,はあ,0.904637,1
ざっくり,まあ,0.896794,2
ざっくり,放つ,0.889334,3
ざっくり,さてさて,0.886137,4
ざっくり,放し,0.872189,5
筆,ペン,0.982989,1
筆,文具,0.974888,2
筆,ノート,0.9638,3
筆,手帳,0.961504,4
筆,ボールペン,0.961035,5
薩摩芋,ジャガ芋,0.940134,1
薩摩芋,柿,0.940002,2
薩摩芋,田,0.934164,3
薩摩芋,栗,0.933511,4
薩摩芋,カボチャ,0.928074,5
ファーム,整備,0.907006,1
ファーム,生産者,0.891925,2
ファーム,農地,0.879462,3
ファーム,農場,0.877982,4
ファーム,道場,0.877261,5
日差し,日光,0.976104,1
日差し,朝日,0.95661,2
日差し,日当たり,0.943324,3
日差し,陽,0.941914,4
日差し,夏,0.934087,5
防衛,警備,0.955836,1
防衛,部隊,0.936435,2
防衛,警察,0.909288,3
防衛,防御,0.909268,4
防衛,資本,0.902572,5
撤去,除去,0.958451,1
撤去,取り外し,0.935297,2
撤去,消す,0.931767,3
撤去,取り除く,0.931138,4
撤去,取り外す,0.926006,5
目次,見出し,0.973737,1
目次,セクション,0.972532,2
目次,資料,0.964361,3
目次,基盤,0.964184,4
目次,科目,0.963289,5
連れ,見舞い,0.973857,1
連れ,携わる,0.962998,2
連れ,同士,0.961337,3
連れ,贈る,0.96107,4
連れ,馴染む,0.96006,5
ウォレット,財布,0.97282,1
ウォレット,充電器,0.951445,2
ウォレット,ブックマーク,0.949046,3
ウォレット,シューズ,0.94895,4
ウォレット,ボールペン,0.948141,5
飲料,ドリンク,0.995619,1
飲料,飲み物,0.9899,2
飲料,トップス,0.947517,3
飲料,シャツ,0.946678,4
飲料,ドレス,0.945728,5
信仰,絆,0.948712,1
信仰,肝心,0.947359,2
信仰,育む,0.946747,3
信仰,心,0.941713,4
信仰,旨み,0.939555,5
御襁褓,仏壇,0.898938,1
御襁褓,御供,0.890627,2
御襁褓,御陰様,0.883287,3
御襁褓,御朱印,0.882335,4
御襁褓,着丈,0.88177,5
プロデューサー,ディレクター,0.972243,1
プロデューサー,プロデュース,0.965866,2
プロデューサー,マーケティング,0.935094,3
プロデューサー,工学,0.92844,4
プロデューサー,企業,0.92796,5
万能,網羅,0.885094,1
万能,統一,0.877159,2
万能,必見,0.87661,3
万能,全面,0.874726,4
万能,統合,0.873586,5
浴,入浴,0.97916,1
浴,ブランケット,0.955717,2
浴,毛布,0.9511,3
浴,セーター,0.94824,4
浴,風呂,0.946509,5
シンボル,記号,0.928515,1
シンボル,直線,0.908862,2
シンボル,線,0.902223,3
シンボル,アルファベット,0.896882,4
シンボル,ナンバー,0.894539,5
休止,休診,0.965881,1
休止,静か,0.949646,2
休止,留まる,0.941141,3
休止,眠る,0.936936,4
休止,ボトム,0.936778,5
後輩,ジュニア,0.942668,1
後輩,弟,0.935521,2
後輩,子,0.91303,3
後輩,妹,0.903159,4
後輩,ずつ,0.900904,5
遺品,故人,0.915033,1
遺品,籠もる,0.906451,2
遺品,遺族,0.872863,3
遺品,相続人,0.868841,4
遺品,じっと,0.863174,5
哲学,理学,0.816631,1
哲学,学問,0.813291,2
哲学,知的,0.792345,3
哲学,聖書,0.791207,4
哲学,宗教,0.777953,5
公益,NPO,0.935192,1
公益,使命,0.916172,2
公益,授業,0.9142,3
公益,提携,0.907957,4
公益,協力,0.905476,5
保全,公認,0.896437,1
保全,実績,0.890179,2
保全,厚生,0.888172,3
保全,史,0.8875,4
保全,水戸,0.884665,5
腕時計,ウォッチ,0.963177,1
腕時計,ハンドバッグ,0.958216,2
腕時計,シューズ,0.953438,3
腕時計,時計,0.952632,4
腕時計,ボールペン,0.944649,5
自分自身,私自身,0.993623,1
自分自身,自己,0.99311,2
自分自身,自分,0.978494,3
自分自身,御自身,0.964626,4
自分自身,両親,0.963147,5
ナイキ,アディダス,0.986196,1
ナイキ,ヤマハ,0.940042,2
ナイキ,任天堂,0.935978,3
ナイキ,ソニー,0.924603,4
ナイキ,Google,0.920758,5
対象外,非,0.953318,1
対象外,陰性,0.939846,2
対象外,不用,0.93918,3
対象外,否,0.931281,4
対象外,全く,0.928236,5
会費,料金,0.946793,1
会費,賃料,0.940275,2
会費,運賃,0.928476,3
会費,限度額,0.928051,4
会費,控除,0.9203,5
イエス,訳有り,0.912809,1
イエス,師,0.910813,2
イエス,態々,0.910493,3
イエス,キリスト,0.908686,4
イエス,本格的,0.896681,5
サングラス,バッグ,0.945585,1
サングラス,ハンドバッグ,0.943121,2
サングラス,シューズ,0.933928,3
サングラス,シュー,0.926432,4
サングラス,眼鏡,0.919666,5
西洋,上海,0.953453,1
西洋,東京,0.952834,2
西洋,欧州,0.952314,3
西洋,北京,0.947884,4
西洋,西側,0.946612,5
SDGs,近代,0.924157,1
SDGs,提携,0.917489,2
SDGs,リーダー,0.915408,3
SDGs,現代,0.911362,4
SDGs,連携,0.909636,5
手伝う,助ける,0.99415,1
手伝う,手伝い,0.986752,2
手伝う,助け,0.986656,3
手伝う,支援,0.974007,4
手伝う,助かる,0.96731,5
保険料,慰謝料,0.932784,1
保険料,家賃,0.924044,2
保険料,請求書,0.915333,3
保険料,ビザ,0.911707,4
保険料,電気代,0.910689,5
桁,条,0.978588,1
桁,弁,0.977318,2
桁,格,0.976776,3
桁,部,0.976021,4
桁,丈,0.974026,5
リハビリテーション,リハビリ,0.988948,1
リハビリテーション,療法,0.965659,2
リハビリテーション,治療,0.958609,3
リハビリテーション,セラピー,0.95267,4
リハビリテーション,薬用,0.943385,5
コマ,ん,0.926241,1
コマ,えー,0.920026,2
コマ,抜き,0.914268,3
コマ,一度,0.906084,4
コマ,一回,0.902256,5
リッチ,ふんだん,0.966492,1
リッチ,極上,0.954812,2
リッチ,プレミアム,0.931448,3
リッチ,最高,0.930191,4
リッチ,ゴールデン,0.930067,5
即ち,先,0.965931,1
即ち,例えば,0.962536,2
即ち,割と,0.959092,3
即ち,頃,0.958545,4
即ち,どなた,0.956828,5
洋,万,0.936567,1
洋,太,0.92983,2
洋,天,0.928333,3
洋,東海,0.926415,4
洋,日,0.917901,5
一貫,一致,0.968514,1
一貫,既存,0.963504,2
一貫,正規,0.961244,3
一貫,正確,0.952113,4
一貫,一定,0.95189,5
前述,前記,0.9937,1
前述,前項,0.990598,2
前述,上記,0.987318,3
前述,題する,0.982753,4
前述,其の,0.981736,5
成田,羽田,0.97252,1
成田,名古屋市,0.954907,2
成田,東京都,0.950063,3
成田,品川,0.949232,4
成田,名古屋,0.948992,5
付着,孫,0.96254,1
付着,纏う,0.952964,2
付着,受け継ぐ,0.939261,3
付着,連れ,0.938853,4
付着,兄弟,0.936406,5
補う,治る,0.949609,1
補う,補充,0.939555,2
補う,手助け,0.937202,3
補う,補助,0.936947,4
補う,サプリ,0.935236,5
洗練,上品,0.942268,1
洗練,上質,0.930871,2
洗練,立派,0.914072,3
洗練,ファイン,0.904634,4
洗練,クオリティー,0.900679,5
幼い,子犬,0.923147,1
幼い,幼児,0.919707,2
幼い,歳児,0.913132,3
幼い,子猫,0.907643,4
幼い,ちび,0.898804,5
関,価,0.99051,1
関,合,0.97929,2
関,科,0.979223,3
関,連,0.978537,4
関,博,0.978141,5
佐賀,熊本県,0.982904,1
佐賀,徳島,0.982473,2
佐賀,熊本,0.981133,3
佐賀,岐阜県,0.978889,4
佐賀,岡山県,0.978137,5
団子,甘酒,0.950909,1
団子,素麺,0.945887,2
団子,粥,0.941048,3
団子,丼,0.92218,4
団子,餅,0.920215,5
遭遇,昨夜,0.90028,1
遭遇,心配,0.874293,2
遭遇,接触,0.870034,3
遭遇,移る,0.868378,4
遭遇,気分,0.864371,5
回路,バルブ,0.942298,1
回路,工法,0.93687,2
回路,関数,0.923055,3
回路,号線,0.918988,4
回路,輸送,0.915922,5
的確,正に,0.980881,1
的確,正解,0.976434,2
的確,是,0.975449,3
的確,きっと,0.972883,4
的確,正,0.966898,5
脂質,地域,0.90359,1
脂質,土壌,0.89715,2
脂質,空間,0.895073,3
脂質,人口,0.886177,4
脂質,現実,0.88278,5
一時的,一時,0.958783,1
一時的,時折,0.918043,2
一時的,臨時,0.901093,3
一時的,偶々,0.898417,4
一時的,折れる,0.8935,5
埃,奥,0.962087,1
埃,里,0.96172,2
埃,こく,0.961336,3
埃,対,0.95536,4
埃,此の,0.950699,5
複合,マルチ,0.913358,1
複合,三重,0.90421,2
複合,組合,0.893873,3
複合,融合,0.871349,4
複合,複数,0.851669,5
ウィズ,V,0.963981,1
ウィズ,H,0.95982,2
ウィズ,g,0.958759,3
ウィズ,一種,0.958519,4
ウィズ,v,0.958371,5
取り外し,取り外す,0.970837,1
取り外し,戻す,0.965424,2
取り外し,返す,0.940651,3
取り外し,撤去,0.935297,4
取り外し,取り消し,0.934756,5
IP,MAC,0.947395,1
IP,OS,0.938592,2
IP,基金,0.935876,3
IP,契約,0.935336,4
IP,asp,0.933209,5
VR,次世代,0.827558,1
VR,カスタム,0.800217,2
VR,最先端,0.798938,3
VR,新車,0.767358,4
VR,先端,0.760371,5
取り締まり,入札,0.884553,1
取り締まり,警察,0.87626,2
取り締まり,刑事,0.875822,3
取り締まり,施行,0.87448,4
取り締まり,作戦,0.874343,5
家庭用,御自宅,0.957454,1
家庭用,タオル,0.947646,2
家庭用,シャンプー,0.945797,3
家庭用,セーター,0.943607,4
家庭用,ホーム,0.943138,5
良質,優良,0.976273,1
良質,良好,0.970515,2
良質,上質,0.969787,3
良質,良い,0.965508,4
良質,良く,0.965465,5
学術,学問,0.980467,1
学術,博士,0.957613,2
学術,理科,0.947983,3
学術,数学,0.946589,4
学術,理系,0.944014,5
商工,会社,0.970587,1
商工,商社,0.969296,2
商工,商売,0.966549,3
商工,球団,0.965248,4
商工,広報,0.963883,5
鶏肉,チキン,0.983326,1
鶏肉,ライス,0.977155,2
鶏肉,トマト,0.962676,3
鶏肉,コットン,0.952072,4
鶏肉,そば,0.95167,5
金持ち,高額,0.860277,1
金持ち,VIP,0.843571,2
金持ち,エリート,0.811927,3
金持ち,高値,0.801564,4
金持ち,贅沢,0.789888,5
イノベーション,革新,0.963248,1
イノベーション,次世代,0.9183,2
イノベーション,創出,0.874102,3
イノベーション,クリエーティブ,0.86345,4
イノベーション,先端,0.859886,5
印象的,印象,0.975749,1
印象的,なれる,0.929647,2
印象的,どれ,0.928058,3
印象的,意,0.927561,4
印象的,マイ,0.923072,5
転送,送信,0.971836,1
転送,搭乗,0.944378,2
転送,求人,0.930814,3
転送,通話,0.928154,4
転送,コール,0.927397,5
番目,同じ,0.954553,1
番目,区間,0.952258,2
番目,並ぶ,0.952188,3
番目,入り,0.946466,4
番目,言及,0.939245,5
ランナー,ランニング,0.945306,1
ランナー,ラン,0.91129,2
ランナー,ジョギング,0.908136,3
ランナー,水泳,0.900523,4
ランナー,フィット,0.897401,5
警戒,割る,0.885085,1
警戒,切る,0.876533,2
警戒,力,0.866802,3
警戒,警告,0.857715,4
警戒,狙う,0.856935,5
舌,口,0.962033,1
舌,手指,0.95503,2
舌,腕,0.948667,3
舌,肘,0.939271,4
舌,ハンド,0.936384,5
大阪市,大阪,0.987662,1
大阪市,横浜市,0.981542,2
大阪市,名古屋市,0.976408,3
大阪市,上海,0.973095,4
大阪市,東京,0.970345,5
天麩羅,鯛,0.90662,1
天麩羅,甲斐,0.893226,2
天麩羅,福,0.892119,3
天麩羅,蜜,0.878603,4
天麩羅,日向,0.875555,5
出願,立案,0.933878,1
出願,事務,0.923534,2
出願,事務局,0.92249,3
出願,申告,0.920562,4
出願,発行,0.907155,5
思い切り,一気,0.926394,1
思い切り,勢い,0.887766,2
思い切り,思い切る,0.886087,3
思い切り,勢,0.869782,4
思い切り,越える,0.869554,5
カルシウム,葉酸,0.949454,1
カルシウム,水分,0.943494,2
カルシウム,野菜,0.941015,3
カルシウム,栄養素,0.939459,4
カルシウム,ビタミン,0.938577,5
国会,議会,0.985419,1
国会,内閣,0.945133,2
国会,党,0.944574,3
国会,カンパニー,0.94344,4
国会,政府,0.943234,5
歩行,歩く,0.989479,1
歩行,歩,0.982543,2
歩行,ウォーク,0.976986,3
歩行,歩む,0.976864,4
歩行,ウォーキング,0.973513,5
圧迫,痛,0.924605,1
圧迫,傷付ける,0.917025,2
圧迫,ダメージ,0.915227,3
圧迫,きつい,0.911669,4
圧迫,損害,0.907988,5
捜査,作戦,0.903647,1
捜査,化学,0.903331,2
捜査,トレーダー,0.878074,3
捜査,調達,0.877688,4
捜査,監査,0.866933,5
糖尿病,乳癌,0.898356,1
糖尿病,コレステロール,0.847239,2
糖尿病,症候群,0.802364,3
糖尿病,労災,0.780447,4
糖尿病,腰痛,0.773725,5
ドラッグストアー,工務店,0.957261,1
ドラッグストアー,郵便,0.947503,2
ドラッグストアー,薬局,0.940488,3
ドラッグストアー,ローソン,0.938126,4
ドラッグストアー,郵便局,0.934301,5
工法,製造,0.963984,1
工法,組み立て,0.954467,2
工法,加工,0.944756,3
工法,運送,0.937978,4
工法,回路,0.93687,5
理,順,0.976485,1
理,説,0.976023,2
理,質,0.975735,3
理,健,0.974601,4
理,特徴,0.97178,5
ジャム,シロップ,0.9009,1
ジャム,もちもち,0.89869,2
ジャム,タルト,0.893263,3
ジャム,餅,0.892318,4
ジャム,ギョーザ,0.889508,5
ウルトラ,ジェット,0.819664,1
ウルトラ,ガンダム,0.814482,2
ウルトラ,SF,0.800034,3
ウルトラ,ドラクエ,0.795839,4
ウルトラ,グランプリ,0.773952,5
彫刻,絵画,0.912324,1
彫刻,著作,0.851199,2
彫刻,美術,0.825534,3
彫刻,フィルム,0.811148,4
彫刻,ギャラリー,0.804742,5
大賞,受賞,0.952766,1
大賞,決勝,0.919958,2
大賞,グランド,0.918323,3
大賞,五輪,0.916612,4
大賞,優勝,0.910653,5
飲み会,パーティー,0.87474,1
飲み会,バーベキュー,0.825541,2
飲み会,年末年始,0.818727,3
飲み会,カラオケ,0.801228,4
飲み会,焼き肉,0.792926,5
中野,品川,0.980852,1
中野,神戸市,0.975142,2
中野,神戸,0.975019,3
中野,横浜,0.974693,4
中野,浦和,0.971858,5
宛て,承る,0.970028,1
宛て,処,0.964394,2
宛て,こそ,0.964205,3
宛て,言わば,0.964117,4
宛て,ふく,0.962511,5
左手,片手,0.983273,1
左手,足,0.981604,2
左手,鼻,0.96974,3
左手,体温,0.968487,4
左手,足元,0.964727,5
佐々木,長谷川,0.984787,1
佐々木,高橋,0.981116,2
佐々木,渡辺,0.978115,3
佐々木,加藤,0.976542,4
佐々木,山本,0.97567,5
暖房,風呂,0.91874,1
暖房,住居,0.915486,2
暖房,家屋,0.912886,3
暖房,家具,0.910515,4
暖房,住まい,0.910041,5
JP,英,0.985099,1
JP,SD,0.980982,2
JP,SE,0.980568,3
JP,ES,0.980467,4
JP,ST,0.980205,5
胡瓜,キャベツ,0.940085,1
胡瓜,大根,0.935682,2
胡瓜,白菜,0.929221,3
胡瓜,スイカ,0.926104,4
胡瓜,牛蒡,0.921468,5
次ぐ,その後,0.971568,1
次ぐ,続出,0.965104,2
次ぐ,関連,0.961324,3
次ぐ,今回,0.958844,4
次ぐ,出,0.958681,5
さらさら,清,0.931516,1
さらさら,白い,0.92866,2
さらさら,白,0.923947,3
さらさら,ホワイト,0.923263,4
さらさら,左上,0.910501,5
三井,住友,0.98639,1
三井,SBI,0.96049,2
三井,JR,0.95715,3
三井,三菱,0.953329,4
三井,ユナイテッド,0.950472,5
ハンター,フォース,0.887336,1
ハンター,狩り,0.87876,2
ハンター,戦士,0.875401,3
ハンター,狙う,0.835195,4
ハンター,威力,0.834877,5
オーディション,商談,0.90666,1
オーディション,会議,0.901438,2
オーディション,取り引き,0.901256,3
オーディション,ミーティング,0.901005,4
オーディション,販売,0.89481,5
預金,存分,0.959596,1
預金,担保,0.959144,2
預金,保証,0.949237,3
預金,月給,0.946386,4
預金,収納,0.945904,5
瀬戸,伊勢,0.969926,1
瀬戸,熊野,0.961991,2
瀬戸,信州,0.961866,3
瀬戸,出雲,0.959923,4
瀬戸,山口,0.943425,5
曜日,時間帯,0.947121,1
曜日,日時,0.946308,2
曜日,年代,0.94067,3
曜日,通行,0.93197,4
曜日,場所,0.930913,5
小まめ,リトル,0.954814,1
小まめ,小さな,0.950454,2
小まめ,小規模,0.947663,3
小まめ,小,0.945277,4
小まめ,スモール,0.94293,5
鉢,かご,0.963329,1
鉢,ポーチ,0.958322,2
鉢,箪笥,0.947132,3
鉢,瓶,0.94611,4
鉢,簿,0.941595,5
挿入,添付,0.957432,1
挿入,パート,0.955563,2
挿入,輸入,0.946007,3
挿入,貸し,0.945796,4
挿入,in,0.942301,5
スタジアム,アリーナ,0.971032,1
スタジアム,デパート,0.965755,2
スタジアム,百貨店,0.960868,3
スタジアム,城,0.959082,4
スタジアム,首都圏,0.947941,5
眼,頭,0.975716,1
眼,手足,0.969877,2
眼,頭部,0.966553,3
眼,身体,0.960244,4
眼,腕,0.96005,5
情熱,興奮,0.845706,1
情熱,アドベンチャー,0.837837,2
情熱,勢い,0.837287,3
情熱,冒険,0.834619,4
情熱,思い切り,0.830321,5
カーペット,絨毯,0.97893,1
カーペット,布団,0.957384,2
カーペット,ブランケット,0.955095,3
カーペット,セーター,0.955056,4
カーペット,毛布,0.950337,5
揺れる,揺る,0.955147,1
揺れる,滑る,0.926899,2
揺れる,震える,0.91469,3
揺れる,逃す,0.890056,4
揺れる,割れる,0.884542,5
発表会,交流会,0.968503,1
発表会,出展,0.968411,2
発表会,ツアー,0.96292,3
発表会,展示会,0.958802,4
発表会,展,0.957365,5
スノー,雪,0.953556,1
スノー,氷,0.870356,2
スノー,霧,0.818484,3
スノー,ゆき,0.804243,4
スノー,ムーン,0.801447,5
置き,被せる,0.968411,1
置き,下地,0.968037,2
置き,寄せる,0.967664,3
置き,収める,0.967209,4
置き,おく,0.965667,5
ヒップ,っぺ,0.873887,1
ヒップ,派,0.870357,2
ヒップ,ウエー,0.857264,3
ヒップ,ビート,0.85467,4
ヒップ,発,0.851192,5
ウォール,柱,0.955258,1
ウォール,壁,0.952828,2
ウォール,ブロック,0.946948,3
ウォール,フェンス,0.939988,4
ウォール,レール,0.933691,5
輸出,運営,0.950768,1
輸出,出荷,0.949287,2
輸出,業者,0.948301,3
輸出,発売,0.947267,4
輸出,委員会,0.945279,5
単体,単品,0.950636,1
単体,クローズ,0.907277,2
単体,注,0.904499,3
単体,個々,0.904195,4
単体,休診,0.899526,5
観客,一般的,0.954852,1
観客,一般,0.949794,2
観客,観覧,0.945829,3
観客,周囲,0.93836,4
観客,沿線,0.938154,5
合わせ,共,0.979048,1
合わせ,合,0.967138,2
合わせ,連,0.963525,3
合わせ,通,0.962451,4
合わせ,並びに,0.962368,5
抗,防ぐ,0.883897,1
抗,控える,0.866333,2
抗,押さえる,0.864296,3
抗,防止,0.861224,4
抗,防,0.857485,5
防御,セキュリティー,0.920365,1
防御,守備,0.919095,2
防御,防衛,0.909268,3
防御,ガード,0.907599,4
防御,防犯,0.902486,5
筋力,スタミナ,0.975437,1
筋力,筋肉,0.935382,2
筋力,体幹,0.934206,3
筋力,実力,0.926706,4
筋力,決意,0.923163,5
ルーター,センサー,0.937497,1
ルーター,ブラウザ,0.933649,2
ルーター,決済,0.926205,3
ルーター,ツール,0.921449,4
ルーター,Eメール,0.917965,5
直線,線,0.981709,1
直線,真っ直ぐ,0.972918,2
直線,円,0.965965,3
直線,本数,0.958113,4
直線,ナンバー,0.95334,5
参戦,照射,0.877875,1
参戦,戦う,0.853832,2
参戦,武,0.853451,3
参戦,シュート,0.849651,4
参戦,騎手,0.842229,5
両手,手足,0.982502,1
両手,脚,0.977647,2
両手,ハンド,0.969301,3
両手,右手,0.963891,4
両手,腕,0.961772,5
細か,寸,0.94728,1
細か,サブ,0.919618,2
細か,細かい,0.912071,3
細か,マイナー,0.897019,4
細か,小まめ,0.896606,5
漏れ,漏れる,0.983601,1
漏れ,間違い,0.960194,2
漏れ,錯誤,0.959524,3
漏れ,誤り,0.95617,4
漏れ,腐る,0.953345,5
フローリング,屋,0.962139,1
フローリング,宿泊,0.960882,2
フローリング,マットレス,0.950421,3
フローリング,房,0.949251,4
フローリング,ブック,0.946923,5
絶賛,好評,0.961834,1
絶賛,豊か,0.934875,2
絶賛,豊富,0.933439,3
絶賛,ベスト,0.932209,4
絶賛,勝利,0.930869,5
しま,もり,0.977072,1
しま,菅,0.965742,2
しま,こく,0.961739,3
しま,縁,0.960663,4
しま,里,0.955282,5
本革,真鍮,0.966522,1
本革,革,0.934041,2
本革,レザー,0.928392,3
本革,名誉,0.913646,4
本革,天然石,0.913625,5
フライト,航空,0.94414,1
フライト,飛行機,0.927408,2
フライト,リニューアル,0.905543,3
フライト,自動化,0.904432,4
フライト,基金,0.903637,5
リターン,返却,0.962302,1
リターン,払う,0.960223,2
リターン,請求,0.95977,3
リターン,要望,0.9587,4
リターン,返還,0.955468,5
協議会,協会,0.943713,1
協議会,総会,0.939093,2
協議会,委員会,0.938331,3
協議会,連盟,0.935512,4
協議会,会議,0.928744,5
アンチ,反,0.918807,1
アンチ,阻害,0.912075,2
アンチ,嫌,0.908211,3
アンチ,妨げる,0.902001,4
アンチ,差別,0.891843,5
担保,保証,0.964452,1
担保,預金,0.959144,2
担保,処方,0.948776,3
担保,財産,0.941815,4
担保,バックアップ,0.937675,5
短時間,短期間,0.976792,1
短時間,一時,0.880393,2
短時間,ドロップ,0.86952,3
短時間,薄手,0.868149,4
短時間,短期,0.867833,5
カーディガン,セーター,0.979715,1
カーディガン,マフラー,0.959081,2
カーディガン,布団,0.94986,3
カーディガン,和室,0.947527,4
カーディガン,ソープ,0.946776,5
リモコン,カート,0.969726,1
リモコン,コップ,0.950688,2
リモコン,引き出し,0.949241,3
リモコン,ソックス,0.948357,4
リモコン,スプーン,0.947509,5
原材料,原料,0.98515,1
原材料,資材,0.953207,2
原材料,産地,0.942871,3
原材料,時点,0.928618,4
原材料,面積,0.926485,5
贈与,内祝い,0.961789,1
贈与,贈り物,0.959439,2
贈与,ディナー,0.936042,3
贈与,招待,0.932357,4
贈与,礼,0.931811,5
年中,中旬,0.983687,1
年中,日中,0.976804,2
年中,今季,0.962681,3
年中,上旬,0.9541,4
年中,日間,0.951054,5
寸法,時点,0.965059,1
寸法,本数,0.959356,2
寸法,数値,0.958818,3
寸法,数,0.949745,4
寸法,面積,0.949239,5
玄米,純米,0.972587,1
玄米,蕎麦,0.95999,2
玄米,椎茸,0.944286,3
玄米,リネン,0.935773,4
玄米,オリーブ,0.93173,5
ボルト,電源,0.927095,1
ボルト,ケーブル,0.892747,2
ボルト,ポンプ,0.890051,3
ボルト,コンセント,0.888578,4
ボルト,圧縮,0.887946,5
編む,編み,0.964934,1
編む,織る,0.96431,2
編む,仕立てる,0.911352,3
編む,ニット,0.895464,4
編む,工房,0.893794,5
光景,平野,0.955843,1
光景,景色,0.949874,2
光景,景観,0.944627,3
光景,場,0.944278,4
光景,周囲,0.939057,5
フォント,図面,0.961327,1
フォント,図形,0.954359,2
フォント,テンプレート,0.949959,3
フォント,フォーマット,0.946717,4
フォント,レイアウト,0.94559,5
デフォルト,名義,0.941728,1
デフォルト,種別,0.941722,2
デフォルト,放置,0.938583,3
デフォルト,箇所,0.937455,4
デフォルト,単位,0.934483,5
吐く,スウェット,0.923242,1
吐く,咳,0.923014,2
吐く,下痢,0.904757,3
吐く,消耗,0.902893,4
吐く,蚊,0.902144,5
コンディション,姿,0.961688,1
コンディション,ウエスト,0.959101,2
コンディション,取り扱い,0.957528,3
コンディション,認める,0.954189,4
コンディション,基調,0.953369,5
がっつり,有力,0.934652,1
がっつり,全力,0.924765,2
がっつり,強調,0.919027,3
がっつり,強い,0.917274,4
がっつり,一生懸命,0.899134,5
育毛,サプリメント,0.91877,1
育毛,手入れ,0.9133,2
育毛,スキンケア,0.910185,3
育毛,施術,0.907967,4
育毛,洗顔,0.901692,5
スウェット,汗,0.936803,1
スウェット,吐く,0.923242,2
スウェット,弄る,0.896294,3
スウェット,消耗,0.895366,4
スウェット,発熱,0.882542,5
小規模,小型,0.985323,1
小規模,小さな,0.981111,2
小規模,スモール,0.9734,3
小規模,小さめ,0.95891,4
小規模,小,0.954651,5
徳島,熊本県,0.989052,1
徳島,熊本,0.988193,2
徳島,佐賀,0.982473,3
徳島,高知,0.981192,4
徳島,鹿児島,0.966693,5
誤差,錯誤,0.980052,1
誤差,間違い,0.973309,2
誤差,誤り,0.970171,3
誤差,不具合,0.960545,4
誤差,間違える,0.958972,5
陽性,正面,0.972417,1
陽性,有利,0.966201,2
陽性,賛成,0.96211,3
陽性,ポジティブ,0.957564,4
陽性,好,0.956491,5
香川,愛媛県,0.977788,1
香川,愛媛,0.972484,2
香川,那覇,0.966907,3
香川,神奈川,0.966464,4
香川,千葉,0.965474,5
ピン,クリップ,0.957307,1
ピン,端子,0.935884,2
ピン,インチ,0.929053,3
ピン,スタンプ,0.92868,4
ピン,プラグ,0.906734,5
食卓,フード,0.955353,1
食卓,食べ物,0.948682,2
食卓,食物,0.946788,3
食卓,食品,0.946717,4
食卓,ディナー,0.943879,5
アスリート,選手,0.932127,1
アスリート,スポーツ,0.897902,2
アスリート,ヒーロー,0.894534,3
アスリート,体育,0.884381,4
アスリート,チャンピオン,0.877648,5
待遇,扱い,0.963361,1
待遇,具合,0.958716,2
待遇,滞在,0.95775,3
待遇,中身,0.952451,4
待遇,内,0.949772,5
都会,都市,0.983038,1
都会,シティー,0.967135,2
都会,首都圏,0.944821,3
都会,媒体,0.933231,4
都会,ソフトバンク,0.933016,5
BBQ,バーベキュー,0.968534,1
BBQ,焼き肉,0.913348,2
BBQ,グリル,0.845094,3
BBQ,ミート,0.808773,4
BBQ,招待,0.802789,5
速やか,迅速,0.943049,1
速やか,速い,0.938431,2
速やか,早速,0.894368,3
速やか,アクション,0.879032,4
速やか,速,0.87551,5
リール,インスタ,0.904345,1
リール,ポップ,0.834322,2
リール,POP,0.824478,3
リール,ツイート,0.809126,4
リール,スニーカー,0.804689,5
大正,明治,0.898954,1
大正,昭和,0.888933,2
大正,総会,0.855562,3
大正,開幕,0.853171,4
大正,連盟,0.843287,5
肝,肝臓,0.913551,1
肝,腸,0.892456,2
肝,血管,0.873361,3
肝,内臓,0.86338,4
肝,大腸,0.859394,5
中部,周,0.966952,1
中部,近畿,0.959024,2
中部,整体,0.955005,3
中部,西日本,0.951859,4
中部,概ね,0.950755,5
協定,機構,0.957766,1
協定,ポリシー,0.952036,2
協定,制度,0.950844,3
協定,協議,0.949736,4
協定,規程,0.945252,5
鮪,虎,0.824779,1
鮪,タイガー,0.804078,2
鮪,矢鱈,0.788773,3
鮪,ロシア,0.753606,4
鮪,ライオン,0.740442,5
教科書,教材,0.98459,1
教科書,図書,0.980611,2
教科書,参考書,0.975285,3
教科書,辞典,0.974378,4
教科書,教科,0.974253,5
漏れる,漏れ,0.983601,1
漏れる,誤る,0.967511,2
漏れる,間違い,0.954938,3
漏れる,剥がれる,0.952723,4
漏れる,滑り,0.95101,5
班,学級,0.961842,1
班,学年,0.956817,2
班,掲載,0.954384,3
班,説明会,0.953142,4
班,校,0.950763,5
セクシー,映え,0.814831,1
セクシー,かっこいい,0.716336,2
セクシー,カッコイイ,0.714283,3
セクシー,魅了,0.711934,4
セクシー,爽快,0.706864,5
ラグビー,ボクシング,0.894709,1
ラグビー,サッカー,0.857839,2
ラグビー,スポーツ,0.821574,3
ラグビー,レース,0.819008,4
ラグビー,競技,0.804608,5
運送,運輸,0.978995,1
運送,輸送,0.976844,2
運送,出荷,0.954209,3
運送,生産,0.949516,4
運送,製造,0.944718,5
アクティビティー,進捗,0.945429,1
アクティビティー,お出掛け,0.944752,2
アクティビティー,活動,0.942972,3
アクティビティー,プレーヤー,0.940469,4
アクティビティー,運動,0.939665,5
裁判所,司法,0.961821,1
裁判所,市役所,0.946318,2
裁判所,法務,0.939556,3
裁判所,編集部,0.935789,4
裁判所,法律,0.928626,5
ナイフ,刀,0.957871,1
ナイフ,刃,0.914053,2
ナイフ,ハンマー,0.870753,3
ナイフ,はさみ,0.860526,4
ナイフ,ドリル,0.851057,5
ごとし,し,0.975359,1
ごとし,ごと,0.972955,2
ごとし,ろ,0.971534,3
ごとし,さら,0.971301,4
ごとし,つ,0.970276,5
被害者,ダウン,0.912087,1
被害者,残念,0.899703,2
被害者,遅い,0.892615,3
被害者,被害,0.882556,4
被害者,弱点,0.878519,5
交える,交わす,0.974616,1
交える,接する,0.969138,2
交える,会,0.96252,3
交える,とも,0.961666,4
交える,つう,0.961574,5
直近,随時,0.954508,1
直近,今,0.954483,2
直近,いま,0.948934,3
直近,今一,0.944778,4
直近,今朝,0.937794,5
墓地,墓,0.967903,1
墓地,霊園,0.920828,2
墓地,葬,0.911029,3
墓地,死者,0.856782,4
墓地,収容,0.851469,5
交代,往復,0.925817,1
交代,出番,0.918755,2
交代,巡り,0.906216,3
交代,分け,0.906096,4
交代,沿う,0.903961,5
侵害,妨害,0.96301,1
侵害,侵入,0.960425,2
侵害,違反,0.954269,3
侵害,悪影響,0.937694,4
侵害,中傷,0.934403,5
グランプリ,競艇,0.85859,1
グランプリ,レース,0.831689,2
グランプリ,ジェット,0.827083,3
グランプリ,競技,0.822673,4
グランプリ,戦隊,0.813329,5
前年,昨年,0.943456,1
前年,前日,0.923683,2
前年,発祥,0.915444,3
前年,当時,0.890509,4
前年,局,0.886262,5
ギャンブル,ドラッグ,0.911273,1
ギャンブル,賭ける,0.888762,2
ギャンブル,パチンコ,0.868715,3
ギャンブル,馬券,0.846056,4
ギャンブル,カジノ,0.838844,5
一級,上級,0.968753,1
一級,トップ,0.96848,2
一級,高等,0.955731,3
一級,プライム,0.952841,4
一級,上位,0.952726,5
ヤマト,大和,0.95536,1
ヤマト,八幡,0.944562,2
ヤマト,王,0.938799,3
ヤマト,大塚,0.93484,4
ヤマト,堂々,0.928596,5
金曜日,金曜,0.97037,1
金曜日,話題,0.95546,2
金曜日,来場,0.935747,3
金曜日,拍手,0.935231,4
金曜日,当日,0.930906,5
脚本,スクリプト,0.984265,1
脚本,ボード,0.940721,2
脚本,インデックス,0.935253,3
脚本,設置,0.934672,4
脚本,編成,0.934384,5
転売,スワップ,0.822424,1
転売,代引き,0.821512,2
転売,勧誘,0.800346,3
転売,纏め買い,0.74783,4
転売,差別,0.746865,5
花嫁,新婦,0.96116,1
花嫁,スイート,0.952296,2
花嫁,プリンセス,0.9498,3
花嫁,ブライダル,0.937361,4
花嫁,花束,0.928584,5
ろ,し,0.986755,1
ろ,こう,0.983161,2
ろ,ねん,0.98233,3
ろ,い,0.98231,4
ろ,げ,0.980505,5
ジェット,航空,0.869616,1
ジェット,トレーダー,0.857682,2
ジェット,レーダー,0.85508,3
ジェット,エクスプレス,0.853713,4
ジェット,機動,0.853664,5
語学,言語,0.969699,1
語学,国語,0.960705,2
語学,本業,0.938626,3
語学,授業,0.933593,4
語学,レッスン,0.932137,5
青空,緑,0.946189,1
青空,木々,0.931971,2
青空,朝日,0.930289,3
青空,スカイ,0.921929,4
青空,晴れ,0.92177,5
ファイア,沸騰,0.953146,1
ファイア,燃える,0.950487,2
ファイア,高温,0.938217,3
ファイア,燃焼,0.917344,4
ファイア,火,0.916147,5
ディレクター,プロデューサー,0.972243,1
ディレクター,経営者,0.938979,2
ディレクター,管理職,0.938891,3
ディレクター,監督,0.938195,4
ディレクター,管理者,0.93797,5
バブル,ギャンブル,0.699623,1
バブル,ガチャ,0.691188,2
バブル,コースター,0.688186,3
バブル,賭ける,0.680516,4
バブル,弾ける,0.669623,5
静岡県,静岡,0.995256,1
静岡県,群馬県,0.988623,2
静岡県,岐阜県,0.986718,3
静岡県,群馬,0.981763,4
静岡県,宮城県,0.979048,5
初代,坊主,0.938424,1
初代,坊,0.919173,2
初代,申す,0.916866,3
初代,御,0.914951,4
初代,聖,0.907986,5
算出,翻訳,0.9584,1
算出,判定,0.951885,2
算出,交付,0.949803,3
算出,検索,0.94847,4
算出,算定,0.948302,5
利回り,収益,0.955389,1
利回り,業績,0.932688,2
利回り,進捗,0.926753,3
利回り,目標,0.926421,4
利回り,利益,0.9222,5
ソックス,靴下,0.974882,1
ソックス,パッド,0.964296,2
ソックス,スリッパ,0.961194,3
ソックス,手袋,0.959473,4
ソックス,ハット,0.958084,5
自殺,虐待,0.858483,1
自殺,妄想,0.857463,2
自殺,酷い,0.853519,3
自殺,殺害,0.848133,4
自殺,中毒,0.847267,5
ドット,点,0.936866,1
ドット,粉末,0.933935,2
ドット,インチ,0.894029,3
ドット,リットル,0.891794,4
ドット,サンプル,0.883506,5
遠方,遠い,0.97336,1
遠方,遠く,0.963121,2
遠方,彼方,0.935104,3
遠方,空,0.911885,4
遠方,遥か,0.872393,5
法定,規約,0.961823,1
法定,規定,0.961427,2
法定,規程,0.952029,3
法定,庁,0.943667,4
法定,制服,0.937476,5
収める,寄せる,0.973098,1
収める,置く,0.969472,2
収める,下地,0.968458,3
収める,置き,0.967209,4
収める,入れ,0.963031,5
潜る,抜き,0.880306,1
潜る,一昨,0.863279,2
潜る,テール,0.852542,3
潜る,あー,0.848685,4
潜る,隠れる,0.84843,5
危ない,恐ろしい,0.962005,1
危ない,危険,0.957659,2
危ない,恐怖,0.955376,3
危ない,パニック,0.952013,4
危ない,傷付ける,0.944463,5
スピリチュアル,精神的,0.911126,1
スピリチュアル,魂,0.905089,2
スピリチュアル,信仰,0.904514,3
スピリチュアル,心掛ける,0.888791,4
スピリチュアル,心,0.888033,5
勧誘,誘い,0.807502,1
勧誘,転売,0.800346,2
勧誘,纏め買い,0.760827,3
勧誘,飲酒,0.749266,4
勧誘,詰め込む,0.743506,5
WW,SR,0.97103,1
WW,インター,0.970093,2
WW,BB,0.969552,3
WW,CM,0.968525,4
WW,EX,0.968345,5
コストコ,マイナビ,0.926847,1
コストコ,ダイソー,0.916717,2
コストコ,NHK,0.915293,3
コストコ,ユニクロ,0.913039,4
コストコ,トヨタ,0.91198,5
認可,許可,0.967932,1
認可,適用,0.958479,2
認可,授与,0.957863,3
認可,代金,0.956131,4
認可,定める,0.953374,5
ジョン,マイケル,0.988414,1
ジョン,渡辺,0.9828,2
ジョン,鈴木,0.979505,3
ジョン,阿部,0.975632,4
ジョン,松田,0.971802,5
当て嵌まる,ブリーチ,0.903215,1
当て嵌まる,ぶつかる,0.899582,2
当て嵌まる,崩す,0.889536,3
当て嵌まる,襲う,0.884887,4
当て嵌まる,爆,0.883529,5
ムービー,映画,0.977006,1
ムービー,シネマ,0.925562,2
ムービー,アニメーション,0.9216,3
ムービー,広告,0.915343,4
ムービー,アニメ,0.913513,5
記念日,週刊,0.91831,1
記念日,レーベル,0.906056,2
記念日,営業所,0.905217,3
記念日,拠点,0.899359,4
記念日,掲載,0.897861,5
広々,広い,0.969381,1
広々,幅広い,0.93417,2
広々,ワイド,0.921492,3
広々,一望,0.912006,4
広々,青空,0.904568,5
署名,計上,0.946333,1
署名,担当者,0.943785,2
署名,履歴,0.941022,3
署名,担当,0.939543,4
署名,防,0.935894,5
痒い,痒み,0.982444,1
痒い,吐き気,0.910008,2
痒い,痛む,0.909267,3
痒い,頭痛,0.903841,4
痒い,抜け毛,0.902627,5
療養,落ち着き,0.930719,1
療養,癒す,0.924215,2
療養,戸建て,0.920944,3
療養,庭,0.919186,4
療養,癒し,0.91895,5
牛肉,ビーフ,0.984748,1
牛肉,ココア,0.950205,2
牛肉,肉,0.92751,3
牛肉,ミート,0.90373,4
牛肉,ステーキ,0.899852,5
スイス,フィンランド,0.94499,1
スイス,スウェーデン,0.935264,2
スイス,北欧,0.931681,3
スイス,カナダ,0.90449,4
スイス,ニュージーランド,0.899005,5
橋本,井上,0.956769,1
橋本,自社,0.951735,2
橋本,一家,0.946136,3
橋本,松井,0.943766,4
橋本,c,0.943253,5
暴力,攻撃,0.964557,1
暴力,虐待,0.961733,2
暴力,殺害,0.953381,3
暴力,悪影響,0.951833,4
暴力,殺人,0.948615,5
メール便,Eメール,0.956458,1
メール便,メール,0.955269,2
メール便,賃貸,0.950057,3
メール便,メールアドレス,0.942787,4
メール便,請求書,0.936214,5
日産,本田,0.977248,1
日産,トヨタ,0.973789,2
日産,ドコモ,0.969655,3
日産,マイナビ,0.963697,4
日産,ホンダ,0.962316,5
送金,支払い,0.963446,1
送金,決済,0.955791,2
送金,融資,0.946806,3
送金,口座,0.946712,4
送金,アカウント,0.942309,5
独身,単身,0.978673,1
独身,離す,0.898814,2
独身,手放す,0.888917,3
独身,只今,0.887382,4
独身,暫く,0.883601,5
県民,概ね,0.962374,1
県民,住民,0.955471,2
県民,通常,0.950471,3
県民,中部,0.947286,4
県民,市民,0.947204,5
樹,樹木,0.991476,1
樹,木,0.988085,2
樹,木々,0.978339,3
樹,ツリー,0.977025,4
樹,林,0.962719,5
クレーム,申し立て,0.91335,1
クレーム,賠償,0.909322,2
クレーム,損益,0.906864,3
クレーム,経費,0.90069,4
クレーム,返送,0.900478,5
増し,上乗せ,0.934746,1
増し,増やす,0.929497,2
増し,盛り,0.920879,3
増し,ビック,0.919957,4
増し,倍,0.918354,5
自家,ホーム,0.966095,1
自家,我が家,0.964422,2
自家,お家,0.961936,3
自家,実家,0.961505,4
自家,自宅,0.961191,5
存分,セーブ,0.975131,1
存分,ホルダー,0.973512,2
存分,履歴,0.960519,3
存分,預金,0.959596,4
存分,帳,0.957187,5
山崎,山田,0.980326,1
山崎,青木,0.968608,2
山崎,高田,0.964642,3
山崎,田村,0.963413,4
山崎,石井,0.96333,5
老化,加齢,0.972798,1
老化,亡くなる,0.877797,2
老化,後遺,0.863458,3
老化,エイジング,0.860385,4
老化,遅い,0.856988,5
偉い,偉大,0.964525,1
偉い,優秀,0.960013,2
偉い,優れる,0.945766,3
偉い,達人,0.931498,4
偉い,素晴らしい,0.930316,5
脂,部位,0.949428,1
脂,種,0.933828,2
脂,腹,0.929017,3
脂,ネック,0.925797,4
脂,ブラウン,0.92416,5
毒,有害,0.94725,1
毒,犯人,0.934009,2
毒,悪質,0.933253,3
毒,敵,0.932,4
毒,殺人,0.92986,5
居住,住む,0.984165,1
居住,住まう,0.98297,2
居住,居宅,0.957944,3
居住,暮らす,0.956149,4
居住,世帯,0.952801,5
印鑑,簿,0.909617,1
印鑑,鍵,0.898231,2
印鑑,DVD,0.893566,3
印鑑,刻印,0.891978,4
印鑑,仏壇,0.890103,5
つる,つるつる,0.918787,1
つる,湧く,0.890821,2
つる,鳴く,0.888378,3
つる,流す,0.878862,4
つる,発生,0.863755,5
ドライヤー,ヒーター,0.949434,1
ドライヤー,オーブン,0.944711,2
ドライヤー,洗濯機,0.93578,3
ドライヤー,乾燥機,0.9318,4
ドライヤー,シャワー,0.913231,5
レバー,クラッチ,0.918175,1
レバー,ハンドル,0.906609,2
レバー,バルブ,0.897151,3
レバー,スイッチ,0.896305,4
レバー,ホイール,0.894958,5
ソング,歌,0.973643,1
ソング,楽曲,0.929771,2
ソング,音楽,0.917112,3
ソング,ミュージック,0.914387,4
ソング,メロディー,0.900429,5
色素,方向,0.927073,1
色素,所在地,0.926649,2
色素,位置,0.923156,3
色素,脂,0.913117,4
色素,年月日,0.912159,5
池田,中島,0.979689,1
池田,石井,0.976054,2
池田,石田,0.967209,3
池田,田村,0.967005,4
池田,斎藤,0.965066,5
貸し切り,貸し出し,0.965111,1
貸し切り,貸し,0.940977,2
貸し切り,譲渡,0.92933,3
貸し切り,テナント,0.925496,4
貸し切り,クライアント,0.925023,5
返し,なおす,0.971888,1
返し,裾,0.962406,2
返し,被せる,0.962112,3
返し,寄せる,0.961231,4
返し,入れ,0.958585,5
モーニング,毎朝,0.956032,1
モーニング,お復習い,0.949121,2
モーニング,日帰り,0.948655,3
モーニング,生,0.941136,4
モーニング,適度,0.937304,5
ソープ,タオル,0.970747,1
ソープ,枕,0.968098,2
ソープ,シャツ,0.963146,3
ソープ,セーター,0.959913,4
ソープ,手摺,0.959675,5
福,祝福,0.953548,1
福,賞,0.951753,2
福,恵み,0.948768,3
福,恵まれる,0.948612,4
福,しっくり,0.948284,5
週刊,掲載,0.974922,1
週刊,刊行,0.965797,2
週刊,説明会,0.963751,3
週刊,公表,0.960337,4
週刊,発表,0.957603,5
名入れ,帳,0.966047,1
名入れ,トート,0.950264,2
名入れ,ホルダー,0.948899,3
名入れ,飾る,0.948418,4
名入れ,ススメ,0.948052,5
パンダ,軽井沢,0.870654,1
パンダ,湘南,0.833796,2
パンダ,愛媛,0.832118,3
パンダ,愛媛県,0.824736,4
パンダ,美女,0.819723,5
カプセル,フィルター,0.930696,1
カプセル,タブ,0.929582,2
カプセル,卓上,0.929533,3
カプセル,錠,0.926376,4
カプセル,個室,0.921412,5
チャーム,艶,0.931936,1
チャーム,ロマンチック,0.920719,2
チャーム,魅了,0.918619,3
チャーム,魅力的,0.918539,4
チャーム,魅力,0.917636,5
サプライズ,びっくり,0.757966,1
サプライズ,マジック,0.736275,2
サプライズ,驚き,0.71536,3
サプライズ,目茶目茶,0.701697,4
サプライズ,変身,0.680184,5
法的,法,0.978588,1
法的,法律,0.96213,2
法的,制度,0.957013,3
法的,機構,0.949105,4
法的,法令,0.94747,5
遺跡,古墳,0.837662,1
遺跡,文化財,0.750416,2
遺跡,霊園,0.744174,3
遺跡,アーカイブ,0.743532,4
遺跡,藩,0.737335,5
ネーム,名称,0.97506,1
ネーム,持ち,0.972494,2
ネーム,装着,0.961859,3
ネーム,名字,0.958323,4
ネーム,持つ,0.955887,5
カーボン,炭素,0.975985,1
カーボン,濃度,0.916962,2
カーボン,塩分,0.894911,3
カーボン,ナトリウム,0.877846,4
カーボン,存在,0.862764,5
判決,管轄,0.950308,1
判決,規格,0.944194,2
判決,定価,0.937026,3
判決,ポリシー,0.935985,4
判決,方針,0.93312,5
機能性,テクニック,0.959095,1
機能性,治療,0.949455,2
機能性,機能,0.945244,3
機能性,解決策,0.944037,4
機能性,実用,0.942462,5
さくさく,香る,0.915254,1
さくさく,さく,0.908002,2
さくさく,旬,0.897193,3
さくさく,咲く,0.891965,4
さくさく,晒す,0.89019,5
OS,データベース,0.971162,1
OS,契約,0.957444,2
OS,合同,0.954286,3
OS,機体,0.951221,4
OS,計算,0.949705,5
染める,塗る,0.932727,1
染める,縫う,0.932249,2
染める,ブラシ,0.926766,3
染める,染め,0.916332,4
染める,開封,0.912447,5
谷,陸,0.972762,1
谷,丘,0.959228,2
谷,林,0.958031,3
谷,ランド,0.954516,4
谷,アース,0.952045,5
売り場,マート,0.971551,1
売り場,店舗,0.970892,2
売り場,ステーション,0.958403,3
売り場,ショップ,0.957778,4
売り場,商店,0.95776,5
他者,深夜,0.717542,1
他者,孤独,0.711862,2
他者,以外,0.687634,3
他者,霧,0.681567,4
他者,間接,0.680318,5
債権,出資,0.917968,1
債権,送金,0.900392,2
債権,買い取り,0.900201,3
債権,クレジット,0.891459,4
債権,資金,0.88955,5
ローラー,点灯,0.886113,1
ローラー,塗り,0.884883,2
ローラー,ボタン,0.877602,3
ローラー,塗る,0.876015,4
ローラー,着色,0.874932,5
血流,血行,0.974813,1
血流,代謝,0.934173,2
血流,繁殖,0.922573,3
血流,認知,0.921928,4
血流,心臓,0.919197,5
保守,従来,0.967046,1
保守,本舗,0.928833,2
保守,伝統的,0.916788,3
保守,古,0.910363,4
保守,証,0.908935,5
エクセル,Excel,0.981477,1
エクセル,電機,0.941449,2
エクセル,コンピューター,0.939248,3
エクセル,Android,0.938414,4
エクセル,GPS,0.936642,5
魔,ドラゴン,0.761031,1
魔,魔法,0.754967,2
魔,召喚,0.735999,3
魔,竜,0.711349,4
魔,魔女,0.677935,5
店主,デイリー,0.954682,1
店主,用事,0.951009,2
店主,員,0.950832,3
店主,勤める,0.94814,4
店主,伺う,0.945812,5
リーディング,主役,0.959168,1
リーディング,促進,0.959129,2
リーディング,主力,0.957052,3
リーディング,勝,0.955714,4
リーディング,増進,0.951232,5
LDK,dmm,0.965317,1
LDK,ETC,0.940382,2
LDK,FP,0.919132,3
LDK,AT,0.916931,4
LDK,xm,0.91181,5
文法,規格,0.96031,1
文法,科目,0.959849,2
文法,規則,0.953561,3
文法,レイアウト,0.949414,4
文法,仕様,0.945293,5
オフィシャル,正式,0.959771,1
オフィシャル,報告書,0.942396,2
オフィシャル,報告,0.935694,3
オフィシャル,ガイドライン,0.933798,4
オフィシャル,同社,0.930577,5
入国,派遣,0.931472,1
入国,発送,0.926961,2
入国,労務,0.923648,3
入国,処理,0.916031,4
入国,代行,0.915584,5
多摩,兵庫,0.971795,1
多摩,大宮,0.962758,2
多摩,関東,0.958055,3
多摩,さいたま,0.957557,4
多摩,千葉,0.952021,5
ヘルシー,ヒアルロン,0.963288,1
ヘルシー,ヨーガ,0.953002,2
ヘルシー,健康的,0.951669,3
ヘルシー,エコ,0.948718,4
ヘルシー,クリーン,0.948622,5
ボーカル,演奏,0.94056,1
ボーカル,歌声,0.934595,2
ボーカル,唱える,0.918779,3
ボーカル,歌う,0.918274,4
ボーカル,昼間,0.908499,5
不用品,廃車,0.876206,1
不用品,不用,0.85588,2
不用品,オフ,0.841687,3
不用品,未使用,0.839037,4
不用品,無駄毛,0.833925,5
プチ,リトル,0.935204,1
プチ,ジュニア,0.910444,2
プチ,ちょい,0.890658,3
プチ,ミニ,0.885967,4
プチ,ショート,0.885169,5
主流,必見,0.964095,1
主流,主演,0.957556,2
主流,多数,0.950273,3
主流,愛知,0.948178,4
主流,川崎,0.944366,5
片手,左手,0.983273,1
片手,足元,0.969947,2
片手,足首,0.966813,3
片手,足裏,0.966211,4
片手,足,0.96569,5
ノイズ,汚れる,0.934596,1
ノイズ,汚い,0.931548,2
ノイズ,エラー,0.909585,3
ノイズ,悪化,0.90653,4
ノイズ,汚れ,0.905851,5
単なる,略,0.954519,1
単なる,省略,0.933771,2
単なる,最低限,0.923745,3
単なる,ん,0.922133,4
単なる,低い,0.920832,5
鋼,金属,0.968159,1
鋼,スチール,0.948203,2
鋼,鉄,0.912848,3
鋼,鉄筋,0.891927,4
鋼,社長,0.887712,5
目元,適合,0.958465,1
目元,品,0.955822,2
目元,婦人,0.954448,3
目元,女子,0.950942,4
目元,適する,0.949854,5
づける,すすめる,0.976584,1
づける,割と,0.973773,2
づける,し,0.963177,3
づける,つける,0.960817,4
づける,回,0.959364,5
鍍金,金具,0.940311,1
鍍金,ライセンス,0.88607,2
鍍金,MAC,0.874719,3
鍍金,エディション,0.869774,4
鍍金,刻印,0.861812,5
剥がれる,割れる,0.966531,1
剥がれる,割れ,0.959143,2
剥がれる,滑り,0.953169,3
剥がれる,漏れる,0.952723,4
剥がれる,ずれる,0.938374,5
商店街,飲食店,0.940773,1
商店街,レストラン,0.940544,2
商店街,食堂,0.930696,3
商店街,プラザ,0.919453,4
商店街,駅前,0.913627,5
族,集う,0.924961,1
族,奥さん,0.92476,2
族,長期,0.919284,3
族,木村,0.919193,4
族,中村,0.919072,5
殺人,殺害,0.985225,1
殺人,虐待,0.96431,2
殺人,暴力,0.948615,3
殺人,殺す,0.946744,4
殺人,毒,0.92986,5
乗り,搭乗,0.963182,1
乗り,渡る,0.960642,2
乗り,出入り,0.957556,3
乗り,通る,0.950482,4
乗り,往復,0.948359,5
纏わる,纏まる,0.943588,1
纏わる,付着,0.90224,2
纏わる,纏う,0.897653,3
纏わる,ネーティブ,0.894082,4
纏わる,関わり,0.893832,5
停,止め,0.969333,1
停,停止,0.9613,2
停,待機,0.95729,3
停,終了,0.95474,4
停,一面,0.949993,5
コンクール,コンテスト,0.92901,1
コンクール,大会,0.915519,2
コンクール,選手権,0.910963,3
コンクール,トーナメント,0.909485,4
コンクール,出展,0.909042,5
ヘルメット,掃除機,0.933859,1
ヘルメット,タイヤ,0.927416,2
ヘルメット,乾燥機,0.911014,3
ヘルメット,防水,0.910259,4
ヘルメット,消毒,0.901453,5
湿気,湿度,0.941886,1
湿気,濡れる,0.927395,2
湿気,昨日,0.908932,3
湿気,疑問,0.906867,4
湿気,吸う,0.895759,5
フィードバック,連絡,0.960534,1
フィードバック,返信,0.947387,2
フィードバック,応答,0.938052,3
フィードバック,撮る,0.93626,4
フィードバック,勤める,0.934163,5
グラン,華,0.97391,1
グラン,達,0.972217,2
グラン,たか,0.971033,3
グラン,SR,0.966552,4
グラン,フォー,0.965194,5
寛ぐ,緩める,0.937859,1
寛ぐ,気楽,0.933394,2
寛ぐ,ぽかぽか,0.930433,3
寛ぐ,もも,0.922713,4
寛ぐ,弛み,0.909621,5
晴れ,晴れる,0.990426,1
晴れ,昼,0.963532,2
晴れ,昼間,0.952289,3
晴れ,朝日,0.93604,4
晴れ,光,0.931175,5
抜き,一度,0.921593,1
抜き,コマ,0.914268,2
抜き,只,0.897887,3
抜き,一昨,0.895654,4
抜き,断,0.890369,5
急激,激しい,0.950561,1
急激,急,0.924614,2
急激,急増,0.915195,3
急激,急遽,0.910667,4
急激,急性,0.905564,5
キリスト,聖書,0.934893,1
キリスト,仏,0.923172,2
キリスト,イエス,0.908686,3
キリスト,神社,0.905407,4
キリスト,老舗,0.905367,5
繰り返し,繰り返す,0.959055,1
繰り返し,時,0.944274,2
繰り返し,参照,0.931409,3
繰り返し,番目,0.930159,4
繰り返し,年々,0.928015,5
作り上げる,改造,0.870062,1
作り上げる,改装,0.837245,2
作り上げる,作り出す,0.825736,3
作り上げる,合成,0.795913,4
作り上げる,企画,0.781065,5
殿,府,0.955391,1
殿,宮,0.940429,2
殿,荘,0.935033,3
殿,堂,0.928676,4
殿,アーチ,0.926709,5
彩,きらきら,0.940619,1
彩,楽,0.933302,2
彩,吸引,0.917836,3
彩,わく,0.914358,4
彩,咲き,0.913024,5
一面,一層,0.971764,1
一面,箇所,0.968672,2
一面,ワン,0.965148,3
一面,名義,0.955999,4
一面,放置,0.955604,5
赤字,誤差,0.935658,1
赤字,エラー,0.932674,2
赤字,不具合,0.92135,3
赤字,故障,0.919367,4
赤字,錯誤,0.919005,5
瞳,認識,0.953776,1
瞳,頭,0.946283,2
瞳,習得,0.941407,3
瞳,目玉,0.939067,4
瞳,適性,0.938359,5
中途,途中,0.973391,1
中途,ウイーク,0.957718,2
中途,半ば,0.957498,3
中途,出来上がる,0.957255,4
中途,大抵,0.95602,5
フォロワー,集客,0.91582,1
フォロワー,ツイート,0.880786,2
フォロワー,リンク,0.879858,3
フォロワー,フォーラム,0.870373,4
フォロワー,シェア,0.864182,5
代表的,代表,0.98527,1
代表的,最中,0.970837,2
代表的,表明,0.968068,3
代表的,結論,0.967935,4
代表的,メイン,0.966135,5
木目,檜,0.932315,1
木目,ウッド,0.922115,2
木目,カントリー,0.914078,3
木目,郷,0.8986,4
木目,茶色,0.898365,5
持ち込み,持ち込む,0.964027,1
持ち込み,なおす,0.946262,2
持ち込み,返し,0.941918,3
持ち込み,返還,0.937787,4
持ち込み,返却,0.936054,5
町中,都内,0.948939,1
町中,町,0.940673,2
町中,タウン,0.939911,3
町中,出演,0.938001,4
町中,出演者,0.932145,5
補強,トレーナー,0.960625,1
補強,築く,0.949554,2
補強,オート,0.947399,3
補強,改良,0.946515,4
補強,プロ,0.946479,5
函館,金沢,0.949058,1
函館,北陸,0.94328,2
函館,青森,0.939592,3
函館,青森県,0.939513,4
函館,鳥取,0.933581,5
授乳,寄り添う,0.942485,1
授乳,養生,0.932815,2
授乳,ストレッチ,0.931344,3
授乳,共感,0.926029,4
授乳,癒す,0.925675,5
係,か,0.987967,1
係,み,0.987633,2
係,ま,0.984538,3
係,き,0.983142,4
係,準,0.982527,5
雄,ジョージ,0.960043,1
雄,貫く,0.958768,2
雄,マックス,0.956532,3
雄,ガチ,0.946504,4
雄,筋,0.942357,5
網,ゾーン,0.930452,1
網,一括,0.929952,2
網,チャンネル,0.92912,3
網,ライン,0.923946,4
網,ポータル,0.920722,5
山頂,高山,0.963427,1
山頂,大山,0.954012,2
山頂,マウンテン,0.948412,3
山頂,高原,0.910909,4
山頂,星,0.894489,5
CT,MAC,0.920608,1
CT,NTT,0.916274,2
CT,OS,0.898555,3
CT,保険,0.897747,4
CT,HD,0.895317,5
ヒロイン,良く,0.972969,1
ヒロイン,グッド,0.970668,2
ヒロイン,良い,0.967812,3
ヒロイン,優,0.966973,4
ヒロイン,良好,0.966741,5
尊重,尊敬,0.98459,1
尊重,信頼,0.969295,2
尊重,配慮,0.96615,3
尊重,共感,0.962555,4
尊重,仲間,0.959276,5
ヒール,張り,0.842641,1
ヒール,込み,0.828466,2
ヒール,ベット,0.826668,3
ヒール,ラップ,0.820589,4
ヒール,アンド,0.820513,5
火力,溶接,0.873009,1
火力,ターボ,0.82423,2
火力,燃焼,0.81084,3
火力,連発,0.810659,4
火力,消防,0.806865,5
ディープ,暗号,0.773475,1
ディープ,先端,0.749083,2
ディープ,AI,0.747912,3
ディープ,IoT,0.743945,4
ディープ,最先端,0.742063,5
首都,城,0.960784,1
首都,球団,0.959997,2
首都,市,0.953712,3
首都,アリーナ,0.953278,4
首都,カンパニー,0.953186,5
松山,明石,0.976025,1
松山,栃木,0.972581,2
松山,滋賀,0.967793,3
松山,川越,0.965806,4
松山,鹿児島,0.965513,5
太腿,肩,0.941223,1
太腿,膝,0.937635,2
太腿,皮膚,0.927521,3
太腿,右手,0.927472,4
太腿,腰,0.91943,5
外食,com,0.885893,1
外食,スニーカー,0.885726,2
外食,プール,0.884397,3
外食,ブース,0.877647,4
外食,アプリ,0.876283,5
接着,締める,0.96461,1
接着,結ぶ,0.96016,2
接着,立て,0.95456,3
接着,フロント,0.938868,4
接着,ジョイント,0.938323,5
かぎ,竿,0.945802,1
かぎ,ロッド,0.933721,2
かぎ,キー,0.92808,3
かぎ,柄,0.92457,4
かぎ,鍵,0.915547,5
掲示板,フォーラム,0.927442,1
掲示板,街,0.878509,2
掲示板,ビュッフェ,0.873174,3
掲示板,街道,0.86601,4
掲示板,広場,0.864878,5
集会,集結,0.952402,1
集会,マーケット,0.951078,2
集会,イベント,0.948538,3
集会,グループ,0.93989,4
集会,交流,0.934654,5
シャッター,フェンス,0.942758,1
シャッター,パイプ,0.924929,2
シャッター,缶,0.916009,3
シャッター,シェル,0.914086,4
シャッター,駐車,0.912859,5
深刻,深い,0.895611,1
深刻,重厚,0.833239,2
深刻,知的,0.832175,3
深刻,濃厚,0.824187,4
深刻,詳しい,0.819263,5
手動,辿る,0.922438,1
手動,自力,0.92224,2
手動,摘む,0.914985,3
手動,祈る,0.902778,4
手動,生前,0.8949,5
長野県,長野,0.991543,1
長野県,石川県,0.987342,2
長野県,新潟県,0.984215,3
長野県,宮城県,0.978957,4
長野県,宮城,0.976987,5
土木,建設,0.953528,1
土木,工程,0.949387,2
土木,鉄道,0.949221,3
土木,資本,0.939078,4
土木,産業,0.93865,5
背負う,引き継ぐ,0.93831,1
背負う,覚悟,0.936573,2
背負う,信念,0.935194,3
背負う,思う,0.929435,4
背負う,志向,0.928332,5
悔しい,がっかり,0.973677,1
悔しい,落ち込む,0.966363,2
悔しい,恥ずかしい,0.952429,3
悔しい,残念,0.946113,4
悔しい,疲れる,0.940652,5
馬券,ギャンブル,0.846056,1
馬券,賭ける,0.82551,2
馬券,パチンコ,0.775825,3
馬券,カジノ,0.7675,4
馬券,ベイト,0.762146,5
ギャップ,過ぎる,0.864686,1
ギャップ,ロス,0.863598,2
ギャップ,遅れ,0.858455,3
ギャップ,段差,0.858389,4
ギャップ,故,0.85592,5
コントローラー,機体,0.969528,1
コントローラー,機器,0.966999,2
コントローラー,機械,0.963771,3
コントローラー,机,0.960326,4
コントローラー,アンプ,0.956144,5
ランドセル,エプロン,0.941631,1
ランドセル,リュック,0.932762,2
ランドセル,換金,0.929179,3
ランドセル,洗濯,0.929098,4
ランドセル,ブラシ,0.919821,5
特例,特殊,0.720996,1
特例,レア,0.574404,2
特例,特設,0.513658,3
特例,新規,0.497773,4
特例,特別,0.49113,5
いや,不要,0.95659,1
いや,避ける,0.952909,2
いや,放棄,0.943996,3
いや,拒否,0.943545,4
いや,別,0.942975,5
彩る,彩り,0.919441,1
彩る,わく,0.89113,2
彩る,わくわく,0.875307,3
彩る,彩,0.863307,4
彩る,ぴかぴか,0.861202,5
アーカイブ,教科書,0.915674,1
アーカイブ,ストア,0.909259,2
アーカイブ,マニュアル,0.908154,3
アーカイブ,証書,0.892998,4
アーカイブ,カタログ,0.892853,5
ダム,艦,0.949049,1
ダム,基地,0.945209,2
ダム,インフラ,0.919186,3
ダム,資本,0.917741,4
ダム,土木,0.917284,5
キス,香る,0.91809,1
キス,もも,0.917591,2
キス,馴染む,0.916806,3
キス,抱っこ,0.915974,4
キス,好き,0.913034,5
観光客,就活,0.857954,1
観光客,最近,0.854177,2
観光客,今時,0.848989,3
観光客,参加,0.844483,4
観光客,放課後,0.842878,5
自,私,0.980826,1
自,個,0.977076,2
自,我が,0.97682,3
自,うち,0.970644,4
自,内,0.970461,5
箸,仮名,0.928806,1
箸,ペーパー,0.913013,2
箸,手紙,0.90205,3
箸,スプーン,0.889176,4
箸,スタンプ,0.883692,5
バーチャル,仮想,0.957848,1
バーチャル,プラグイン,0.789594,2
バーチャル,無線,0.761074,3
バーチャル,シミュレーション,0.759685,4
バーチャル,アフィリエイト,0.750913,5
直結,直接,0.956686,1
直結,はっきり,0.942591,2
直結,ガチ,0.941723,3
直結,通過,0.94051,4
直結,先発,0.937622,5
唇,座る,0.937932,1
唇,スキン,0.936618,2
唇,顔,0.9349,3
唇,睫,0.934793,4
唇,掌,0.930781,5
代理店,商社,0.964998,1
代理店,事業所,0.952222,2
代理店,ディーラー,0.951639,3
代理店,事務所,0.948891,4
代理店,出荷,0.948361,5
告げる,取り扱う,0.970452,1
告げる,告知,0.967074,2
告げる,取り上げる,0.963397,3
告げる,勤める,0.953457,4
告げる,言う,0.953384,5
アナログ,古く,0.940138,1
アナログ,従来,0.929915,2
アナログ,元々,0.927851,3
アナログ,古,0.920638,4
アナログ,過去,0.915558,5
受給,ベース,0.958433,1
受給,事前,0.957163,2
受給,受け取り,0.956785,3
受給,予め,0.951942,4
受給,入居,0.951723,5
ゲーミング,ゲーム,0.882373,1
ゲーミング,エクスプレス,0.769734,2
ゲーミング,RPG,0.76757,3
ゲーミング,DJ,0.762187,4
ゲーミング,APP,0.756895,5
衝突,紛争,0.970647,1
衝突,騒動,0.947961,2
衝突,危機,0.94584,3
衝突,破壊,0.916957,4
衝突,衝撃,0.915034,5
燃える,ファイア,0.950487,1
燃える,高温,0.936455,2
燃える,沸騰,0.927935,3
燃える,燃やす,0.906541,4
燃える,炎,0.906193,5
カントリー,郷,0.930788,1
カントリー,柿,0.929572,2
カントリー,茶色,0.92751,3
カントリー,境内,0.920525,4
カントリー,しま,0.919315,5
攻める,攻撃,0.936531,1
攻める,襲う,0.934082,2
攻める,殴る,0.925674,3
攻める,打ち込む,0.923853,4
攻める,攻撃力,0.916386,5
一押し,突く,0.939983,1
一押し,切り,0.906069,2
一押し,割,0.903193,3
一押し,打ち,0.900002,4
一押し,ピックアップ,0.891471,5
村上,小山,0.913356,1
村上,村,0.903887,2
村上,亀,0.898133,3
村上,田舎,0.874855,4
村上,山葵,0.856725,5
火燵,燃やす,0.935152,1
火燵,ファイア,0.875673,2
火燵,燃焼,0.874555,3
火燵,燃える,0.863324,4
火燵,高温,0.850988,5
解散,廃止,0.949786,1
解散,撤退,0.879623,2
解散,遅延,0.855374,3
解散,赤字,0.846655,4
解散,最終日,0.829029,5
デモ,ツイート,0.827037,1
デモ,速報,0.81428,2
デモ,トレンド,0.802589,3
デモ,集客,0.798545,4
デモ,募集中,0.796161,5
オープニング,導入,0.957685,1
オープニング,一通り,0.955542,2
オープニング,結論,0.950432,3
オープニング,展示,0.949318,4
オープニング,成立,0.945233,5
連絡先,履歴,0.9486,1
連絡先,残高,0.94528,2
連絡先,プロフィール,0.937158,3
連絡先,クライアント,0.936593,4
連絡先,ステータス,0.936454,5
見合い,仕込む,0.788123,1
見合い,後見,0.777058,2
見合い,再婚,0.772655,3
見合い,剤,0.771845,4
見合い,仕舞い,0.767063,5
月曜日,月曜,0.995055,1
月曜日,火曜日,0.983667,2
月曜日,火曜,0.981992,3
月曜日,水曜日,0.978415,4
月曜日,木曜日,0.974488,5
ローマ,オーケストラ,0.918171,1
ローマ,大社,0.912389,2
ローマ,東大,0.877563,3
ローマ,オペラ,0.873591,4
ローマ,歌舞伎,0.869927,5
出血,悪化,0.955265,1
出血,煙,0.952237,2
出血,ダメージ,0.94874,3
出血,損傷,0.947378,4
出血,下痢,0.943918,5
遊戯,娱乐,0.924424,1
遊戯,ホビー,0.88326,2
遊戯,レクリエーション,0.88305,3
遊戯,趣味,0.881069,4
遊戯,遊具,0.864677,5
燃焼,沸騰,0.933912,1
燃焼,蒸気,0.928702,2
燃焼,高温,0.926265,3
燃焼,ファイア,0.917344,4
燃焼,燃やす,0.914228,5
名作,傑作,0.949901,1
名作,一流,0.905593,2
名作,達人,0.890669,3
名作,名曲,0.883488,4
名作,女神,0.882717,5
職務,勤務,0.981198,1
職務,業務,0.974387,2
職務,仕事内容,0.973912,3
職務,実務,0.973599,4
職務,任務,0.971454,5
調和,程良い,0.944294,1
調和,良,0.926872,2
調和,共生,0.920997,3
調和,グリーン,0.918355,4
調和,順調,0.916416,5
変わり,変わる,0.978757,1
変わり,移る,0.971747,2
変わり,変,0.920021,3
変わり,分かれる,0.916853,4
変わり,変化,0.906036,5
満ちる,豊,0.966659,1
満ちる,大半,0.949695,2
満ちる,サン,0.944924,3
満ちる,ロング,0.944916,4
満ちる,華,0.941755,5
奥様,奥さん,0.965393,1
奥様,御客様,0.952737,2
奥様,妻,0.951779,3
奥様,礼,0.949718,4
奥様,誠,0.932966,5
集計,チャート,0.96268,1
集計,メニュー,0.958468,2
集計,インデックス,0.957926,3
集計,指標,0.952327,4
集計,路線,0.951726,5
スタートアップ,ベンチャー,0.847449,1
スタートアップ,ドローン,0.794902,2
スタートアップ,創業,0.740598,3
スタートアップ,起業,0.735975,4
スタートアップ,仮想通貨,0.718325,5
頂戴,王,0.954247,1
頂戴,府,0.949832,2
頂戴,王国,0.935137,3
頂戴,八幡,0.930004,4
頂戴,殿,0.925011,5
壁掛け,壁紙,0.959764,1
壁掛け,キャビネット,0.944594,2
壁掛け,置き物,0.937565,3
壁掛け,本棚,0.934333,4
壁掛け,カーテン,0.931876,5
メロン,フルーツ,0.966884,1
メロン,果物,0.965461,2
メロン,果実,0.962975,3
メロン,梨,0.961055,4
メロン,ココナッツ,0.960114,5
検出,検知,0.981318,1
検出,通報,0.927272,2
検出,ワーカー,0.927172,3
検出,信号,0.924748,4
検出,転送,0.924327,5
インドネシア,インド,0.960548,1
インドネシア,ブラジル,0.954498,2
インドネシア,ベトナム,0.948613,3
インドネシア,メキシコ,0.942571,4
インドネシア,フィリピン,0.917023,5
元年,最早,0.924922,1
元年,最初,0.834135,2
元年,早期,0.821694,3
元年,昔,0.783902,4
元年,初期,0.777069,5
エンジェル,天使,0.955872,1
エンジェル,望ましい,0.923676,2
エンジェル,プリンセス,0.911039,3
エンジェル,恵まれる,0.905241,4
エンジェル,良,0.903245,5
いち,す,0.97075,1
いち,じゃ,0.962674,2
いち,さ,0.959777,3
いち,こ,0.959497,4
いち,な,0.958756,5
金銭,マネー,0.988219,1
金銭,お金,0.981658,2
金銭,資金,0.951135,3
金銭,エアコン,0.923814,4
金銭,クレジットカード,0.917663,5
学期,研修会,0.966857,1
学期,ジョブ,0.954628,2
学期,物販,0.953898,3
学期,講習,0.952841,4
学期,リクルート,0.950572,5
撥水,消臭,0.929099,1
撥水,速乾,0.90773,2
撥水,防水,0.90695,3
撥水,保冷,0.895868,4
撥水,安全性,0.890524,5
アイアン,ハード,0.895892,1
アイアン,鋼,0.88128,2
アイアン,鉄,0.878799,3
アイアン,ロック,0.866027,4
アイアン,金属,0.861669,5
箱根,伊豆,0.942951,1
箱根,愛媛県,0.932341,2
箱根,朝日,0.931986,3
箱根,九州,0.930972,4
箱根,香川,0.930044,5
時半,沿い,0.953044,1
時半,回り,0.942094,2
時半,ウイーク,0.934256,3
時半,いつ,0.930717,4
時半,此の頃,0.929955,5
大いに,大幅,0.953772,1
大いに,非常,0.925641,2
大いに,増,0.911765,3
大いに,オーバー,0.900746,4
大いに,ピーク,0.889876,5
すっ,一味,0.963979,1
すっ,ホールド,0.933412,2
すっ,下す,0.931704,3
すっ,ロー,0.930976,4
すっ,クローズ,0.926983,5
はる,楽,0.971005,1
はる,咲き,0.957937,2
はる,芸,0.955911,3
はる,まい,0.954887,4
はる,日向,0.952574,5
麻酔,レントゲン,0.884172,1
麻酔,ハードウェア,0.87573,2
麻酔,防音,0.875364,3
麻酔,ビザ,0.85876,4
麻酔,机,0.836721,5
北部,北側,0.983567,1
北部,北,0.934128,2
北部,ノース,0.926598,3
北部,東北,0.924525,4
北部,月,0.904607,5
レイン,雨,0.978955,1
レイン,風,0.922954,2
レイン,降る,0.912716,3
レイン,酸味,0.840245,4
レイン,波動,0.814358,5
感染者,感染,0.966449,1
感染者,害虫,0.92365,2
感染者,煙,0.922811,3
感染者,漏洩,0.918474,4
感染者,漏れ,0.912652,5
杉,柏,0.983369,1
杉,松,0.969197,2
杉,ツリー,0.950229,3
杉,林,0.948888,4
杉,樹,0.947529,5
賜る,捧げる,0.967059,1
賜る,頼る,0.965462,2
賜る,旨い,0.964694,3
賜る,勧め,0.963936,4
賜る,付与,0.963501,5
血行,血流,0.974813,1
血行,繁殖,0.917084,2
血行,認知,0.915154,3
血行,股関節,0.913181,4
血行,心臓,0.911801,5
イヤー,口,0.962522,1
イヤー,フット,0.96066,2
イヤー,目線,0.95861,3
イヤー,足,0.958543,4
イヤー,腰,0.955702,5
公的,公共,0.977113,1
公的,公開,0.974688,2
公的,共通,0.966071,3
公的,共有,0.956533,4
公的,通用,0.953911,5
にこにこ,スマイル,0.932483,1
にこにこ,ピンク,0.922811,2
にこにこ,ハッピー,0.919144,3
にこにこ,バレンタイン,0.911915,4
にこにこ,宜しく,0.901987,5
加盟,リクルート,0.972264,1
加盟,商,0.96088,2
加盟,ディーラー,0.954285,3
加盟,販売,0.942433,4
加盟,販売店,0.941049,5
ツイン,性質,0.937214,1
ツイン,センス,0.933148,2
ツイン,其の,0.926789,3
ツイン,キャラ,0.924452,4
ツイン,意義,0.92414,5
向こう,外,0.951831,1
向こう,外側,0.949918,2
向こう,外部,0.921151,3
向こう,海外,0.917998,4
向こう,外国,0.915608,5
薪,帳,0.94938,1
薪,貸し,0.947041,2
薪,存分,0.938493,3
薪,定年,0.938086,4
薪,履歴,0.936168,5
誤る,間違う,0.978252,1
誤る,間違える,0.974601,2
誤る,漏れる,0.967511,3
誤る,間違い,0.96723,4
誤る,誤り,0.957992,5
拝見,どうぞ,0.96545,1
拝見,いらっしゃる,0.965332,2
拝見,御覧,0.955588,3
拝見,ソース,0.942709,4
拝見,歴,0.942014,5
急速,加速,0.875984,1
急速,迫力,0.874966,2
急速,速い,0.871241,3
急速,急ぎ,0.868683,4
急速,スピーディー,0.867165,5
点灯,灯,0.951847,1
点灯,デリバリー,0.929229,2
点灯,起動,0.92696,3
点灯,始動,0.917022,4
点灯,ホイール,0.910518,5
横浜市,神戸市,0.990786,1
横浜市,大阪,0.988396,2
横浜市,横浜,0.987714,3
横浜市,名古屋市,0.986705,4
横浜市,名古屋,0.986677,5
良し,適合,0.96684,1
良し,よし,0.963783,2
良し,済む,0.961309,3
良し,足りる,0.954291,4
良し,しっくり,0.953659,5
最小,少,0.991099,1
最小,低,0.988895,2
最小,少ない,0.986631,3
最小,少なめ,0.985021,4
最小,低い,0.966752,5
捕らえる,捕まえる,0.959753,1
捕らえる,狙う,0.911545,2
捕らえる,打,0.902566,3
捕らえる,制する,0.893876,4
捕らえる,打つ,0.892921,5
成約,内定,0.958156,1
成約,確保,0.942406,2
成約,授与,0.936649,3
成約,保証,0.935486,4
成約,助成,0.932985,5
放棄,失う,0.96167,1
放棄,捨離,0.949763,2
放棄,断念,0.947157,3
放棄,いや,0.943996,4
放棄,欠点,0.943652,5
貿易,トレード,0.958982,1
貿易,商業,0.957621,2
貿易,企業,0.952152,3
貿易,ビジネス,0.950768,4
貿易,ネットワーク,0.949048,5
滑り止め,ロッカー,0.945688,1
滑り止め,座席,0.93713,2
滑り止め,箱,0.931213,3
滑り止め,シールド,0.930859,4
滑り止め,防水,0.930347,5
一戸建て,戸建て,0.992932,1
一戸建て,ユニホーム,0.968532,2
一戸建て,宿泊,0.947929,3
一戸建て,ホーム,0.946876,4
一戸建て,御自宅,0.94092,5
太陽光,日光,0.952752,1
太陽光,ソーラー,0.942319,2
太陽光,太陽,0.938701,3
太陽光,朝日,0.930421,4
太陽光,日差し,0.927036,5
続々,多々,0.930893,1
続々,展開,0.927008,2
続々,頻繁,0.921622,3
続々,ウエー,0.919858,4
続々,増す,0.919027,5
製薬,コンサルティング,0.940415,1
製薬,医療機関,0.940234,2
製薬,医薬,0.937124,3
製薬,医院,0.924456,4
製薬,工程,0.913808,5
生き生き,積極的,0.917057,1
生き生き,熱心,0.914552,2
生き生き,積極,0.909961,3
生き生き,活躍,0.90826,4
生き生き,熱愛,0.906538,5
人権,権利,0.955536,1
人権,ヘルス,0.95282,2
人権,技能,0.949326,3
人権,スキル,0.945629,4
人権,健康,0.941001,5
封筒,瓶,0.967319,1
封筒,箱,0.960882,2
封筒,ボトル,0.959833,3
封筒,プリント,0.952255,4
封筒,箪笥,0.949689,5
骨折,怪我,0.92251,1
骨折,内障,0.91731,2
骨折,転倒,0.907284,3
骨折,傷付く,0.900701,4
骨折,病気,0.894833,5
北朝鮮,自殺,0.797216,1
北朝鮮,癌,0.795029,2
北朝鮮,消滅,0.773755,3
北朝鮮,テロ,0.770481,4
北朝鮮,鬼,0.758,5
免除,単品,0.93918,1
免除,免責,0.93686,2
免除,一面,0.934887,3
免除,のみ,0.927282,4
免除,ワン,0.926471,5
亭,軒,0.945848,1
亭,舎,0.916776,2
亭,坪,0.915632,3
亭,泊,0.888767,4
亭,坊,0.887507,5
法務,司法,0.955366,1
法務,法律,0.944886,2
法務,経理,0.93989,3
法務,裁判所,0.939556,4
法務,法的,0.935157,5
御節,御中元,0.95645,1
御節,御参り,0.942247,2
御節,荘,0.933564,3
御節,郷,0.932425,4
御節,古里,0.923426,5
コンテナ,板金,0.962427,1
コンテナ,数字,0.953526,2
コンテナ,シリコン,0.950747,3
コンテナ,CSS,0.946871,4
コンテナ,モジュール,0.945598,5
自主,自律,0.973784,1
自主,自治,0.962874,2
自主,自立,0.913652,3
自主,追求,0.902521,4
自主,独立,0.900241,5
部活,ゼミ,0.920933,1
部活,デイサービス,0.916626,2
部活,参画,0.909923,3
部活,行事,0.909249,4
部活,発信,0.902487,5
大宮,高松,0.980041,1
大宮,堺,0.979238,2
大宮,兵庫,0.978609,3
大宮,中山,0.972818,4
大宮,千葉,0.96733,5
追跡,予測,0.942497,1
追跡,ドライバー,0.927516,2
追跡,検知,0.919911,3
追跡,求人,0.916194,4
追跡,スキャン,0.915231,5
美容師,美容室,0.969747,1
美容師,美容院,0.956885,2
美容師,スタイリスト,0.945696,3
美容師,サロン,0.942896,4
美容師,コーディネーター,0.889815,5
持ち帰る,携わる,0.965588,1
持ち帰る,帰る,0.963651,2
持ち帰る,本人,0.963259,3
持ち帰る,僕,0.962801,4
持ち帰る,帰宅,0.961553,5
宿題,払い戻し,0.890337,1
宿題,家賃,0.890111,2
宿題,返済,0.886705,3
宿題,返却,0.880174,4
宿題,返送,0.879052,5
順守,検証,0.942865,1
順守,ルール,0.939753,2
順守,担当,0.933218,3
順守,許可,0.932344,4
順守,引用,0.928698,5
クローゼット,床,0.9661,1
クローゼット,車庫,0.957376,2
クローゼット,デスク,0.956784,3
クローゼット,収納,0.955179,4
クローゼット,ベッド,0.950718,5
断,断つ,0.9472,1
断,取り除く,0.907588,2
断,断る,0.901289,3
断,消去,0.89343,4
断,排除,0.89199,5
誤解,間違える,0.967546,1
誤解,間違う,0.960737,2
誤解,勘違い,0.952353,3
誤解,間違い,0.945888,4
誤解,誤る,0.943961,5
無くす,なくす,0.988437,1
無くす,失う,0.946497,2
無くす,捨てる,0.943494,3
無くす,欠品,0.937468,4
無くす,遣る気,0.93531,5
持ち物,シュー,0.947999,1
持ち物,着ける,0.947827,2
持ち物,用品,0.944871,3
持ち物,着る,0.944026,4
持ち物,パンツ,0.943578,5
ひ,げ,0.994389,1
ひ,ぶ,0.991986,2
ひ,め,0.991651,3
ひ,い,0.991481,4
ひ,てん,0.986282,5
復元,養成,0.945837,1
復元,生かす,0.94424,2
復元,浄化,0.943007,3
復元,修復,0.940868,4
復元,尽くす,0.938877,5
講演会,説明会,0.975505,1
講演会,講演,0.96878,2
講演会,講習会,0.967398,3
講演会,発表,0.96231,4
講演会,講座,0.961587,5
小売り,ドラッグストアー,0.930599,1
小売り,物販,0.918558,2
小売り,サービス,0.917156,3
小売り,デリバリー,0.914066,4
小売り,販売店,0.913372,5
ミステリー,探偵,0.71607,1
ミステリー,捜査,0.603421,2
ミステリー,サイバー,0.59887,3
ミステリー,トレーダー,0.596059,4
ミステリー,起業,0.582168,5
空室,ブランク,0.914337,1
空室,無人,0.897409,2
空室,待機,0.860014,3
空室,休業,0.856536,4
空室,未使用,0.84349,5
修繕,修復,0.963529,1
修繕,修理,0.954947,2
修繕,補修,0.947339,3
修繕,練習,0.944575,4
修繕,復旧,0.932139,5
裏面,裏側,0.984622,1
裏面,裏,0.960908,2
裏面,別々,0.936223,3
裏面,後方,0.916571,4
裏面,陰,0.915246,5
クリーナー,洗剤,0.959253,1
クリーナー,クリーニング,0.947155,2
クリーナー,クレンジング,0.939628,3
クリーナー,ランドリー,0.936377,4
クリーナー,ベルト,0.928435,5
浜松,宇都宮,0.985844,1
浜松,兵庫県,0.985112,2
浜松,埼玉,0.984119,3
浜松,岡山,0.982089,4
浜松,千葉,0.981646,5
系列,シリーズ,0.975708,1
系列,総合,0.963746,2
系列,当社,0.963384,3
系列,一連,0.962742,4
系列,主要,0.95403,5
ミント,青汁,0.921792,1
ミント,さっぱり,0.900661,2
ミント,レモン,0.885107,3
ミント,フレッシュ,0.875474,4
ミント,ウォーター,0.864609,5
咳,痒み,0.925028,1
咳,吐く,0.923014,2
咳,消耗,0.915114,3
咳,頭痛,0.910454,4
咳,責める,0.89873,5
けん,てん,0.982737,1
けん,げ,0.982013,2
けん,ひ,0.981425,3
けん,し,0.9796,4
けん,い,0.978854,5
インター,SE,0.978979,1
インター,CM,0.977277,2
インター,SS,0.973785,3
インター,SP,0.97353,4
インター,MP,0.973501,5
紅,陽,0.946736,1
紅,黄,0.939988,2
紅,華,0.930716,3
紅,レッド,0.925685,4
紅,上り,0.924649,5
木造,木製,0.979298,1
木造,ウッド,0.929137,2
木造,檜,0.922139,3
木造,生地,0.91808,4
木造,膳,0.917655,5
晩,映る,0.941169,1
晩,彼処,0.934511,2
晩,此の頃,0.933492,3
晩,後日,0.933073,4
晩,気,0.930611,5
溝,坂,0.938811,1
溝,角,0.883799,2
溝,堀,0.867165,3
溝,砂,0.861133,4
溝,炭,0.85591,5
媒体,メディア,0.996183,1
媒体,マスコミ,0.972983,2
媒体,シティー,0.957839,3
媒体,プレス,0.950966,4
媒体,放送,0.944612,5
圧縮,コマンド,0.918405,1
圧縮,バルブ,0.912674,2
圧縮,コイル,0.909127,3
圧縮,電源,0.908989,4
圧縮,ファスナー,0.906659,5
経路,通路,0.961309,1
経路,路線,0.947598,2
経路,数える,0.941644,3
経路,測る,0.940277,4
経路,供給,0.940157,5
常時,役割,0.965544,1
常時,継続,0.96292,2
常時,判明,0.962035,3
常時,いつも,0.961134,4
常時,定期,0.960877,5
和牛,オーク,0.901479,1
和牛,宮,0.896543,2
和牛,大物,0.892893,3
和牛,王,0.88769,4
和牛,高木,0.880744,5
シャープ,HP,0.900528,1
シャープ,HD,0.895743,2
シャープ,ステンレス,0.888419,3
シャープ,マツダ,0.882052,4
シャープ,ソリューション,0.878127,5
駆使,クエスト,0.911823,1
駆使,一生懸命,0.892941,2
駆使,活用,0.891057,3
駆使,発揮,0.884468,4
駆使,上級者,0.872258,5
存在感,リアル,0.950994,1
存在感,ジョン,0.948503,2
存在感,成年,0.945841,3
存在感,彼の,0.944797,4
存在感,男子,0.9416,5
ファイナル,トータル,0.954124,1
ファイナル,最終的,0.950465,2
ファイナル,集中,0.930936,3
ファイナル,完全,0.930907,4
ファイナル,グランド,0.928876,5
権限,社長,0.940625,1
権限,管理者,0.933647,2
権限,上司,0.927897,3
権限,主任,0.925694,4
権限,管理人,0.923842,5
造り,構築,0.970117,1
造り,成型,0.963848,2
造り,エディター,0.945747,3
造り,プラン,0.945609,4
造り,製作,0.944483,5
一環,格,0.974064,1
一環,条,0.973879,2
一環,方,0.971266,3
一環,系,0.970844,4
一環,所,0.967703,5
目覚める,ブレス,0.973324,1
目覚める,起きる,0.969321,2
目覚める,覚める,0.950727,3
目覚める,感覚,0.943736,4
目覚める,気付き,0.941902,5
縛る,圧,0.912014,1
縛る,拘束,0.86109,2
縛る,詰める,0.858553,3
縛る,絞る,0.855847,4
縛る,荷重,0.851394,5
背面,後ろ,0.937531,1
背面,ボトム,0.935554,2
背面,待機,0.930425,3
背面,じっと,0.929829,4
背面,待つ,0.9254,5
繁殖,血流,0.922573,1
繁殖,代謝,0.920714,2
繁殖,血行,0.917084,3
繁殖,消化,0.910093,4
繁殖,生体,0.904268,5
メディカル,医療,0.957496,1
メディカル,医薬,0.944854,2
メディカル,診療,0.94468,3
メディカル,機能性,0.935186,4
メディカル,医学,0.934546,5
社会的,中日,0.943224,1
社会的,集団,0.938638,2
社会的,諸国,0.932513,3
社会的,グループ,0.931128,4
社会的,グローバル,0.930148,5
イルミネーション,ライトアップ,0.923506,1
イルミネーション,プロモーション,0.918218,2
イルミネーション,ショー,0.916326,3
イルミネーション,宣伝,0.892249,4
イルミネーション,アトラクション,0.891637,5
見,質問,0.972262,1
見,立つ,0.961134,2
見,問,0.960817,3
見,パス,0.959791,4
見,見える,0.956515,5
開閉,開ける,0.949271,1
開閉,切り替える,0.942424,2
開閉,ハンドル,0.930074,3
開閉,開く,0.929937,4
開閉,割り引き,0.927495,5
役立てる,用事,0.957359,1
役立てる,果たす,0.954068,2
役立てる,行う,0.954067,3
役立てる,手掛ける,0.95236,4
役立てる,為る,0.949224,5
苛め,苛々,0.977547,1
苛め,傷付ける,0.917332,2
苛め,裏切る,0.916132,3
苛め,痛い,0.914798,4
苛め,苦しむ,0.907089,5
県内,当たり前,0.952639,1
県内,沿線,0.950216,2
県内,並み,0.950148,3
県内,地方,0.94906,4
県内,例年,0.948616,5
大谷,宮,0.954942,1
大谷,大和,0.93957,2
大谷,しま,0.93624,3
大谷,大塚,0.930822,4
大谷,甲斐,0.929737,5
親族,両親,0.980184,1
親族,姉妹,0.970856,2
親族,姉,0.963734,3
親族,夫婦,0.962922,4
親族,親,0.962214,5
確信,決意,0.956833,1
確信,達する,0.951241,2
確信,目指す,0.948936,3
確信,目標,0.942751,4
確信,重視,0.94225,5
ver,by,0.990633,1
ver,第,0.983289,2
ver,令,0.982465,3
ver,代,0.981306,4
ver,CC,0.98115,5
AC,スピーカー,0.916763,1
AC,クーラー,0.910883,2
AC,搭載,0.904103,3
AC,資金,0.900758,4
AC,冷房,0.898593,5
特価,激安,0.912729,1
特価,アウトレット,0.8983,2
特価,値下げ,0.873793,3
特価,格安,0.835335,4
特価,安値,0.82122,5
増,もっと,0.97675,1
増,アップ,0.97339,2
増,増加,0.969419,3
増,ハイ,0.967686,4
増,益々,0.964753,5
プレゼン,プレゼンテーション,0.988636,1
プレゼン,新聞,0.971054,2
プレゼン,出版,0.967944,3
プレゼン,会議,0.96438,4
プレゼン,事業,0.964169,5
町並み,タウン,0.935805,1
町並み,町,0.908885,2
町並み,京橋,0.900727,3
町並み,会館,0.89953,4
町並み,市区町村,0.897062,5
ワークス,インター,0.962829,1
ワークス,AT,0.95631,2
ワークス,投入,0.955452,3
ワークス,MP,0.952064,4
ワークス,PT,0.952034,5
教,教え,0.983608,1
教,教える,0.981756,2
教,レッスン,0.972731,3
教,教育,0.970635,4
教,寄与,0.967373,5
香,ハニー,0.951377,1
香,香る,0.950624,2
香,薔薇,0.94987,3
香,ローズ,0.947673,4
香,蜜,0.940597,5
商材,売り場,0.953736,1
商材,商店,0.952747,2
商材,ショップ,0.950828,3
商材,店舗,0.949462,4
商材,マート,0.946619,5
老後,遺族,0.925072,1
老後,故人,0.902298,2
老後,高齢,0.895358,3
老後,エイジング,0.895195,4
老後,引退,0.894929,5
問,向ける,0.97318,1
問,キーワード,0.972865,2
問,称する,0.972556,3
問,接する,0.968923,4
問,指す,0.967722,5
エッセンス,エッセンシャル,0.944843,1
エッセンス,精,0.944159,2
エッセンス,質,0.939952,3
エッセンス,御自身,0.938021,4
エッセンス,品,0.931044,5
開運,金運,0.931097,1
開運,幸運,0.928907,2
開運,幸,0.920143,3
開運,祝福,0.911811,4
開運,おめでとう,0.901922,5
岩手,岩手県,0.987478,1
岩手,青森,0.976331,2
岩手,青森県,0.974446,3
岩手,秋田,0.970213,4
岩手,東北,0.958579,5
クーラー,エアコン,0.960705,1
クーラー,冷房,0.954326,2
クーラー,空調,0.936434,3
クーラー,Windows,0.934709,4
クーラー,PC,0.932185,5
擦る,拭く,0.970463,1
擦る,開ける,0.95468,2
擦る,拾う,0.948928,3
擦る,洗い,0.944256,4
擦る,拭き取る,0.937976,5
小顔,少女,0.914977,1
小顔,近い,0.885537,2
小顔,間近,0.883401,3
小顔,女の子,0.882075,4
小顔,チェリー,0.87263,5
バナー,横幅,0.975315,1
バナー,ポスター,0.937061,2
バナー,一括,0.925824,3
バナー,サイト,0.918862,4
バナー,掲示,0.907548,5
系統,システム,0.991769,1
系統,機構,0.964351,2
系統,法,0.949552,3
系統,ポリシー,0.945722,4
系統,制度,0.945243,5
工芸,手芸,0.915049,1
工芸,アトリエ,0.900544,2
工芸,刺繍,0.886207,3
工芸,細工,0.876836,4
工芸,手作り,0.856664,5
武田,武蔵,0.940815,1
武田,八幡,0.88601,2
武田,ヤマト,0.873036,3
武田,業,0.867876,4
武田,将軍,0.864739,5
古着,民家,0.868279,1
古着,御供,0.867603,2
古着,元々,0.858737,3
古着,先祖,0.853458,4
古着,中古品,0.852852,5
商,商工,0.963835,1
商,リクルート,0.962725,2
商,主催者,0.961352,3
商,加盟,0.96088,4
商,PR,0.960862,5
劇,劇的,0.969793,1
劇,演劇,0.964581,2
劇,公演,0.959396,3
劇,シアター,0.949873,4
劇,劇場,0.9489,5
ぽち,ぽん,0.974974,1
ぽち,もん,0.949155,2
ぽち,ぅ,0.940983,3
ぽち,ぃ,0.935338,4
ぽち,ぽい,0.931101,5
屋台,居酒屋,0.823498,1
屋台,特価,0.730664,2
屋台,値下げ,0.7265,3
屋台,マルシェ,0.721474,4
屋台,商店街,0.716419,5
解答,英文,0.985542,1
解答,選択肢,0.983806,2
解答,正解,0.981783,3
解答,説明,0.981623,4
解答,答え,0.978627,5
甘み,甘味,0.95085,1
甘み,甘い,0.92402,2
甘み,もちもち,0.921455,3
甘み,休日,0.905487,4
甘み,チーズ,0.900971,5
推測,探し,0.860152,1
推測,探す,0.836407,2
推測,試み,0.83505,3
推測,質疑,0.826768,4
推測,試みる,0.825354,5
サイクリング,水泳,0.967255,1
サイクリング,ジョギング,0.95638,2
サイクリング,ランニング,0.9518,3
サイクリング,泳ぐ,0.932595,4
サイクリング,ハイキング,0.930299,5
炭,蒟蒻,0.878257,1
炭,麻,0.856348,2
炭,溝,0.85591,3
炭,角,0.846826,4
炭,ナトリウム,0.839482,5
ぴん,付け,0.965797,1
ぴん,当てる,0.960442,2
ぴん,取り,0.958654,3
ぴん,とる,0.958206,4
ぴん,つける,0.957766,5
ヒアリング,取材,0.969474,1
ヒアリング,視察,0.962279,2
ヒアリング,打ち合わせ,0.956592,3
ヒアリング,インタビュー,0.949775,4
ヒアリング,調査,0.947528,5
多め,拡張,0.941418,1
多め,数多く,0.925688,2
多め,盛ん,0.922158,3
多め,多,0.920518,4
多め,多く,0.918757,5
美女,美人,0.991888,1
美女,奇麗,0.921488,2
美女,褒美,0.919834,3
美女,美品,0.917731,4
美女,美しい,0.896798,5
演習,施策,0.960389,1
演習,事業者,0.951219,2
演習,運営,0.946035,3
演習,販売,0.944113,4
演習,措置,0.943946,5
見詰める,引き出す,0.894886,1
見詰める,限界,0.884252,2
見詰める,遡る,0.871498,3
見詰める,去る,0.870187,4
見詰める,終わる,0.866928,5
シールド,シーリング,0.967932,1
シールド,盾,0.962934,2
シールド,ロッカー,0.954263,3
シールド,シール,0.931645,4
シールド,滑り止め,0.930859,5
縮小,減,0.950567,1
縮小,減少,0.939725,2
縮小,省略,0.937696,3
縮小,最低限,0.936156,4
縮小,少なめ,0.9207,5
鳥取,青森県,0.97901,1
鳥取,福井,0.977932,2
鳥取,青森,0.977174,3
鳥取,山梨,0.9742,4
鳥取,秋田,0.970964,5
クイーン,キング,0.92503,1
クイーン,トップ,0.924517,2
クイーン,上位,0.919775,3
クイーン,プリンス,0.917747,4
クイーン,冠,0.914183,5
夜中,夜間,0.97555,1
夜中,深夜,0.953478,2
夜中,影,0.944713,3
夜中,夜,0.943388,4
夜中,ナイト,0.922033,5
肌荒れ,下痢,0.934314,1
肌荒れ,痛む,0.917798,2
肌荒れ,汚れ,0.916701,3
肌荒れ,痛い,0.91338,4
肌荒れ,煩い,0.912964,5
意志,動機,0.944392,1
意志,練る,0.939507,2
意志,深める,0.935919,3
意志,決意,0.935212,4
意志,努力,0.930791,5
裾,なおす,0.967681,1
裾,返し,0.962406,2
裾,脇,0.95443,3
裾,寄せる,0.954361,4
裾,被せる,0.953381,5
ううん,うう,0.979288,1
ううん,見逃す,0.95799,2
ううん,あー,0.952434,3
ううん,どうせ,0.945821,4
ううん,怠る,0.940131,5
バンコク,インド,0.905727,1
バンコク,インドネシア,0.89678,2
バンコク,メキシコ,0.88039,3
バンコク,ブラジル,0.876121,4
バンコク,盛り上がり,0.847494,5
富士山,富士,0.946438,1
富士山,琵琶湖,0.925714,2
富士山,山形,0.905564,3
富士山,青山,0.899945,4
富士山,熊野,0.892174,5
ストライプ,ライナー,0.937929,1
ストライプ,一式,0.935921,2
ストライプ,スタンド,0.935059,3
ストライプ,on,0.934802,4
ストライプ,cm,0.931733,5
間近,近い,0.968463,1
間近,近辺,0.943177,2
間近,近付ける,0.927231,3
間近,近く,0.926859,4
間近,小林,0.919722,5
欧米,WW,0.959782,1
欧米,グラン,0.956274,2
欧米,GW,0.951057,3
欧米,SR,0.949301,4
欧米,JP,0.946014,5
マリン,東日本,0.921775,1
マリン,洋,0.912069,2
マリン,日,0.905486,3
マリン,大河,0.903703,4
マリン,海,0.901446,5
情勢,景気,0.941429,1
情勢,時代,0.9299,2
情勢,各国,0.923467,3
情勢,諸国,0.902476,4
情勢,事態,0.902352,5
連結,接続,0.973023,1
連結,配合,0.962534,2
連結,伝達,0.956072,3
連結,通過,0.953891,4
連結,共同,0.953781,5
遅れ,欠点,0.960634,1
遅れ,遅れる,0.95555,2
遅れ,失敗,0.945217,3
遅れ,遅延,0.945178,4
遅れ,失う,0.940148,5
セラミック,三脚,0.931469,1
セラミック,ステンレス,0.923287,2
セラミック,金属,0.918248,3
セラミック,柱,0.916443,4
セラミック,シーリング,0.915856,5
心理学,人間関係,0.933342,1
心理学,認知,0.912372,2
心理学,心理,0.908415,3
心理学,キャリア,0.908031,4
心理学,意識,0.897291,5
課程,講座,0.983835,1
課程,制定,0.977351,2
課程,問題集,0.975809,3
課程,授業,0.97408,4
課程,コース,0.971954,5
画質,品質,0.901889,1
画質,仕上がる,0.898239,2
画質,仕上がり,0.890489,3
画質,クリーン,0.885667,4
画質,UI,0.885309,5
必要性,必要,0.971105,1
必要性,備える,0.933795,2
必要性,ニーズ,0.927497,3
必要性,存知,0.926278,4
必要性,承諾,0.919897,5
ペイント,工房,0.912761,1
ペイント,着色,0.907045,2
ペイント,塗装,0.895931,3
ペイント,絵の具,0.879588,4
ペイント,染める,0.867832,5
和室,セーター,0.961255,1
和室,リビング,0.950673,2
和室,カーディガン,0.947527,3
和室,毛布,0.946993,4
和室,ラウンジ,0.942485,5
伝,順,0.978202,1
伝,せい,0.975056,2
伝,説,0.973307,3
伝,君,0.973171,4
伝,経,0.97279,5
公務員,公務,0.968985,1
公務員,市役所,0.94501,2
公務員,監修,0.939446,3
公務員,労働省,0.932729,4
公務員,取締役,0.927411,5
不味い,面倒臭い,0.932069,1
不味い,汚い,0.90912,2
不味い,馬鹿,0.903025,3
不味い,いや,0.902345,4
不味い,汚れ,0.900435,5
不快,苦しむ,0.943695,1
不快,酷い,0.942521,2
不快,嫌う,0.941007,3
不快,苦しい,0.940033,4
不快,不幸,0.938933,5
買い取る,仕入れる,0.958575,1
買い取る,取り出す,0.949599,2
買い取る,終える,0.948442,3
買い取る,課する,0.947839,4
買い取る,払う,0.94135,5
MT,GT,0.987372,1
MT,VS,0.986465,2
MT,ES,0.984261,3
MT,MP,0.981888,4
MT,ST,0.981833,5
見通し,展望,0.961261,1
見通し,タイム,0.944201,2
見通し,リソース,0.94272,3
見通し,要約,0.942643,4
見通し,目的地,0.939363,5
ソロ,単独,0.898697,1
ソロ,独り暮らし,0.876043,2
ソロ,プライベート,0.866187,3
ソロ,密か,0.861765,4
ソロ,個々,0.85786,5
灯,点灯,0.951847,1
灯,ホイール,0.916289,2
灯,照明,0.915247,3
灯,スピーカー,0.914,4
灯,ランドリー,0.913198,5
具材,素材,0.969553,1
具材,成分,0.964015,2
具材,ビュー,0.956976,3
具材,材,0.956659,4
具材,層,0.955984,5
ワイルド,野生,0.840324,1
ワイルド,狂う,0.785189,2
ワイルド,突然,0.771514,3
ワイルド,驚き,0.76586,4
ワイルド,激しい,0.763964,5
コーディネーター,スタイリスト,0.930926,1
コーディネーター,手配,0.907917,2
コーディネーター,造,0.900661,3
コーディネーター,コーディネート,0.89036,4
コーディネーター,美容師,0.889815,5
xl,MAX,0.941074,1
xl,トップ,0.934532,2
xl,TOP,0.929785,3
xl,高,0.928298,4
xl,HD,0.925634,5
属する,所属,0.981711,1
属する,身,0.97476,2
属する,値,0.973704,3
属する,在留,0.971439,4
属する,面,0.966631,5
前編,前半,0.984435,1
前編,説明,0.972268,2
前編,状,0.972013,3
前編,説,0.971861,4
前編,述べる,0.97184,5
賞与,表彰,0.953883,1
賞与,賞金,0.931568,2
賞与,報酬,0.916959,3
賞与,福利,0.90814,4
賞与,賞品,0.90651,5
原稿,文書,0.956255,1
原稿,収録,0.955244,2
原稿,設定,0.945776,3
原稿,オブジェ,0.937982,4
原稿,素材,0.935783,5
極上,プレミアム,0.959187,1
極上,リッチ,0.954812,2
極上,高級,0.953678,3
極上,一流,0.950246,4
極上,抜群,0.946608,5
タブ,錠,0.966548,1
タブ,フィルター,0.955952,2
タブ,ホルダー,0.950802,3
タブ,包,0.950526,4
タブ,ベット,0.94635,5
ユニクロ,セブン‐イレブン,0.946365,1
ユニクロ,ローソン,0.942652,2
ユニクロ,ホテルルートイン,0.930869,3
ユニクロ,ダイソー,0.923931,4
ユニクロ,アルミニウム,0.922407,5
争い,対立,0.947835,1
争い,争う,0.946513,2
争い,緊張,0.925083,3
争い,怒る,0.901534,4
争い,プレッシャー,0.900626,5
民主,SDGs,0.904043,1
民主,SEO,0.886336,2
民主,改革,0.885602,3
民主,提携,0.882838,4
民主,選挙,0.881819,5
経済的,働き方,0.950461,1
経済的,アップデート,0.945621,2
経済的,ジョブ,0.943337,3
経済的,配信,0.940222,4
経済的,更新,0.93648,5
源泉,菅,0.93692,1
源泉,杉,0.936517,2
源泉,蔵,0.935024,3
源泉,長年,0.929809,4
源泉,しま,0.928781,5
祈り,祈る,0.96192,1
祈り,祈願,0.948534,2
祈り,思い遣り,0.944395,3
祈り,旨い,0.944211,4
祈り,心掛ける,0.939471,5
例外,異常,0.921379,1
例外,外れ,0.864949,2
例外,意外,0.855172,3
例外,怪しい,0.815136,4
例外,有り難い,0.814594,5
朝鮮,イラン,0.87997,1
朝鮮,ロシア,0.769946,2
朝鮮,イオン,0.768374,3
朝鮮,福島,0.739637,4
朝鮮,原発,0.726364,5
召喚,魔,0.735999,1
召喚,火燵,0.716907,2
召喚,燃やす,0.715149,3
召喚,連発,0.70834,4
召喚,ブリーチ,0.707751,5
廃車,ゴミ,0.936758,1
廃車,廃棄,0.912218,2
廃車,ごみ,0.899918,3
廃車,無駄,0.879314,4
廃車,面倒臭い,0.877819,5
安,在留,0.961329,1
安,済み,0.95604,2
安,ベース,0.955261,3
安,保持,0.954927,4
安,在住,0.947127,5
解禁,塗り,0.910729,1
解禁,始める,0.908411,2
解禁,取り付ける,0.905983,3
解禁,get,0.904603,4
解禁,起動,0.904043,5
マウント,峰,0.940695,1
マウント,高度,0.936263,2
マウント,日,0.900601,3
マウント,高木,0.89937,4
マウント,オーク,0.898331,5
香料,スパイス,0.963734,1
香料,シナモン,0.884589,2
香料,遣り甲斐,0.865184,3
香料,ロースト,0.863526,4
香料,蜂蜜,0.859778,5
SD,SE,0.98891,1
SD,ST,0.988682,2
SD,SS,0.987772,3
SD,CM,0.986491,4
SD,DS,0.986066,5
要る,かく,0.980289,1
要る,たり,0.977238,2
要る,頂く,0.975869,3
要る,ごと,0.975212,4
要る,がる,0.974416,5
ネクタイ,鞄,0.951562,1
ネクタイ,ネックレス,0.907969,2
ネクタイ,指輪,0.899386,3
ネクタイ,CD,0.898602,4
ネクタイ,コスチューム,0.897964,5
姫路,倉敷,0.967728,1
姫路,奈良県,0.96468,2
姫路,岐阜,0.961869,3
姫路,世田谷,0.961351,4
姫路,小田原,0.958938,5
叫ぶ,呼ぶ,0.988383,1
叫ぶ,行く,0.965957,2
叫ぶ,運ぶ,0.959673,3
叫ぶ,取る,0.957196,4
叫ぶ,接触,0.952593,5
アシスト,助手,0.979319,1
アシスト,推薦,0.968994,2
アシスト,推奨,0.96817,3
アシスト,アシスタント,0.96798,4
アシスト,ヘルパー,0.964712,5
倍率,ロード,0.897295,1
倍率,集計,0.896736,2
倍率,累計,0.893479,3
倍率,網,0.89345,4
倍率,合計,0.89302,5
藤原,甲斐,0.906966,1
藤原,大久保,0.900018,2
藤原,伝統,0.892962,3
藤原,伝統的,0.892502,4
藤原,王道,0.887947,5
ゆとり,ゆったり,0.962359,1
ゆとり,リラックス,0.94034,2
ゆとり,ほっこり,0.936926,3
ゆとり,心地,0.935349,4
ゆとり,優しい,0.931671,5
資材,材料,0.96797,1
資材,面積,0.96157,2
資材,数,0.957842,3
資材,ロケーション,0.957444,4
資材,数値,0.954984,5
ベンチャー,起業,0.930679,1
ベンチャー,起業家,0.884706,2
ベンチャー,創業,0.879038,3
ベンチャー,スタートアップ,0.847449,4
ベンチャー,チャレンジ,0.844237,5
鍼,絞る,0.797006,1
鍼,おろし,0.78634,2
鍼,絞り,0.777906,3
鍼,拘る,0.767867,4
鍼,絞り込む,0.757341,5
ショコラ,チョコレート,0.981687,1
ショコラ,チョコ,0.958697,2
ショコラ,ステーキ,0.921718,3
ショコラ,甘味,0.895558,4
ショコラ,焼き鳥,0.89043,5
耐震,SSL,0.91144,1
耐震,インフラ,0.901433,2
耐震,土木,0.897831,3
耐震,ステンレス,0.891288,4
耐震,防衛,0.887345,5
詰め合わせ,号,0.885339,1
詰め合わせ,チェーン,0.8801,2
詰め合わせ,一括,0.878162,3
詰め合わせ,com,0.870598,4
詰め合わせ,ランク,0.868968,5
キャンドル,ランタン,0.877319,1
キャンドル,バルコニー,0.841338,2
キャンドル,キンドル,0.831858,3
キャンドル,ベランダ,0.8144,4
キャンドル,手摺,0.813058,5
愛媛,愛媛県,0.995881,1
愛媛,湘南,0.972648,2
愛媛,香川,0.972484,3
愛媛,高知,0.968451,4
愛媛,奈良県,0.958546,5
コラボレーション,協働,0.993551,1
コラボレーション,コラボ,0.982573,2
コラボレーション,チーム,0.951728,3
コラボレーション,協同,0.947378,4
コラボレーション,協力,0.946099,5
芽,苗,0.933207,1
芽,竹の子,0.929226,2
芽,リーフ,0.921947,3
芽,種子,0.897494,4
芽,新生,0.872937,5
お喋り,話し掛ける,0.960618,1
お喋り,知り合い,0.932682,2
お喋り,民間,0.931196,3
お喋り,関わり,0.917471,4
お喋り,応じる,0.915971,5
際する,際,0.967534,1
際する,連,0.966092,2
際する,以降,0.955546,3
際する,及ぶ,0.954027,4
際する,共,0.953755,5
ガールズ,女の子,0.991524,1
ガールズ,ガール,0.99091,2
ガールズ,女子,0.964455,3
ガールズ,女,0.962749,4
ガールズ,少女,0.960683,5
下ろす,回す,0.9731,1
下ろす,下す,0.963981,2
下ろす,下る,0.962562,3
下ろす,離す,0.962552,4
下ろす,吸う,0.961711,5
夜景,放映,0.832539,1
夜景,サイト,0.815801,2
夜景,ドーム,0.803971,3
夜景,トップページ,0.801536,4
夜景,バナー,0.795999,5
妄想,悪質,0.87979,1
妄想,有害,0.87213,2
妄想,呪い,0.866831,3
妄想,無理,0.866808,4
妄想,不正,0.858754,5
月間,デー,0.979901,1
月間,沿い,0.967496,2
月間,世代,0.96747,3
月間,時,0.961326,4
月間,ロケ,0.958245,5
はてな,フォー,0.899592,1
はてな,像,0.897923,2
はてな,ブラン,0.895086,3
はてな,幾,0.894087,4
はてな,ココ,0.889117,5
渋滞,汚染,0.939262,1
渋滞,交通事故,0.917247,2
渋滞,騒音,0.912063,3
渋滞,混雑,0.906907,4
渋滞,事故,0.90025,5
アシスタント,助手,0.988599,1
アシスタント,アシスト,0.96798,2
アシスタント,コーチング,0.944888,3
アシスタント,支援,0.93949,4
アシスタント,カウンセラー,0.938564,5
子宮,骨盤,0.944566,1
子宮,体内,0.91798,2
子宮,臓器,0.909239,3
子宮,心身,0.894256,4
子宮,記憶,0.890646,5
古く,過去,0.962212,1
古く,古,0.953164,2
古く,オールド,0.943303,3
古く,昔,0.94215,4
古く,古い,0.940469,5
上旬,中旬,0.963338,1
上旬,年中,0.9541,2
上旬,日中,0.947584,3
上旬,下旬,0.947119,4
上旬,明け,0.938265,5
カール,君,0.956767,1
カール,ジャック,0.95643,2
カール,原田,0.955899,3
カール,据える,0.954943,4
カール,経,0.954939,5
本文,トピック,0.976414,1
本文,シナリオ,0.973679,2
本文,事,0.966849,3
本文,内容,0.964598,4
本文,文句,0.964108,5
個体,僕,0.967912,1
個体,持つ,0.966712,2
個体,個別,0.966015,3
個体,本人,0.964753,4
個体,所持,0.964124,5
同等,均等,0.975055,1
同等,同一,0.969205,2
同等,同じ,0.968135,3
同等,均一,0.96801,4
同等,等,0.955604,5
境内,飯田,0.957785,1
境内,常,0.95755,2
境内,既存,0.945998,3
境内,県内,0.944459,4
境内,序で,0.943116,5
ルイヴィトン,プラダ,0.964457,1
ルイヴィトン,シャネル,0.957418,2
ルイヴィトン,ディオール,0.933909,3
ルイヴィトン,ロレックス,0.928092,4
ルイヴィトン,ラグジュアリー,0.910258,5
マイナンバー,ビザ,0.90434,1
マイナンバー,IP,0.890772,2
マイナンバー,機種,0.880392,3
マイナンバー,アカウント,0.87825,4
マイナンバー,リース,0.875694,5
乳,リネン,0.945531,1
乳,ウール,0.945078,2
乳,椎茸,0.941919,3
乳,茶葉,0.941824,4
乳,蜜柑,0.938106,5
汚染,渋滞,0.939262,1
汚染,騒音,0.916928,2
汚染,交通事故,0.914902,3
汚染,犯罪,0.910615,4
汚染,事故,0.902986,5
スカウト,越える,0.882544,1
スカウト,クエスト,0.863382,2
スカウト,勢,0.853308,3
スカウト,募る,0.851199,4
スカウト,為る,0.841584,5
開拓,起業家,0.90465,1
開拓,変革,0.858571,2
開拓,突破,0.857551,3
開拓,探検,0.850581,4
開拓,創出,0.836606,5
スピン,狙う,0.842673,1
スピン,追い付く,0.833866,2
スピン,ホルモン,0.833418,3
スピン,追う,0.825925,4
スピン,掴む,0.821724,5
ドリーム,夢中,0.892502,1
ドリーム,夢,0.850876,2
ドリーム,感性,0.785041,3
ドリーム,オーラ,0.719506,4
ドリーム,ロマン,0.712234,5
ミュージカル,コンサート,0.946097,1
ミュージカル,宝塚,0.922857,2
ミュージカル,ショー,0.916894,3
ミュージカル,演出,0.90907,4
ミュージカル,公演,0.903032,5
狩り,ハンター,0.87876,1
狩り,空手,0.813348,2
狩り,追い掛ける,0.789053,3
狩り,気合い,0.783669,4
狩り,狙う,0.780784,5
プランナー,計画,0.962118,1
プランナー,プラン,0.961388,2
プランナー,プランニング,0.960991,3
プランナー,手配,0.944477,4
プランナー,造り,0.934567,5
牧場,田圃,0.938415,1
牧場,農場,0.932508,2
牧場,見頃,0.912553,3
牧場,カントリー,0.910666,4
牧場,農園,0.908423,5
有給,給付,0.946264,1
有給,内定,0.94214,2
有給,報酬,0.932519,3
有給,奨学金,0.930078,4
有給,適用,0.926172,5
研究会,会議,0.972706,1
研究会,講習会,0.970399,2
研究会,研修会,0.964449,3
研究会,司会,0.958736,4
研究会,講演会,0.954883,5
説明書,定価,0.971123,1
説明書,レポート,0.968482,2
説明書,ドキュメント,0.965469,3
説明書,カタログ,0.960028,4
説明書,教材,0.959082,5
発する,出る,0.954332,1
発する,向かう,0.95389,2
発する,放出,0.946352,3
発する,出す,0.938974,4
発する,今季,0.934348,5
域,ドメイン,0.98131,1
域,丸ごと,0.967401,2
域,領域,0.965289,3
域,界,0.961349,4
域,区,0.96134,5
レポ,版,0.98082,1
レポ,助成,0.977785,2
レポ,ver,0.972166,3
レポ,OB,0.971699,4
レポ,適用,0.970738,5
欠ける,不足,0.978395,1
欠ける,未満,0.966219,2
欠ける,低下,0.963171,3
欠ける,不備,0.951691,4
欠ける,劣る,0.948816,5
詩,妙,0.882242,1
詩,小説,0.862333,2
詩,書道,0.860771,3
詩,精神的,0.856713,4
詩,作詞,0.846805,5
特徴的,特色,0.951621,1
特徴的,特長,0.892056,2
特徴的,理想的,0.876238,3
特徴的,逸品,0.860779,4
特徴的,偉大,0.851825,5
パープル,レジン,0.802129,1
パープル,シルバー,0.768766,2
パープル,カバー,0.7597,3
パープル,はてな,0.754106,4
パープル,紫,0.742303,5
視線,目線,0.952637,1
視線,右手,0.942125,2
視線,目,0.940474,3
視線,イヤー,0.939226,4
視線,言う,0.937263,5
後編,多分,0.969769,1
後編,一連,0.967829,2
後編,中期,0.960182,3
後編,大半,0.958262,4
後編,JA,0.954349,5
照らす,届け,0.937991,1
照らす,生かす,0.93088,2
照らす,付与,0.929943,3
照らす,恩恵,0.926889,4
照らす,励ます,0.926621,5
コーン,要素,0.916801,1
コーン,有る,0.914164,2
コーン,入る,0.913466,3
コーン,球,0.913062,4
コーン,見える,0.911356,5
魔女,妖怪,0.875887,1
魔女,魔王,0.823677,2
魔女,呪術,0.805232,3
魔女,鬼,0.799456,4
魔女,モンスター,0.788141,5
ノーマル,普通,0.979447,1
ノーマル,正常,0.97898,2
ノーマル,常,0.97642,3
ノーマル,通常,0.970751,4
ノーマル,日常,0.969102,5
実況,リアルタイム,0.932145,1
実況,ニュース,0.930464,2
実況,報道,0.91127,3
実況,試合,0.903181,4
実況,売り上げ,0.901296,5
甘味,甘み,0.95085,1
甘味,チーズ,0.926967,2
甘味,甘い,0.912382,3
甘味,砂糖,0.897574,4
甘味,ショコラ,0.895558,5
半ば,大抵,0.959404,1
半ば,中途,0.957498,2
半ば,均,0.947389,3
半ば,文句,0.946645,4
半ば,関する,0.945897,5
学力,スキル,0.947304,1
学力,栄養,0.942448,2
学力,免疫力,0.942002,3
学力,技能,0.937369,4
学力,健康,0.930412,5
省く,一口,0.921913,1
省く,節約,0.91785,2
省く,持ち込む,0.914553,3
省く,減らす,0.908236,4
省く,省,0.90728,5
隣接,付近,0.972104,1
隣接,隣,0.970999,2
隣接,近く,0.951091,3
隣接,近隣,0.95107,4
隣接,受け取る,0.938612,5
デスクトップ,デスク,0.970715,1
デスクトップ,時計,0.965283,2
デスクトップ,キーボード,0.961149,3
デスクトップ,チェア,0.951127,4
デスクトップ,キャビネット,0.950949,5
レイヤー,図,0.964693,1
レイヤー,セット,0.964287,2
レイヤー,構成,0.962667,3
レイヤー,セクション,0.962031,4
レイヤー,設定,0.960604,5
拡散,混ざる,0.894788,1
拡散,分散,0.874108,2
拡散,ぐるぐる,0.861483,3
拡散,蔓延,0.850718,4
拡散,流す,0.837183,5
へん,じ,0.990478,1
へん,てん,0.98728,2
へん,り,0.984438,3
へん,げ,0.983794,4
へん,け,0.983792,5
浅草,博多,0.870189,1
浅草,吉祥寺,0.869713,2
浅草,マルシェ,0.861627,3
浅草,風俗,0.85253,4
浅草,日本橋,0.852218,5
逸品,抜群,0.940701,1
逸品,極上,0.93687,2
逸品,パーフェクト,0.930117,3
逸品,完璧,0.925454,4
逸品,素晴らしい,0.920537,5
ダイヤル,シェル,0.934094,1
ダイヤル,テープ,0.933811,2
ダイヤル,レコーダー,0.922979,3
ダイヤル,マーカー,0.919798,4
ダイヤル,コイル,0.91927,5
ブロガー,YouTuber,0.906112,1
ブロガー,ブログ,0.861546,2
ブロガー,バリエーション,0.804775,3
ブロガー,若者,0.803177,4
ブロガー,チャット,0.80021,5
塩分,ナトリウム,0.928808,1
塩分,塩,0.907722,2
塩分,重量,0.895685,3
塩分,カーボン,0.894911,4
塩分,炭酸,0.892728,5
マタニティー,妊娠,0.923887,1
マタニティー,愛する,0.91346,2
マタニティー,ラブ,0.911492,3
マタニティー,妊娠中,0.909764,4
マタニティー,愛,0.904029,5
余程,如何なる,0.952387,1
余程,意,0.930258,2
余程,感,0.927095,3
余程,志望,0.925359,4
余程,見込む,0.924563,5
重要性,重点,0.95334,1
重要性,優先,0.953172,2
重要性,重視,0.95287,3
重要性,父,0.942989,4
重要性,父さん,0.9412,5
徹底的,徹底,0.952024,1
徹底的,本格,0.84505,2
徹底的,本格的,0.836788,3
徹底的,ファイナル,0.836325,4
徹底的,詳しい,0.830965,5
安心感,安心,0.993514,1
安心感,居心地,0.96763,2
安心感,余裕,0.956552,3
安心感,満足,0.950504,4
安心感,家,0.948929,5
転倒,倒れる,0.992701,1
転倒,転ぶ,0.98949,2
転倒,崩れる,0.956966,3
転倒,目眩,0.956059,4
転倒,油断,0.951467,5
ラボ,研究室,0.972429,1
ラボ,研究所,0.945999,2
ラボ,医院,0.920403,3
ラボ,病院,0.919797,4
ラボ,工程,0.91386,5
フレンド,友達,0.989759,1
フレンド,友人,0.983852,2
フレンド,友,0.982156,3
フレンド,同伴,0.976284,4
フレンド,相棒,0.96992,5
何事,誰,0.979736,1
何事,どの,0.979399,2
何事,有,0.978756,3
何事,該当,0.978176,4
何事,前提,0.977197,5
所定,定める,0.983725,1
所定,確定,0.975733,2
所定,項目,0.975286,3
所定,ケース,0.971537,4
所定,記載,0.970879,5
優,栄,0.986009,1
優,良く,0.978871,2
優,長所,0.971273,3
優,好,0.96919,4
優,メリット,0.968786,5
通称,一般的,0.956762,1
通称,月間,0.955536,2
通称,並み,0.954513,3
通称,常温,0.949316,4
通称,一般,0.948964,5
マート,売り場,0.971551,1
マート,店舗,0.967729,2
マート,商店,0.964807,3
マート,ショップ,0.963849,4
マート,スーパー,0.962672,5
精密,専門的,0.889909,1
精密,専業,0.861907,2
精密,専門,0.858659,3
精密,チタン,0.8498,4
精密,スペシャリスト,0.847553,5
乍ら,随分,0.930908,1
乍ら,放し,0.888713,2
乍ら,若し,0.887648,3
乍ら,さっ,0.887295,4
乍ら,偶,0.879165,5
見極める,把握,0.949118,1
見極める,熟練,0.917577,2
見極める,見分ける,0.914464,3
見極める,培う,0.907978,4
見極める,経験者,0.905945,5
茨城県,茨城,0.993466,1
茨城県,岡山県,0.987347,2
茨城県,千葉県,0.981223,3
茨城県,岡山,0.980286,4
茨城県,岐阜県,0.978356,5
石油,オイル,0.882178,1
石油,燃料,0.855742,2
石油,油,0.845187,3
石油,権力,0.762594,4
石油,電力,0.747444,5
レター,写し,0.948862,1
レター,筆記,0.947334,2
レター,ノート,0.941308,3
レター,ネーム,0.929781,4
レター,持ち,0.929117,5
区域,地区,0.994434,1
区域,場,0.979211,2
区域,フィールド,0.972952,3
区域,エリア,0.972923,4
区域,地域,0.970407,5
痛める,痛む,0.99014,1
痛める,痛い,0.982264,2
痛める,痛,0.979128,3
痛める,苦しむ,0.973951,4
痛める,苦痛,0.971506,5
所在地,位置,0.98834,1
所在地,年月日,0.973867,2
所在地,地点,0.971038,3
所在地,時刻,0.963982,4
所在地,年代,0.961798,5
フォーク,折,0.892263,1
フォーク,どっち,0.887787,2
フォーク,初,0.885327,3
フォーク,す,0.882782,4
フォーク,ださい,0.881944,5
混合,ミックス,0.923639,1
混合,多岐,0.845636,2
混合,近年,0.772096,3
混合,多様,0.762248,4
混合,発散,0.760465,5
サーフィン,サーフ,0.859408,1
サーフィン,ダイビング,0.827341,2
サーフィン,スイング,0.825857,3
サーフィン,青春,0.781077,4
サーフィン,爽快,0.764466,5
習い事,習う,0.934461,1
習い事,施術,0.920846,2
習い事,育てる,0.912375,3
習い事,アクティビティー,0.911701,4
習い事,学会,0.910873,5
ゲージ,登記,0.947671,1
ゲージ,配列,0.946115,2
ゲージ,シェル,0.942075,3
ゲージ,チェック,0.940584,4
ゲージ,区画,0.939214,5
対抗,対立,0.902772,1
対抗,争う,0.899924,2
対抗,争い,0.879587,3
対抗,突き込む,0.877509,4
対抗,緊張,0.87684,5
種目,基準,0.968382,1
種目,当たり前,0.962837,2
種目,品種,0.962104,3
種目,プレース,0.961889,4
種目,参考,0.958119,5
鉄板,グリル,0.874958,1
鉄板,焼き,0.857984,2
鉄板,焼く,0.851422,3
鉄板,焜炉,0.842621,4
鉄板,ストーブ,0.835777,5
顎,肌,0.964939,1
顎,胸,0.961831,2
顎,腰,0.947278,3
顎,膝,0.942347,4
顎,手足,0.941554,5
疑い,恐れる,0.928087,1
疑い,恐れ,0.92239,2
疑い,疑う,0.91985,3
疑い,疑惑,0.901324,4
疑い,離脱,0.856937,5
此奴,ネガティブ,0.930575,1
此奴,反面,0.924726,2
此奴,不利,0.924432,3
此奴,負,0.916267,4
此奴,ばか,0.915148,5
常温,当たり前,0.957812,1
常温,並み,0.956821,2
常温,地方,0.952498,3
常温,通称,0.949316,4
常温,表面,0.947082,5
遺伝子,遺伝,0.941761,1
遺伝子,DNA,0.898891,2
遺伝子,筋膜,0.866476,3
遺伝子,神経,0.845091,4
遺伝子,ホルモン,0.840274,5
羨ましい,惜しい,0.834517,1
羨ましい,欠かす,0.820301,2
羨ましい,ミス,0.812734,3
羨ましい,なんて,0.801264,4
羨ましい,ああ,0.778121,5
孤独,引き籠もり,0.942495,1
孤独,断念,0.922877,2
孤独,悲しい,0.909866,3
孤独,寂しい,0.905289,4
孤独,死ぬ,0.894531,5
切手,スタンプ,0.944871,1
切手,ポストカード,0.900588,2
切手,ピン,0.897146,3
切手,クリップ,0.887706,4
切手,ペーパー,0.887677,5
新設,新,0.85682,1
新設,新商品,0.831122,2
新設,新規,0.796384,3
新設,新しい,0.787833,4
新設,新た,0.782404,5
片,段,0.973856,1
片,オブ,0.973056,2
片,記載,0.972296,3
片,抜粋,0.970225,4
片,欄,0.968618,5
世界観,ワールド,0.934115,1
世界観,世界,0.92107,2
世界観,世界的,0.897917,3
世界観,全域,0.884895,4
世界観,世紀,0.87644,5
ウイッグ,元彼,0.721093,1
ウイッグ,未だ未だ,0.713492,2
ウイッグ,扠,0.707235,3
ウイッグ,乍ら,0.699056,4
ウイッグ,目茶,0.697454,5
ミュージアム,博物館,0.995615,1
ミュージアム,美術館,0.983815,2
ミュージアム,博物,0.977468,3
ミュージアム,ギャラリー,0.975451,4
ミュージアム,ライブラリー,0.946286,5
沖,越す,0.894799,1
沖,打ち,0.867651,2
沖,越え,0.865848,3
沖,迫る,0.857332,4
沖,沸騰,0.852035,5
スマイル,笑顔,0.959465,1
スマイル,幸,0.953672,2
スマイル,宜しく,0.950204,3
スマイル,楽,0.945888,4
スマイル,ハッピー,0.943857,5
晒す,ラン,0.918735,1
晒す,前走,0.91806,2
晒す,上る,0.898198,3
晒す,伸ばす,0.896895,4
晒す,かける,0.895039,5
財政,決算,0.92277,1
財政,証券,0.918366,2
財政,財務,0.917327,3
財政,税務,0.907621,4
財政,外注,0.90249,5
算数,科目,0.95278,1
算数,暦,0.952414,2
算数,指針,0.943351,3
算数,教材,0.943298,4
算数,地図,0.941774,5
解凍,開封,0.885498,1
解凍,解禁,0.866484,2
解凍,開閉,0.861836,3
解凍,塗布,0.861761,4
解凍,始動,0.85147,5
視,目,0.968515,1
視,読み,0.965069,2
視,眼,0.957651,3
視,視覚,0.954959,4
視,知る,0.951347,5
軈て,つれる,0.837612,1
軈て,くるくる,0.837583,2
軈て,ばかり,0.831407,3
軈て,スイング,0.826959,4
軈て,変,0.825757,5
儲かる,保有,0.963829,1
儲かる,保つ,0.961275,2
儲かる,保存,0.953417,3
儲かる,居住,0.949701,4
儲かる,存分,0.948725,5
さっき,先程,0.976519,1
さっき,前回,0.955939,2
さっき,ずつ,0.942318,3
さっき,前日,0.941446,4
さっき,今迄,0.936848,5
ピュア,純粋,0.949075,1
ピュア,無垢,0.898048,2
ピュア,純正,0.885178,3
ピュア,純,0.86325,4
ピュア,クリスタル,0.851164,5
スタイリスト,美容師,0.945696,1
スタイリスト,コーディネーター,0.930926,2
スタイリスト,美容室,0.90773,3
スタイリスト,デザイナー,0.903525,4
スタイリスト,アトリエ,0.894417,5
カウント,枚数,0.978336,1
カウント,ラベル,0.960944,2
カウント,配列,0.950454,3
カウント,リスト,0.949299,4
カウント,区画,0.947319,5
豆乳,ヨーグルト,0.955455,1
豆乳,牛乳,0.950515,2
豆乳,ミルク,0.945654,3
豆乳,豆腐,0.944225,4
豆乳,野菜,0.941567,5
明け,朝,0.95427,1
明け,明ける,0.948018,2
明け,上旬,0.938265,3
明け,あさ,0.918875,4
明け,旬,0.918817,5
取引所,企業,0.958336,1
取引所,東証,0.950489,2
取引所,空港,0.948991,3
取引所,物流,0.947408,4
取引所,ビジネス,0.943254,5
八幡,大和,0.945969,1
八幡,ヤマト,0.944562,2
八幡,大久保,0.941721,3
八幡,甲斐,0.938971,4
八幡,市川,0.936057,5
フォーカス,焦点,0.956396,1
フォーカス,注力,0.929462,2
フォーカス,引き締める,0.923241,3
フォーカス,フィット,0.906467,4
フォーカス,機能性,0.906062,5
ずれ,ずれる,0.982246,1
ずれ,滑り,0.93479,2
ずれ,相違,0.931401,3
ずれ,ばれる,0.9253,4
ずれ,半端,0.922236,5
ジョブ,工作,0.975128,1
ジョブ,働く,0.97512,2
ジョブ,ワーク,0.973733,3
ジョブ,サービス,0.965056,4
ジョブ,任務,0.961816,5
一流,最善,0.957863,1
一流,高級,0.950816,2
一流,極上,0.950246,3
一流,優れる,0.949663,4
一流,高品質,0.947202,5
伊豆,出雲,0.973601,1
伊豆,川越,0.971983,2
伊豆,奈良県,0.962643,3
伊豆,鹿児島,0.954075,4
伊豆,鹿児島県,0.953918,5
洗い,拭く,0.974335,1
洗い,干す,0.970672,2
洗い,乾かす,0.959848,3
洗い,採取,0.951854,4
洗い,巻く,0.95109,5
黄色い,黄色,0.977905,1
黄色い,イエロー,0.972933,2
黄色い,黄,0.954268,3
黄色い,今季,0.896785,4
黄色い,発色,0.895511,5
賑わう,賑やか,0.937953,1
賑わう,盛り上がり,0.906782,2
賑わう,ライブ,0.901135,3
賑わう,盛り上がる,0.894337,4
賑わう,流行る,0.877205,5
セラピー,療法,0.992061,1
セラピー,カウンセリング,0.984484,2
セラピー,治療,0.965612,3
セラピー,リハビリテーション,0.95267,4
セラピー,セラピスト,0.95225,5
曖昧,雑,0.894687,1
曖昧,未定,0.88671,2
曖昧,ばらばら,0.861844,3
曖昧,隙間,0.839279,4
曖昧,漂う,0.837347,5
マンツーマン,日記,0.891425,1
マンツーマン,セルフ,0.889108,2
マンツーマン,手入れ,0.874822,3
マンツーマン,施術,0.873013,4
マンツーマン,毎朝,0.871622,5
援助,支援,0.968573,1
援助,手伝う,0.965941,2
援助,助ける,0.964329,3
援助,寄与,0.963751,4
援助,手伝い,0.963398,5
健診,検診,0.964985,1
健診,診療,0.929026,2
健診,査定,0.921495,3
健診,通院,0.917909,4
健診,セーフティー,0.916516,5
公立,県立,0.960187,1
公立,標準,0.943322,2
公立,スタンダード,0.939553,3
公立,市営,0.937807,4
公立,校,0.920901,5
腹筋,引き締める,0.923964,1
腹筋,音質,0.899003,2
腹筋,体幹,0.894346,3
腹筋,フィット,0.894284,4
腹筋,健康的,0.892241,5
講じる,語る,0.985278,1
講じる,セリフ,0.965935,2
講じる,話,0.965864,3
講じる,話す,0.965077,4
講じる,伝える,0.964931,5
冷却,冷やす,0.927961,1
冷却,洗う,0.910605,2
冷却,通気,0.905142,3
冷却,掃除,0.89943,4
冷却,乾かす,0.894075,5
マレーシア,タイ,0.961872,1
マレーシア,スペイン,0.958807,2
マレーシア,神奈川,0.95693,3
マレーシア,ベトナム,0.955194,4
マレーシア,神奈川県,0.955108,5
ロープ,ホース,0.891749,1
ロープ,棒,0.88156,2
ロープ,割る,0.874055,3
ロープ,切る,0.860867,4
ロープ,弦,0.856824,5
近付ける,接近,0.957455,1
近付ける,近付く,0.946257,2
近付ける,向く,0.928398,3
近付ける,間近,0.927231,4
近付ける,引く,0.922581,5
再発,発症,0.915392,1
再発,消耗,0.893468,2
再発,ハンガー,0.887672,3
再発,下落,0.878786,4
再発,発熱,0.876952,5
警告,警報,0.892242,1
警告,警戒,0.857715,2
警告,締め切り,0.839912,3
警告,電流,0.829716,4
警告,信号,0.828479,5
モン,マチ,0.983336,1
モン,奥,0.981413,2
モン,博,0.976111,3
モン,ザ,0.976015,4
モン,シン,0.974713,5
入店,当店,0.976774,1
入店,入場,0.965943,2
入店,お知らせ,0.965718,3
入店,来店,0.959902,4
入店,受け付け,0.958827,5
クイック,速,0.901314,1
クイック,プッシュ,0.887176,2
クイック,後押し,0.882456,3
クイック,推進,0.876539,4
クイック,POP,0.866576,5
ウィキ,YouTube,0.90683,1
ウィキ,ウェブ,0.886291,2
ウィキ,WWW,0.88209,3
ウィキ,インターネット,0.871005,4
ウィキ,媒体,0.86491,5
チーズケーキ,菓子,0.93731,1
チーズケーキ,和菓子,0.912306,2
チーズケーキ,クリーム,0.910677,3
チーズケーキ,スイーツ,0.89536,4
チーズケーキ,ケーキ,0.888575,5
堂々,一番,0.944046,1
堂々,王者,0.939595,2
堂々,本格,0.938173,3
堂々,キング,0.937355,4
堂々,王,0.930549,5
過言,過剰,0.854276,1
過言,過度,0.799781,2
過言,過,0.732007,3
過言,トランプ,0.719858,4
過言,ギャンブル,0.715924,5
訪ねる,訪れる,0.977025,1
訪ねる,問う,0.97194,2
訪ねる,訪問,0.969983,3
訪ねる,尋ねる,0.963024,4
訪ねる,問い合わせる,0.954367,5
工,建つ,0.95582,1
工,生産者,0.955441,2
工,PM,0.955327,3
工,管理人,0.953763,4
工,機,0.950016,5
バイナリー,バイト,0.944147,1
バイナリー,端子,0.915763,2
バイナリー,ビット,0.91571,3
バイナリー,品番,0.893934,4
バイナリー,ZIP,0.887102,5
利点,メリット,0.99473,1
利点,長所,0.980393,2
利点,有利,0.975568,3
利点,御勧め,0.975041,4
利点,改善,0.972267,5
転勤,異動,0.943721,1
転勤,移転,0.878751,2
転勤,移住,0.875317,3
転勤,経費,0.874362,4
転勤,課金,0.85676,5
髪質,体調,0.950068,1
髪質,ボディー,0.947633,2
髪質,髪,0.941386,3
髪質,前髪,0.939094,4
髪質,髪の毛,0.930038,5
バリ,香川,0.949455,1
バリ,湘南,0.943718,2
バリ,タイ,0.941572,3
バリ,沖縄,0.939399,4
バリ,那覇,0.937537,5
折畳み,持ち手,0.942832,1
折畳み,袋,0.941042,2
折畳み,カート,0.937054,3
折畳み,引き出し,0.93534,4
折畳み,かご,0.92944,5
明記,明示,0.972995,1
明記,要約,0.969434,2
明記,支給,0.968731,3
明記,判明,0.968696,4
明記,定める,0.965445,5
音質,肌触り,0.923259,1
音質,目元,0.920646,2
音質,着心地,0.914975,3
音質,履き心地,0.907775,4
音質,健康的,0.90354,5
球,円,0.967943,1
球,真っ直ぐ,0.94201,2
球,直線,0.940576,3
球,円形,0.939239,4
球,カテゴリー,0.938641,5
ヒアルロン,ヘルシー,0.963288,1
ヒアルロン,コラーゲン,0.933034,2
ヒアルロン,エコ,0.93153,3
ヒアルロン,ヨーガ,0.928759,4
ヒアルロン,クリーン,0.926678,5
対決,戦う,0.920339,1
対決,勝負,0.884659,2
対決,競う,0.868186,3
対決,交感,0.867505,4
対決,競争,0.849589,5
キュート,可愛らしい,0.971178,1
キュート,可愛い,0.964361,2
キュート,心地良い,0.914981,3
キュート,やさしい,0.906979,4
キュート,優しい,0.901909,5
開催中,開催,0.970964,1
開催中,登壇,0.95863,2
開催中,イベント,0.952251,3
開催中,主催,0.943672,4
開催中,発信,0.941834,5
排除,取り除く,0.921855,1
排除,除去,0.913988,2
排除,消去,0.913955,3
排除,拒否,0.913361,4
排除,削除,0.908556,5
スルー,通す,0.970188,1
スルー,ゴー,0.959192,2
スルー,キャッチ,0.956755,3
スルー,放出,0.955246,4
スルー,通過,0.949345,5
岡田,野田,0.988845,1
岡田,遠藤,0.987285,2
岡田,加藤,0.987089,3
岡田,岡本,0.984286,4
岡田,前田,0.983984,5
バスケット,ベンチ,0.955231,1
バスケット,ボウル,0.953019,2
バスケット,皿,0.948821,3
バスケット,かご,0.943462,4
バスケット,容器,0.939721,5
RPG,任天堂,0.892872,1
RPG,作り出す,0.885548,2
RPG,アレンジ,0.884394,3
RPG,ゲーム,0.878963,4
RPG,クリエーター,0.873339,5
営む,説得,0.959324,1
営む,運用,0.958583,2
営む,働き,0.955474,3
営む,従事,0.95059,4
営む,事業主,0.947739,5
中山,岡崎,0.974139,1
中山,福山,0.973109,2
中山,大宮,0.972818,3
中山,高崎,0.971771,4
中山,市川,0.969238,5
ユース,使い,0.986038,1
ユース,用いる,0.963567,2
ユース,顧客,0.959896,3
ユース,使い道,0.95734,4
ユース,使用,0.957275,5
褒美,奇麗,0.983845,1
褒美,素敵,0.968978,2
褒美,美品,0.965854,3
褒美,美,0.962077,4
褒美,優雅,0.951005,5
御守り,御朱印,0.898706,1
御守り,年賀状,0.873578,2
御守り,民家,0.870694,3
御守り,保つ,0.869102,4
御守り,初代,0.864983,5
不妊,鬱病,0.921388,1
不妊,鬱,0.900009,2
不妊,孤独,0.891696,3
不妊,引き籠もり,0.876909,4
不妊,認知症,0.876683,5
浜,湾,0.957252,1
浜,谷,0.951946,2
浜,平野,0.933648,3
浜,光景,0.928838,4
浜,田,0.927423,5
ミドル,中間,0.988477,1
ミドル,中,0.986612,2
ミドル,最中,0.981839,3
ミドル,内容,0.974613,4
ミドル,的中,0.973411,5
インターン,インターンシップ,0.920807,1
インターン,トライアル,0.895219,2
インターン,アルバイト,0.884615,3
インターン,副業,0.87367,4
インターン,新卒,0.861531,5
きっちり,固める,0.946605,1
きっちり,確保,0.941698,2
きっちり,確立,0.939964,3
きっちり,重点,0.939809,4
きっちり,はっきり,0.93654,5
PT,RE,0.988624,1
PT,V,0.987656,2
PT,g,0.986965,3
PT,IH,0.985627,4
PT,H,0.985327,5
呟く,ふと,0.931278,1
呟く,なんか,0.906542,2
呟く,うー,0.897506,3
呟く,緩む,0.896054,4
呟く,せめて,0.885903,5
フレーバー,味,0.954231,1
フレーバー,風味,0.952129,2
フレーバー,香り,0.932971,3
フレーバー,色味,0.9255,4
フレーバー,食べる,0.914783,5
スプリング,朝,0.908884,1
スプリング,翼,0.897913,2
スプリング,午前,0.895981,3
スプリング,泉,0.894706,4
スプリング,あさ,0.893898,5
親戚,兄弟,0.972386,1
親戚,知人,0.967276,2
親戚,親族,0.955138,3
親戚,世帯,0.953637,4
親戚,知り合い,0.9477,5
下す,下ろす,0.963981,1
下す,回す,0.961416,2
下す,おる,0.960506,3
下す,入れ,0.9559,4
下す,下る,0.951985,5
カーブ,斜め,0.878924,1
カーブ,同時,0.865606,2
カーブ,時半,0.860786,3
カーブ,回り,0.85977,4
カーブ,時期,0.853725,5
タロット,風水,0.823136,1
タロット,聖書,0.800075,2
タロット,書道,0.788027,3
タロット,将棋,0.779996,4
タロット,バイオリン,0.779464,5
ゼミ,インタビュー,0.942202,1
ゼミ,実習,0.942047,2
ゼミ,講習,0.937879,3
ゼミ,営む,0.935916,4
ゼミ,デイサービス,0.930267,5
新型コロナウイルス感染症,新型コロナ,0.975699,1
新型コロナウイルス感染症,新型コロナウイルス,0.969827,2
新型コロナウイルス感染症,コロナウイルス,0.937922,3
新型コロナウイルス感染症,コロナ禍,0.92342,4
新型コロナウイルス感染症,震災,0.828558,5
喫茶,喫茶店,0.946428,1
喫茶,カフェ,0.933701,2
喫茶,ダイニング,0.916493,3
喫茶,ラウンジ,0.906899,4
喫茶,食卓,0.906804,5
区別,区分,0.964318,1
区別,度,0.9621,2
区別,属する,0.954575,3
区別,分別,0.953921,4
区別,節,0.950898,5
〇,下記,0.995124,1
〇,以下,0.994001,2
〇,一種,0.991632,3
〇,イ,0.986929,4
〇,X1,0.984528,5
パジャマ,枕,0.953476,1
パジャマ,クッション,0.95136,2
パジャマ,マフラー,0.931239,3
パジャマ,寝室,0.925527,4
パジャマ,ソープ,0.92497,5
神宮,寺院,0.9409,1
神宮,聖地,0.922432,2
神宮,女王,0.91427,3
神宮,王国,0.904927,4
神宮,古典,0.90424,5
衣,服,0.981211,1
衣,シャツ,0.974077,2
衣,衣類,0.969437,3
衣,ブラウス,0.961504,4
衣,室,0.961494,5
今季,本年,0.977332,1
今季,今年度,0.976824,2
今季,中旬,0.974678,3
今季,今年,0.965372,4
今季,年中,0.962681,5
カルチャー,文化,0.965219,1
カルチャー,社会的,0.929348,2
カルチャー,まち,0.913858,3
カルチャー,コミュニティー,0.913686,4
カルチャー,関西,0.907911,5
書き込み,書き込む,0.972582,1
書き込み,受講,0.956465,2
書き込み,写る,0.954553,3
書き込み,セッション,0.948751,4
書き込み,作業,0.940247,5
プロバイダー,(株),0.957148,1
プロバイダー,ディーラー,0.943556,2
プロバイダー,東武,0.941394,3
プロバイダー,株式会社,0.940632,4
プロバイダー,商社,0.938334,5
将棋,オペラ,0.827139,1
将棋,術,0.804418,2
将棋,オーケストラ,0.802773,3
将棋,ローマ,0.799321,4
将棋,歌舞伎,0.797847,5
競合,ライバル,0.874207,1
競合,抗議,0.812048,2
競合,混雑,0.798123,3
競合,競争,0.795309,4
競合,対立,0.785899,5
契約書,合同,0.978619,1
契約書,契約,0.953275,2
契約書,データベース,0.921968,3
契約書,ハードウェア,0.920037,4
契約書,OS,0.91976,5
巻き込む,越え,0.898771,1
巻き込む,越える,0.893296,2
巻き込む,振り,0.884556,3
巻き込む,響く,0.882372,4
巻き込む,かける,0.878964,5
曲げる,切り替え,0.931739,1
曲げる,切り替える,0.931724,2
曲げる,開ける,0.92464,3
曲げる,折る,0.91403,4
曲げる,動かす,0.906925,5
水中,海水,0.917958,1
水中,川,0.908671,2
水中,水面,0.893941,3
水中,天,0.89006,4
水中,湾,0.889934,5
オファー,開設,0.943531,1
オファー,リリース,0.933214,2
オファー,販売,0.932168,3
オファー,開通,0.931496,4
オファー,出品,0.931042,5
麦,農,0.94045,1
麦,ジャガ芋,0.933842,2
麦,栗,0.932906,3
麦,茎,0.932223,4
麦,芝,0.930628,5
手首,足首,0.966657,1
手首,手指,0.952241,2
手首,指先,0.95152,3
手首,足裏,0.946494,4
手首,足元,0.942718,5
張り付ける,つかる,0.862029,1
張り付ける,挟む,0.854986,2
張り付ける,ブルゾン,0.828797,3
張り付ける,トリガー,0.827545,4
張り付ける,押す,0.81852,5
スポンサー,(株),0.942631,1
スポンサー,プロバイダー,0.930014,2
スポンサー,ユーロ,0.925505,3
スポンサー,ファンド,0.925137,4
スポンサー,ドコモ,0.922633,5
優遇,優待,0.929249,1
優遇,特典,0.924455,2
優遇,ボーナス,0.893974,3
優遇,付加,0.882055,4
優遇,富む,0.866947,5
風合い,心地,0.943597,1
風合い,親しむ,0.939892,2
風合い,味わい,0.924155,3
風合い,美,0.923631,4
風合い,賞味,0.921459,5
不在,無し,0.973733,1
不在,無,0.956695,2
不在,無い,0.948063,3
不在,除外,0.940841,4
不在,オフ,0.938814,5
デイリー,返答,0.981406,1
デイリー,員,0.97571,2
デイリー,取り上げる,0.970158,3
デイリー,答える,0.968958,4
デイリー,応答,0.967917,5
公募,上場,0.96284,1
公募,上映,0.942552,2
公募,発売,0.936758,3
公募,売り場,0.933632,4
公募,配布,0.932843,5
捕らわれる,捕まる,0.955929,1
捕らわれる,病,0.922505,2
捕らわれる,被害,0.919751,3
捕らわれる,傷,0.917003,4
捕らわれる,病気,0.908817,5
書面,ドキュメント,0.96069,1
書面,書,0.953082,2
書面,書類,0.945247,3
書面,プリント,0.943044,4
書面,印刷,0.942549,5
ライブラリー,図書館,0.993484,1
ライブラリー,図書,0.973585,2
ライブラリー,博物館,0.958391,3
ライブラリー,校舎,0.953013,4
ライブラリー,教科書,0.94981,5
新商品,新品,0.973623,1
新商品,新型,0.908431,2
新商品,新しい,0.906272,3
新商品,新規,0.89271,4
新商品,新作,0.877029,5
右上,上部,0.972222,1
右上,九,0.960466,2
右上,上,0.956587,3
右上,全,0.951481,4
右上,フル,0.951104,5
大橋,橋,0.986503,1
大橋,ビル,0.955636,2
大橋,建築,0.954474,3
大橋,建物,0.950193,4
大橋,施設,0.941831,5
ぐ,げ,0.992699,1
ぐ,い,0.990867,2
ぐ,め,0.990866,3
ぐ,か,0.990213,4
ぐ,ぶ,0.988883,5
特製,特別,0.921358,1
特製,カスタム,0.895945,2
特製,スペシャル,0.890277,3
特製,プレミアム,0.885734,4
特製,逸品,0.882576,5
無償,無料,0.975797,1
無償,低価格,0.892398,2
無償,格安,0.886032,3
無償,最安値,0.880881,4
無償,簡単,0.879859,5
雨漏り,水漏れ,0.954097,1
雨漏り,油断,0.930091,2
雨漏り,損,0.922582,3
雨漏り,煙,0.921838,4
雨漏り,損害,0.92118,5
小遣い,減額,0.950985,1
小遣い,持ち運び,0.927237,2
小遣い,日払い,0.92392,3
小遣い,ポケット,0.922147,4
小遣い,省く,0.902332,5
峠,大山,0.855339,1
峠,坂,0.853754,2
峠,岩,0.846261,3
峠,岬,0.827603,4
峠,マウンテン,0.819985,5
年々,以来,0.963387,1
年々,時,0.961739,2
年々,世代,0.95737,3
年々,月間,0.956357,4
年々,年,0.952208,5
足場,ゲート,0.944994,1
足場,コイル,0.933342,2
足場,バルブ,0.922667,3
足場,ドック,0.92129,4
足場,基板,0.914025,5
長女,長男,0.978697,1
長女,姉,0.961555,2
長女,お姉さん,0.961193,3
長女,お父さん,0.959976,4
長女,マザー,0.959192,5
構想,作詞,0.889989,1
構想,アイデア,0.884176,2
構想,発想,0.85512,3
構想,生み出す,0.840243,4
構想,志望,0.840203,5
減,減少,0.987951,1
減,省略,0.95935,2
減,低,0.954195,3
減,縮小,0.950567,4
減,少,0.94691,5
仲良し,好感,0.959419,1
仲良し,馴染む,0.954371,2
仲良し,フレンド,0.946897,3
仲良し,宜しく,0.946069,4
仲良し,親しい,0.944628,5
ポータブル,携帯,0.911436,1
ポータブル,イヤホン,0.903539,2
ポータブル,手持ち,0.898938,3
ポータブル,モバイル,0.890253,4
ポータブル,Bluetooth,0.885505,5
図鑑,ガイドブック,0.970863,1
図鑑,参考書,0.96903,2
図鑑,辞典,0.96168,3
図鑑,辞書,0.955911,4
図鑑,図書,0.950848,5
燃費,月収,0.937682,1
燃費,ダイエット,0.932808,2
燃費,賃金,0.927089,3
燃費,省エネ,0.922466,4
燃費,収支,0.920757,5
実証,検証,0.961776,1
実証,披露,0.957104,2
実証,実務,0.952109,3
実証,調査,0.951162,4
実証,見直し,0.947375,5
東大,大学,0.958426,1
東大,北京,0.949662,2
東大,高等学校,0.947507,3
東大,大学院,0.936197,4
東大,経営者,0.930427,5
移籍,移住,0.921766,1
移籍,出費,0.915291,2
移籍,引っ越す,0.912847,3
移籍,買い替え,0.900436,4
移籍,支出,0.893787,5
プレミア,大手,0.934324,1
プレミア,MAX,0.927756,2
プレミア,TOP,0.92271,3
プレミア,住友,0.921159,4
プレミア,トップ,0.920259,5
海鮮,葡萄,0.947139,1
海鮮,鮭,0.944452,2
海鮮,サーモン,0.938164,3
海鮮,魚介,0.926388,4
海鮮,鮮度,0.900539,5
ドリル,カッター,0.932884,1
ドリル,ポンプ,0.899007,2
ドリル,ミシン,0.894034,3
ドリル,ハンマー,0.891127,4
ドリル,はさみ,0.891013,5
下る,下りる,0.974521,1
下る,下ろす,0.962562,2
下る,下す,0.951985,3
下る,下回る,0.948325,4
下る,回す,0.947841,5
尊敬,尊重,0.98459,1
尊敬,信頼,0.983938,2
尊敬,姉,0.968183,3
尊敬,姉妹,0.963981,4
尊敬,親,0.963246,5
急ぎ,急ぐ,0.946741,1
急ぎ,急,0.883415,2
急ぎ,急速,0.868683,3
急ぎ,急遽,0.856839,4
急ぎ,忙しい,0.846768,5
培う,養成,0.982295,1
培う,志,0.976038,2
培う,育む,0.972287,3
培う,生かす,0.969167,4
培う,育つ,0.96218,5
商売,商業,0.973382,1
商売,事業,0.972646,2
商売,ビジネス,0.972348,3
商売,会社,0.971932,4
商売,事業者,0.970527,5
代わる,再,0.941878,1
代わる,出,0.917912,2
代わる,スレ,0.914489,3
代わる,出し,0.91368,4
代わる,要求,0.913497,5
真相,真実,0.994749,1
真相,知識,0.949895,2
真相,知見,0.928005,3
真相,証拠,0.911731,4
真相,エッセンシャル,0.90147,5
描写,記述,0.981778,1
描写,表す,0.975087,2
描写,状,0.974886,3
描写,説明,0.973846,4
描写,品,0.973196,5
籤,昔,0.90095,1
籤,当初,0.885794,2
籤,アナログ,0.884569,3
籤,嘗て,0.882621,4
籤,以前,0.876615,5
無難,基本的,0.954063,1
無難,ベーシック,0.942571,2
無難,単純,0.941269,3
無難,シンプル,0.937081,4
無難,入門,0.93627,5
庵,小屋,0.938061,1
庵,民家,0.907098,2
庵,田舎,0.889318,3
庵,根元,0.886412,4
庵,フェルト,0.882863,5
見解,見方,0.968816,1
見解,我,0.967363,2
見解,僕,0.963363,3
見解,信念,0.957923,4
見解,自ら,0.956403,5
弱点,弱る,0.978179,1
弱点,壊れる,0.938882,2
弱点,がっかり,0.938345,3
弱点,劣化,0.936302,4
弱点,傷付く,0.935524,5
バルコニー,ベランダ,0.934201,1
バルコニー,ハット,0.926182,2
バルコニー,卓上,0.921967,3
バルコニー,付属品,0.920858,4
バルコニー,帽子,0.917373,5
コップ,カップ,0.990682,1
コップ,杯,0.986959,2
コップ,スプーン,0.982174,3
コップ,皿,0.971152,4
コップ,椅子,0.969824,5
要注意,要請,0.93242,1
要注意,引き,0.921055,2
要注意,留意,0.920478,3
要注意,確かめる,0.916579,4
要注意,肢,0.914669,5
NFT,仮想通貨,0.780258,1
NFT,ドローン,0.743195,2
NFT,新型,0.730468,3
NFT,特殊,0.718475,4
NFT,VR,0.716819,5
裏技,呪術,0.810764,1
裏技,闇金,0.77263,2
裏技,パンク,0.760577,3
裏技,ドラッグ,0.758165,4
裏技,ギャンブル,0.740467,5
おば,寄る,0.971365,1
おば,おじ,0.959318,2
おば,承る,0.958892,3
おば,こそ,0.954159,4
おば,孫,0.95244,5
乗り換え,乗り換える,0.977495,1
乗り換え,信号,0.920609,2
乗り換え,中継,0.898818,3
乗り換え,通行,0.896582,4
乗り換え,入荷,0.887283,5
ドラッグ,ギャンブル,0.911273,1
ドラッグ,注入,0.849451,2
ドラッグ,タバコ,0.843901,3
ドラッグ,薬物,0.83929,4
ドラッグ,賭ける,0.807411,5
双方,両側,0.965318,1
双方,其々,0.960399,2
双方,両方,0.958771,3
双方,皆,0.956544,4
双方,関係者,0.956262,5
フジテレビ,楽天,0.967828,1
フジテレビ,東急,0.954984,2
フジテレビ,西武,0.942656,3
フジテレビ,大阪市,0.941141,4
フジテレビ,名古屋市,0.940918,5
数百,数千,0.985686,1
数百,全域,0.962256,2
数百,大量,0.958734,3
数百,数十,0.958645,4
数百,世界的,0.956289,5
所在,値,0.977101,1
所在,要素,0.97702,2
所在,対象,0.976511,3
所在,有る,0.970834,4
所在,状態,0.970762,5
微,マイクロ,0.969668,1
微,細い,0.966983,2
微,少し,0.964132,3
微,些細,0.955632,4
微,マイナー,0.950658,5
傷付く,怪我,0.950913,1
傷付く,不調,0.950332,2
傷付く,失敗,0.949212,3
傷付く,転ぶ,0.948564,4
傷付く,転倒,0.948554,5
福利,福祉,0.938967,1
福利,厚生,0.92624,2
福利,給付,0.917173,3
福利,給食,0.91334,4
福利,賞与,0.90814,5
プチプラ,格安,0.940422,1
プチプラ,半額,0.894764,2
プチプラ,ミニ,0.893266,3
プチプラ,短縮,0.888718,4
プチプラ,短,0.861502,5
リクルート,加盟,0.972264,1
リクルート,商,0.962725,2
リクルート,セールス,0.961531,3
リクルート,販売,0.960698,4
リクルート,採用,0.956409,5
ローション,乳液,0.980954,1
ローション,タオル,0.972846,2
ローション,洗顔,0.948951,3
ローション,シャンプー,0.948445,4
ローション,枕,0.947383,5
雷,強風,0.962971,1
雷,嵐,0.955904,2
雷,豪雨,0.939683,3
雷,大雨,0.922227,4
雷,狼,0.908769,5
ズボン,服,0.975121,1
ズボン,ジャケット,0.971653,2
ズボン,トップス,0.971577,3
ズボン,シャツ,0.969056,4
ズボン,シュー,0.963944,5
ジャージー,ウォッシュ,0.949355,1
ジャージー,ラップ,0.930203,2
ジャージー,sim,0.919021,3
ジャージー,ウェア,0.916781,4
ジャージー,付,0.91245,5
花粉症,アトピー,0.890087,1
花粉症,風邪,0.878468,2
花粉症,痒み,0.877466,3
花粉症,虫歯,0.868349,4
花粉症,しんどい,0.862625,5
眠い,飽きる,0.94726,1
眠い,怠る,0.929673,2
眠い,怠い,0.92803,3
眠い,ううん,0.926488,4
眠い,見逃す,0.919488,5
総菜,丼,0.932756,1
総菜,プレース,0.928053,2
総菜,ライス,0.927935,3
総菜,県民,0.921066,4
総菜,麺,0.914956,5
サイバー,仮想通貨,0.748466,1
サイバー,施工,0.740851,2
サイバー,株式,0.728621,3
サイバー,工事,0.728052,4
サイバー,為替,0.725375,5
キャラメル,タルト,0.937966,1
キャラメル,蛸焼き,0.921179,2
キャラメル,煎餅,0.907104,3
キャラメル,ギョーザ,0.906341,4
キャラメル,豚カツ,0.904402,5
無添加,オーガニック,0.958775,1
無添加,有機,0.948841,2
無添加,クリーン,0.924963,3
無添加,ヘルシー,0.910461,4
無添加,エコ,0.903741,5
MAX,TOP,0.965772,1
MAX,ハイ,0.965474,2
MAX,最,0.961508,3
MAX,アップ,0.960312,4
MAX,トップ,0.960107,5
好く,好,0.967773,1
好く,幸,0.966414,2
好く,ポジティブ,0.963242,3
好く,望ましい,0.960027,4
好く,愛用,0.957484,5
強烈,激しい,0.896483,1
強烈,迫力,0.89067,2
強烈,敢えて,0.860872,3
強烈,大胆,0.857406,4
強烈,著しい,0.853341,5
上げ,上がる,0.966606,1
上げ,上回る,0.959889,2
上げ,上り,0.958271,3
上げ,発,0.939662,4
上げ,上る,0.938991,5
演劇,劇的,0.966125,1
演劇,劇,0.964581,2
演劇,芝居,0.962594,3
演劇,劇団,0.962488,4
演劇,シアター,0.960125,5
西武,東急,0.984813,1
西武,JR,0.971984,2
西武,阪急,0.963219,3
西武,東武,0.958136,4
西武,スーパー,0.956166,5
題,文,0.990363,1
題,類,0.987687,2
題,式,0.986518,3
題,題する,0.985726,4
題,タイトル,0.9853,5
字幕,ページ,0.972483,1
字幕,資料,0.967205,2
字幕,一覧,0.965541,3
字幕,インデックス,0.963657,4
字幕,スライド,0.960017,5
度目,欄,0.968476,1
度目,ポジション,0.965631,2
度目,型,0.96492,3
度目,度,0.962666,4
度目,参照,0.962302,5
募集中,予選,0.853,1
募集中,実施中,0.848818,2
募集中,募集,0.846287,3
募集中,トライアル,0.837984,4
募集中,振り替え,0.819184,5
平野,光景,0.955843,1
平野,フィールド,0.946272,2
平野,田,0.94439,3
平野,畑,0.937954,4
平野,水面,0.937244,5
陶器,室内,0.937025,1
陶器,茶碗,0.935993,2
陶器,織布,0.9283,3
陶器,書,0.926662,4
陶器,冊子,0.922162,5
綴る,解す,0.965054,1
綴る,写し,0.9616,2
綴る,磨き,0.95653,3
綴る,のぞく,0.950205,4
綴る,纏める,0.948572,5
区間,エリア,0.96535,1
区間,並ぶ,0.962036,2
区間,順位,0.961023,3
区間,比例,0.960182,4
区間,数量,0.956928,5
会社員,サラリーマン,0.976356,1
会社員,社員,0.974032,2
会社員,勤務,0.9583,3
会社員,職種,0.955267,4
会社員,働き,0.953595,5
水曜,水曜日,0.996989,1
水曜,木曜日,0.991225,2
水曜,木曜,0.987436,3
水曜,火曜,0.986672,4
水曜,火曜日,0.985942,5
アナウンサー,講師,0.956856,1
アナウンサー,刊行,0.955593,2
アナウンサー,講座,0.9524,3
アナウンサー,教授,0.949909,4
アナウンサー,インストラクター,0.94906,5
露天,各地,0.902884,1
露天,夕方,0.902385,2
露天,時期,0.896777,3
露天,大凡,0.896634,4
露天,南側,0.896231,5
着心地,使い心地,0.960705,1
着心地,肌触り,0.954357,2
着心地,満足,0.952684,3
着心地,履き心地,0.951948,4
着心地,満足度,0.939205,5
走り,走る,0.992601,1
走り,歩む,0.974518,2
走り,歩,0.969871,3
走り,走,0.969151,4
走り,踏む,0.969036,5
院内,収録,0.937021,1
院内,本店,0.933518,2
院内,事務局,0.929294,3
院内,店内,0.929224,4
院内,市営,0.927869,5
トルコ,インド,0.951976,1
トルコ,アジア,0.943966,2
トルコ,中国,0.942597,3
トルコ,タイ,0.924357,4
トルコ,マレーシア,0.922531,5
刻印,CD,0.942001,1
刻印,仏壇,0.923344,2
刻印,錠,0.922855,3
刻印,キャビネット,0.912357,4
刻印,簿,0.908589,5
王道,仏,0.937781,1
王道,古典,0.929891,2
王道,千歳,0.919441,3
王道,聖,0.918716,4
王道,荘,0.904369,5
シック,隔離,0.754364,1
シック,孤独,0.751661,2
シック,ブラック,0.726202,3
シック,無人,0.722575,4
シック,引き籠もり,0.709422,5
炎上,騒動,0.935463,1
炎上,混雑,0.926122,2
炎上,煽る,0.912405,3
炎上,渋滞,0.892547,4
炎上,アタック,0.889389,5
陽,サン,0.958852,1
陽,上り,0.954162,2
陽,日,0.953301,3
陽,紅,0.946736,4
陽,日差し,0.941914,5
反する,反面,0.966434,1
反する,ネガティブ,0.964068,2
反する,不利,0.962849,3
反する,誤,0.96114,4
反する,負,0.95553,5
映える,圧巻,0.914448,1
映える,映え,0.9141,2
映える,輝く,0.90714,3
映える,輝き,0.894212,4
映える,ピーク,0.872929,5
景気,情勢,0.941429,1
景気,気候,0.885457,2
景気,気象,0.8709,3
景気,事態,0.869121,4
景気,時代,0.867346,5
リネン,コットン,0.952868,1
リネン,乳,0.945531,2
リネン,純米,0.939501,3
リネン,玄米,0.935773,4
リネン,竹,0.932948,5
ホビー,趣味,0.889253,1
ホビー,遊戯,0.88326,2
ホビー,手芸,0.865168,3
ホビー,クラフト,0.864204,4
ホビー,レクリエーション,0.851449,5
卒,被,0.940172,1
卒,我が儘,0.933296,2
卒,凝る,0.931879,3
卒,後,0.93112,4
卒,おく,0.929906,5
現時点,現状,0.959198,1
現時点,数カ月,0.947622,2
現時点,いつ,0.943814,3
現時点,返事,0.942824,4
現時点,同日,0.939431,5
関わり,対人,0.955804,1
関わり,言動,0.955635,2
関わり,私達,0.955367,3
関わり,関係性,0.954144,4
関わり,談,0.945762,5
熱中症,熱中,0.930834,1
熱中症,火傷,0.9117,2
熱中症,発熱,0.908333,3
熱中症,痛み,0.872532,4
熱中症,下痢,0.848397,5
グラデーション,ビジュアル,0.899436,1
グラデーション,立体,0.896973,2
グラデーション,イメージ,0.888739,3
グラデーション,エクステリア,0.887208,4
グラデーション,滑らか,0.878474,5
原理,根拠,0.967635,1
原理,結論,0.965558,2
原理,要件,0.958882,3
原理,序で,0.958118,4
原理,案,0.954897,5
ハット,帽子,0.990944,1
ハット,靴下,0.973751,2
ハット,傘,0.973739,3
ハット,手袋,0.973341,4
ハット,キャップ,0.964009,5
札,立て,0.937056,1
札,台,0.931572,2
札,盤,0.929008,3
札,覆う,0.921486,4
札,軸,0.91957,5
落下,下落,0.975391,1
落下,落ちる,0.972212,2
落下,落とす,0.94997,3
落下,割れる,0.929185,4
落下,割れ,0.916521,5
幸,好く,0.966414,1
幸,賞,0.962708,2
幸,祝福,0.959188,3
幸,ラブ,0.957,4
幸,楽,0.956596,5
中国語,名古屋市,0.933354,1
中国語,統合,0.93066,2
中国語,名古屋,0.928416,3
中国語,本学,0.925701,4
中国語,イングリッシュ,0.925425,5
着こなし,スタイリング,0.952291,1
着こなし,ドレス,0.945448,2
着こなし,着付け,0.941286,3
着こなし,トップス,0.937016,4
着こなし,アパレル,0.936931,5
悩ます,悩む,0.992915,1
悩ます,困る,0.968936,2
悩ます,心配,0.954397,3
悩ます,泣き,0.936387,4
悩ます,悩み,0.919042,5
コナン,勝,0.915631,1
コナン,主力,0.914034,2
コナン,王者,0.906369,3
コナン,主導,0.902257,4
コナン,チャンピオン,0.902104,5
乾かす,干す,0.9742,1
乾かす,拭く,0.969789,2
乾かす,洗い,0.959848,3
乾かす,洗う,0.955253,4
乾かす,着替える,0.944543,5
分譲,リース,0.926493,1
分譲,保険,0.922982,2
分譲,ファンド,0.917259,3
分譲,クレジット,0.916704,4
分譲,ライセンス,0.90485,5
ウォーク,歩む,0.986413,1
ウォーク,歩く,0.985426,2
ウォーク,走る,0.981479,3
ウォーク,歩行,0.976986,4
ウォーク,歩,0.973574,5
胡椒,生姜,0.955799,1
胡椒,ペッパー,0.927836,2
胡椒,大蒜,0.909942,3
胡椒,スパイス,0.909737,4
胡椒,陸上,0.854244,5
今夜,今朝,0.961984,1
今夜,今週,0.959828,2
今夜,随時,0.953762,3
今夜,明日,0.946062,4
今夜,今日は,0.944183,5
妙,ロマン,0.912211,1
妙,芸,0.898369,2
妙,楽,0.890713,3
妙,マリア,0.885641,4
妙,詩,0.882242,5
ストレージ,車体,0.946786,1
ストレージ,バックアップ,0.946503,2
ストレージ,収納,0.939048,3
ストレージ,タイヤ,0.933846,4
ストレージ,録画,0.930272,5
HTML,部材,0.958054,1
HTML,図面,0.95749,2
HTML,地図,0.950807,3
HTML,CSS,0.945079,4
HTML,テンプレート,0.944027,5
羊,クローバー,0.916977,1
羊,鳩,0.914167,2
羊,メス,0.908662,3
羊,鹿,0.890226,4
羊,鶏,0.884092,5
製法,手続き,0.955828,1
製法,仕組み,0.937493,2
製法,手順,0.936466,3
製法,立案,0.933837,4
製法,メソッド,0.927451,5
踵,背,0.946197,1
踵,ネック,0.939044,2
踵,重さ,0.93019,3
踵,背中,0.928471,4
踵,上下,0.925251,5
幻,案外,0.797713,1
幻,奇妙,0.781497,2
幻,異,0.765786,3
幻,半端,0.751671,4
幻,外れ,0.747028,5
健全,信頼,0.958571,1
健全,合格,0.952022,2
健全,クオリティー,0.946516,3
健全,良,0.945138,4
健全,信頼性,0.944477,5
肝心,培う,0.960069,1
肝心,志,0.95645,2
肝心,大切,0.948978,3
肝心,信仰,0.947359,4
肝心,心掛ける,0.947264,5
空調,エアコン,0.9763,1
空調,冷房,0.968475,2
空調,クーラー,0.936434,3
空調,電動,0.93086,4
空調,ブラウザ,0.916004,5
メキシコ,ブラジル,0.976121,1
メキシコ,フィリピン,0.953716,2
メキシコ,インドネシア,0.942571,3
メキシコ,ベトナム,0.928415,4
メキシコ,インド,0.907314,5
弁,桁,0.977318,1
弁,録,0.97569,2
弁,部,0.975283,3
弁,こく,0.96927,4
弁,基,0.969163,5
イヤリング,アクセサリー,0.946813,1
イヤリング,ブレスレット,0.946151,2
イヤリング,ネックレス,0.9281,3
イヤリング,ペンダント,0.916613,4
イヤリング,ハンドバッグ,0.895506,5
戦国,合戦,0.873707,1
戦国,革命,0.818363,2
戦国,バトル,0.756652,3
戦国,戦い,0.753798,4
戦国,バイキング,0.742557,5
来月,来週,0.986171,1
来月,翌月,0.98462,2
来月,翌年,0.976319,3
来月,明日,0.963208,4
来月,到達,0.957947,5
アウトプット,出力,0.988024,1
アウトプット,出品,0.967612,2
アウトプット,制定,0.962812,3
アウトプット,刊行,0.957174,4
アウトプット,交付,0.954347,5
硬化,密,0.939755,1
硬化,絶対,0.911418,2
硬化,ストーン,0.904565,3
硬化,固い,0.900367,4
硬化,固まり,0.887884,5
結成,一通り,0.965435,1
結成,結合,0.952887,2
結成,通,0.94624,3
結成,報,0.945406,4
結成,団,0.944331,5
健,正に,0.976592,1
健,順,0.976183,2
健,得,0.975013,3
健,ラ,0.974943,4
健,きっと,0.974867,5
葱,牛蒡,0.965865,1
葱,ごま,0.961494,2
葱,玉葱,0.960885,3
葱,まめ,0.95219,4
葱,海苔,0.949282,5
代替,ドラフト,0.863927,1
代替,代用,0.858343,2
代替,ステッカー,0.83588,3
代替,ミニ,0.821281,4
代替,ショート,0.794676,5
ラバー,ゴム,0.955158,1
ラバー,ジップ,0.94528,2
ラバー,チューブ,0.923615,3
ラバー,アダプター,0.917545,4
ラバー,パック,0.904163,5
出汁,だし,0.954197,1
出汁,味噌,0.937042,2
出汁,シナモン,0.932942,3
出汁,味噌汁,0.926691,4
出汁,薩摩芋,0.924387,5
ペイ,付,0.979152,1
ペイ,レート,0.969669,2
ペイ,オーダー,0.954682,3
ペイ,代金,0.954259,4
ペイ,ターゲット,0.951507,5
ヘルパー,アシスト,0.964712,1
ヘルパー,助手,0.951435,2
ヘルパー,介助,0.933645,3
ヘルパー,推奨,0.931944,4
ヘルパー,推薦,0.930559,5
焼き鳥,ラーメン,0.958809,1
焼き鳥,ハンバーグ,0.947528,2
焼き鳥,ピザ,0.939891,3
焼き鳥,お好み焼き,0.931426,4
焼き鳥,バーガー,0.927145,5
大島,那須,0.950591,1
大島,谷,0.930115,2
大島,林,0.927715,3
大島,丘,0.91903,4
大島,瀬戸,0.916931,5
概ね,常,0.982051,1
概ね,通常,0.977874,2
概ね,主題,0.970465,3
概ね,概要,0.969057,4
概ね,導入,0.968048,5
わん,ぃ,0.968863,1
わん,ち,0.968813,2
わん,あん,0.968775,3
わん,よ,0.960625,4
わん,とも,0.958935,5
塗布,発注,0.953164,1
塗布,塗る,0.953062,2
塗布,運搬,0.934173,3
塗布,起動,0.922603,4
塗布,注文,0.921173,5
解ける,提供,0.931146,1
解ける,オープニング,0.925832,2
解ける,賛成,0.925621,3
解ける,当然,0.925297,4
解ける,要約,0.919472,5
丸ごと,一体,0.971226,1
丸ごと,域,0.967401,2
丸ごと,完結,0.959698,3
丸ごと,大体,0.958545,4
丸ごと,中心,0.958271,5
何気,緩む,0.936696,1
何気,うー,0.930411,2
何気,余談,0.922789,3
何気,暇,0.91987,4
何気,緩い,0.906337,5
上海,東京,0.987486,1
上海,大阪市,0.973095,2
上海,新宿,0.967169,3
上海,ニューヨーク,0.962897,4
上海,大阪,0.960256,5
タレ,猶,0.977509,1
タレ,番,0.976531,2
タレ,アジ,0.975601,3
タレ,圭,0.975506,4
タレ,漸と,0.972845,5
端子,ピン,0.935884,1
端子,プラグ,0.924918,2
端子,税別,0.924124,3
端子,バイナリー,0.915763,4
端子,蛇口,0.913008,5
推す,放る,0.964293,1
推す,押す,0.963983,2
推す,引っ張る,0.95773,3
推す,押し,0.93276,4
推す,踏まえる,0.928013,5
結果的,結果,0.964503,1
結果的,科,0.951715,2
結果的,合,0.950359,3
結果的,収束,0.948202,4
結果的,全,0.948158,5
夏場,夏季,0.959897,1
夏場,夏,0.924778,2
夏場,頻繁,0.903759,3
夏場,続々,0.867855,4
夏場,サマー,0.865431,5
プリンセス,花嫁,0.9498,1
プリンセス,新婦,0.926336,2
プリンセス,乙女,0.925523,3
プリンセス,スイート,0.92484,4
プリンセス,アイボリー,0.923989,5
たって,たり,0.973717,1
たって,頂く,0.968492,2
たって,さら,0.955578,3
たって,要る,0.955555,4
たって,かわり,0.950353,5
国内外,一般的,0.957903,1
国内外,木曜,0.952204,2
国内外,通用,0.949399,3
国内外,一般,0.948626,4
国内外,木曜日,0.946199,5
藩,御前,0.834865,1
藩,慶応,0.816988,2
藩,昔,0.802583,3
藩,古く,0.790043,4
藩,徳川,0.785005,5
北陸,秋田,0.983383,1
北陸,山形県,0.973288,2
北陸,岩手県,0.973065,3
北陸,山形,0.971292,4
北陸,青森県,0.969725,5
肉体,腰,0.955929,1
肉体,胸,0.95378,2
肉体,腹,0.953205,3
肉体,あご,0.951729,4
肉体,ボディー,0.949771,5
手書き,クラフト,0.843121,1
手書き,直感,0.839718,2
手書き,手作り,0.816092,3
手書き,思い遣り,0.796909,4
手書き,うかがう,0.787165,5
再会,似合う,0.963441,1
再会,好き,0.959174,2
再会,親しむ,0.955856,3
再会,感激,0.954175,4
再会,幸せ,0.95223,5
類似,関連,0.966628,1
類似,含む,0.964404,2
類似,類,0.962229,3
類似,向け,0.958786,4
類似,関する,0.95674,5
溶かす,下ろす,0.929868,1
溶かす,分ける,0.929309,2
溶かす,繰る,0.926874,3
溶かす,回る,0.922449,4
溶かす,放つ,0.913363,5
承諾,担う,0.969221,1
承諾,キープ,0.968561,2
承諾,果たす,0.963267,3
承諾,承認,0.961075,4
承諾,目標,0.960026,5
Excel,エクセル,0.981477,1
Excel,ios,0.934063,2
Excel,パナソニック,0.932906,3
Excel,コンピューター,0.928538,4
Excel,ポートフォリオ,0.927646,5
模型,モデル,0.978401,1
模型,応用,0.949389,2
模型,設計,0.945432,3
模型,インターフェース,0.940471,4
模型,asp,0.933112,5
蝋燭,キャンドル,0.788975,1
蝋燭,ランタン,0.75539,2
蝋燭,コマ,0.740717,3
蝋燭,仮名,0.737585,4
蝋燭,巾着,0.734949,5
荒れる,崩壊,0.932634,1
荒れる,暴落,0.916844,2
荒れる,最悪,0.913961,3
荒れる,モンスター,0.896351,4
荒れる,破綻,0.895545,5
テクニカル,アルゴリズム,0.942869,1
テクニカル,機体,0.921362,2
テクニカル,自動化,0.920597,3
テクニカル,計算,0.916192,4
テクニカル,プログラム,0.915196,5
持て成し,頼り,0.960965,1
持て成し,親父,0.959409,2
持て成し,承継,0.953075,3
持て成し,保護者,0.952561,4
持て成し,固める,0.947598,5
行方,忘れる,0.845744,1
行方,別れ,0.844622,2
行方,予感,0.843788,3
行方,心配,0.843291,4
行方,手放す,0.839461,5
被災,倒産,0.933349,1
被災,破綻,0.926954,2
被災,崩壊,0.911335,3
被災,事故,0.910698,4
被災,故障,0.903317,5
通行,通る,0.961076,1
通行,入場,0.961036,2
通行,受け付け,0.958409,3
通行,何時,0.957392,4
通行,入店,0.950085,5
サンタ,大福,0.912309,1
サンタ,アンパンマン,0.902794,2
サンタ,御祝い,0.890042,3
サンタ,ミッキー,0.887833,4
サンタ,主題歌,0.864214,5
発祥,御免,0.921597,1
発祥,村,0.918099,2
発祥,どうぞ,0.917397,3
発祥,歴代,0.916372,4
発祥,前年,0.915444,5
to,by,0.984085,1
to,用,0.983327,2
to,為,0.981741,3
to,u,0.978733,4
to,p,0.977845,5
定額,グレード,0.958664,1
定額,ユニット,0.958048,2
定額,敷地内,0.954197,3
定額,格納,0.952155,4
定額,保管,0.947096,5
探索,発見,0.934864,1
探索,探検,0.882899,2
探索,追求,0.867531,3
探索,旅,0.866533,4
探索,生み出す,0.865053,5
品川,名古屋,0.982105,1
品川,名古屋市,0.981849,2
品川,中野,0.980852,3
品川,横浜市,0.980353,4
品川,神戸市,0.98005,5
価,関,0.99051,1
価,ラ,0.982202,2
価,ジャン,0.982169,3
価,シン,0.981887,4
価,基づく,0.981821,5
景品,飾り,0.887597,1
景品,装飾,0.88354,2
景品,バッジ,0.870796,3
景品,プレゼント,0.870145,4
景品,菓子,0.868824,5
編集部,業務用,0.94847,1
編集部,市役所,0.948173,2
編集部,東武,0.945054,3
編集部,監督,0.94467,4
編集部,本社,0.942215,5
めざす,続ける,0.963263,1
めざす,能,0.962831,2
めざす,出来る,0.95984,3
めざす,果たす,0.956544,4
めざす,預ける,0.956486,5
運搬,搬送,0.970051,1
運搬,測る,0.94845,2
運搬,発注,0.93945,3
運搬,塗布,0.934173,4
運搬,補給,0.929714,5
運気,運勢,0.913506,1
運気,願い,0.884423,2
運気,気持ち,0.876298,3
運気,願う,0.873796,4
運気,機嫌,0.869826,5
見頃,咲き,0.932682,1
見頃,日向,0.926528,2
見頃,咲く,0.922919,3
見頃,はる,0.921025,4
見頃,さくら,0.920861,5
たか,グラン,0.971033,1
たか,豪,0.960995,2
たか,最も,0.960766,3
たか,ハイ,0.956747,4
たか,達,0.955572,5
欠き氷,隙,0.85265,1
欠き氷,消える,0.850323,2
欠き氷,なくなる,0.838092,3
欠き氷,隙間,0.83267,4
欠き氷,無くなる,0.827313,5
MC,MP,0.97855,1
MC,SP,0.973532,2
MC,CM,0.972904,3
MC,r,0.972714,4
MC,V,0.972262,5
分子,セル,0.844147,1
分子,物質,0.841204,2
分子,寸法,0.830575,3
分子,形,0.825148,4
分子,亜鉛,0.820552,5
承継,継ぐ,0.976206,1
承継,受け継ぐ,0.971154,2
承継,復帰,0.967791,3
承継,継続,0.964563,4
承継,担う,0.963934,5
結末,全身,0.960472,1
結末,エンディング,0.956161,2
結末,結局,0.951034,3
結末,長期間,0.94862,4
結末,実態,0.948138,5
LV,DS,0.985761,1
LV,LP,0.985138,2
LV,ES,0.984276,3
LV,ST,0.980019,4
LV,SE,0.97703,5
予感,気配,0.886197,1
予感,涙,0.884178,2
予感,思い付く,0.8711,3
予感,気付き,0.860157,4
予感,感じ,0.85345,5
月収,残高,0.947931,1
月収,月給,0.942062,2
月収,所得,0.938863,3
月収,給料,0.938654,4
月収,燃費,0.937682,5
埋まる,バック,0.915864,1
埋まる,跡,0.914165,2
埋まる,残す,0.894365,3
埋まる,尾,0.889426,4
埋まる,裏面,0.884842,5
酒造,醸造,0.8615,1
酒造,オーケストラ,0.833739,2
酒造,指揮,0.827811,3
酒造,戦略,0.797671,4
酒造,ローマ,0.793469,5
水産,農林,0.939977,1
水産,プロテイン,0.93328,2
水産,農業,0.921249,3
水産,循環,0.919843,4
水産,蛋白質,0.918917,5
此の世,辻,0.927636,1
此の世,菅,0.904831,2
此の世,歴,0.901819,3
此の世,御覧,0.901611,4
此の世,歳,0.899794,5
わし,御腹,0.900248,1
わし,飽くまで,0.89903,2
わし,べし,0.895052,3
わし,しょう,0.890019,4
わし,ふる,0.883915,5
沖縄県,沖縄,0.98902,1
沖縄県,愛媛県,0.968013,2
沖縄県,湘南,0.958746,3
沖縄県,愛媛,0.95769,4
沖縄県,香川,0.956763,5
戸,盆,0.980812,1
戸,舎,0.962063,2
戸,蓋,0.95703,3
戸,予め,0.956871,4
戸,泊,0.955624,5
電話番号,メールアドレス,0.965857,1
電話番号,限度額,0.937156,2
電話番号,金額,0.92554,3
電話番号,メール便,0.91686,4
電話番号,アドレス,0.912204,5
合併,連邦,0.9343,1
合併,政府,0.930317,2
合併,リーグ,0.930237,3
合併,当局,0.927824,4
合併,党,0.92569,5
図面,公式,0.961966,1
図面,フォント,0.961327,2
図面,部材,0.96099,3
図面,テンプレート,0.960704,4
図面,カタログ,0.960435,5
中島,田村,0.988524,1
中島,上田,0.98382,2
中島,高田,0.981501,3
中島,石井,0.980813,4
中島,池田,0.979689,5
前田,三浦,0.991232,1
前田,松田,0.990787,2
前田,李,0.990666,3
前田,遠藤,0.989563,4
前田,岡本,0.986511,5
標高,地盤,0.916716,1
標高,密度,0.888051,2
標高,空気,0.885663,3
標高,夜,0.878458,4
標高,原材料,0.868567,5
ドーナツ,キャンデー,0.945603,1
ドーナツ,スイーツ,0.933376,2
ドーナツ,クッキー,0.931983,3
ドーナツ,菓子,0.924849,4
ドーナツ,パンケーキ,0.922469,5
ボーダー,地帯,0.88803,1
ボーダー,境界,0.872101,2
ボーダー,国境,0.854412,3
ボーダー,県外,0.85255,4
ボーダー,濃度,0.852441,5
瓦,籠,0.956876,1
瓦,坪,0.949226,2
瓦,区画,0.944533,3
瓦,枠,0.943417,4
瓦,管,0.943268,5
JAL,西武,0.953968,1
JAL,JR,0.947848,2
JAL,NTT,0.931299,3
JAL,東急,0.930126,4
JAL,三井,0.926807,5
蒸す,蒸し,0.946503,1
蒸す,茹でる,0.923886,2
蒸す,洗い,0.914929,3
蒸す,干す,0.912433,4
蒸す,植える,0.904155,5
エッジ,芯,0.905667,1
エッジ,ミリ,0.878261,2
エッジ,チャージ,0.867685,3
エッジ,ショット,0.849391,4
エッジ,時短,0.84042,5
くすみ,ううん,0.933272,1
くすみ,うう,0.932095,2
くすみ,遅い,0.931834,3
くすみ,余る,0.925678,4
くすみ,怠る,0.911903,5
オランダ,韓国,0.954346,1
オランダ,ベルギー,0.940168,2
オランダ,日本,0.939555,3
オランダ,京都市,0.933465,4
オランダ,スウェーデン,0.924027,5
応答,返答,0.981627,1
応答,デイリー,0.967917,2
応答,ご利用,0.965569,3
応答,返信,0.960113,4
応答,取り扱う,0.959499,5
居心地,快適,0.968877,1
居心地,安心感,0.96763,2
居心地,安心,0.959803,3
居心地,満足,0.959668,4
居心地,アットホーム,0.95802,5
収支,予算,0.951979,1
収支,通院,0.941645,2
収支,受診,0.941546,3
収支,請求書,0.930881,4
収支,姿勢,0.929515,5
人間関係,心理学,0.933342,1
人間関係,生涯,0.92975,2
人間関係,意識,0.925723,3
人間関係,人生,0.917454,4
人間関係,人間,0.909677,5
戦後,乗り換え,0.865649,1
戦後,景気,0.837574,2
戦後,情勢,0.827726,3
戦後,乗り換える,0.824391,4
戦後,事態,0.817674,5
藤井,内田,0.973511,1
藤井,松田,0.972492,2
藤井,前田,0.971345,3
藤井,岡本,0.970599,4
藤井,李,0.970477,5
累計,積む,0.94874,1
累計,通算,0.943147,2
累計,全長,0.940828,3
累計,長期,0.938071,4
累計,占う,0.936472,5
焚き火,燃やす,0.807131,1
焚き火,熱い,0.803441,2
焚き火,火燵,0.797833,3
焚き火,熱,0.788919,4
焚き火,スチーム,0.787778,5
宝塚,ミュージカル,0.922857,1
宝塚,ディズニーランド,0.9023,2
宝塚,コンサート,0.891004,3
宝塚,ディズニー,0.889526,4
宝塚,パリ,0.889173,5
都心,駅前,0.94855,1
都心,球団,0.945758,2
都心,中央区,0.943418,3
都心,首都圏,0.943062,4
都心,シティー,0.940843,5
移植,医薬品,0.896527,1
移植,医薬,0.886331,2
移植,リフォーム,0.877773,3
移植,EV,0.875257,4
移植,インプラント,0.874828,5
金運,開運,0.931097,1
金運,富む,0.928524,2
金運,宝,0.894364,3
金運,プロポーズ,0.893241,4
金運,昇格,0.888609,5
ごと,こう,0.986184,1
ごと,か,0.982332,2
ごと,し,0.981145,3
ごと,ろ,0.980102,4
ごと,録,0.97968,5
陰,アッシュ,0.93117,1
陰,抑,0.929975,2
陰,あく,0.922178,3
陰,冷え,0.918388,4
陰,ダウン,0.916788,5
荘,宮,0.974717,1
荘,蔵,0.945626,2
荘,聖,0.942698,3
荘,古里,0.942146,4
荘,しま,0.941475,5
カクテル,スイーツ,0.832604,1
カクテル,ケーキ,0.829489,2
カクテル,パフェ,0.826099,3
カクテル,菓子,0.811047,4
カクテル,ビール,0.802816,5
小川,魚,0.909775,1
小川,泉,0.907726,2
小川,小山,0.897294,3
小川,早,0.89142,4
小川,フィッシュ,0.87688,5
付属品,ポーチ,0.945338,1
付属品,靴下,0.945202,2
付属品,パッド,0.942659,3
付属品,マウスピース,0.941181,4
付属品,ソックス,0.938426,5
識別,指示,0.959225,1
識別,計,0.955003,2
識別,取得,0.953308,3
識別,パス,0.95124,4
識別,質問,0.950547,5
値上げ,増税,0.895267,1
値上げ,関税,0.838038,2
値上げ,格差,0.829489,3
値上げ,監視,0.823242,4
値上げ,手数料,0.816715,5
アップグレード,HP,0.932595,1
アップグレード,付加,0.916824,2
アップグレード,強化,0.915815,3
アップグレード,ボーナス,0.915305,4
アップグレード,改良,0.90663,5
フラッシュ,スナップ,0.86976,1
フラッシュ,スプレー,0.806493,2
フラッシュ,ダッシュ,0.7946,3
フラッシュ,ブレード,0.793165,4
フラッシュ,クリック,0.784882,5
祈願,祈る,0.981721,1
祈願,祈り,0.948534,2
祈願,御願い,0.941044,3
祈願,願う,0.935219,4
祈願,お復習い,0.919293,5
大雨,豪雨,0.955699,1
大雨,強風,0.935793,2
大雨,雷,0.922227,3
大雨,嵐,0.899951,4
大雨,洪水,0.871224,5
関係性,関わり,0.954144,1
関係性,関係,0.946885,2
関係性,次第,0.927404,3
関係性,経緯,0.926655,4
関係性,付き合い,0.92578,5
海洋,オーシャン,0.984841,1
海洋,海,0.97391,2
海洋,海上,0.93121,3
海洋,太平洋,0.920085,4
海洋,森林,0.891035,5
結合,結成,0.952887,1
結合,組,0.943262,2
結合,連,0.939848,3
結合,合わせ,0.93676,4
結合,オール,0.935713,5
貸し出し,貸し切り,0.965111,1
貸し出し,クライアント,0.959417,2
貸し出し,換金,0.95902,3
貸し出し,受講,0.950186,4
貸し出し,貸し付け,0.948911,5
ノース,北,0.978371,1
ノース,北側,0.945848,2
ノース,陸,0.940163,3
ノース,丘,0.936821,4
ノース,月,0.933145,5
etc,何回,0.915903,1
etc,幾つ,0.909258,2
etc,多少,0.892574,3
etc,何度,0.888644,4
etc,とある,0.883969,5
インターンシップ,就業,0.931987,1
インターンシップ,就労,0.923691,2
インターンシップ,インターン,0.920807,3
インターンシップ,就職,0.908512,4
インターンシップ,就活,0.9073,5
纏め買い,ゲット,0.814116,1
纏め買い,ピックアップ,0.803731,2
纏め買い,速度,0.771206,3
纏め買い,張り付ける,0.769548,4
纏め買い,加速,0.763426,5
現行,所定,0.960439,1
現行,一定,0.957584,2
現行,相当,0.952269,3
現行,判明,0.950774,4
現行,項目,0.949443,5
夜勤,逮捕,0.850972,1
夜勤,残業,0.818491,2
夜勤,労災,0.809759,3
夜勤,注射,0.788234,4
夜勤,農薬,0.780721,5
転生,念,0.87813,1
転生,本命,0.852578,2
転生,体質,0.852528,3
転生,魂,0.849545,4
転生,運勢,0.848932,5
ショーツ,Tシャツ,0.938171,1
ショーツ,水着,0.925689,2
ショーツ,半袖,0.922344,3
ショーツ,パンツ,0.911923,4
ショーツ,シュー,0.911814,5
露出,違い,0.888782,1
露出,或いは,0.885462,2
露出,踏まえる,0.866881,3
露出,掛かる,0.863265,4
露出,どん,0.861406,5
引き渡し,申告,0.954333,1
引き渡し,届け出,0.938486,2
引き渡し,見直し,0.931686,3
引き渡し,経由,0.928958,4
引き渡し,通報,0.923891,5
カッター,はさみ,0.944479,1
カッター,ドリル,0.932884,2
カッター,ハンマー,0.904906,3
カッター,ラケット,0.90341,4
カッター,ブレード,0.891525,5
合間,どころ,0.974751,1
合間,側面,0.963328,2
合間,側,0.960413,3
合間,さてさて,0.955084,4
合間,単に,0.948623,5
部隊,ファクトリー,0.941589,1
部隊,土木,0.938457,2
部隊,産業,0.937705,3
部隊,防衛,0.936435,4
部隊,東証,0.934035,5
盛ん,盛り上げる,0.953015,1
盛ん,上がり,0.944194,2
盛ん,多く,0.940997,3
盛ん,増,0.929075,4
盛ん,拡張,0.926408,5
ファイバー,膜,0.892365,1
ファイバー,繊維,0.887159,2
ファイバー,芯,0.883234,3
ファイバー,安全,0.878881,4
ファイバー,レイヤー,0.87426,5
廊下,天井,0.956702,1
廊下,路面,0.946091,2
廊下,入園,0.945213,3
廊下,窓口,0.94347,4
廊下,歩道,0.942248,5
遂げる,果たす,0.974798,1
遂げる,為る,0.970575,2
遂げる,達する,0.970066,3
遂げる,続ける,0.96948,4
遂げる,能,0.966718,5
表明,示す,0.980177,1
表明,判別,0.975501,2
表明,案,0.975132,3
表明,判断,0.974718,4
表明,主張,0.974671,5
相変わらず,ずっと,0.962433,1
相変わらず,既存,0.960749,2
相変わらず,源,0.959404,3
相変わらず,予め,0.959265,4
相変わらず,既に,0.954548,5
刀,ナイフ,0.957871,1
刀,刃,0.93056,2
刀,ハンマー,0.905362,3
刀,カッター,0.871215,4
刀,ドリル,0.867428,5
重大,大手,0.941192,1
重大,大事,0.919861,2
重大,ビッグ,0.918781,3
重大,大型,0.915304,4
重大,グランド,0.912036,5
満開,朝日,0.922728,1
満開,向日葵,0.922154,2
満開,海岸,0.906684,3
満開,サン,0.906392,4
満開,日差し,0.904709,5
幕,院,0.93562,1
幕,界,0.918528,2
幕,壁,0.917617,3
幕,軒,0.909279,4
幕,瓦,0.90745,5
サイエンス,科学,0.993232,1
サイエンス,科学的,0.955576,2
サイエンス,理科,0.950043,3
サイエンス,研究,0.934982,4
サイエンス,数学,0.934383,5
勢力,権力,0.884244,1
勢力,終盤,0.844556,2
勢力,国際,0.825868,3
勢力,当局,0.823657,4
勢力,合併,0.821871,5
味噌汁,味噌,0.946005,1
味噌汁,そば,0.934601,2
味噌汁,もち,0.932405,3
味噌汁,シナモン,0.928691,4
味噌汁,出汁,0.926691,5
襟,敷く,0.966056,1
襟,席,0.959488,2
襟,袖,0.959019,3
襟,布,0.955949,4
襟,長袖,0.951483,5
特,ド,0.992876,1
特,ラ,0.991472,2
特,イ,0.991049,3
特,デ,0.990061,4
特,ア,0.989745,5
開講,お知らせ,0.958265,1
開講,知らせ,0.956699,2
開講,週刊,0.954361,3
開講,入店,0.953353,4
開講,発行,0.951071,5
序盤,始まり,0.958405,1
序盤,早,0.939393,2
序盤,前期,0.937759,3
序盤,はじめ,0.936539,4
序盤,冒頭,0.924423,5
当方,n,0.981672,1
当方,要,0.981556,2
当方,当該,0.98154,3
当方,д,0.978173,4
当方,此方,0.977371,5
地位,プロパティー,0.916663,1
地位,ミスター,0.915596,2
地位,信頼性,0.91054,3
地位,庫,0.909827,4
地位,安定性,0.906342,5
税抜き,税別,0.969629,1
税抜き,インチ,0.937693,2
税抜き,サンプル,0.918965,3
税抜き,免除,0.917614,4
税抜き,リットル,0.915801,5
煩い,不安,0.92098,1
煩い,しんどい,0.920789,2
煩い,肌荒れ,0.912964,3
煩い,苦戦,0.910393,4
煩い,不満,0.91011,5
関税,税,0.89878,1
関税,課税,0.897848,2
関税,税金,0.892252,3
関税,増税,0.885214,4
関税,規制,0.884209,5
トーナメント,競技,0.944583,1
トーナメント,リーグ,0.93902,2
トーナメント,試合,0.925736,3
トーナメント,キャンペーン,0.922088,4
トーナメント,大会,0.921078,5
淡路,鹿児島県,0.972001,1
淡路,鹿児島,0.970532,2
淡路,島根,0.96346,3
淡路,松山,0.952369,4
淡路,山梨,0.946576,5
不安定,慌てる,0.927288,1
不安定,パニック,0.915044,2
不安定,不安,0.905185,3
不安定,乱れ,0.900649,4
不安定,乱れる,0.893348,5
利息,課金,0.886493,1
利息,借り入れ,0.873493,2
利息,ローン,0.868902,3
利息,手数料,0.84071,4
利息,学費,0.831792,5
同居,付き合い,0.937949,1
同居,付き合う,0.937314,2
同居,カスタマー,0.93393,3
同居,カップル,0.933314,4
同居,都合,0.932606,5
アース,ランド,0.982925,1
アース,陸,0.966083,2
アース,大地,0.965771,3
アース,地,0.965512,4
アース,大陸,0.965338,5
謝罪,謝る,0.983428,1
謝罪,許す,0.932592,2
謝罪,携わる,0.931348,3
謝罪,対処法,0.926527,4
謝罪,相談,0.922231,5
香ばしい,おい,0.889527,1
香ばしい,香る,0.880934,2
香ばしい,楽しむ,0.866725,3
香ばしい,ジューシー,0.858475,4
香ばしい,キス,0.855277,5
ガン,攻撃,0.903266,1
ガン,毒,0.902579,2
ガン,犯罪,0.895766,3
ガン,ハザード,0.891207,4
ガン,敵,0.88766,5
ぷ,ぃ,0.973686,1
ぷ,め,0.970449,2
ぷ,ぐ,0.969825,3
ぷ,さく,0.968027,4
ぷ,み,0.966292,5
発色,黄,0.935329,1
発色,曲,0.915659,2
発色,中旬,0.908142,3
発色,明,0.906321,4
発色,等々,0.905509,5
ラリー,レース,0.90608,1
ラリー,対戦,0.884906,2
ラリー,ダービー,0.871499,3
ラリー,競う,0.869909,4
ラリー,競争,0.852339,5
一律,均一,0.962954,1
一律,基準,0.945713,2
一律,所有,0.944255,3
一律,標準,0.940673,4
一律,並ぶ,0.939324,5
並びに,令,0.986545,1
並びに,的中,0.981672,2
並びに,連,0.980345,3
並びに,合,0.977891,4
並びに,共,0.974864,5
妊娠中,妊娠,0.976748,1
妊娠中,妊婦,0.919391,2
妊娠中,マタニティー,0.909764,3
妊娠中,産後,0.893187,4
妊娠中,出産,0.878495,5
さす,斯く,0.981512,1
さす,め,0.979351,2
さす,ひ,0.979328,3
さす,い,0.976622,4
さす,ず,0.975536,5
天神,神,0.955129,1
天神,伝説,0.923857,2
天神,女神,0.913005,3
天神,聖地,0.906054,4
天神,レジェンド,0.900385,5
っ子,ちっ,0.906043,1
っ子,びびる,0.881479,2
っ子,ぽち,0.872327,3
っ子,さっ,0.870089,4
っ子,ぽい,0.868147,5
独占,支配,0.664098,1
独占,金持ち,0.655403,2
独占,専属,0.65328,3
独占,値上げ,0.609072,4
独占,ハード,0.606415,5
Yahoo!,郡,0.86089,1
Yahoo!,ヤフオク,0.810493,2
Yahoo!,旗,0.805679,3
Yahoo!,回線,0.804442,4
Yahoo!,庁,0.803306,5
誠実,正直,0.979937,1
誠実,真面目,0.932056,2
誠実,健全,0.931656,3
誠実,信頼性,0.928475,4
誠実,品質,0.92695,5
反,反対,0.966013,1
反,反する,0.932587,2
反,嫌,0.927494,3
反,妨げる,0.924551,4
反,アンチ,0.918807,5
オーラ,精神的,0.808797,1
オーラ,スピリチュアル,0.799822,2
オーラ,ロマン,0.777571,3
オーラ,憧れ,0.772912,4
オーラ,憧れる,0.763797,5
さり気無い,灰,0.90196,1
さり気無い,抑制,0.863304,2
さり気無い,黙る,0.833998,3
さり気無い,冷たい,0.831765,4
さり気無い,終了,0.831182,5
カンパニー,企業,0.977242,1
カンパニー,会社,0.975287,2
カンパニー,首都圏,0.972113,3
カンパニー,プレス,0.969707,4
カンパニー,東証,0.966287,5
推定,取得,0.958519,1
推定,目的,0.956761,2
推定,計,0.949225,3
推定,所要,0.947206,4
推定,要求,0.942874,5
ラベンダー,花,0.94196,1
ラベンダー,チェリー,0.935915,2
ラベンダー,アイリス,0.929961,3
ラベンダー,フラワー,0.927736,4
ラベンダー,ベリー,0.923484,5
発覚,危険,0.846508,1
発覚,脅威,0.84512,2
発覚,危険性,0.841064,3
発覚,リスク,0.839028,4
発覚,漏洩,0.832751,5
注入,侵入,0.927881,1
注入,不倫,0.908296,2
注入,浮気,0.908064,3
注入,違反,0.908051,4
注入,犯罪,0.895205,5
しん,せい,0.983234,1
しん,き,0.979516,2
しん,かく,0.979326,3
しん,じ,0.977922,4
しん,り,0.977851,5
メロディー,歌声,0.934238,1
メロディー,歌,0.917308,2
メロディー,演奏,0.900878,3
メロディー,物語,0.900776,4
メロディー,ソング,0.900429,5
総務,方針,0.964666,1
総務,役目,0.948282,2
総務,県立,0.946591,3
総務,審査,0.946351,4
総務,報告,0.946045,5
バニラ,桃,0.953989,1
バニラ,林檎,0.952771,2
バニラ,芝生,0.951677,3
バニラ,メロン,0.951505,4
バニラ,果物,0.946587,5
中小企業,中小,0.887638,1
中小企業,半日,0.852607,2
中小企業,早め,0.846714,3
中小企業,後輩,0.845981,4
中小企業,酵母,0.840039,5
早々,早,0.952333,1
早々,早い,0.941181,2
早々,先,0.93302,3
早々,返る,0.925314,4
早々,さっき,0.924878,5
キャンバス,アルバム,0.906393,1
キャンバス,書籍,0.886393,2
キャンバス,ブック,0.886336,3
キャンバス,マガジン,0.877139,4
キャンバス,書,0.868962,5
河川,川,0.983974,1
河川,季節,0.92778,2
河川,東海,0.917955,3
河川,四季,0.914579,4
河川,気象,0.912818,5
ぴっ,ぴん,0.948934,1
ぴっ,ぷ,0.943096,2
ぴっ,つ,0.940129,3
ぴっ,ぃ,0.940031,4
ぴっ,っぺ,0.935672,5
異性,相手,0.940745,1
異性,受ける,0.932107,2
異性,ウエスト,0.929926,3
異性,他人,0.929874,4
異性,経つ,0.925248,5
入所,登記,0.938898,1
入所,客,0.927576,2
入所,申告,0.922765,3
入所,免許,0.917121,4
入所,既に,0.912692,5
気合い,覚悟,0.928272,1
気合い,意志,0.916022,2
気合い,自力,0.903815,3
気合い,誓う,0.891835,4
気合い,押さえる,0.885596,5
伸縮,移動,0.92995,1
伸縮,分ける,0.916419,2
伸縮,回転,0.907577,3
伸縮,動かす,0.904628,4
伸縮,動く,0.904425,5
キム,シン,0.972097,1
キム,ジョー,0.972053,2
キム,李,0.971154,3
キム,JA,0.969569,4
キム,ア,0.969308,5
大戦,戦争,0.973245,1
大戦,紛争,0.925366,2
大戦,危機,0.919457,3
大戦,戦闘,0.911628,4
大戦,テロ,0.908928,5
卒業後,お出掛け,0.906551,1
卒業後,卒業,0.900667,2
卒業後,帰国,0.894691,3
卒業後,買い求める,0.89393,4
卒業後,帰省,0.88955,5
参入,措置,0.943576,1
参入,入会,0.942057,2
参入,改正,0.940716,3
参入,シフト,0.940153,4
参入,送信,0.93929,5
税理,税務,0.95374,1
税理,確定申告,0.94449,2
税理,所得税,0.907464,3
税理,財政,0.88144,4
税理,財務,0.87051,5
アーモンド,アボカド,0.947177,1
アーモンド,ブルーベリー,0.941331,2
アーモンド,魚介,0.933564,3
アーモンド,ベリー,0.932598,4
アーモンド,ナッツ,0.927178,5
道場,教会,0.912051,1
道場,寺,0.908641,2
道場,理事,0.908321,3
道場,神社,0.901136,4
道場,法要,0.89569,5
シンポジウム,展示会,0.965589,1
シンポジウム,出展,0.953398,2
シンポジウム,セミナー,0.952134,3
シンポジウム,発表会,0.948553,4
シンポジウム,研究会,0.9485,5
本場,市川,0.969209,1
本場,中山,0.958515,2
本場,神田,0.953794,3
本場,箇国,0.949459,4
本場,団,0.948384,5
通気性,通気,0.983257,1
通気性,換気,0.947462,2
通気性,ストレッチ,0.936409,3
通気性,水分,0.932901,4
通気性,読む,0.930245,5
固める,築,0.964858,1
固める,コア,0.962271,2
固める,据える,0.958815,3
固める,確立,0.950242,4
固める,キープ,0.948877,5
音源,音声,0.948583,1
音源,視聴,0.937146,2
音源,発音,0.935103,3
音源,音響,0.924331,4
音源,乗り,0.921894,5
弦,辺,0.949656,1
弦,直線,0.93924,2
弦,円,0.934658,3
弦,方向,0.934452,4
弦,線,0.926261,5
日向,はる,0.952574,1
日向,福,0.946456,2
日向,楽,0.94226,3
日向,黄,0.933693,4
日向,スマイル,0.930409,5
鬱,鬱病,0.962804,1
鬱,不幸,0.961336,2
鬱,絶望,0.954142,3
鬱,苦しむ,0.940406,4
鬱,挫折,0.936062,5
JA,RE,0.994671,1
JA,CH,0.993835,2
JA,r,0.992876,3
JA,g,0.992741,4
JA,w,0.991798,5
尽きる,飽きる,0.943214,1
尽きる,枯れる,0.932121,2
尽きる,どうせ,0.930711,3
尽きる,疲れ,0.927051,4
尽きる,消耗,0.924745,5
幸運,幸い,0.963844,1
幸運,ラッキー,0.960759,2
幸運,幸せ,0.953223,3
幸運,幸,0.946463,4
幸運,祝福,0.945822,5
沈む,アッシュ,0.911826,1
沈む,落ち,0.910127,2
沈む,枯れる,0.9051,3
沈む,影,0.903208,4
沈む,故,0.900776,5
パンチ,打撃,0.950187,1
パンチ,突き込む,0.93858,2
パンチ,蹴る,0.929621,3
パンチ,攻撃力,0.91367,4
パンチ,拳,0.913489,5
通路,並べる,0.961856,1
通路,経路,0.961309,2
通路,路線,0.960532,3
通路,供給,0.95722,4
通路,フェーズ,0.951563,5
展示会,出展,0.969595,1
展示会,シンポジウム,0.965589,2
展示会,発表会,0.958802,3
展示会,広報,0.94725,4
展示会,大会,0.943908,5
前髪,姿,0.969713,1
前髪,眉毛,0.967551,2
前髪,あご,0.965359,3
前髪,眉,0.962785,4
前髪,額,0.961574,5
気象,天気,0.932289,1
気象,河川,0.912818,2
気象,気候,0.907542,3
気象,地形,0.896285,4
気象,天候,0.895166,5
盗難,盗む,0.963209,1
盗難,侵害,0.901548,2
盗難,侵入,0.852779,3
盗難,妨害,0.84218,4
盗難,違反,0.832602,5
蘇る,咲き,0.943627,1
蘇る,希望者,0.927346,2
蘇る,見出だす,0.923196,3
蘇る,咲く,0.920997,4
蘇る,楽,0.919696,5
ばらばら,半端,0.938588,1
ばらばら,散らし,0.926189,2
ばらばら,雑,0.88448,3
ばらばら,ずれる,0.882402,4
ばらばら,ばれる,0.878538,5
前期,当初,0.961054,1
前期,一先ず,0.949231,2
前期,先,0.945561,3
前期,先ず,0.94389,4
前期,序盤,0.937759,5
神話,王国,0.888185,1
神話,伝説,0.87342,2
神話,史上,0.864218,3
神話,天下,0.861993,4
神話,東洋,0.843141,5
ホラー,恐怖,0.935041,1
ホラー,怖い,0.904997,2
ホラー,恐ろしい,0.898618,3
ホラー,危ない,0.862031,4
ホラー,脅威,0.858754,5
麻,炭,0.856348,1
麻,圧,0.855637,2
麻,熱,0.840652,3
麻,あしらう,0.837181,4
麻,血,0.823512,5
熱心,積極,0.964789,1
熱心,上手,0.949015,2
熱心,積極的,0.946548,3
熱心,活躍,0.944158,4
熱心,増進,0.93557,5
病棟,倉庫,0.919315,1
病棟,病院,0.90627,2
病棟,改札,0.905767,3
病棟,バンク,0.889932,4
病棟,決算,0.869354,5
波動,風,0.927103,1
波動,ウェーブ,0.918657,2
波動,波,0.917529,3
波動,潮,0.851272,4
波動,流れ,0.838502,5
挫折,不満,0.971979,1
挫折,がっかり,0.970269,2
挫折,不幸,0.969048,3
挫折,苦しい,0.96693,4
挫折,苦情,0.961878,5
薬用,治療,0.975152,1
薬用,療法,0.956181,2
薬用,修復,0.951146,3
薬用,リハビリテーション,0.943385,4
薬用,セラピー,0.937398,5
パニック,危ない,0.952013,1
パニック,喧嘩,0.946573,2
パニック,危険,0.946091,3
パニック,ショック,0.940131,4
パニック,悪化,0.93839,5
内祝い,贈与,0.961789,1
内祝い,招待,0.940682,2
内祝い,再会,0.931084,3
内祝い,帰省,0.925974,4
内祝い,ディナー,0.921897,5
ハイライト,望ましい,0.927685,1
ハイライト,賞,0.924367,2
ハイライト,ベスト,0.921336,3
ハイライト,ゴールデン,0.917316,4
ハイライト,オススメ,0.914848,5
省エネ,衛生,0.936717,1
省エネ,ナビ,0.92819,2
省エネ,スケジュール,0.927721,3
省エネ,日程,0.925355,4
省エネ,収入,0.923453,5
FP,TEL,0.964083,1
FP,プロ,0.964032,2
FP,PS,0.96314,3
FP,OL,0.960477,4
FP,CS,0.960197,5
水漏れ,雨漏り,0.954097,1
水漏れ,故障,0.907485,2
水漏れ,煙,0.906112,3
水漏れ,損傷,0.905966,4
水漏れ,出血,0.904777,5
ヘッドホン,イヤホン,0.988435,1
ヘッドホン,端末,0.962425,2
ヘッドホン,携帯,0.949444,3
ヘッドホン,マウスピース,0.934603,4
ヘッドホン,ウォレット,0.93422,5
映え,映える,0.9141,1
映え,華やか,0.833644,2
映え,光る,0.829721,3
映え,堪能,0.826469,4
映え,☆彡,0.822823,5
感性,ロマン,0.915643,1
感性,ロマンチック,0.883296,2
感性,魅了,0.878095,3
感性,楽しみ,0.867059,4
感性,喜ぶ,0.866638,5
気配,因み,0.909778,1
気配,仰る,0.907565,2
気配,脇,0.905019,3
気配,思い付く,0.904672,4
気配,経つ,0.899132,5
さび,黴,0.950918,1
さび,滅,0.939103,2
さび,沼,0.928717,3
さび,デッド,0.928431,4
さび,黒ずみ,0.927401,5
天板,屋根,0.968614,1
天板,ラック,0.957808,2
天板,壁面,0.95549,3
天板,パネル,0.951584,4
天板,天井,0.95114,5
同行,合意,0.964001,1
同行,エピソード,0.96216,2
同行,一同,0.961782,3
同行,介する,0.95768,4
同行,我々,0.957542,5
活躍中,活躍,0.976677,1
活躍中,アクティブ,0.960055,2
活躍中,積極的,0.955853,3
活躍中,積極,0.946089,4
活躍中,前向き,0.931699,5
御祭り,甲子園,0.921819,1
御祭り,祭,0.915799,2
御祭り,七夕,0.882342,3
御祭り,吉祥寺,0.879667,4
御祭り,合唱,0.878185,5
重点,重要,0.964247,1
重点,優先,0.962851,2
重点,実績,0.955124,3
重点,はっきり,0.954285,4
重点,重要性,0.95334,5
野生,ワイルド,0.840324,1
野生,恐竜,0.711641,2
野生,西部,0.691031,3
野生,野,0.669671,4
野生,狼,0.660667,5
ダンジョン,地獄,0.867681,1
ダンジョン,魔王,0.848391,2
ダンジョン,大戦,0.822295,3
ダンジョン,テロ,0.805144,4
ダンジョン,戦争,0.800487,5
デビッド,ジャック,0.976067,1
デビッド,太郎,0.974672,2
デビッド,ジョン,0.968313,3
デビッド,ポール,0.96708,4
デビッド,ジョージ,0.96591,5
継続的,継続,0.980486,1
継続的,連続,0.972054,2
継続的,引き続く,0.966876,3
継続的,定期的,0.96585,4
継続的,常時,0.956538,5
シャネル,ディオール,0.97954,1
シャネル,ルイヴィトン,0.957418,2
シャネル,プラダ,0.940467,3
シャネル,エルメス,0.915715,4
シャネル,xl,0.899036,5
続編,シリーズ,0.946908,1
続編,主要,0.945684,2
続編,後編,0.944561,3
続編,中盤,0.943957,4
続編,リーディング,0.94328,5
選出,開講,0.947302,1
選出,転載,0.946247,2
選出,掲載,0.945808,3
選出,就任,0.943917,4
選出,発表,0.942985,5
好調,好く,0.956417,1
好調,幸,0.950528,2
好調,元気,0.948431,3
好調,ポジティブ,0.946132,4
好調,愛用,0.942623,5
台所,キッチン,0.948515,1
台所,厨房,0.946412,2
台所,バックパック,0.942872,3
台所,手帳,0.929849,4
台所,バスルーム,0.922917,5
疑惑,疑う,0.945631,1
疑惑,心配,0.922311,2
疑惑,困る,0.920264,3
疑惑,戸惑う,0.910297,4
疑惑,悩ます,0.901903,5
フェイシャル,目元,0.938275,1
フェイシャル,オブ,0.932857,2
フェイシャル,コーディネート,0.932465,3
フェイシャル,トップス,0.929406,4
フェイシャル,サプリ,0.92856,5
発売日,予告,0.978455,1
発売日,バージョン,0.952221,2
発売日,勤務地,0.944103,3
発売日,集計,0.943151,4
発売日,号線,0.942203,5
イチ,りん,0.979561,1
イチ,ゆう,0.965987,2
イチ,しん,0.96028,3
イチ,きく,0.958205,4
イチ,着,0.957511,5
温,潤,0.956419,1
温,温か,0.954651,2
温,よし,0.938504,3
温,りん,0.937898,4
温,済む,0.936717,5
症候群,ナトリウム,0.813316,1
症候群,糖尿病,0.802364,2
症候群,塩分,0.787149,3
症候群,炭素,0.787099,4
症候群,慢性,0.775038,5
鉛筆,スプーン,0.95,1
鉛筆,筆,0.939877,2
鉛筆,ペン,0.936146,3
鉛筆,コップ,0.931484,4
鉛筆,カップ,0.921454,5
一斉,集結,0.961354,1
一斉,大勢,0.956295,2
一斉,登壇,0.939797,3
一斉,満席,0.92408,4
一斉,合流,0.914176,5
mg,ver,0.97877,1
mg,DM,0.974857,2
mg,SD,0.972072,3
mg,CC,0.971106,4
mg,OB,0.97089,5
ペダル,洗濯,0.94576,1
ペダル,掃除,0.923374,2
ペダル,洗う,0.922981,3
ペダル,ブラシ,0.920227,4
ペダル,塗る,0.919711,5
伸び,伸びる,0.979429,1
伸び,伸ばす,0.972925,2
伸び,上る,0.927056,3
伸び,張る,0.922427,4
伸び,前走,0.919791,5
子連れ,娘,0.928612,1
子連れ,感心,0.926588,2
子連れ,思い遣り,0.922351,3
子連れ,捧げる,0.916281,4
子連れ,養う,0.91618,5
キャリー,アピール,0.972408,1
キャリー,キム,0.967554,2
キャリー,イ,0.962017,3
キャリー,ア,0.960651,4
キャリー,g,0.960508,5
占う,占める,0.962453,1
占う,男,0.949675,2
占う,こく,0.945759,3
占う,右,0.943945,4
占う,帯,0.942973,5
著書,著,0.928577,1
著書,書籍,0.925411,2
著書,ガイドブック,0.924342,3
著書,作品,0.923233,4
著書,コラム,0.922643,5
香る,香,0.950624,1
香る,楽々,0.939585,2
香る,賞味,0.936643,3
香る,アロマ,0.935682,4
香る,楽しむ,0.9327,5
山下,亀,0.938425,1
山下,グラウンド,0.924374,2
山下,由来,0.92097,3
山下,枝,0.917709,4
山下,松,0.915774,5
リソース,資源,0.971389,1
リソース,情報,0.955108,2
リソース,供給,0.951078,3
リソース,見通し,0.94272,4
リソース,立地,0.934488,5
徴収,オペレーター,0.931698,1
徴収,派遣,0.918479,2
徴収,命令,0.908114,3
徴収,インポート,0.904944,4
徴収,検査,0.903518,5
助成金,補助金,0.91627,1
助成金,給付金,0.905951,2
助成金,選考,0.905157,3
助成金,模試,0.901668,4
助成金,業務用,0.89957,5
ii,乙,0.982027,1
ii,n,0.979967,2
ii,д,0.979775,3
ii,q,0.979701,4
ii,o,0.975549,5
嘗める,摂取,0.953701,1
嘗める,触れる,0.950166,2
嘗める,手触り,0.946515,3
嘗める,思い付く,0.945569,4
嘗める,起きる,0.94498,5
凍結,凍る,0.947274,1
凍結,冷たい,0.930952,2
凍結,黒,0.9189,3
凍結,影,0.910642,4
凍結,氷,0.903025,5
りん,イチ,0.979561,1
りん,ゆう,0.975624,2
りん,潤,0.973732,3
りん,ココ,0.97371,4
りん,きく,0.969801,5
前面,概要,0.978567,1
前面,常,0.976677,2
前面,文,0.972933,3
前面,主題,0.971178,4
前面,題,0.969269,5
スロー,一面,0.937285,1
スロー,もと,0.927098,2
スロー,右下,0.926048,3
スロー,休止,0.925254,4
スロー,下部,0.925168,5
シュート,発動,0.900178,1
シュート,加速,0.895558,2
シュート,速度,0.88565,3
シュート,駆動,0.882615,4
シュート,打つ,0.881006,5
ねん,し,0.982402,1
ねん,ろ,0.98233,2
ねん,ふ,0.978863,3
ねん,あん,0.976267,4
ねん,つ,0.973596,5
びっ,まじ,0.970656,1
びっ,まー,0.950172,2
びっ,又,0.938568,3
びっ,ば,0.936586,4
びっ,ぽん,0.929587,5
閉める,閉じる,0.980817,1
閉める,止める,0.964718,2
閉める,収める,0.958958,3
閉める,止まる,0.957296,4
閉める,柄,0.956683,5
シンク,引き出し,0.958125,1
シンク,瓶,0.955616,2
シンク,箱,0.955261,3
シンク,駐車,0.952164,4
シンク,フォルダー,0.949289,5
辞書,辞典,0.99181,1
辞書,教科,0.973828,2
辞書,教材,0.969624,3
辞書,教科書,0.962241,4
辞書,講義,0.958918,5
カメラマン,プロデュース,0.88695,1
カメラマン,働く,0.881934,2
カメラマン,編集,0.875371,3
カメラマン,声優,0.873305,4
カメラマン,エディター,0.872702,5
シェル,パーツ,0.948252,1
シェル,ゲージ,0.942075,2
シェル,ダイヤル,0.934094,3
シェル,駐車,0.932736,4
シェル,番地,0.929343,5
仏壇,簿,0.92469,1
仏壇,刻印,0.923344,2
仏壇,文庫,0.910113,3
仏壇,DVD,0.902138,4
仏壇,記念,0.900722,5
モジュール,テンプレート,0.961957,1
モジュール,設置,0.957825,2
モジュール,配置,0.955898,3
モジュール,パッケージ,0.95419,4
モジュール,スペック,0.948449,5
バリュー,価値,0.981516,1
バリュー,満たす,0.963398,2
バリュー,品,0.962167,3
バリュー,取り揃える,0.959206,4
バリュー,選定,0.957565,5
AT,EC,0.984747,1
AT,MP,0.976735,2
AT,TEL,0.976637,3
AT,au,0.975525,4
AT,VS,0.971548,5
バルーン,風船,0.987109,1
バルーン,楽ちん,0.753833,2
バルーン,仮,0.728294,3
バルーン,ダンボール,0.71377,4
バルーン,福袋,0.709359,5
穴場,隠れ家,0.831462,1
穴場,密か,0.828423,2
穴場,独自,0.809873,3
穴場,庵,0.801695,4
穴場,単独,0.787683,5
思い付く,起きる,0.953922,1
思い付く,感触,0.950696,2
思い付く,思い,0.949858,3
思い付く,嘗める,0.945569,4
思い付く,感じ,0.945067,5
婦人,女性,0.98236,1
婦人,女,0.981109,2
婦人,女子,0.970642,3
婦人,目元,0.954448,4
婦人,意味,0.952542,5
はあ,へえ,0.964342,1
はあ,ねえ,0.953165,2
はあ,うん,0.935276,3
はあ,仰る,0.927602,4
はあ,おー,0.92252,5
ブリッジ,橋,0.957409,1
ブリッジ,大橋,0.93769,2
ブリッジ,棟,0.922151,3
ブリッジ,アーチ,0.921758,4
ブリッジ,レール,0.915536,5
特急,新幹線,0.892856,1
特急,エクスプレス,0.892625,2
特急,スーパー,0.855468,3
特急,東急,0.854479,4
特急,自動化,0.851209,5
成型,造り,0.963848,1
成型,構築,0.952343,2
成型,IC,0.936821,3
成型,ビルド,0.936805,4
成型,建て,0.925622,5
抜け毛,恥ずかしい,0.944761,1
抜け毛,がっかり,0.933138,2
抜け毛,吐き気,0.925769,3
抜け毛,薄毛,0.925034,4
抜け毛,悔しい,0.92167,5
デリバリー,配送,0.978432,1
デリバリー,配達,0.976308,2
デリバリー,配信,0.950705,3
デリバリー,発送,0.937215,4
デリバリー,サービス,0.936821,5
ヒート,熱,0.93727,1
ヒート,つかる,0.924797,2
ヒート,打,0.897105,3
ヒート,熱い,0.863813,4
ヒート,ゲット,0.856201,5
唐辛子,ペッパー,0.898268,1
唐辛子,胡椒,0.850585,2
唐辛子,真っ赤,0.842031,3
唐辛子,大蒜,0.826181,4
唐辛子,赤色,0.818478,5
遠隔,リモート,0.929872,1
遠隔,スクロール,0.815738,2
遠隔,値段,0.803714,3
遠隔,株主,0.803192,4
遠隔,送料,0.799187,5
専門医,専門家,0.963772,1
専門医,博士,0.955136,2
専門医,専門,0.950482,3
専門医,エキスパート,0.94941,4
専門医,専門的,0.937033,5
取り消し,中止,0.960365,1
取り消し,戻す,0.935868,2
取り消し,取り外し,0.934756,3
取り消し,退会,0.923937,4
取り消し,撤去,0.920962,5
ブーケ,花束,0.974777,1
ブーケ,スイート,0.932231,2
ブーケ,プリンセス,0.91734,3
ブーケ,花嫁,0.906145,4
ブーケ,ローズ,0.883569,5
生後,生まれる,0.929982,1
生後,誕生,0.904888,2
生後,子連れ,0.897277,3
生後,産後,0.885018,4
生後,お子様,0.869098,5
啓発,学び,0.953421,1
啓発,活用,0.942648,2
啓発,知育,0.939778,3
啓発,学,0.933243,4
啓発,貢献,0.924801,5
父さん,お父さん,0.996139,1
父さん,父親,0.993371,2
父さん,パパ,0.990787,3
父さん,父,0.989158,4
父さん,保護者,0.984007,5
ラン,前走,0.952048,1
ラン,上る,0.933594,2
ラン,踏み出す,0.920273,3
ラン,発,0.918809,4
ラン,晒す,0.918735,5
体系,セントラル,0.956671,1
体系,中央,0.95421,2
体系,総合的,0.951297,3
体系,統合,0.946141,4
体系,総合,0.944319,5
本業,学,0.949952,1
本業,教え,0.945774,2
本業,働き,0.943964,3
本業,従事,0.9405,4
本業,教える,0.939861,5
冠,印,0.944865,1
冠,築,0.944015,2
冠,価,0.94353,3
冠,首,0.942467,4
冠,並びに,0.94118,5
銅,カカオ,0.92389,1
銅,木材,0.896241,2
銅,知識,0.892938,3
銅,ウッド,0.885611,4
銅,檜,0.884456,5
中川,上田,0.981348,1
中川,西村,0.980331,2
中川,松井,0.979127,3
中川,太田,0.977949,4
中川,岡崎,0.976065,5
恐竜,竜,0.849425,1
恐竜,巨人,0.796454,2
恐竜,矢鱈,0.780373,3
恐竜,火山,0.764222,4
恐竜,西部,0.76079,5
寝具,ベッド,0.964435,1
寝具,ブランケット,0.96248,2
寝具,マットレス,0.960724,3
寝具,住宅,0.958347,4
寝具,住居,0.957243,5
人柄,似合う,0.969145,1
人柄,姉,0.962326,2
人柄,適性,0.961917,3
人柄,姉妹,0.960008,4
人柄,同伴,0.958053,5
盛り上げる,盛ん,0.953015,1
盛り上げる,すすめ,0.935269,2
盛り上げる,フェスティバル,0.928049,3
盛り上げる,甲子園,0.925674,4
盛り上げる,夏,0.925654,5
剪定,トリミング,0.948575,1
剪定,クリーニング,0.93853,2
剪定,クレンジング,0.927747,3
剪定,矯正,0.917125,4
剪定,清掃,0.91676,5
水泳,サイクリング,0.967255,1
水泳,ランニング,0.956379,2
水泳,ジョギング,0.954859,3
水泳,泳ぐ,0.950072,4
水泳,ハイキング,0.930392,5
恵み,恩恵,0.979817,1
恵み,恵まれる,0.965702,2
恵み,幸い,0.961518,3
恵み,母子,0.950877,4
恵み,祝福,0.950003,5
ガレージ,トイレ,0.872253,1
ガレージ,車庫,0.866946,2
ガレージ,プラグ,0.83937,3
ガレージ,シンク,0.839255,4
ガレージ,HDD,0.836772,5
振り替え,或る,0.872015,1
振り替え,始まる,0.868925,2
振り替え,ターン,0.865323,3
振り替え,分ける,0.856051,4
振り替え,何回,0.853185,5
在,何,0.984787,1
在,d,0.984571,2
在,第,0.98435,3
在,ド,0.983745,4
在,N,0.983706,5
競艇,グランプリ,0.85859,1
競艇,レース,0.832932,2
競艇,競技,0.829431,3
競艇,戦隊,0.821663,4
競艇,トーナメント,0.802841,5
ウエート,強度,0.930534,1
ウエート,制する,0.914443,2
ウエート,占う,0.913229,3
ウエート,決め手,0.909097,4
ウエート,押さえる,0.908721,5
技法,テクニック,0.966776,1
技法,プランニング,0.9422,2
技法,計画,0.935955,3
技法,プランナー,0.9179,4
技法,機能性,0.916003,5
望ましい,好,0.960777,1
望ましい,好く,0.960027,2
望ましい,ポジティブ,0.958709,3
望ましい,グッド,0.957408,4
望ましい,幸,0.952707,5
妖怪,魔女,0.875887,1
妖怪,鬼,0.863192,2
妖怪,ゴースト,0.792054,3
妖怪,怪しい,0.739434,4
妖怪,異常,0.725028,5
著しい,非常,0.895348,1
著しい,大幅,0.86812,2
著しい,強烈,0.853341,3
著しい,極めて,0.844319,4
著しい,圧倒的,0.837606,5
太平洋,東海,0.943922,1
太平洋,オーシャン,0.933421,2
太平洋,大河,0.927293,3
太平洋,海,0.92558,4
太平洋,海洋,0.920085,5
ブランク,不問,0.928937,1
ブランク,未使用,0.927296,2
ブランク,空室,0.914337,3
ブランク,待機,0.90658,4
ブランク,無地,0.900963,5
観音,福,0.910323,1
観音,御陰様,0.906427,2
観音,仁,0.903315,3
観音,祝福,0.902616,4
観音,恵み,0.902581,5
余分,余計,0.87049,1
余分,あんな,0.793075,2
余分,溜める,0.759674,3
余分,余,0.748963,4
余分,もやもや,0.748905,5
セル,歯,0.900488,1
セル,睫,0.898296,2
セル,間隔,0.893382,3
セル,繊維,0.891226,4
セル,シード,0.885249,5
ロビー,郡,0.888328,1
ロビー,ホール,0.887552,2
ロビー,会館,0.884633,3
ロビー,横幅,0.880147,4
ロビー,広場,0.879179,5
練る,注力,0.966877,1
練る,復習,0.95729,2
練る,習う,0.955754,3
練る,練習,0.954928,4
練る,エクササイズ,0.953458,5
本年,今年度,0.989913,1
本年,今年,0.986182,2
本年,今季,0.977332,3
本年,今後,0.967351,4
本年,来年,0.966881,5
乃木坂,bts,0.927118,1
乃木坂,ジャニーズ,0.908275,2
乃木坂,浦和,0.90257,3
乃木坂,横浜,0.894411,4
乃木坂,恵比寿,0.886077,5
塗り,塗る,0.962819,1
塗り,書き込み,0.93588,2
塗り,書き込む,0.929318,3
塗り,計,0.92558,4
塗り,作り,0.92238,5
最速,高速,0.962007,1
最速,スピーディー,0.885767,2
最速,エクスプレス,0.879976,3
最速,速い,0.875212,4
最速,迅速,0.867926,5
くっ付く,うん,0.937346,1
くっ付く,入れる,0.934383,2
くっ付く,汁,0.929948,3
くっ付く,掛かる,0.928935,4
くっ付く,呼ぶ,0.923326,5
所持,持つ,0.983092,1
所持,持ち,0.970765,2
所持,僕,0.969752,3
所持,本人,0.968793,4
所持,持ち主,0.965624,5
急性,急,0.945154,1
急性,急激,0.905564,2
急性,急遽,0.873191,3
急性,燃える,0.859635,4
急性,緊急,0.85445,5
助け,助ける,0.994225,1
助け,手伝い,0.986825,2
助け,手伝う,0.986656,3
助け,助かる,0.981407,4
助け,勧め,0.975274,5
騎士,侍,0.894353,1
騎士,キャプテン,0.853762,2
騎士,武田,0.850855,3
騎士,ベテラン,0.835491,4
騎士,王者,0.813842,5
リットル,インチ,0.950405,1
リットル,短い,0.941148,2
リットル,サンプル,0.939698,3
リットル,粉末,0.930212,4
リットル,半額,0.92919,5
次世代,先端,0.960466,1
次世代,先進,0.956207,2
次世代,最先端,0.929646,3
次世代,イノベーション,0.9183,4
次世代,革新,0.88376,5
スズキ,日産,0.947598,1
スズキ,ホンダ,0.94611,2
スズキ,トヨタ,0.935345,3
スズキ,本田,0.933172,4
スズキ,PayPay,0.925169,5
祭る,祭,0.940641,1
祭る,御参り,0.918366,2
祭る,八幡,0.909139,3
祭る,慶応,0.906581,4
祭る,役,0.902089,5
配管,配線,0.934654,1
配管,アンテナ,0.927792,2
配管,ケーブル,0.904843,3
配管,ターミナル,0.891339,4
配管,バルブ,0.890593,5
煙,出血,0.952237,1
煙,漏れ,0.93619,2
煙,汚れる,0.931294,3
煙,傷付ける,0.93,4
煙,ダメージ,0.929111,5
ぅ,ぽい,0.955214,1
ぅ,ぽち,0.940983,2
ぅ,びびる,0.93585,3
ぅ,もん,0.925507,4
ぅ,ぽん,0.924829,5
技師,技術者,0.984626,1
技師,エンジニア,0.961596,2
技師,研究者,0.957424,3
技師,テクニック,0.946377,4
技師,リサーチ,0.939518,5
日本橋,京橋,0.957495,1
日本橋,吉祥寺,0.919253,2
日本橋,神社,0.911803,3
日本橋,表参道,0.891204,4
日本橋,立川,0.886201,5
納車,ご入金,0.97296,1
納車,送付,0.97143,2
納車,注文,0.969394,3
納車,請求,0.968657,4
納車,入金,0.961723,5
街道,街,0.983059,1
街道,市街,0.957871,2
街道,店頭,0.948743,3
街道,店舗,0.947231,4
街道,バス,0.946504,5
ウエット,ライド,0.899507,1
ウエット,随時,0.89572,2
ウエット,とれる,0.889619,3
ウエット,起こす,0.886518,4
ウエット,今更,0.880377,5
各自,個別,0.975174,1
各自,各々,0.972891,2
各自,個体,0.96077,3
各自,私,0.953486,4
各自,見方,0.950947,5
総合的,総合,0.991208,1
総合的,全面,0.981995,2
総合的,統合,0.971376,3
総合的,網羅,0.953348,4
総合的,体系,0.951297,5
限度,置き換える,0.951727,1
限度,ユニット,0.940824,2
限度,許可,0.939769,3
限度,登録,0.931667,4
限度,グレード,0.930343,5
賑やか,賑わう,0.937953,1
賑やか,盛り上がり,0.923506,2
賑やか,盛り上がる,0.91518,3
賑やか,流行る,0.912734,4
賑やか,フェス,0.912471,5
月給,給料,0.968916,1
月給,給与,0.9602,2
月給,ID,0.95483,3
月給,収納,0.946825,4
月給,預金,0.946386,5
精油,健康的,0.878988,1
精油,コラーゲン,0.859133,2
精油,自立,0.84932,3
精油,ピラティス,0.848673,4
精油,アロマ,0.844152,5
アレ,ル,0.991241,1
アレ,ぎ,0.988718,2
アレ,け,0.988519,3
アレ,かく,0.986933,4
アレ,イン,0.986724,5
DS,CM,0.991031,1
DS,PS,0.989103,2
DS,SE,0.988484,3
DS,EC,0.987747,4
DS,ST,0.987396,5
簿記,会計,0.96269,1
簿記,調剤,0.932736,2
簿記,マニュアル,0.925572,3
簿記,経理,0.902808,4
簿記,印刷,0.898288,5
ボーイ,ひ,0.962199,1
ボーイ,ぶ,0.957722,2
ボーイ,い,0.957459,3
ボーイ,げ,0.957321,4
ボーイ,め,0.957186,5
名誉,持て成し,0.928818,1
名誉,誠,0.927362,2
名誉,紳士,0.917877,3
名誉,本革,0.913646,4
名誉,大切,0.911573,5
中古品,中古,0.956747,1
中古品,中古車,0.888739,2
中古品,手紙,0.871348,3
中古品,用紙,0.871321,4
中古品,古着,0.852852,5
小倉,高崎,0.966163,1
小倉,立川,0.962245,2
小倉,松本,0.959247,3
小倉,小田原,0.956692,4
小倉,宇都宮,0.953167,5
女神,レジェンド,0.94171,1
女神,天神,0.913005,2
女神,絶大,0.901021,3
女神,天国,0.894382,4
女神,伝説,0.89375,5
総理,首相,0.984001,1
総理,市長,0.95521,2
総理,議員,0.953874,3
総理,知事,0.946784,4
総理,大臣,0.939424,5
講習会,研修会,0.978147,1
講習会,説明会,0.975516,2
講習会,研究会,0.970399,3
講習会,ミーティング,0.968123,4
講習会,講演会,0.967398,5
夏季,夏,0.987857,1
夏季,夏場,0.959897,2
夏季,サマー,0.949975,3
夏季,初夏,0.925175,4
夏季,紅,0.910096,5
マックス,W,0.972917,1
マックス,H,0.972658,2
マックス,IH,0.972155,3
マックス,RE,0.971081,4
マックス,g,0.970638,5
分布,都,0.962111,1
分布,整体,0.957113,2
分布,全部,0.955891,3
分布,周,0.954066,4
分布,場面,0.94939,5
ios,Mac,0.955335,1
ios,パナソニック,0.948385,2
ios,ホンダ,0.946011,3
ios,GPS,0.936309,4
ios,HP,0.935179,5
ソーラー,太陽光,0.942319,1
ソーラー,再生,0.911993,2
ソーラー,進展,0.907903,3
ソーラー,発展,0.900245,4
ソーラー,改善,0.899585,5
視覚,視,0.954959,1
視覚,時間,0.94819,2
視覚,読み,0.944019,3
視覚,眼,0.942868,4
視覚,タイム,0.939689,5
警備,防衛,0.955836,1
警備,警察,0.949345,2
警備,業務用,0.931312,3
警備,部隊,0.927213,4
警備,防犯,0.926053,5
横断,並行,0.944527,1
横断,合流,0.929177,2
横断,合わせ,0.92166,3
横断,スルー,0.91938,4
横断,流,0.918666,5
効率化,効率的,0.969669,1
効率化,効率,0.967567,2
効率化,最適化,0.946852,3
効率化,攻略,0.930948,4
効率化,計算,0.92514,5
知能,上達,0.921916,1
知能,キャリア,0.912313,2
知能,知的,0.911648,3
知能,技能,0.908309,4
知能,スキル,0.905982,5
温まる,温か,0.977549,1
温まる,温かい,0.975456,2
温まる,あたたかい,0.971052,3
温まる,暖かい,0.967439,4
温まる,温める,0.95919,5
中毒,ダメージ,0.915409,1
中毒,毒,0.900628,2
中毒,暴力,0.89766,3
中毒,虐待,0.893062,4
中毒,喫煙,0.889403,5
中断,エラー,0.891531,1
中断,壊す,0.875199,2
中断,倒す,0.873515,3
中断,ぶつかる,0.871177,4
中断,故障,0.865534,5
違和,違和感,0.977448,1
違和,迷惑,0.905988,2
違和,不快,0.905771,3
違和,酷い,0.903752,4
違和,厄介,0.897253,5
請求書,申請書,0.963309,1
請求書,原価,0.957027,2
請求書,賃貸,0.953357,3
請求書,定年,0.952671,4
請求書,残高,0.947708,5
ブルーベリー,ベリー,0.981434,1
ブルーベリー,アボカド,0.944,2
ブルーベリー,苺,0.943548,3
ブルーベリー,サラダ,0.942483,4
ブルーベリー,アーモンド,0.941331,5
指針,ガイドライン,0.972658,1
指針,レポート,0.955353,2
指針,ガイドブック,0.953604,3
指針,要項,0.949543,4
指針,インデックス,0.948734,5
マージャン,多々,0.908869,1
マージャン,てく,0.885103,2
マージャン,博,0.884846,3
マージャン,合い,0.883812,4
マージャン,際,0.883385,5
集中力,練る,0.938034,1
集中力,勉強,0.93317,2
集中力,考える,0.932629,3
集中力,注力,0.930001,4
集中力,学習,0.923935,5
マイホーム,家,0.979721,1
マイホーム,お家,0.971826,2
マイホーム,我が家,0.964259,3
マイホーム,ホーム,0.961737,4
マイホーム,自家,0.94732,5
如何なる,余程,0.952387,1
如何なる,越し,0.950979,2
如何なる,其方,0.946871,3
如何なる,当,0.944765,4
如何なる,尚且つ,0.944246,5
関与,関わる,0.963742,1
関与,対話,0.956406,2
関与,繋がる,0.950288,3
関与,活動,0.949556,4
関与,会話,0.947946,5
地形,土壌,0.929436,1
地形,地盤,0.928772,2
地形,地域,0.90707,3
地形,気象,0.896285,4
地形,大陸,0.895799,5
たがる,熱愛,0.876579,1
たがる,喜び,0.871614,2
たがる,満喫,0.869461,3
たがる,増し,0.865663,4
たがる,魅了,0.852002,5
ふる,さえ,0.969675,1
ふる,おお,0.965001,2
ふる,此れ,0.963055,3
ふる,然も,0.955767,4
ふる,原,0.954343,5
運輸,運送,0.978995,1
運輸,輸送,0.968899,2
運輸,交通,0.955353,3
運輸,工作,0.949061,4
運輸,生産,0.943285,5
見込む,志,0.967097,1
見込む,目指す,0.964707,2
見込む,培う,0.95669,3
見込む,信じる,0.952893,4
見込む,旨い,0.944861,5
宮城県,宮城,0.994059,1
宮城県,群馬県,0.989691,2
宮城県,石川県,0.986971,3
宮城県,岐阜県,0.985859,4
宮城県,群馬,0.982253,5
双子,対人,0.907915,1
双子,関わり,0.907597,2
双子,センス,0.906969,3
双子,談,0.904188,4
双子,表れる,0.899025,5
三重県,栃木,0.948554,1
三重県,信州,0.942941,2
三重県,松山,0.941389,3
三重県,淡路,0.94125,4
三重県,島根,0.938767,5
取締役,役員,0.958966,1
取締役,理事長,0.954833,2
取締役,代表取締役,0.934882,3
取締役,官,0.933985,4
取締役,長官,0.930602,5
来,来る,0.968847,1
来,問,0.954382,2
来,登場,0.950862,3
来,届く,0.950584,4
来,いえる,0.949673,5
葉っぱ,草,0.939866,1
葉っぱ,葉,0.904814,2
葉っぱ,ばら,0.898045,3
葉っぱ,梨,0.889285,4
葉っぱ,リーフ,0.887663,5
終盤,気候,0.869049,1
終盤,勢力,0.844556,2
終盤,国際,0.843933,3
終盤,マクロ,0.831453,4
終盤,情勢,0.826277,5
売り切れ,停電,0.777806,1
売り切れ,中断,0.760369,2
売り切れ,完売,0.747687,3
売り切れ,発覚,0.741307,4
売り切れ,高騰,0.739623,5
介助,サポート,0.960144,1
介助,補充,0.951374,2
介助,送迎,0.947728,3
介助,助,0.947661,4
介助,手助け,0.947276,5
サンドイッチ,弁当,0.954844,1
サンドイッチ,パン,0.952832,2
サンドイッチ,食パン,0.935335,3
サンドイッチ,ドリンク,0.932279,4
サンドイッチ,バター,0.929831,5
アットホーム,居心地,0.95802,1
アットホーム,故郷,0.950172,2
アットホーム,安心感,0.94564,3
アットホーム,祖母,0.945217,4
アットホーム,ほっこり,0.944238,5
配偶者,夫婦,0.985792,1
配偶者,妻,0.977161,2
配偶者,夫妻,0.977017,3
配偶者,両親,0.976349,4
配偶者,家庭,0.975581,5
下痢,痛む,0.953957,1
下痢,怪我,0.95281,2
下痢,吐き気,0.949661,3
下痢,痛める,0.945259,4
下痢,出血,0.943918,5
責任者,担任,0.970413,1
責任者,決まる,0.957811,2
責任者,締める,0.955968,3
責任者,担当,0.95529,4
責任者,見直し,0.948808,5
スピーディー,速い,0.935155,1
スピーディー,最速,0.885767,2
スピーディー,迅速,0.881531,3
スピーディー,高速,0.867174,4
スピーディー,急速,0.867165,5
巣,生む,0.865803,1
巣,抱く,0.862111,2
巣,辿る,0.860028,3
巣,うかがう,0.853293,4
巣,脈,0.848955,5
羽田,成田,0.97252,1
羽田,品川,0.955521,2
羽田,名古屋市,0.93987,3
羽田,東京都,0.938912,4
羽田,梅田,0.937674,5
住友,三井,0.98639,1
住友,ユナイテッド,0.97282,2
住友,豊田,0.970554,3
住友,SBI,0.960841,4
住友,三菱,0.949378,5
高騰,インフレ,0.910008,1
高騰,火災,0.866969,2
高騰,事故,0.857999,3
高騰,混雑,0.850107,4
高騰,危機,0.848978,5
卓球,バドミントン,0.936848,1
卓球,テニス,0.924442,2
卓球,バレーボール,0.911005,3
卓球,野球,0.910491,4
卓球,バスケットボール,0.885966,5
御馳走,年賀,0.920988,1
御馳走,大福,0.919529,2
御馳走,礼,0.907106,3
御馳走,御迎え,0.896226,4
御馳走,御菓子,0.89619,5
宇都宮,浜松,0.985844,1
宇都宮,小田原,0.984753,2
宇都宮,世田谷,0.97951,3
宇都宮,立川,0.974674,4
宇都宮,岡山,0.973132,5
ヤマハ,ホンダ,0.978379,1
ヤマハ,トヨタ,0.973709,2
ヤマハ,本田,0.97067,3
ヤマハ,任天堂,0.964577,4
ヤマハ,豊田,0.957388,5
サブ,マイナー,0.944499,1
サブ,下,0.931591,2
サブ,短,0.928726,3
サブ,ずつ,0.927828,4
サブ,一回,0.927619,5
北京,東京,0.967142,1
北京,欧州,0.960031,2
北京,ロンドン,0.959751,3
北京,東大,0.949662,4
北京,ドイツ,0.948714,5
水族館,ショールーム,0.935563,1
水族館,動物園,0.928641,2
水族館,ギャラリー,0.909778,3
水族館,美術館,0.90731,4
水族館,ミュージアム,0.895151,5
出来上がり,実,0.979502,1
出来上がり,案,0.977358,2
出来上がり,結果,0.976309,3
出来上がり,事,0.970418,4
出来上がり,表明,0.968925,5
貸し,譲渡,0.948784,1
貸し,添付,0.947411,2
貸し,薪,0.947041,3
貸し,挿入,0.945796,4
貸し,計上,0.945182,5
角質,踵,0.92205,1
角質,爪,0.913607,2
角質,歯,0.906737,3
角質,便,0.906545,4
角質,鼻,0.901246,5
短期間,短時間,0.976792,1
短期間,短期,0.902085,2
短期間,一時,0.881946,3
短期間,一時的,0.879647,4
短期間,臨時,0.868757,5
名古屋市,名古屋,0.99291,1
名古屋市,横浜市,0.986705,2
名古屋市,福岡市,0.982435,3
名古屋市,品川,0.981849,4
名古屋市,神戸市,0.980293,5
オペレーター,命令,0.949687,1
オペレーター,立案,0.944884,2
オペレーター,派遣,0.941756,3
オペレーター,業者,0.933072,4
オペレーター,検査,0.932865,5
健やか,健康的,0.975385,1
健やか,養生,0.95517,2
健やか,ヨーガ,0.951442,3
健やか,ヘルシー,0.94645,4
健やか,健全,0.941115,5
話し合い,話し合う,0.98928,1
話し合い,ディスカッション,0.974781,2
話し合い,伝達,0.963479,3
話し合い,対談,0.956458,4
話し合い,対話,0.95538,5
師匠,長男,0.959625,1
師匠,先輩,0.959388,2
師匠,師,0.955223,3
師匠,父,0.955121,4
師匠,親父,0.951931,5
労務,労働,0.929208,1
労務,人事,0.927525,2
労務,入国,0.923648,3
労務,メンテナンス,0.922569,4
労務,勤務,0.913022,5
住居,住まい,0.996757,1
住居,住宅,0.993942,2
住居,家屋,0.983174,3
住居,房,0.979854,4
住居,ハウス,0.97928,5
ヘアスタイル,髪型,0.983827,1
ヘアスタイル,フェイシャル,0.927712,2
ヘアスタイル,スタイル,0.9254,3
ヘアスタイル,着こなし,0.923875,4
ヘアスタイル,ドレス,0.920557,5
欲求,食欲,0.928518,1
欲求,動機,0.921229,2
欲求,意欲,0.909937,3
欲求,願望,0.906209,4
欲求,乗り越える,0.901259,5
卓上,デスク,0.961643,1
卓上,椅子,0.956897,2
卓上,チェア,0.953138,3
卓上,筆,0.949188,4
卓上,カップ,0.946053,5
生息,帰り,0.969375,1
生息,暮らす,0.961177,2
生息,居る,0.95998,3
生息,あご,0.954845,4
生息,普段,0.951152,5
アトリエ,工房,0.949347,1
アトリエ,物作り,0.92506,2
アトリエ,デザイナー,0.912097,3
アトリエ,作り出す,0.911449,4
アトリエ,工夫,0.910422,5
溶接,エンジン,0.916819,1
溶接,火力,0.873009,2
溶接,施工,0.858093,3
溶接,消防,0.854461,4
溶接,工業,0.848018,5
アトラクション,展,0.934562,1
アトラクション,甲子園,0.932415,2
アトラクション,コンサート,0.927606,3
アトラクション,新年,0.924961,4
アトラクション,フェスタ,0.918689,5
常勤,定期,0.965524,1
常勤,正社員,0.95501,2
常勤,担任,0.951627,3
常勤,確立,0.947327,4
常勤,維持,0.9402,5
天国,女神,0.894382,1
天国,理想,0.85889,2
天国,錦,0.854358,3
天国,天使,0.849433,4
天国,絶景,0.84915,5
エプロン,ランドセル,0.941631,1
エプロン,手帳,0.931992,2
エプロン,ブラシ,0.930795,3
エプロン,靴,0.926108,4
エプロン,道具,0.911298,5
記号,回線,0.937629,1
記号,番号,0.936365,2
記号,丁目,0.935275,3
記号,フォーム,0.932549,4
記号,単位,0.92886,5
HDD,レコーダー,0.912687,1
HDD,車庫,0.899467,2
HDD,クローゼット,0.884433,3
HDD,箪笥,0.87804,4
HDD,トランク,0.864011,5
ちょい,ちょっぴり,0.930208,1
ちょい,少々,0.904484,2
ちょい,浅い,0.90083,3
ちょい,サブ,0.898455,4
ちょい,リトル,0.895792,5
指先,手指,0.970712,1
指先,手首,0.95152,2
指先,親指,0.926225,3
指先,掌,0.922427,4
指先,手元,0.919618,5
登校,寄与,0.94148,1
登校,生徒,0.939303,2
登校,教える,0.936471,3
登校,デイサービス,0.934969,4
登校,デイリー,0.933014,5
食生活,食事,0.981862,1
食生活,飲食,0.976723,2
食生活,食,0.942072,3
食生活,フード,0.935627,4
食生活,暮らし,0.934887,5
商談,会議,0.949094,1
商談,打ち合わせ,0.948521,2
商談,営業,0.947817,3
商談,社会人,0.939704,4
商談,研究会,0.938698,5
アンプ,コントローラー,0.956144,1
アンプ,車両,0.955431,2
アンプ,スピーカー,0.944652,3
アンプ,電気,0.941611,4
アンプ,電機,0.939692,5
可動,モーション,0.938928,1
可動,移動,0.936253,2
可動,動く,0.925341,3
可動,動き,0.918075,4
可動,動かす,0.915518,5
放射,放射線,0.890032,1
放射,核,0.870065,2
放射,戦,0.869636,3
放射,原発,0.863348,4
放射,UV,0.851849,5
さいたま,浦和,0.977528,1
さいたま,福岡市,0.972972,2
さいたま,福岡,0.971042,3
さいたま,愛知県,0.970944,4
さいたま,大阪府,0.97084,5
縮毛,狭い,0.907203,1
縮毛,底,0.900531,2
縮毛,残り,0.896661,3
縮毛,有限,0.892866,4
縮毛,寸,0.889306,5
無理矢理,パワハラ,0.907554,1
無理矢理,虐待,0.900884,2
無理矢理,悪質,0.898997,3
無理矢理,無理,0.896557,4
無理矢理,中傷,0.895957,5
打,打ち,0.953814,1
打,挟む,0.943587,2
打,叩く,0.941901,3
打,打つ,0.932377,4
打,割,0.909591,5
DM,by,0.977844,1
DM,mg,0.974857,2
DM,ver,0.973559,3
DM,Gb,0.971575,4
DM,CC,0.970484,5
痺れ,不調,0.95649,1
痺れ,吐き気,0.952921,2
痺れ,肩凝り,0.948867,3
痺れ,がっかり,0.945422,4
痺れ,欠点,0.944328,5
ジップ,ファスナー,0.952373,1
ジップ,螺子,0.946073,2
ジップ,ラバー,0.94528,3
ジップ,スイッチ,0.94462,4
ジップ,コンセント,0.939584,5
捨離,放棄,0.949763,1
捨離,断念,0.931541,2
捨離,捨てる,0.924337,3
捨離,拒否,0.923252,4
捨離,離脱,0.921694,5
景観,景色,0.981917,1
景観,風景,0.977536,2
景観,光景,0.944627,3
景観,ランド,0.931474,4
景観,平野,0.927134,5
パンケーキ,タルト,0.937024,1
パンケーキ,饅頭,0.935616,2
パンケーキ,ピザ,0.931047,3
パンケーキ,トースト,0.92567,4
パンケーキ,クッキー,0.92345,5
酵母,酵素,0.897229,1
酵母,麹,0.884806,2
酵母,乳酸菌,0.871704,3
酵母,生姜,0.868019,4
酵母,鶏,0.863111,5
コア,固める,0.962271,1
コア,定着,0.960386,2
コア,立,0.957104,3
コア,固まる,0.954682,4
コア,階,0.953275,5
聖地,神宮,0.922432,1
聖地,天神,0.906054,2
聖地,仏,0.885014,3
聖地,王道,0.880201,4
聖地,神,0.876953,5
もやもや,だらだら,0.898147,1
もやもや,戸惑う,0.887845,2
もやもや,困る,0.885175,3
もやもや,うう,0.875773,4
もやもや,迷う,0.874978,5
技術者,技師,0.984626,1
技術者,エンジニア,0.964562,2
技術者,テクニック,0.946729,3
技術者,コンサル,0.926693,4
技術者,エディター,0.926622,5
最終日,閉店,0.900066,1
最終日,終わり,0.897063,2
最終日,終了,0.881544,3
最終日,収容,0.864114,4
最終日,休業,0.85959,5
インターフェース,模型,0.940471,1
インターフェース,プログラム,0.939899,2
インターフェース,システム,0.937871,3
インターフェース,ウェブサイト,0.937508,4
インターフェース,CSS,0.934954,5
テール,あー,0.936139,1
テール,ああ,0.918699,2
テール,尾,0.917446,3
テール,なんて,0.916986,4
テール,見逃す,0.894511,5
LAN,印刷,0.934786,1
LAN,バルブ,0.920778,2
LAN,取り付け,0.915024,3
LAN,ライセンス,0.909406,4
LAN,器具,0.909359,5
明,明らか,0.959619,1
明,揃う,0.953071,2
明,科,0.952941,3
明,日,0.95073,4
明,黄,0.949992,5
屋上,バルコニー,0.886525,1
屋上,端末,0.836338,2
屋上,水槽,0.829205,3
屋上,充電,0.828229,4
屋上,塗料,0.827641,5
幹部,社長,0.970284,1
幹部,役員,0.958816,2
幹部,CEO,0.957197,3
幹部,理事長,0.944367,4
幹部,主任,0.938206,5
全話,全面,0.9607,1
全話,全,0.957515,2
全話,全日本,0.954061,3
全話,網羅,0.953777,4
全話,主要,0.951196,5
納付,支払う,0.953281,1
納付,車検,0.947633,2
納付,請求,0.944602,3
納付,課金,0.940811,4
納付,経費,0.939089,5
親父,保護者,0.980777,1
親父,父,0.97487,2
親父,お父さん,0.973976,3
親父,父さん,0.973739,4
親父,父親,0.964238,5
翔,かなう,0.947027,1
翔,上がり,0.936258,2
翔,向上,0.930812,3
翔,亮,0.930705,4
翔,意気,0.928421,5
乗り換える,乗り換え,0.977495,1
乗り換える,信号,0.917432,2
乗り換える,通行,0.913884,3
乗り換える,時期,0.908461,4
乗り換える,通る,0.888292,5
フット,足,0.984357,1
フット,ショルダー,0.969006,2
フット,腰,0.968303,3
フット,口,0.960813,4
フット,左手,0.960726,5
ぶつかる,ぶつける,0.956301,1
ぶつかる,対立,0.912966,2
ぶつかる,騒ぐ,0.910583,3
ぶつかる,倒す,0.910346,4
ぶつかる,襲う,0.903091,5
養護,保育,0.981716,1
養護,ケア,0.966937,2
養護,世話,0.958522,3
養護,育成,0.955203,4
養護,カウンセリング,0.949295,5
かえる,蛙,0.960973,1
かえる,蟹,0.884921,2
かえる,蝦,0.87219,3
かえる,下りる,0.860355,4
かえる,昨日,0.848214,5
反面,不利,0.99058,1
反面,ネガティブ,0.977738,2
反面,反する,0.966434,3
反面,負,0.962319,4
反面,誤,0.955919,5
汚い,汚れる,0.979761,1
汚い,有害,0.964803,2
汚い,不良,0.961201,3
汚い,酷い,0.960746,4
汚い,悪い,0.959077,5
CH,k,0.995808,1
CH,N,0.994863,2
CH,r,0.994629,3
CH,JA,0.993835,4
CH,g,0.993046,5
シュー,シャツ,0.971385,1
シュー,スカート,0.966647,2
シュー,ズボン,0.963944,3
シュー,パンツ,0.96021,4
シュー,トップス,0.956559,5
冷え,アッシュ,0.957201,1
冷え,冷え性,0.943648,2
冷え,残念,0.938793,3
冷え,放棄,0.938086,4
冷え,いや,0.934306,5
aga,ル,0.972437,1
aga,け,0.972008,2
aga,д,0.97001,3
aga,イン,0.96986,4
aga,アレ,0.969731,5
国土,土地,0.966944,1
国土,大陸,0.961372,2
国土,大地,0.946567,3
国土,地球,0.94306,4
国土,ランド,0.92731,5
アリーナ,スタジアム,0.971032,1
アリーナ,球団,0.969558,2
アリーナ,首都,0.953278,3
アリーナ,市,0.949537,4
アリーナ,ステージ,0.949505,5
個性的,個性,0.905427,1
個性的,精神的,0.8258,2
個性的,才能,0.780066,3
個性的,体験,0.779481,4
個性的,精神,0.775708,5
ウェーブ,波,0.957591,1
ウェーブ,波動,0.918657,2
ウェーブ,潮,0.915781,3
ウェーブ,流れ,0.910723,4
ウェーブ,風,0.876246,5
淡い,緩やか,0.936012,1
淡い,柔らか,0.928821,2
淡い,そっと,0.922029,3
淡い,柔らかい,0.91902,4
淡い,緩い,0.910106,5
被告,勿体,0.921978,1
被告,限,0.876613,2
被告,重複,0.875956,3
被告,バック,0.871357,4
被告,一旦,0.870289,5
変色,滑る,0.919412,1
変色,溶ける,0.9181,2
変色,曲がる,0.91361,3
変色,折れる,0.903745,4
変色,傾く,0.902863,5
工務店,ドラッグストアー,0.957261,1
工務店,支店,0.952865,2
工務店,店舗,0.951432,3
工務店,商店,0.951231,4
工務店,販売店,0.948412,5
任せ,予め,0.964224,1
任せ,事前,0.961138,2
任せ,了承,0.946427,3
任せ,源,0.943546,4
任せ,宛て,0.943333,5
不幸,苦しい,0.977634,1
不幸,苦しむ,0.970071,2
不幸,挫折,0.969048,3
不幸,辛い,0.96734,4
不幸,絶望,0.966334,5
アリス,マリア,0.921881,1
アリス,藤井,0.921683,2
アリス,アン,0.91997,3
アリス,はな,0.916461,4
アリス,竹内,0.916102,5
大陸,アース,0.965338,1
大陸,大地,0.961411,2
大陸,国土,0.961372,3
大陸,天,0.958123,4
大陸,ランド,0.955515,5
峰,マウント,0.940695,1
峰,高木,0.919226,2
峰,一望,0.909807,3
峰,高い,0.90592,4
峰,富士,0.89987,5
ビーフ,牛肉,0.984748,1
ビーフ,ココア,0.931925,2
ビーフ,肉,0.913997,3
ビーフ,ミート,0.911384,4
ビーフ,チーズ,0.908457,5
舞,ダンス,0.935006,1
舞,ダンサー,0.920226,2
舞,踊り,0.900381,3
舞,歌声,0.895342,4
舞,ミュージック,0.893858,5
イラストレーター,デザイナー,0.913961,1
イラストレーター,作曲,0.910554,2
イラストレーター,アトリエ,0.899239,3
イラストレーター,クリエーター,0.895224,4
イラストレーター,作家,0.89445,5
プッシュ,キャッチ,0.956402,1
プッシュ,ビート,0.950886,2
プッシュ,ゴー,0.94644,3
プッシュ,発動,0.925989,4
プッシュ,スルー,0.921713,5
牡蠣,土,0.832135,1
牡蠣,陸,0.829531,2
牡蠣,種,0.821529,3
牡蠣,ストーン,0.81712,4
牡蠣,地盤,0.816854,5
セーター,カーディガン,0.979715,1
セーター,毛布,0.971708,2
セーター,ブランケット,0.964255,3
セーター,和室,0.961255,4
セーター,ソープ,0.959913,5
密,硬化,0.939755,1
密,凝る,0.935556,2
密,剛,0.917393,3
密,クローズ,0.914712,4
密,バリア,0.913542,5
欠点,損,0.967629,1
欠点,デメリット,0.966303,2
欠点,損する,0.964918,3
欠点,負け,0.961449,4
欠点,遅れ,0.960634,5
近畿,西日本,0.981246,1
近畿,茨城,0.973639,2
近畿,兵庫,0.971446,3
近畿,堺,0.970411,4
近畿,茨城県,0.968497,5
熱愛,喜び,0.957021,1
熱愛,ラブ,0.942333,2
熱愛,喜ぶ,0.939115,3
熱愛,大好き,0.938709,4
熱愛,感動,0.934762,5
騎手,投手,0.842333,1
騎手,参戦,0.842229,2
騎手,武,0.834264,3
騎手,大工,0.833707,4
騎手,戦士,0.832749,5
近代,現代,0.973489,1
近代,マーケティング,0.950458,2
近代,ビジネス,0.931186,3
近代,ソフトバンク,0.926496,4
近代,SDGs,0.924157,5
ロケーション,地点,0.994014,1
ロケーション,場所,0.988717,2
ロケーション,プレース,0.967769,3
ロケーション,数,0.964658,4
ロケーション,地名,0.962362,5
メーター,レジ,0.959019,1
メーター,バルブ,0.948865,2
メーター,駐車場,0.940572,3
メーター,印刷,0.938056,4
メーター,包装,0.935989,5
キャット,猫,0.974206,1
キャット,にゃん,0.937246,2
キャット,少女,0.913558,3
キャット,子猫,0.905833,4
キャット,少年,0.894528,5
腫瘍,癌,0.956026,1
腫瘍,事故,0.951974,2
腫瘍,がん,0.938265,3
腫瘍,ハザード,0.924337,4
腫瘍,がんがん,0.909515,5
広島県,宮城県,0.97147,1
広島県,千葉県,0.969319,2
広島県,群馬県,0.969271,3
広島県,福岡県,0.965748,4
広島県,兵庫県,0.964835,5
ぽん,ぃ,0.977245,1
ぽん,ぽち,0.974974,2
ぽん,ち,0.966396,3
ぽん,もん,0.965446,4
ぽん,ね,0.95975,5
味覚,呼吸,0.942739,1
味覚,味,0.928226,2
味覚,口腔,0.926594,3
味覚,感覚,0.92635,4
味覚,腕,0.925627,5
使い道,使い方,0.981371,1
使い道,使い,0.973346,2
使い道,用途,0.970689,3
使い道,用いる,0.967696,4
使い道,使う,0.958702,5
バースデー,誕生日,0.993451,1
バースデー,デート,0.926593,2
バースデー,レクリエーション,0.91816,3
バースデー,帰省,0.916732,4
バースデー,週末,0.912816,5
館内,店内,0.941522,1
館内,館,0.940729,2
館内,本店,0.939809,3
館内,給食,0.931267,4
館内,本校,0.931028,5
ファー,チーク,0.960051,1
ファー,センチ,0.950465,2
ファー,面,0.948057,3
ファー,皮,0.944617,4
ファー,ふく,0.940791,5
抜粋,録,0.982261,1
抜粋,有り,0.982146,2
抜粋,記,0.981661,3
抜粋,指,0.981532,4
抜粋,項,0.979805,5
正義,公正,0.939135,1
正義,使命,0.90954,2
正義,医,0.907399,3
正義,教育,0.903642,4
正義,倫理,0.899372,5
水晶,クリスタル,0.986854,1
水晶,玉,0.92556,2
水晶,ダイヤ,0.906142,3
水晶,銀,0.904443,4
水晶,パール,0.893817,5
ライオン,タイガー,0.958493,1
ライオン,虎,0.95642,2
ライオン,強,0.824635,3
ライオン,ピーク,0.82251,4
ライオン,強い,0.810179,5
艦,海軍,0.95473,1
艦,ダム,0.949049,2
艦,軍,0.93683,3
艦,土木,0.929367,4
艦,部隊,0.924013,5
ニュアンス,性格,0.935796,1
ニュアンス,心身,0.917406,2
ニュアンス,人格,0.896092,3
ニュアンス,価値観,0.89527,4
ニュアンス,相性,0.880326,5
落ち込む,悔しい,0.966363,1
落ち込む,がっかり,0.9646,2
落ち込む,悲しい,0.963766,3
落ち込む,残念,0.953422,4
落ち込む,挫折,0.937897,5
投与,納付,0.937672,1
投与,振り込み,0.937185,2
投与,発注,0.935284,3
投与,出金,0.934516,4
投与,張り替え,0.930944,5
太鼓,ドラム,0.881933,1
太鼓,阪神,0.839877,2
太鼓,阪急,0.831211,3
太鼓,甲子園,0.810442,4
太鼓,キャプテン,0.809795,5
肥満,糖尿,0.861083,1
肥満,コレステロール,0.848272,2
肥満,太る,0.844124,3
肥満,副作用,0.819192,4
肥満,損害,0.813874,5
昼寝,眠る,0.935142,1
昼寝,寝る,0.934602,2
昼寝,就寝,0.930184,3
昼寝,休止,0.914971,4
昼寝,休み,0.912815,5
抱っこ,仲良く,0.96447,1
抱っこ,温もり,0.953628,2
抱っこ,温か,0.950321,3
抱っこ,温まる,0.949161,4
抱っこ,ティー,0.948508,5
岐阜県,岐阜,0.989689,1
岐阜県,群馬県,0.988929,2
岐阜県,岡山県,0.98866,3
岐阜県,静岡県,0.986718,4
岐阜県,宮城県,0.985859,5
極力,徹底,0.873166,1
極力,勢,0.853083,2
極力,ウエート,0.848278,3
極力,貫く,0.833867,4
極力,雄,0.828866,5
内閣,議会,0.945765,1
内閣,国会,0.945133,2
内閣,行政,0.944398,3
内閣,党,0.942446,4
内閣,政策,0.935585,5
芝生,バニラ,0.951677,1
芝生,桃,0.95161,2
芝生,茶,0.942048,3
芝生,果実,0.928221,4
芝生,メロン,0.927237,5
ギリシャ,イタリア,0.940096,1
ギリシャ,フランス,0.931087,2
ギリシャ,東洋,0.928406,3
ギリシャ,スペイン,0.914959,4
ギリシャ,京都市,0.890527,5
進捗,出来る,0.947966,1
進捗,取り組む,0.947337,2
進捗,アクティビティー,0.945429,3
進捗,役立てる,0.945021,4
進捗,進める,0.943689,5
檜,ウッド,0.978065,1
檜,ウール,0.957996,2
檜,木,0.94734,3
檜,木材,0.947015,4
檜,天然石,0.944746,5
真夏,暑い,0.879317,1
真夏,高温,0.844787,2
真夏,熱い,0.812276,3
真夏,真っ赤,0.802504,4
真夏,沸騰,0.799302,5
多種,共同,0.941421,1
多種,様々,0.939249,2
多種,一同,0.936934,3
多種,バリエーション,0.927824,4
多種,オープン,0.922421,5
数カ月,翌日,0.95578,1
数カ月,立ち寄る,0.950074,2
数カ月,現時点,0.947622,3
数カ月,向き,0.946266,4
数カ月,いつ,0.945426,5
名付ける,写し,0.953342,1
名付ける,選び,0.952567,2
名付ける,選,0.948131,3
名付ける,選定,0.947536,4
名付ける,記,0.946618,5
満,上,0.963875,1
満,こく,0.959587,2
満,奥,0.956632,3
満,様,0.950353,4
満,期,0.948518,5
スキャン,輸送,0.931285,1
スキャン,コマンド,0.923773,2
スキャン,運送,0.92356,3
スキャン,テスト,0.922879,4
スキャン,複製,0.921906,5
アイ,ボトムス,0.955424,1
アイ,紐,0.955268,2
アイ,面,0.955163,3
アイ,持ち,0.954031,4
アイ,指,0.952283,5
不問,後ろ,0.94243,1
不問,停,0.93243,2
不問,ブランク,0.928937,3
不問,待つ,0.928388,4
不問,残す,0.927727,5
報じる,問い合わせる,0.956687,1
報じる,通報,0.954097,2
報じる,視察,0.943875,3
報じる,出入り,0.942318,4
報じる,告げる,0.941976,5
町田,さいたま,0.959501,1
町田,浜松,0.954612,2
町田,宇都宮,0.953151,3
町田,浦和,0.945217,4
町田,福岡市,0.941419,5
水曜日,水曜,0.996989,1
水曜日,木曜日,0.995623,2
水曜日,火曜日,0.992344,3
水曜日,火曜,0.990213,4
水曜日,木曜,0.986212,5
英雄,ヒーロー,0.980547,1
英雄,チャンピオン,0.949339,2
英雄,勝利,0.91679,3
英雄,優勝,0.916659,4
英雄,主力,0.916206,5
惑星,大陸,0.917277,1
惑星,軌道,0.912651,2
惑星,天,0.897087,3
惑星,広大,0.888059,4
惑星,大島,0.887318,5
石井,斎藤,0.988574,1
石井,内田,0.986719,2
石井,吉田,0.985981,3
石井,原田,0.985348,4
石井,田村,0.984414,5
トレーダー,トレード,0.899203,1
トレーダー,戦術,0.883852,2
トレーダー,捜査,0.878074,3
トレーダー,作戦,0.877776,4
トレーダー,施工,0.865253,5
福島県,夜間,0.790389,1
福島県,福島,0.779689,2
福島県,標高,0.77708,3
福島県,坂,0.763397,4
福島県,冬季,0.762766,5
悪質,有害,0.961697,1
悪質,不良,0.957457,2
悪質,悪影響,0.953276,3
悪質,悪い,0.952877,4
悪質,不正,0.950005,5
次男,脇,0.913487,1
次男,弟,0.91013,2
次男,譲る,0.90591,3
次男,さようなら,0.887404,4
次男,先程,0.8864,5
危険性,危険,0.978263,1
危険性,脅威,0.954689,2
危険性,ハザード,0.954289,3
危険性,ダメージ,0.952097,4
危険性,事故,0.93646,5
枯れる,痺れ,0.934906,1
枯れる,尽きる,0.932121,2
枯れる,放棄,0.931598,3
枯れる,見逃す,0.930173,4
枯れる,残念,0.928932,5
歯周病,肺炎,0.959711,1
歯周病,疾病,0.881813,2
歯周病,疾患,0.881624,3
歯周病,病気,0.868715,4
歯周病,怪我,0.864142,5
手指,指先,0.970712,1
手指,舌,0.95503,2
手指,手首,0.952241,3
手指,腕,0.948326,4
手指,親指,0.947774,5
坂本,長谷川,0.946125,1
坂本,高橋,0.929847,2
坂本,佐々木,0.924759,3
坂本,前田,0.911535,4
坂本,阿部,0.909226,5
フォーマット,テンプレート,0.971675,1
フォーマット,パッケージ,0.959825,2
フォーマット,図形,0.955786,3
フォーマット,公式,0.952956,4
フォーマット,フォーム,0.952376,5
神田,市川,0.983471,1
神田,高崎,0.958538,2
神田,本場,0.953794,3
神田,中山,0.95323,4
神田,高松,0.946995,5
付帯,致す,0.957164,1
付帯,寄る,0.94868,2
付帯,寄り,0.945444,3
付帯,つう,0.942861,4
付帯,承る,0.942571,5
ライド,プッシュ,0.921377,1
ライド,ドライブ,0.909209,2
ライド,ウエット,0.899507,3
ライド,通知,0.895409,4
ライド,ピックアップ,0.894822,5
半身,部位,0.962373,1
半身,上下,0.948708,2
半身,下地,0.944469,3
半身,留まる,0.939599,4
半身,裾,0.939168,5
養う,育てる,0.991558,1
養う,育む,0.966302,2
養う,養成,0.965295,3
養う,信じる,0.962388,4
養う,培う,0.958035,5
オタク,マニア,0.722808,1
オタク,フリーター,0.591291,2
オタク,幻,0.572614,3
オタク,仮想,0.564371,4
オタク,違和感,0.513146,5
ウチ,こつ,0.954603,1
ウチ,被,0.940721,2
ウチ,おる,0.93894,3
ウチ,埋める,0.930265,4
ウチ,卒,0.929413,5
大した,後々,0.914379,1
大した,たまる,0.913752,2
大した,間,0.913224,3
大した,どん,0.907447,4
大した,その,0.903986,5
急遽,急,0.910921,1
急遽,急激,0.910667,2
急遽,突然,0.906841,3
急遽,急性,0.873191,4
急遽,急ぎ,0.856839,5
円滑,配合,0.929102,1
円滑,揃う,0.925669,2
円滑,スムーズ,0.916904,3
円滑,賛成,0.91394,4
円滑,成果,0.912442,5
ロット,幕,0.891372,1
ロット,地帯,0.88168,2
ロット,範囲,0.879302,3
ロット,番目,0.879113,4
ロット,公,0.878752,5
少人数,一寸,0.912649,1
少人数,細い,0.893802,2
少人数,微,0.893352,3
少人数,些細,0.892083,4
少人数,細かい,0.889599,5
屡々,過,0.895568,1
屡々,つかる,0.885007,2
屡々,次々,0.851196,3
屡々,再度,0.850928,4
屡々,因む,0.8508,5
籠,蓋,0.957055,1
籠,瓦,0.956876,2
籠,柄,0.950257,3
籠,枠,0.950002,4
籠,軒,0.943496,5
難易,難易度,0.871876,1
難易,別れ,0.788933,2
難易,処分,0.759386,3
難易,返済,0.751884,4
難易,葬式,0.745369,5
ドール,飾り,0.951709,1
ドール,リボン,0.913715,2
ドール,装飾,0.894152,3
ドール,ペンダント,0.890435,4
ドール,デコレーション,0.874736,5
フォルム,形式,0.971423,1
フォルム,セクション,0.963985,2
フォルム,レイアウト,0.961655,3
フォルム,表紙,0.960359,4
フォルム,セット,0.959405,5
纏う,纏め,0.976043,1
纏う,纏める,0.966589,2
纏う,巻,0.959122,3
纏う,齎す,0.9581,4
纏う,付着,0.952964,5
マンゴー,サーモン,0.941316,1
マンゴー,蜜柑,0.92492,2
マンゴー,日向,0.914512,3
マンゴー,桃,0.914064,4
マンゴー,ハニー,0.911739,5
本田,日産,0.977248,1
本田,ホンダ,0.975809,2
本田,ヤマハ,0.97067,3
本田,トヨタ,0.969729,4
本田,マツダ,0.968966,5
一連,合,0.979845,1
一連,科,0.973775,2
一連,主な,0.972186,3
一連,一部,0.97091,4
一連,社,0.970633,5
連日,今月,0.950676,1
連日,以来,0.950137,2
連日,先月,0.938702,3
連日,年々,0.934676,4
連日,来月,0.930774,5
柔道,精進,0.852934,1
柔道,免疫,0.819307,2
柔道,心臓,0.818064,3
柔道,健全,0.811233,4
柔道,再生,0.811161,5
深まる,濃厚,0.863477,1
深まる,余程,0.850913,2
深まる,欲求,0.850423,3
深まる,人生,0.829386,4
深まる,感情,0.82785,5
造形,設計,0.944452,1
造形,デザイン,0.943019,2
造形,構築,0.939171,3
造形,造り,0.93529,4
造形,アレンジ,0.925883,5
リーフ,苗,0.945124,1
リーフ,葉,0.944197,2
リーフ,卵,0.929087,3
リーフ,芽,0.921947,4
リーフ,竹の子,0.916633,5
坊,古里,0.963636,1
坊,かしら,0.95938,2
坊,縁,0.954165,3
坊,代目,0.95192,4
坊,こそ,0.946165,5
洗車,洗濯,0.948825,1
洗車,ランドリー,0.941438,2
洗車,シャワー,0.936085,3
洗車,乾燥機,0.929316,4
洗車,洗剤,0.921447,5
凝り,後遺,0.933296,1
凝り,ロス,0.919935,2
凝り,あく,0.902267,3
凝り,過ぎ,0.900528,4
凝り,黒ずみ,0.89574,5
署,勿論,0.963439,1
署,当事,0.957513,2
署,処,0.955444,3
署,証,0.954078,4
署,桁,0.95241,5
外装,総額,0.961389,1
外装,設定,0.959963,2
外装,台,0.959159,3
外装,レイヤー,0.950796,4
外装,セッティング,0.950214,5
調味,味付け,0.945132,1
調味,茹でる,0.929552,2
調味,乾かす,0.927671,3
調味,食う,0.925953,4
調味,食らう,0.925829,5
スケート,スノーボード,0.850322,1
スケート,ダッシュ,0.788595,2
スケート,飛び込む,0.751199,3
スケート,ジャンプ,0.750432,4
スケート,フラッシュ,0.741556,5
新潟県,新潟,0.994641,1
新潟県,長野,0.98614,2
新潟県,石川県,0.985898,3
新潟県,長野県,0.984215,4
新潟県,仙台,0.970389,5
度々,次々,0.950059,1
度々,再度,0.93312,2
度々,出し,0.933079,3
度々,出す,0.925381,4
度々,上げる,0.925299,5
ロッカー,キャビネット,0.957938,1
ロッカー,シールド,0.954263,2
ロッカー,箱,0.946379,3
ロッカー,滑り止め,0.945688,4
ロッカー,収納,0.941676,5
相続税,所得税,0.869229,1
相続税,税務,0.856085,2
相続税,税理,0.855239,3
相続税,入院,0.816853,4
相続税,慰謝料,0.816623,5
仕掛ける,振り込む,0.897186,1
仕掛ける,巻き込む,0.84081,2
仕掛ける,捲る,0.838388,3
仕掛ける,立ち上げる,0.832248,4
仕掛ける,発動,0.82394,5
題する,状,0.98756,1
題する,題,0.985726,2
題する,其の,0.984892,3
題する,上記,0.984511,4
題する,前記,0.984456,5
ガチ,雄,0.946504,1
ガチ,到頭,0.945178,2
ガチ,直結,0.941723,3
ガチ,直接,0.941065,4
ガチ,遂げる,0.940682,5
足首,片手,0.966813,1
足首,手首,0.966657,2
足首,足裏,0.961876,3
足首,鼻,0.950407,4
足首,足元,0.946673,5
ル,プレ,0.992539,1
ル,イン,0.991991,2
ル,アレ,0.991241,3
ル,ぎ,0.990339,4
ル,け,0.987771,5
甲子園,観光地,0.941137,1
甲子園,展,0.934039,2
甲子園,アトラクション,0.932415,3
甲子園,中華,0.925946,4
甲子園,愛知,0.925749,5
粉末,ドット,0.933935,1
粉末,リットル,0.930212,2
粉末,インチ,0.926192,3
粉末,短縮,0.901158,4
粉末,パッチ,0.90015,5
代目,申す,0.957178,1
代目,坊,0.95192,2
代目,曰く,0.944873,3
代目,前,0.942478,4
代目,かしら,0.939803,5
ライトアップ,イルミネーション,0.923506,1
ライトアップ,アディダス,0.892479,2
ライトアップ,販促,0.887371,3
ライトアップ,エクスプレス,0.882476,4
ライトアップ,プロモーション,0.875123,5
ようこそ,日曜,0.926456,1
ようこそ,いらっしゃる,0.924803,2
ようこそ,ウェルカム,0.918485,3
ようこそ,日曜日,0.917295,4
ようこそ,見付かる,0.915781,5
劇的,劇,0.969793,1
劇的,演劇,0.966125,2
劇的,公演,0.93409,3
劇的,芝居,0.933066,4
劇的,シアター,0.931181,5
裏地,ムラ,0.915152,1
裏地,奴,0.885863,2
裏地,ストール,0.857863,3
裏地,此奴,0.852585,4
裏地,欠点,0.848957,5
出費,支出,0.984812,1
出費,費やす,0.944055,2
出費,消費,0.929432,3
出費,交通費,0.916632,4
出費,移籍,0.915291,5
守備,防御,0.919095,1
守備,担当,0.906625,2
守備,引き渡し,0.90581,3
守備,ガード,0.905563,4
守備,防,0.905446,5
消滅,無くなる,0.92795,1
消滅,滅,0.924455,2
消滅,物凄い,0.898527,3
消滅,なくなる,0.895858,4
消滅,凄い,0.891469,5
プレッシャー,ストレス,0.935892,1
プレッシャー,怒る,0.931275,2
プレッシャー,怒り,0.923479,3
プレッシャー,緊張,0.920151,4
プレッシャー,リスク,0.912692,5
デリケート,繊細,0.957819,1
デリケート,細やか,0.840936,2
デリケート,微妙,0.838011,3
デリケート,ほんのり,0.818553,4
デリケート,ちょっぴり,0.797821,5
帰省,帰国,0.95318,1
帰省,ファミリー,0.946683,2
帰省,再会,0.940512,3
帰省,親しむ,0.93883,4
帰省,復帰,0.928674,5
スタバ,スターバックス,0.982904,1
スタバ,映画館,0.930641,2
スタバ,ロッテ,0.913719,3
スタバ,小田急,0.905566,4
スタバ,デパート,0.904281,5
切断,叩く,0.90032,1
切断,撃つ,0.896489,2
切断,突き込む,0.882838,3
切断,割,0.879261,4
切断,打,0.874583,5
チタン,ステンレス,0.916389,1
チタン,アップル,0.896238,2
チタン,万全,0.894118,3
チタン,HD,0.887987,4
チタン,セラミック,0.884699,5
SF,未来,0.841945,1
SF,最先端,0.821794,2
SF,次世代,0.813167,3
SF,革新,0.808174,4
SF,先端,0.807057,5
食料,食,0.966582,1
食料,食品,0.965661,2
食料,食べ物,0.963616,3
食料,食物,0.96071,4
食料,フード,0.950773,5
PayPay,スズキ,0.925169,1
PayPay,サブスク,0.922171,2
PayPay,推奨,0.916676,3
PayPay,購読,0.909735,4
PayPay,直送,0.907067,5
もも,ゆう,0.936732,1
もも,りん,0.936729,2
もも,潤,0.935125,3
もも,ココ,0.934937,4
もも,あん,0.933577,5
添う,添える,0.981329,1
添う,つける,0.943274,2
添う,賜る,0.937275,3
添う,連れ,0.936555,4
添う,向く,0.936533,5
実例,説明,0.985602,1
実例,回答,0.977066,2
実例,選択肢,0.97581,3
実例,何,0.975594,4
実例,前項,0.974081,5
履歴書,成績,0.949372,1
履歴書,履歴,0.942916,2
履歴書,請求書,0.941448,3
履歴書,明細,0.931866,4
履歴書,領収書,0.929225,5
スプレッド,度,0.936497,1
スプレッド,おける,0.924273,2
スプレッド,分類,0.922805,3
スプレッド,in,0.922662,4
スプレッド,兼用,0.920284,5
市区町村,市町村,0.98922,1
市区町村,町,0.941377,2
市区町村,タウン,0.939515,3
市区町村,営業所,0.930433,4
市区町村,支店,0.930426,5
箪笥,カーテン,0.956158,1
箪笥,ボトル,0.953007,2
箪笥,瓶,0.952878,3
箪笥,引き出し,0.951493,4
箪笥,封筒,0.949689,5
理科,数学,0.95826,1
理科,サイエンス,0.950043,2
理科,学術,0.947983,3
理科,学問,0.947122,4
理科,研究,0.946556,5
目眩,転倒,0.956059,1
目眩,酔い,0.946282,2
目眩,不調,0.945113,3
目眩,吐き気,0.944172,4
目眩,倒れる,0.943765,5
劣る,駄目,0.968131,1
劣る,負,0.957243,2
劣る,低下,0.956795,3
劣る,不備,0.951714,4
劣る,不足,0.951617,5
リピーター,サポーター,0.952444,1
リピーター,手伝う,0.949888,2
リピーター,獲得,0.947078,3
リピーター,貢献,0.943627,4
リピーター,助ける,0.940038,5
生前,体質,0.948414,1
生前,瞼,0.939747,2
生前,おば,0.938313,3
生前,本来,0.93268,4
生前,帰り,0.932639,5
紛争,衝突,0.970647,1
紛争,危機,0.965642,2
紛争,災害,0.929546,3
紛争,大戦,0.925366,4
紛争,騒動,0.921234,5
専門学校,事務所,0.923457,1
専門学校,コース,0.919871,2
専門学校,講習,0.919036,3
専門学校,歯医者,0.916338,4
専門学校,研修,0.913188,5
NTT,三菱,0.962739,1
NTT,日立,0.949413,2
NTT,株式会社,0.944894,3
NTT,ドコモ,0.943846,4
NTT,JR,0.940268,5
群馬県,群馬,0.995397,1
群馬県,宮城県,0.989691,2
群馬県,岐阜県,0.988929,3
群馬県,静岡県,0.988623,4
群馬県,滋賀県,0.986962,5
細部,細か,0.88251,1
細部,寸,0.868589,2
細部,セル,0.867522,3
細部,粒,0.86608,4
細部,糸,0.852324,5
魅了,魅力,0.919772,1
魅了,チャーム,0.918619,2
魅了,魅力的,0.913721,3
魅了,熱愛,0.907696,4
魅了,憧れ,0.903658,5
生産性,トレーニング,0.949238,1
生産性,フィットネス,0.933215,2
生産性,ポートフォリオ,0.930025,3
生産性,性能,0.929254,4
生産性,機能性,0.929246,5
縫う,縫製,0.963972,1
縫う,染める,0.932249,2
縫う,磨く,0.920478,3
縫う,ペダル,0.914639,4
縫う,稽古,0.911969,5
蛇口,ストップ,0.942143,1
蛇口,瓦,0.925478,2
蛇口,シェル,0.916231,3
蛇口,端子,0.913008,4
蛇口,停止,0.911096,5
昆虫,蝦,0.881037,1
昆虫,鼠,0.877258,2
昆虫,蛙,0.873725,3
昆虫,花粉,0.868619,4
昆虫,菌,0.854073,5
検品,点検,0.96076,1
検品,検査,0.94311,2
検品,検証,0.931368,3
検品,事務,0.92955,4
検品,監修,0.929021,5
さようなら,受け取る,0.971345,1
さようなら,受け取り,0.956472,2
さようなら,過ごす,0.95314,3
さようなら,受ける,0.952896,4
さようなら,受け止める,0.951211,5
リレー,登壇,0.9284,1
リレー,募集,0.919842,2
リレー,開催中,0.91696,3
リレー,出店,0.912433,4
リレー,開催,0.912015,5
威力,強,0.951575,1
威力,フォース,0.940383,2
威力,パワー,0.92923,3
威力,有力,0.911531,4
威力,力強い,0.893921,5
全日本,全国,0.959901,1
全日本,全話,0.954061,2
全日本,インターナショナル,0.946338,3
全日本,中日,0.945358,4
全日本,網羅,0.944645,5
花束,ブーケ,0.974777,1
花束,スイート,0.963002,2
花束,花嫁,0.928584,3
花束,プリンセス,0.917763,4
花束,ビューティー,0.898062,5
入賞,当選,0.895898,1
入賞,受賞,0.887144,2
入賞,展示,0.874592,3
入賞,特集,0.872468,4
入賞,表彰,0.870255,5
初級,簡易,0.948055,1
初級,小規模,0.936073,2
初級,基本的,0.930132,3
初級,単純,0.930012,4
初級,簡単,0.924859,5
外構,区,0.956052,1
外構,中央,0.95361,2
外構,総,0.951939,3
外構,集,0.950853,4
外構,セントラル,0.948921,5
眠り,睡眠,0.978281,1
眠り,眠る,0.977085,2
眠り,就寝,0.957003,3
眠り,寝る,0.952253,4
眠り,休む,0.919385,5
補足,補助,0.955349,1
補足,足る,0.950235,2
補足,足りる,0.949359,3
補足,内訳,0.947908,4
補足,給付,0.946265,5
片方,返し,0.951774,1
片方,裾,0.949125,2
片方,おる,0.94714,3
片方,ホールド,0.945654,4
片方,なおす,0.944959,5
視力,頭部,0.953729,1
視力,栄養,0.943089,2
視力,身体,0.937744,3
視力,眼,0.931553,4
視力,手,0.931452,5
京都府,京都,0.980392,1
京都府,奈良,0.972681,2
京都府,奈良県,0.964654,3
京都府,川越,0.95296,4
京都府,金沢,0.952093,5
クラウン,冠,0.900651,1
クラウン,仕舞い,0.890961,2
クラウン,クイーン,0.880985,3
クラウン,プリンス,0.863378,4
クラウン,ロイヤル,0.861289,5
基調,所属,0.973484,1
基調,トーン,0.973103,2
基調,有り,0.97253,3
基調,姿,0.971248,4
基調,受け入れ,0.969558,5
合,科,0.989535,1
合,連,0.986844,2
合,CH,0.982267,3
合,一連,0.979845,4
合,JA,0.979638,5
スライス,入れる,0.938953,1
スライス,ワン,0.9383,2
スライス,入れ,0.938117,3
スライス,柄,0.937979,4
スライス,掛ける,0.932264,5
透明感,透明,0.89898,1
透明感,さっぱり,0.892853,2
透明感,白色,0.884258,3
透明感,フレッシュ,0.871289,4
透明感,クリーン,0.87106,5
着色,ブラシ,0.925133,1
着色,塗り,0.921469,2
着色,ペイント,0.907045,3
着色,塗る,0.903692,4
着色,塗装,0.894834,5
西口,東口,0.971184,1
西口,南口,0.969838,2
西口,北口,0.946923,3
西口,支部,0.912395,4
西口,発足,0.909979,5
思い切る,思い切り,0.886087,1
思い切る,勇気,0.86461,2
思い切る,勢い,0.864015,3
思い切る,発揮,0.859588,4
思い切る,一生懸命,0.852462,5
ポートフォリオ,エクセル,0.935837,1
ポートフォリオ,PC,0.934187,2
ポートフォリオ,プランナー,0.931154,3
ポートフォリオ,生産性,0.930025,4
ポートフォリオ,ナビ,0.927674,5
インターナショナル,連邦,0.949592,1
インターナショナル,全日本,0.946338,2
インターナショナル,グローバル,0.944661,3
インターナショナル,連合,0.939408,4
インターナショナル,国際,0.937555,5
バイオリン,ピアノ,0.916671,1
バイオリン,書道,0.893998,2
バイオリン,シルク,0.849492,3
バイオリン,錦,0.816321,4
バイオリン,工芸,0.814256,5
要領,引用,0.965474,1
要領,要項,0.956646,2
要領,ルール,0.954359,3
要領,役目,0.950171,4
要領,目次,0.948201,5
決まり,締め,0.961896,1
決まり,ルール,0.95994,2
決まり,基盤,0.958695,3
決まり,基準,0.955126,4
決まり,界,0.951247,5
六本木,新宿,0.964172,1
六本木,銀座,0.947666,2
六本木,ハリウッド,0.933546,3
六本木,上海,0.933284,4
六本木,梅田,0.922567,5
取り込む,しめる,0.975574,1
取り込む,取り入れる,0.969941,2
取り込む,与える,0.968613,3
取り込む,届け,0.966124,4
取り込む,きく,0.965642,5
置き場,パーキング,0.971759,1
置き場,番地,0.964645,2
置き場,番号,0.963462,3
置き場,品番,0.963256,4
置き場,棚,0.963164,5
通気,通気性,0.983257,1
通気,換気,0.953296,2
通気,歩,0.949236,3
通気,歩む,0.945219,4
通気,走,0.943039,5
バッジ,飾る,0.905862,1
バッジ,sim,0.904666,2
バッジ,キット,0.895884,3
バッジ,ポイント,0.894853,4
バッジ,cm,0.890789,5
出資,入金,0.949303,1
出資,貸し付け,0.94161,2
出資,インストール,0.938333,3
出資,代行,0.93674,4
出資,買い取り,0.935227,5
星座,月々,0.936469,1
星座,バレー,0.918739,2
星座,丘,0.896381,3
星座,半島,0.895712,4
星座,道,0.893629,5
侍,騎士,0.894353,1
侍,徳川,0.879948,2
侍,王道,0.876953,3
侍,御前,0.855484,4
侍,道場,0.852132,5
前記,前述,0.9937,1
前記,前項,0.990392,2
前記,題する,0.984456,3
前記,上記,0.984032,4
前記,其の,0.980471,5
ラグジュアリー,豪華,0.971638,1
ラグジュアリー,VIP,0.938414,2
ラグジュアリー,贅沢,0.918584,3
ラグジュアリー,プラダ,0.914191,4
ラグジュアリー,ルイヴィトン,0.910258,5
無垢,百合,0.917756,1
無垢,純粋,0.910271,2
無垢,蓮,0.909309,3
無垢,ピュア,0.898048,4
無垢,玉,0.894862,5
過度,過剰,0.935871,1
過度,爆,0.859535,2
過度,殺到,0.851765,3
過度,火災,0.831277,4
過度,ブリーチ,0.823098,5
流出,蔓延,0.915332,1
流出,干渉,0.858782,2
流出,殺到,0.858087,3
流出,ぶつかる,0.853619,4
流出,染みる,0.847135,5
膜,空間,0.935755,1
膜,繊維,0.933922,2
膜,水準,0.932216,3
膜,材質,0.930816,4
膜,重心,0.927188,5
水回り,音,0.92065,1
水回り,シー,0.91212,2
水回り,回り,0.908595,3
水回り,朝,0.904494,4
水回り,川,0.894978,5
試着,買う,0.955778,1
試着,試乗,0.951363,2
試着,購入者,0.94626,3
試着,持ち運び,0.945998,4
試着,服用,0.945628,5
薄手,薄い,0.946267,1
薄手,細い,0.944743,2
薄手,マイクロ,0.944542,3
薄手,微,0.940961,4
薄手,少し,0.903594,5
本編,阿部,0.96433,1
本編,中期,0.958422,2
本編,主な,0.955245,3
本編,中盤,0.954487,4
本編,主要,0.954451,5
感触,ムード,0.953381,1
感触,体調,0.951218,2
感触,思い付く,0.950696,3
感触,感じ,0.947638,4
感触,気持ち,0.946701,5
着付け,衣装,0.949623,1
着付け,洋服,0.941997,2
着付け,着こなし,0.941286,3
着付け,ドレス,0.940457,4
着付け,服装,0.938412,5
調べ,調べる,0.965752,1
調べ,撮る,0.963438,2
調べ,考察,0.962095,3
調べ,従事,0.961564,4
調べ,用事,0.958712,5
ランタン,壺,0.890815,1
ランタン,縫い包み,0.88861,2
ランタン,マフラー,0.887755,3
ランタン,絨毯,0.886992,4
ランタン,鉢,0.882391,5
祖母,祖父,0.975183,1
祖母,母さん,0.963943,2
祖母,母,0.956633,3
祖母,親,0.954578,4
祖母,実家,0.954189,5
伝統的,伝統,0.961975,1
伝統的,老舗,0.955597,2
伝統的,本舗,0.952387,3
伝統的,郷,0.94924,4
伝統的,従来,0.936149,5
土壌,地面,0.932232,1
土壌,地形,0.929436,2
土壌,地,0.920324,3
土壌,ランド,0.919221,4
土壌,地盤,0.917908,5
願望,願い,0.962676,1
願望,願う,0.922803,2
願望,志望,0.907646,3
願望,欲求,0.906209,4
願望,直感,0.899937,5
出入り,乗り,0.957556,1
出入り,搭乗,0.954061,2
出入り,通う,0.944756,3
出入り,報じる,0.942318,4
出入り,コール,0.941704,5
受け入れ,受け入れる,0.989942,1
受け入れ,彼女,0.983725,2
受け入れ,許容,0.983472,3
受け入れ,有り,0.975273,4
受け入れ,都合,0.974461,5
アドベンチャー,冒険,0.978716,1
アドベンチャー,情熱,0.837837,2
アドベンチャー,探検,0.832468,3
アドベンチャー,挑戦,0.820703,4
アドベンチャー,敢えて,0.795239,5
有害,不良,0.982777,1
有害,悪い,0.972422,2
有害,悪影響,0.970737,3
有害,汚れる,0.96733,4
有害,汚い,0.964803,5
塵箱,ブラインド,0.876615,1
塵箱,端子,0.852931,2
塵箱,駐車,0.842374,3
塵箱,限る,0.841328,4
塵箱,トイレ,0.840844,5
年末年始,年末,0.890559,1
年末年始,新年,0.889693,2
年末年始,連休,0.877784,3
年末年始,クリスマス,0.851332,4
年末年始,ビュッフェ,0.849761,5
財,資産,0.944946,1
財,収益,0.938143,2
財,財産,0.937283,3
財,信用,0.933526,4
財,クレジット,0.931296,5
ぱちスロ,パチンコ,0.863558,1
ぱちスロ,カジノ,0.756289,2
ぱちスロ,プロレス,0.711339,3
ぱちスロ,ゲーミング,0.710279,4
ぱちスロ,競馬,0.700908,5
交差点,中継,0.899736,1
交差点,街道,0.878772,2
交差点,街,0.849085,3
交差点,部会,0.844504,4
交差点,ストリート,0.844009,5
焜炉,ストーブ,0.853636,1
焜炉,窯,0.844754,2
焜炉,鉄板,0.842621,3
焜炉,溶接,0.840974,4
焜炉,消防,0.818446,5
わあ,へえ,0.920437,1
わあ,はあ,0.886779,2
わあ,ああ,0.874154,3
わあ,伸び伸び,0.872804,4
わあ,ちゃう,0.869967,5
しつこい,しんどい,0.908683,1
しつこい,痛い,0.894389,2
しつこい,渋い,0.890595,3
しつこい,苦痛,0.888484,4
しつこい,痛,0.887509,5
パラメーター,バージョン,0.966747,1
パラメーター,レジ,0.95298,2
パラメーター,番号,0.950428,3
パラメーター,配列,0.94857,4
パラメーター,チェックアウト,0.947089,5
エール,じゃん,0.909756,1
エール,ぶ,0.890505,2
エール,てん,0.884938,3
エール,っこ,0.883972,4
エール,あう,0.883744,5
しめる,説,0.978909,1
しめる,調,0.978027,2
しめる,与える,0.97604,3
しめる,取り込む,0.975574,4
しめる,順,0.974821,5
沸騰,ファイア,0.953146,1
沸騰,燃焼,0.933912,2
沸騰,燃える,0.927935,3
沸騰,高温,0.92767,4
沸騰,火,0.919873,5
BGM,FM,0.961711,1
BGM,製,0.949762,2
BGM,EC,0.941696,3
BGM,適用,0.941385,4
BGM,カラーリング,0.939721,5
貝,くるみ,0.957588,1
貝,芝,0.925053,2
貝,種,0.92366,3
貝,いか,0.919365,4
貝,梅,0.918665,5
その,即,0.969625,1
その,o,0.968981,2
その,I,0.963103,3
その,前,0.962851,4
その,何事,0.96189,5
打ち明ける,なれる,0.945287,1
打ち明ける,捧げる,0.943977,2
打ち明ける,感,0.943677,3
打ち明ける,御願い,0.931909,4
打ち明ける,親身,0.930411,5
外見,外観,0.973867,1
外見,状態,0.961288,2
外見,成分,0.958804,3
外見,値,0.955668,4
外見,テクスチャー,0.955297,5
目撃,観察,0.948588,1
目撃,尋ねる,0.942085,2
目撃,観測,0.93681,3
目撃,運ぶ,0.930393,4
目撃,気付く,0.926483,5
反響,エコー,0.910791,1
反響,響き,0.909643,2
反響,又々,0.909605,3
反響,飽くまで,0.904294,4
反響,あら,0.903005,5
鼠,虫,0.954199,1
鼠,蚊,0.907826,2
鼠,蝦,0.904851,3
鼠,菌,0.899583,4
鼠,細菌,0.88636,5
前項,前述,0.990598,1
前項,前記,0.990392,2
前項,上記,0.979809,3
前項,実例,0.974081,4
前項,題する,0.972848,5
審判,裁判,0.980597,1
審判,監査,0.947664,2
審判,施行,0.941437,3
審判,監督,0.936651,4
審判,業務,0.919715,5
犠牲,負う,0.848427,1
犠牲,ロス,0.844554,2
犠牲,損失,0.844467,3
犠牲,捕らわれる,0.837865,4
犠牲,被害,0.837638,5
楽譜,教科書,0.917442,1
楽譜,図書,0.913976,2
楽譜,書面,0.911314,3
楽譜,図面,0.906825,4
楽譜,マップ,0.904405,5
心地,ほっこり,0.972236,1
心地,ゆうゆう,0.955011,2
心地,風合い,0.943597,3
心地,アットホーム,0.941021,4
心地,心地良い,0.9396,5
ウレタン,ポリエステル,0.901828,1
ウレタン,モーター,0.889344,2
ウレタン,樹脂,0.887692,3
ウレタン,電気,0.883651,4
ウレタン,機械,0.874715,5
後方,後ろ,0.968942,1
後方,裏,0.941938,2
後方,バック,0.929553,3
後方,寧ろ,0.918302,4
後方,裏面,0.916571,5
銃,武器,0.968359,1
銃,兵器,0.908942,2
銃,注射,0.878637,3
銃,ミサイル,0.826695,4
銃,刀,0.823102,5
要項,明記,0.964379,1
要項,要件,0.962956,2
要項,明細,0.961918,3
要項,欄,0.96145,4
要項,支給,0.960917,5
茎,麦,0.932223,1
茎,芝,0.931903,2
茎,顎,0.928857,3
茎,種,0.920715,4
茎,立つ,0.918735,5
育休,給付,0.889069,1
育休,産休,0.87657,2
育休,有給,0.874283,3
育休,客室,0.873317,4
育休,フローリング,0.871642,5
新型コロナ,新型コロナウイルス感染症,0.975699,1
新型コロナ,新型コロナウイルス,0.949902,2
新型コロナ,コロナ禍,0.946098,3
新型コロナ,コロナウイルス,0.915634,4
新型コロナ,危機,0.806426,5
頬,日頃,0.954965,1
頬,前髪,0.954332,2
頬,リップ,0.949119,3
頬,チーク,0.948685,4
頬,バスト,0.947883,5
プラグ,端子,0.924918,1
プラグ,パッチ,0.92419,2
プラグ,アダプター,0.919746,3
プラグ,クリップ,0.917829,4
プラグ,駐車,0.908561,5
是,当然,0.986113,1
是,的確,0.975449,2
是,正,0.973635,3
是,提供,0.972359,4
是,正しい,0.971727,5
蛙,かえる,0.960973,1
蛙,蟹,0.898465,2
蛙,蝦,0.897691,3
蛙,兎,0.874402,4
蛙,昆虫,0.873725,5
マニア,妄想,0.848288,1
マニア,怪しい,0.827246,2
マニア,外れ,0.795047,3
マニア,異常,0.794352,4
マニア,違和,0.781705,5
キャプテン,主力,0.93126,1
キャプテン,指導者,0.93082,2
キャプテン,主役,0.92883,3
キャプテン,チャンピオン,0.919865,4
キャプテン,主導,0.918008,5
交わす,交える,0.974616,1
交わす,向き合う,0.969114,2
交わす,会う,0.965749,3
交わす,向ける,0.965146,4
交わす,接する,0.960046,5
縫製,縫う,0.963972,1
縫製,塗装,0.915272,2
縫製,稽古,0.909293,3
縫製,仕立てる,0.905566,4
縫製,仕立て,0.898182,5
断然,重い,0.828711,1
断然,重たい,0.814407,2
断然,辛口,0.793997,3
断然,ハード,0.789554,4
断然,厳しい,0.784274,5
パーキング,置き場,0.971759,1
パーキング,駐車場,0.969193,2
パーキング,カウンター,0.956749,3
パーキング,包装,0.956705,4
パーキング,レジ,0.949754,5
リスニング,生徒,0.935009,1
リスニング,教わる,0.930222,2
リスニング,学ぶ,0.925494,3
リスニング,話し掛ける,0.921067,4
リスニング,尊重,0.920064,5
ベビーカー,コップ,0.944131,1
ベビーカー,スプーン,0.942161,2
ベビーカー,椅子,0.94117,3
ベビーカー,カップ,0.938126,4
ベビーカー,デスク,0.924848,5
特色,特徴的,0.951621,1
特色,逸品,0.875432,2
特色,理想的,0.872899,3
特色,特別,0.863461,4
特色,絶妙,0.862787,5
ニュージーランド,フィンランド,0.940615,1
ニュージーランド,北欧,0.926327,2
ニュージーランド,スウェーデン,0.923664,3
ニュージーランド,カナダ,0.915635,4
ニュージーランド,スイス,0.899005,5
トリミング,剪定,0.948575,1
トリミング,クリーニング,0.92599,2
トリミング,クレンジング,0.922192,3
トリミング,補正,0.919856,4
トリミング,矯正,0.917156,5
交差,同時,0.918489,1
交差,クロス,0.913089,2
交差,横断,0.912953,3
交差,並行,0.905338,4
交差,相互,0.877563,5
スクロール,視聴,0.897098,1
スクロール,伸縮,0.895194,2
スクロール,転送,0.885361,3
スクロール,搭乗,0.884559,4
スクロール,信号,0.883923,5
上陸,乗り,0.936352,1
上陸,ロード,0.925196,2
上陸,再開,0.924864,3
上陸,以来,0.904293,4
上陸,渡る,0.903527,5
話し掛ける,お喋り,0.960618,1
話し掛ける,お出掛け,0.958949,2
話し掛ける,面会,0.956856,3
話し掛ける,喋る,0.954635,4
話し掛ける,会話,0.953687,5
トースト,パンケーキ,0.92567,1
トースト,マグカップ,0.923545,2
トースト,ソープ,0.915904,3
トースト,パジャマ,0.913329,4
トースト,弁当,0.906469,5
予約制,保証,0.943805,1
予約制,予約,0.940169,2
予約制,代金,0.937388,3
予約制,予定,0.936506,4
予約制,認可,0.934895,5
健康的,健やか,0.975385,1
健康的,コラーゲン,0.952197,2
健康的,ヘルシー,0.951669,3
健康的,養生,0.943894,4
健康的,健全,0.937172,5
つるつる,流す,0.9241,1
つるつる,つる,0.918787,2
つるつる,分岐,0.881603,3
つるつる,弾く,0.877893,4
つるつる,膨らむ,0.871697,5
八王子,王国,0.8707,1
八王子,エジプト,0.852562,2
八王子,キングダム,0.833263,3
八王子,帝国,0.822111,4
八王子,祭,0.80617,5
メカニズム,実装,0.931986,1
メカニズム,加工,0.930468,2
メカニズム,機体,0.922591,3
メカニズム,工法,0.919943,4
メカニズム,コントローラー,0.918959,5
省略,減,0.95935,1
省略,減少,0.951322,2
省略,オフ,0.941572,3
省略,少,0.940471,4
省略,縮小,0.937696,5
ジーンズ,デニム,0.961012,1
ジーンズ,アパレル,0.942742,2
ジーンズ,トップス,0.935251,3
ジーンズ,ズボン,0.935177,4
ジーンズ,推薦,0.92667,5
バックパック,リュック,0.976353,1
バックパック,シューズ,0.958853,2
バックパック,ウォレット,0.948124,3
バックパック,台所,0.942872,4
バックパック,アカウント,0.940697,5
ミスト,霧,0.962851,1
ミスト,曇り,0.855354,2
ミスト,泡,0.844178,3
ミスト,漂う,0.843365,4
ミスト,氷,0.83552,5
ロケット,軍事,0.799419,1
ロケット,ミサイル,0.788688,2
ロケット,ターボ,0.77535,3
ロケット,ミリタリー,0.765495,4
ロケット,仮想通貨,0.76501,5
TEL,搭載,0.981549,1
TEL,EC,0.978067,2
TEL,AT,0.976637,3
TEL,プロ,0.972019,4
TEL,au,0.971127,5
研磨,磨く,0.952206,1
研磨,狙い,0.944983,2
研磨,大工,0.883747,3
研磨,割る,0.878244,4
研磨,ガード,0.870155,5
辞典,辞書,0.99181,1
辞典,教科書,0.974378,2
辞典,教材,0.972269,3
辞典,教科,0.970516,4
辞典,参考書,0.969399,5
うう,ううん,0.979288,1
うう,あー,0.969698,2
うう,怠る,0.937949,3
うう,うー,0.934801,4
うう,くすみ,0.932095,5
舎,宿,0.964876,1
舎,戸,0.962063,2
舎,予め,0.960677,3
舎,たてる,0.959997,4
舎,おく,0.959978,5
納める,入る,0.960181,1
納める,インプット,0.958979,2
納める,返事,0.957207,3
納める,言及,0.956172,4
納める,引き換え,0.955392,5
セッティング,セット,0.96078,1
セッティング,設定,0.959713,2
セッティング,構成,0.953285,3
セッティング,フォルム,0.952482,4
セッティング,レイヤー,0.950792,5
励む,励ます,0.993747,1
励む,利く,0.948824,2
励む,勧める,0.941275,3
励む,勧め,0.940163,4
励む,得る,0.93941,5
専属,専用,0.904071,1
専属,専任,0.851534,2
専属,特化,0.850747,3
専属,貴重,0.814424,4
専属,VIP,0.813101,5
まい,ぎ,0.982899,1
まい,アン,0.978913,2
まい,アレ,0.978449,3
まい,わ,0.978122,4
まい,せい,0.977952,5
フィッシング,詐欺,0.954461,1
フィッシング,騙す,0.919365,2
フィッシング,中傷,0.880546,3
フィッシング,パワハラ,0.87152,4
フィッシング,注入,0.862341,5
低温,冷たい,0.898632,1
低温,凍結,0.888041,2
低温,ゼロ,0.871556,3
低温,陰,0.86403,4
低温,ひんやり,0.859779,5
白色,白い,0.98863,1
白色,白,0.958329,2
白色,ホワイト,0.957913,3
白色,透明,0.957684,4
白色,青色,0.943688,5
学部,職員,0.942846,1
学部,拠点,0.935656,2
学部,役目,0.934509,3
学部,授業,0.933886,4
学部,学院,0.932701,5
公正,適正,0.939436,1
公正,正義,0.939135,2
公正,妥当,0.939005,3
公正,公認,0.933165,4
公正,記事,0.926947,5
話し合う,話し合い,0.98928,1
話し合う,ディスカッション,0.96277,2
話し合う,対話,0.962126,3
話し合う,伝達,0.961909,4
話し合う,話す,0.959492,5
パーフェクト,完璧,0.986179,1
パーフェクト,高品質,0.952991,2
パーフェクト,上質,0.94804,3
パーフェクト,一流,0.93619,4
パーフェクト,高級,0.933825,5
伝授,旨い,0.939444,1
伝授,供養,0.931145,2
伝授,承継,0.930748,3
伝授,養成,0.92983,4
伝授,受け継ぐ,0.929338,5
ルビー,黄金,0.946008,1
ルビー,ゴールド,0.930991,2
ルビー,宝石,0.91113,3
ルビー,ダイヤモンド,0.908005,4
ルビー,プラチナ,0.895863,5
BB,FF,0.988869,1
BB,CH,0.985736,2
BB,r,0.985478,3
BB,フォー,0.984066,4
BB,EX,0.983857,5
ブランディング,出版,0.932843,1
ブランディング,ブランド,0.930576,2
ブランディング,wordpress,0.929164,3
ブランディング,シネマ,0.925845,4
ブランディング,フジテレビ,0.924126,5
ココ,ゆう,0.975143,1
ココ,りん,0.97371,2
ココ,マイ,0.971906,3
ココ,つき,0.968477,4
ココ,み,0.966129,5
マーカー,票,0.948614,1
マーカー,スイッチ,0.947302,2
マーカー,瓶,0.934048,3
マーカー,カート,0.931876,4
マーカー,ワゴン,0.931031,5
市役所,本社,0.958778,1
市役所,機構,0.956006,2
市役所,公務,0.950477,3
市役所,編集部,0.948173,4
市役所,本部,0.947164,5
ヘルス,健康,0.991077,1
ヘルス,保健,0.976513,2
ヘルス,技能,0.96305,3
ヘルス,権利,0.960818,4
ヘルス,スキル,0.959141,5
制定,策定,0.989325,1
制定,課程,0.977351,2
制定,コース,0.971286,3
制定,機能,0.964487,4
制定,メソッド,0.963062,5
磨き,綴る,0.95653,1
磨き,仕上げる,0.954023,2
磨き,整う,0.950558,3
磨き,整える,0.942082,4
磨き,解す,0.932242,5
電圧,電源,0.912296,1
電圧,納期,0.910994,2
電圧,金利,0.90538,3
電圧,期限,0.898802,4
電圧,発売日,0.895429,5
レバレッジ,パワー,0.879536,1
レバレッジ,マネー,0.848683,2
レバレッジ,金銭,0.826523,3
レバレッジ,ドリル,0.80909,4
レバレッジ,加速,0.806763,5
番地,番号,0.968465,1
番地,置き場,0.964645,2
番地,仕切り,0.963741,3
番地,品番,0.962269,4
番地,ボックス,0.959739,5
秋葉原,渋谷,0.929729,1
秋葉原,ハリウッド,0.811494,2
秋葉原,芸能界,0.809356,3
秋葉原,フェス,0.791235,4
秋葉原,DJ,0.789683,5
宴会,クリスマス,0.925282,1
宴会,クルーズ,0.913133,2
宴会,新年,0.912872,3
宴会,祝い,0.898666,4
宴会,甲子園,0.89732,5
録,料,0.985207,1
録,処,0.984609,2
録,段,0.982348,3
録,抜粋,0.982261,4
録,有り,0.981219,5
シアター,劇場,0.994707,1
シアター,舞台,0.962573,2
シアター,演劇,0.960125,3
シアター,劇団,0.957845,4
シアター,芝居,0.952788,5
柏,杉,0.983369,1
柏,松,0.951335,2
柏,林,0.941198,3
柏,オーク,0.93383,4
柏,樹,0.931664,5
ビュッフェ,バー,0.931885,1
ビュッフェ,食堂,0.920196,2
ビュッフェ,飲食店,0.887222,3
ビュッフェ,プラザ,0.884767,4
ビュッフェ,広場,0.884267,5
愛顧,愛する,0.973712,1
愛顧,親子,0.972334,2
愛顧,友情,0.969151,3
愛顧,ラブ,0.968816,4
愛顧,親しむ,0.966286,5
申請書,請求書,0.963309,1
申請書,登記,0.950825,2
申請書,レシート,0.942247,3
申請書,プリント,0.939637,4
申請書,書類,0.937184,5
弄る,スウェット,0.896294,1
弄る,起毛,0.881704,2
弄る,染みる,0.878742,3
弄る,ぶつける,0.875766,4
弄る,吐く,0.869768,5
フェンス,ラック,0.958374,1
フェンス,ブロック,0.946368,2
フェンス,シャッター,0.942758,3
フェンス,ドック,0.941135,4
フェンス,ウォール,0.939988,5
ジューシー,爽やか,0.886228,1
ジューシー,美味しい,0.884657,2
ジューシー,甘み,0.879535,3
ジューシー,美味しさ,0.878305,4
ジューシー,香る,0.869395,5
減額,小遣い,0.950985,1
減額,軽減,0.925881,2
減額,低減,0.910757,3
減額,省,0.908706,4
減額,短,0.897281,5
傾ける,放つ,0.951055,1
傾ける,手放す,0.917792,2
傾ける,傾く,0.917221,3
傾ける,擦れる,0.910819,4
傾ける,疑問,0.908205,5
教わる,習う,0.960746,1
教わる,手助け,0.952532,2
教わる,覚える,0.949988,3
教わる,知る,0.94734,4
教わる,お復習い,0.946477,5
離脱,捨離,0.921694,1
離脱,離れる,0.901409,2
離脱,断つ,0.901354,3
離脱,逃す,0.899095,4
離脱,断る,0.897327,5
泥,沼,0.933567,1
泥,雑草,0.922903,2
泥,さび,0.920512,3
泥,黴,0.900123,4
泥,落ち,0.880704,5
肝臓,股関節,0.953509,1
肝臓,臓器,0.928785,2
肝臓,肺,0.928064,3
肝臓,肝,0.913551,4
肝臓,代謝,0.907667,5
厚手,厚い,0.918009,1
厚手,厚,0.906362,2
厚手,爺,0.899618,3
厚手,膨脛,0.898245,4
厚手,蓄積,0.891641,5
方向性,期間,0.943873,1
方向性,パス,0.93749,2
方向性,アクセス,0.93252,3
方向性,並べる,0.929148,4
方向性,ポジション,0.928382,5
月々,バレー,0.958253,1
月々,星座,0.936469,2
月々,湖,0.917457,3
月々,花弁,0.913745,4
月々,秋冬,0.912737,5
太田,西村,0.988149,1
太田,上田,0.985145,2
太田,田村,0.982573,3
太田,野田,0.982293,4
太田,佐藤,0.980986,5
一昨,裏,0.934906,1
一昨,一度,0.918591,2
一昨,未だ未だ,0.914319,3
一昨,過ぎ,0.91262,4
一昨,ニート,0.905866,5
搭乗,乗り,0.963182,1
搭乗,出入り,0.954061,2
搭乗,期間,0.953228,3
搭乗,来店,0.951037,4
搭乗,アクセス,0.948586,5
言い訳,嘘,0.914747,1
言い訳,過失,0.901789,2
言い訳,サボる,0.891756,3
言い訳,勘違い,0.889302,4
言い訳,誤解,0.887029,5
等級,型,0.959672,1
等級,レベル,0.952879,2
等級,方,0.950599,3
等級,タイプ,0.949647,4
等級,度目,0.947521,5
板金,コンテナ,0.962427,1
板金,基板,0.957584,2
板金,コーティング,0.956255,3
板金,レール,0.95495,4
板金,橋,0.945693,5
正しく,正確,0.987409,1
正しく,正しい,0.980431,2
正しく,適切,0.977999,3
正しく,正規,0.977173,4
正しく,妥当,0.970371,5
少,最小,0.991099,1
少,少ない,0.987555,2
少,低,0.985255,3
少,少なめ,0.982677,4
少,低い,0.955384,5
称する,有り,0.978814,1
称する,取り上げる,0.978114,2
称する,キーワード,0.97809,3
称する,指,0.97618,4
称する,項,0.975327,5
湾,浜,0.957252,1
湾,谷,0.945962,2
湾,平野,0.931013,3
湾,光景,0.928759,4
湾,ランド,0.928515,5
摩擦,捕まる,0.860806,1
摩擦,湿気,0.858214,2
摩擦,咳,0.845433,3
摩擦,細菌,0.836966,4
摩擦,菌,0.835024,5
返還,返却,0.979226,1
返還,返礼,0.976936,2
返還,払い,0.955827,3
返還,リターン,0.955468,4
返還,返金,0.946558,5
乱れる,乱れ,0.986524,1
乱れる,混乱,0.960696,2
乱れる,破る,0.93578,3
乱れる,騒動,0.914534,4
乱れる,やばい,0.913902,5
面会,話し掛ける,0.956856,1
面会,会う,0.952081,2
面会,訪問,0.950602,3
面会,フォロー,0.942617,4
面会,顧客,0.942539,5
スタディー,戸建て,0.927073,1
スタディー,一戸建て,0.917459,2
スタディー,瞑想,0.90181,3
スタディー,内蔵,0.900415,4
スタディー,日記,0.900113,5
指導者,リーダー,0.976527,1
指導者,主役,0.967696,2
指導者,重要,0.962118,3
指導者,主力,0.958643,4
指導者,教師,0.952911,5
モットー,項目,0.963181,1
モットー,タイトル,0.959043,2
モットー,記載,0.957552,3
モットー,欄,0.957043,4
モットー,設ける,0.95338,5
区画,配列,0.957974,1
区画,単位,0.953316,2
区画,枚数,0.95116,3
区画,カウント,0.947319,4
区画,フレーム,0.94508,5
菠薐草,オレンジ,0.932536,1
菠薐草,麦,0.927371,2
菠薐草,玉葱,0.911344,3
菠薐草,トマト,0.902335,4
菠薐草,ジャガ芋,0.895299,5
ユニバーサル,汎用,0.974079,1
ユニバーサル,通用,0.957024,2
ユニバーサル,公開,0.956069,3
ユニバーサル,公的,0.953827,4
ユニバーサル,共通,0.953799,5
頼り,信頼,0.968776,1
頼り,主人,0.965627,2
頼り,頼る,0.964082,3
頼り,親,0.963462,4
頼り,父さん,0.963437,5
際立つ,目立つ,0.918874,1
際立つ,極上,0.867725,2
際立つ,最強,0.864922,3
際立つ,圧巻,0.850637,4
際立つ,抜群,0.837743,5
ベーコン,ハム,0.929597,1
ベーコン,砂糖,0.90917,2
ベーコン,ビーフ,0.896922,3
ベーコン,糖,0.893657,4
ベーコン,バター,0.89305,5
又々,さす,0.96519,1
又々,ず,0.954851,2
又々,まー,0.954457,3
又々,む,0.953139,4
又々,ば,0.95003,5
たん,どん,0.98834,1
たん,ぞ,0.982357,2
たん,ば,0.965292,3
たん,じゃ,0.964935,4
たん,しょう,0.959358,5
豪,最,0.965006,1
豪,たか,0.960995,2
豪,最も,0.955119,3
豪,高め,0.955101,4
豪,グラン,0.940384,5
改訂,改正,0.962992,1
改訂,手続き,0.957317,2
改訂,改定,0.956833,3
改訂,検証,0.954499,4
改訂,見直し,0.951792,5
接近,近付ける,0.957455,1
接近,接する,0.945379,2
接近,引く,0.942357,3
接近,近付く,0.938343,4
接近,直近,0.930924,5
ゆき,青,0.896425,1
ゆき,いか,0.892518,2
ゆき,山下,0.886495,3
ゆき,アイス,0.883624,4
ゆき,白石,0.875886,5
鹿,羊,0.890226,1
鹿,鳩,0.877274,2
鹿,日和,0.873317,3
鹿,夕方,0.853324,4
鹿,クローバー,0.831647,5
耐性,押さえる,0.899766,1
耐性,背負う,0.897172,2
耐性,アンド,0.87687,3
耐性,制する,0.874569,4
耐性,耐,0.872526,5
対立,争い,0.947835,1
対立,緊張,0.91726,2
対立,ぶつかる,0.912966,3
対立,争う,0.912269,4
対立,対抗,0.902772,5
車体,机,0.947974,1
車体,設備,0.947631,2
車体,ストレージ,0.946786,3
車体,ラック,0.940256,4
車体,モジュール,0.938937,5
薬物,ドラッグ,0.83929,1
薬物,銃,0.820425,2
薬物,タバコ,0.81643,3
薬物,注射,0.804684,4
薬物,農薬,0.7913,5
加齢,老化,0.972798,1
加齢,エイジング,0.911153,2
加齢,慢性,0.882879,3
加齢,白髪,0.848454,4
加齢,仕方,0.845283,5
あご,額,0.978446,1
あご,ネック,0.970154,2
あご,前髪,0.965359,3
あご,ウエスト,0.964478,4
あご,眉,0.962844,5
金庫,インフラ,0.850986,1
金庫,役員,0.850013,2
金庫,資本,0.83737,3
金庫,バンク,0.835473,4
金庫,特許,0.833728,5
大工,研磨,0.883747,1
大工,ミシン,0.860654,2
大工,訓練,0.854487,3
大工,鍛える,0.850101,4
大工,稽古,0.848604,5
台数,ユニット,0.957753,1
台数,パック,0.957559,2
台数,アイテム,0.952807,3
台数,限度額,0.94786,4
台数,パッケージ,0.947521,5
椎茸,人参,0.96935,1
椎茸,ごま,0.948721,2
椎茸,玄米,0.944286,3
椎茸,くるみ,0.943527,4
椎茸,蕎麦,0.943347,5
使い捨て,キャンセル,0.869808,1
使い捨て,ゴミ,0.8354,2
使い捨て,無職,0.822377,3
使い捨て,偽物,0.811277,4
使い捨て,廃車,0.809583,5
マルシェ,拍手,0.874591,1
マルシェ,共演,0.868613,2
マルシェ,集会,0.8682,3
マルシェ,浅草,0.861627,4
マルシェ,募る,0.848707,5
割れ,割れる,0.964736,1
割れ,剥がれる,0.959143,2
割れ,陥る,0.956279,3
割れ,破れる,0.950202,4
割れ,倒れる,0.944524,5
痒み,痒い,0.982444,1
痒み,咳,0.925028,2
痒み,頭痛,0.91766,3
痒み,痛む,0.905694,4
痒み,しんどい,0.899635,5
真っ白,ホワイト,0.949549,1
真っ白,白い,0.944721,2
真っ白,白,0.932433,3
真っ白,白色,0.923155,4
真っ白,透明,0.899243,5
高圧,戦闘,0.912942,1
高圧,戦,0.889443,2
高圧,ミサイル,0.883317,3
高圧,ウォーズ,0.882103,4
高圧,軍事,0.880983,5
解雇,苦情,0.888999,1
解雇,残業,0.877497,2
解雇,借金,0.876675,3
解雇,債務,0.872592,4
解雇,苛々,0.86433,5
信州,伊勢,0.96666,1
信州,瀬戸,0.961866,2
信州,出雲,0.961377,3
信州,山梨,0.954111,4
信州,島根,0.953663,5
到来,来る,0.960795,1
到来,届く,0.955963,2
到来,来月,0.950321,3
到来,来週,0.949478,4
到来,以後,0.946745,5
博物,博物館,0.977965,1
博物,ミュージアム,0.977468,2
博物,ギャラリー,0.965283,3
博物,美術館,0.952633,4
博物,館,0.951195,5
口臭,臭い,0.940844,1
口臭,臭,0.910913,2
口臭,汚れ,0.893906,3
口臭,渋い,0.891393,4
口臭,汚い,0.879991,5
ドラクエ,ガンダム,0.8551,1
ドラクエ,ドラゴン,0.803304,2
ドラクエ,ウルトラ,0.795839,3
ドラクエ,超絶,0.776006,4
ドラクエ,最強,0.706108,5
朝御飯,熟す,0.942528,1
朝御飯,もち,0.926358,2
朝御飯,寄る,0.92111,3
朝御飯,煮物,0.920391,4
朝御飯,湯,0.917812,5
専門的,専門家,0.964045,1
専門的,専門,0.960293,2
専門的,プロフェッショナル,0.957665,3
専門的,博士,0.943223,4
専門的,学術,0.938688,5
マイページ,ラップ,0.957685,1
マイページ,用途,0.955959,2
マイページ,シュー,0.941392,3
マイページ,ズボン,0.940795,4
マイページ,ウェア,0.940472,5
返送,払い戻し,0.971109,1
返送,返却,0.967332,2
返送,返金,0.953494,3
返送,経費,0.951207,4
返送,返品,0.949626,5
通用,共通,0.984927,1
通用,汎用,0.982989,2
通用,一般的,0.98038,3
通用,一般,0.97442,4
通用,共有,0.960403,5
POP,コンビ,0.931765,1
POP,コンボ,0.924302,2
POP,掛け,0.920916,3
POP,BB,0.917162,4
POP,用,0.916557,5
広大,天,0.927435,1
広大,洋,0.913012,2
広大,世界的,0.890699,3
広大,惑星,0.888059,4
広大,世の中,0.88715,5
軍事,ミリタリー,0.984754,1
軍事,軍,0.914387,2
軍事,兵器,0.909389,3
軍事,高圧,0.880983,4
軍事,ミサイル,0.870232,5
翌年,翌月,0.985025,1
翌年,来月,0.976319,2
翌年,来週,0.959954,3
翌年,明日,0.952434,4
翌年,到達,0.945714,5
もちもち,温かい,0.93901,1
もちもち,暖かい,0.937523,2
もちもち,甘い,0.933517,3
もちもち,あたたかい,0.930704,4
もちもち,もち,0.922914,5
通訳,研修,0.942873,1
通訳,コンサル,0.937954,2
通訳,顧問,0.928881,3
通訳,税理士,0.922074,4
通訳,コンサルタント,0.922065,5
殺菌,除菌,0.988701,1
殺菌,消毒,0.972899,2
殺菌,抗菌,0.933274,3
殺菌,ジム,0.858319,4
殺菌,セキュリティー,0.852538,5
尻,飽きる,0.90841,1
尻,あー,0.900806,2
尻,尻尾,0.899071,3
尻,お尻,0.894595,4
尻,無駄毛,0.877908,5
近鉄,東武,0.98114,1
近鉄,都営,0.967253,2
近鉄,自治体,0.950858,3
近鉄,本線,0.94407,4
近鉄,商社,0.94194,5
日当たり,日差し,0.943324,1
日当たり,アウトドア,0.918416,2
日当たり,活,0.916725,3
日当たり,育つ,0.913379,4
日当たり,親子,0.913367,5
焙煎,ロースト,0.917815,1
焙煎,釣果,0.910285,2
焙煎,遣り甲斐,0.909237,3
焙煎,召し上がる,0.890089,4
焙煎,当たり,0.886153,5
ドキュメント,文書,0.981215,1
ドキュメント,記録,0.969226,2
ドキュメント,資料,0.968403,3
ドキュメント,説明書,0.965469,4
ドキュメント,セクション,0.963475,5
体幹,免疫,0.940954,1
体幹,筋肉,0.937575,2
体幹,筋力,0.934206,3
体幹,免疫力,0.93183,4
体幹,心臓,0.918054,5
ポータル,サイト,0.95527,1
ポータル,ステーション,0.954535,2
ポータル,ユーロ,0.95336,3
ポータル,.com,0.949824,4
ポータル,号線,0.949809,5
怠い,怠る,0.991041,1
怠い,眠い,0.92803,2
怠い,ううん,0.919017,3
怠い,うう,0.915754,4
怠い,どうせ,0.908508,5
市川,神田,0.983471,1
市川,高崎,0.972496,2
市川,中山,0.969238,3
市川,本場,0.969209,4
市川,明石,0.962937,5
エンディング,結末,0.956161,1
エンディング,具材,0.952643,2
エンディング,所,0.950171,3
エンディング,セッティング,0.949865,4
エンディング,実質,0.947669,5
参画,参加,0.970016,1
参画,行事,0.954315,2
参画,ディスカッション,0.954038,3
参画,参加者,0.94796,4
参画,話し合う,0.944904,5
カートリッジ,瓶,0.952435,1
カートリッジ,パーツ,0.949419,2
カートリッジ,ZIP,0.949207,3
カートリッジ,カート,0.945885,4
カートリッジ,引き出し,0.940887,5
周知,常識,0.95426,1
周知,当たり前,0.953509,2
周知,共通,0.936252,3
周知,事実,0.924815,4
周知,見える,0.923709,5
マスコミ,媒体,0.972983,1
マスコミ,プレス,0.972252,2
マスコミ,メディア,0.959402,3
マスコミ,シティー,0.947075,4
マスコミ,放送,0.946886,5
号線,道路,0.96121,1
号線,勤務地,0.958826,2
号線,サイト,0.95656,3
号線,国道,0.954868,4
号線,ポータル,0.949809,5
マクドナルド,セブン‐イレブン,0.93129,1
マクドナルド,ローソン,0.889658,2
マクドナルド,マート,0.869534,3
マクドナルド,ロッテ,0.85978,4
マクドナルド,モール,0.85516,5
購入者,利用者,0.970598,1
購入者,使う,0.963065,2
購入者,服用,0.959602,3
購入者,消費者,0.95864,4
購入者,用いる,0.95598,5
エルメス,ディオール,0.92812,1
エルメス,シャネル,0.915715,2
エルメス,ブライダル,0.89261,3
エルメス,香水,0.880264,4
エルメス,ルイヴィトン,0.863195,5
市営,郵便局,0.960791,1
市営,都営,0.943858,2
市営,施設,0.943655,3
市営,サイト,0.941764,4
市営,公立,0.937807,5
先頭,節,0.965439,1
先頭,序で,0.96339,2
先頭,料,0.961824,3
先頭,首,0.96164,4
先頭,前面,0.960303,5
欲,思い切り,0.866051,1
欲,欲求,0.840621,2
欲,ヒート,0.804003,3
欲,癖,0.799893,4
欲,つれる,0.79772,5
肯定,御勧め,0.972462,1
肯定,賛同,0.962049,2
肯定,重視,0.959037,3
肯定,賛成,0.9571,4
肯定,勧める,0.95697,5
軌道,惑星,0.912651,1
軌道,世紀,0.895666,2
軌道,天,0.889622,3
軌道,大陸,0.885999,4
軌道,アース,0.865384,5
節税,タブレット,0.903201,1
節税,口座,0.900273,2
節税,クレジットカード,0.899043,3
節税,パソコン,0.89496,4
節税,Android,0.89131,5
試行,試す,0.950381,1
試行,試し,0.94266,2
試行,日替わり,0.927941,3
試行,試みる,0.92133,4
試行,試み,0.914153,5
優雅,褒美,0.951005,1
優雅,奇麗,0.942592,2
優雅,エレガント,0.939787,3
優雅,美品,0.939519,4
優雅,美,0.922614,5
FF,EX,0.989512,1
FF,BB,0.988869,2
FF,ST,0.986223,3
FF,CM,0.985685,4
FF,SE,0.985436,5
折り紙,手芸,0.697973,1
折り紙,鉛筆,0.693074,2
折り紙,折る,0.663045,3
折り紙,遊具,0.660176,4
折り紙,自家製,0.660031,5
マス,群,0.946403,1
マス,数百,0.944077,2
マス,外構,0.942554,3
マス,規模,0.941137,4
マス,全域,0.938665,5
スナック,クッキー,0.953474,1
スナック,cookie,0.914306,2
スナック,ドーナツ,0.889326,3
スナック,パンケーキ,0.885891,4
スナック,ソーダ,0.87586,5
好感,似合う,0.972785,1
好感,仲良し,0.959419,2
好感,親切,0.953538,3
好感,好く,0.950588,4
好感,フレンド,0.950531,5
アルファ,翔,0.923385,1
アルファ,トップ,0.917193,2
アルファ,羽生,0.911273,3
アルファ,TOP,0.908219,4
アルファ,ウィズ,0.906349,5
社外,外国,0.904373,1
社外,外側,0.898216,2
社外,海外,0.896551,3
社外,向こう,0.895471,4
社外,外部,0.890891,5
脱,折,0.901999,1
脱,離す,0.890184,2
脱,回す,0.890115,3
脱,只管,0.888858,4
脱,返る,0.887915,5
近郊,近所,0.971571,1
近郊,ローカル,0.962515,2
近郊,近辺,0.9599,3
近郊,近隣,0.950199,4
近郊,地元,0.950079,5
変数,納期,0.965598,1
変数,期限,0.940614,2
変数,チケット,0.939439,3
変数,換算,0.933589,4
変数,トーク,0.927539,5
東武,近鉄,0.98114,1
東武,都営,0.970952,2
東武,商社,0.961289,3
東武,西武,0.958136,4
東武,列車,0.952106,5
過,屡々,0.895568,1
過,つかる,0.878977,2
過,又,0.853714,3
過,次々,0.842724,4
過,あんな,0.840516,5
挙式,成婚,0.935331,1
挙式,礼,0.924832,2
挙式,婚,0.92472,3
挙式,仕舞う,0.921283,4
挙式,結婚,0.917397,5
申し立て,返送,0.936845,1
申し立て,返却,0.934977,2
申し立て,返礼,0.931009,3
申し立て,費用,0.927296,4
申し立て,払う,0.919793,5
フィンランド,スウェーデン,0.964957,1
フィンランド,北欧,0.949253,2
フィンランド,スイス,0.94499,3
フィンランド,ニュージーランド,0.940615,4
フィンランド,カナダ,0.925501,5
最大級,最高,0.97473,1
最大級,最大,0.966438,2
最大級,高,0.94533,3
最大級,最,0.938106,4
最大級,超,0.933396,5
リキッド,柔軟,0.901203,1
リキッド,弾力,0.883712,2
リキッド,ウエット,0.847994,3
リキッド,可動,0.829559,4
リキッド,出現,0.828451,5
使命,指導者,0.948628,1
使命,実績,0.944158,2
使命,主役,0.940959,3
使命,実現,0.940933,4
使命,主演,0.935679,5
膨大,大量,0.958087,1
膨大,沢山,0.946802,2
膨大,数千,0.924962,3
膨大,大きな,0.918959,4
膨大,大規模,0.91597,5
M&A,政治,0.945241,1
M&A,買収,0.935039,2
M&A,政府,0.922489,3
M&A,トレード,0.906258,4
M&A,貿易,0.900748,5
アタック,攻撃,0.975682,1
アタック,破壊,0.944582,2
アタック,侵入,0.941596,3
アタック,犯罪,0.934669,4
アタック,煽る,0.933833,5
意,ジャン,0.985287,1
意,アン,0.982927,2
意,ラ,0.980265,3
意,ア,0.979953,4
意,シン,0.978633,5
ミッキー,ディズニー,0.918562,1
ミッキー,アイドル,0.908946,2
ミッキー,クリスマス,0.899352,3
ミッキー,ディズニーランド,0.897261,4
ミッキー,プリキュア,0.89571,5
コイル,バルブ,0.95037,1
コイル,足場,0.933342,2
コイル,ワイヤ,0.929583,3
コイル,ZIP,0.925458,4
コイル,番号,0.923248,5
皮膚科,内科,0.953831,1
皮膚科,眼科,0.942797,2
皮膚科,通院,0.937253,3
皮膚科,診療,0.935949,4
皮膚科,経歴,0.92543,5
証書,証明書,0.940968,1
証書,教科書,0.930719,2
証書,参考書,0.925388,3
証書,ライセンス,0.923792,4
証書,教材,0.919531,5
精,ファイン,0.946718,1
精,エッセンス,0.944159,2
精,整う,0.940513,3
精,理,0.936141,4
精,仕上がる,0.936017,5
覚める,起きる,0.956876,1
覚める,目覚める,0.950727,2
覚める,片手,0.944162,3
覚める,足元,0.943007,4
覚める,擦る,0.93524,5
シーツ,シート,0.96609,1
シーツ,マットレス,0.964964,2
シーツ,ソープ,0.959202,3
シーツ,タオル,0.959028,4
シーツ,床,0.9579,5
免疫力,免疫,0.952305,1
免疫力,学力,0.942002,2
免疫力,健康,0.941491,3
免疫力,健康的,0.934633,4
免疫力,体幹,0.93183,5
素麺,粥,0.961244,1
素麺,そば,0.949646,2
素麺,団子,0.945887,3
素麺,甘酒,0.938828,4
素麺,ベーシック,0.937866,5
ドレッシング,シャツ,0.94597,1
ドレッシング,カップ,0.945057,2
ドレッシング,室,0.944214,3
ドレッシング,杯,0.937638,4
ドレッシング,衣類,0.937142,5
煉瓦,院,0.921148,1
煉瓦,瓦,0.919139,2
煉瓦,軒,0.909654,3
煉瓦,郡,0.897238,4
煉瓦,県,0.895302,5
トークン,パケット,0.951232,1
トークン,チケット,0.943796,2
トークン,QR,0.935414,3
トークン,パラメーター,0.930213,4
トークン,タグ,0.929664,5
密度,直径,0.96188,1
密度,面積,0.954227,2
密度,辺,0.939696,3
密度,時点,0.93613,4
密度,本数,0.932933,5
曰く,申す,0.975434,1
曰く,言わば,0.956996,2
曰く,宛て,0.952908,3
曰く,こそ,0.950227,4
曰く,似る,0.950128,5
シロップ,砂糖,0.92224,1
シロップ,タルト,0.903792,2
シロップ,ジャム,0.9009,3
シロップ,バター,0.895363,4
シロップ,クリーム,0.894796,5
シャフト,ギヤ,0.91546,1
シャフト,機,0.910753,2
シャフト,JCB,0.900352,3
シャフト,リフト,0.895269,4
シャフト,スピーカー,0.887378,5
地盤,地形,0.928772,1
地盤,地帯,0.928506,2
地盤,土壌,0.917908,3
地盤,標高,0.916716,4
地盤,陸,0.914601,5
ミシン,アンプ,0.934798,1
ミシン,エンジン,0.917948,2
ミシン,JCB,0.909643,3
ミシン,機械,0.905595,4
ミシン,車両,0.903651,5
火曜,火曜日,0.997973,1
火曜,木曜日,0.993151,2
火曜,水曜日,0.990213,3
火曜,木曜,0.986973,4
火曜,水曜,0.986672,5
クラスター,合流,0.883041,1
クラスター,収束,0.880118,2
クラスター,分布,0.877497,3
クラスター,体系,0.876886,4
クラスター,グラフ,0.876468,5
買い付け,発注,0.977662,1
買い付け,購買,0.972384,2
買い付け,出金,0.968646,3
買い付け,換金,0.967596,4
買い付け,ご入金,0.966708,5
あさ,午前中,0.979854,1
あさ,朝,0.977523,2
あさ,午前,0.972053,3
あさ,デー,0.941865,4
あさ,早,0.936304,5
婚約,成婚,0.93786,1
婚約,プロポーズ,0.932599,2
婚約,贈与,0.927152,3
婚約,結婚,0.927034,4
婚約,プロミス,0.924051,5
斎藤,石井,0.988574,1
斎藤,吉田,0.985117,2
斎藤,岡本,0.981005,3
斎藤,内田,0.979966,4
斎藤,藤田,0.978367,5
仕立て,仕立てる,0.981542,1
仕立て,プランナー,0.898497,2
仕立て,縫製,0.898182,3
仕立て,手配,0.894683,4
仕立て,楽器,0.892635,5
追い掛ける,追う,0.978538,1
追い掛ける,追い付く,0.96538,2
追い掛ける,打つ,0.923361,3
追い掛ける,捕まえる,0.905093,4
追い掛ける,掴む,0.886729,5
海上,オーシャン,0.937673,1
海上,海洋,0.93121,2
海上,海,0.91634,3
海上,潮,0.895913,4
海上,太平洋,0.885764,5
破る,煽る,0.937801,1
破る,乱れる,0.93578,2
破る,破壊,0.919764,3
破る,崩す,0.915647,4
破る,乱れ,0.908721,5
園芸,ガーデニング,0.992506,1
園芸,農園,0.960927,2
園芸,ガーデン,0.942629,3
園芸,ヒーリング,0.926249,4
園芸,治癒,0.923078,5
定休,休診,0.926604,1
定休,不動,0.924715,2
定休,泊,0.92169,3
定休,休止,0.918657,4
定休,置き,0.917313,5
ウイング,翼,0.921637,1
ウイング,上昇,0.859192,2
ウイング,翔,0.85577,3
ウイング,激,0.853671,4
ウイング,越え,0.837199,5
SE,ST,0.996306,1
SE,SP,0.995383,2
SE,SS,0.994499,3
SE,ES,0.993727,4
SE,CM,0.991391,5
剛,密,0.917393,1
剛,拘る,0.909855,2
剛,凝る,0.890837,3
剛,アンド,0.889977,4
剛,踵,0.874527,5
苦痛,痛,0.979359,1
苦痛,痛める,0.971506,2
苦痛,痛い,0.968895,3
苦痛,痛む,0.960438,4
苦痛,苦しむ,0.955269,5
上がり,上昇,0.975434,1
上がり,益々,0.96659,2
上がり,向上,0.963107,3
上がり,増,0.959794,4
上がり,増加,0.956028,5
日常生活,読者,0.965679,1
日常生活,日々,0.961493,2
日常生活,言い方,0.959207,3
日常生活,日常,0.958084,4
日常生活,毎日,0.956334,5
大胆,強烈,0.857406,1
大胆,敢えて,0.842546,2
大胆,激しい,0.837807,3
大胆,フレア,0.821492,4
大胆,派手,0.812708,5
会議室,オフィス,0.983553,1
会議室,教室,0.9744,2
会議室,事務所,0.96615,3
会議室,事業所,0.963633,4
会議室,校舎,0.958184,5
理学,理科,0.942746,1
理学,理系,0.918173,2
理学,学術,0.917456,3
理学,学問,0.913173,4
理学,理論,0.908605,5
Webサイト,ウェブサイト,0.994758,1
Webサイト,スーパー,0.953087,2
Webサイト,会社,0.940946,3
Webサイト,電車,0.940828,4
Webサイト,電鉄,0.938495,5
伝達,話し合い,0.963479,1
伝達,話し合う,0.961909,2
伝達,接続,0.96041,3
伝達,連結,0.956072,4
伝達,会見,0.955332,5
周期,週,0.940209,1
周期,シーズン,0.936172,2
周期,順番,0.931166,3
周期,フィールド,0.919903,4
周期,通路,0.917451,5
案外,まさか,0.885237,1
案外,異,0.869241,2
案外,外れ,0.843312,3
案外,違う,0.835232,4
案外,外れる,0.826238,5
音量,払う,0.91584,1
音量,回数,0.912677,2
音量,取り付ける,0.911423,3
音量,買う,0.910455,4
音量,支払う,0.90486,5
配色,ミディアム,0.940383,1
配色,解決,0.936471,2
配色,兼ね備える,0.934848,3
配色,BGM,0.930141,4
配色,中間,0.928876,5
慰謝料,保険料,0.932784,1
慰謝料,賠償,0.925456,2
慰謝料,家賃,0.898229,3
慰謝料,賃料,0.887622,4
慰謝料,課金,0.878616,5
ふっくら,心地良い,0.921179,1
ふっくら,ゆとり,0.910213,2
ふっくら,宜しい,0.90753,3
ふっくら,ゆうゆう,0.907471,4
ふっくら,休日,0.906415,5
郵便局,市営,0.960791,1
郵便局,郵便,0.956488,2
郵便局,工務店,0.944352,3
郵便局,ドラッグストアー,0.934301,4
郵便局,歩道,0.933458,5
パッチ,プラグ,0.92419,1
パッチ,粉末,0.90015,2
パッチ,ピン,0.898457,3
パッチ,短縮,0.88796,4
パッチ,パウダー,0.885517,5
年会費,賃料,0.905638,1
年会費,会費,0.899731,2
年会費,賠償,0.890792,3
年会費,グレード,0.886062,4
年会費,定年,0.882553,5
自在,楽々,0.938124,1
自在,週末,0.934432,2
自在,しなやか,0.926924,3
自在,心地良い,0.926867,4
自在,宜しい,0.925473,5
蛇,酸,0.849971,1
蛇,煙,0.845221,2
蛇,蚊,0.844637,3
蛇,フライ,0.838388,4
蛇,害虫,0.834002,5
薄型,軽量,0.911325,1
薄型,コンパクト,0.90832,2
薄型,ドット,0.8625,3
薄型,ジェル,0.86133,4
薄型,粉末,0.85738,5
恩恵,恵み,0.979817,1
恩恵,母子,0.96768,2
恩恵,母,0.965379,3
恩恵,ママ,0.960092,4
恩恵,重宝,0.95769,5
介する,アプローチ,0.96168,1
介する,対応,0.959674,2
介する,同行,0.95768,3
介する,事例,0.956864,4
介する,員,0.955625,5
受験生,受験,0.875348,1
受験生,受講,0.87318,2
受験生,稼ぐ,0.863368,3
受験生,課題,0.862961,4
受験生,作業,0.858181,5
グラム,位,0.958533,1
グラム,エントリー,0.946002,2
グラム,名義,0.941992,3
グラム,ユニット,0.940799,4
グラム,入れ,0.940519,5
騒ぐ,慌てる,0.921916,1
騒ぐ,喧嘩,0.91377,2
騒ぐ,乱れる,0.910587,3
騒ぐ,ぶつかる,0.910583,4
騒ぐ,焦る,0.903549,5
黒ずみ,さび,0.927401,1
黒ずみ,傷,0.905339,2
黒ずみ,凝り,0.89574,3
黒ずみ,詰まり,0.891148,4
黒ずみ,死,0.890063,5
サン,日,0.967235,1
サン,陽,0.958852,2
サン,満ちる,0.944924,3
サン,明,0.943634,4
サン,東,0.937646,5
コネクター,パラメーター,0.941932,1
コネクター,カウンター,0.941203,2
コネクター,レジ,0.934093,3
コネクター,窓口,0.928261,4
コネクター,指標,0.925668,5
洞窟,地下,0.858789,1
洞窟,岩,0.841427,2
洞窟,古い,0.827058,3
洞窟,井戸,0.821962,4
洞窟,過去,0.819268,5
何人,同,0.978662,1
何人,どんな,0.977094,2
何人,各,0.976453,3
何人,即,0.96802,4
何人,多少,0.966618,5
マリオ,流行,0.881852,1
マリオ,ポップ,0.875178,2
マリオ,流行る,0.865041,3
マリオ,エンタメ,0.851285,4
マリオ,カラオケ,0.844339,5
浸ける,浸る,0.975642,1
浸ける,注ぐ,0.958525,2
浸ける,望む,0.953985,3
浸ける,すすめる,0.953897,4
浸ける,向ける,0.951588,5
受け止める,受け入れる,0.984469,1
受け止める,認める,0.977275,2
受け止める,許容,0.976192,3
受け止める,トーン,0.970647,4
受け止める,受け入れ,0.970445,5
さくら,はな,0.981451,1
さくら,はる,0.951447,2
さくら,ローズ,0.951391,3
さくら,楽,0.940888,4
さくら,葵,0.9353,5
ほんのり,緩やか,0.937978,1
ほんのり,柔らか,0.93422,2
ほんのり,細やか,0.931262,3
ほんのり,柔らかい,0.918433,4
ほんのり,繊細,0.917289,5
KG,OL,0.973939,1
KG,EC,0.965004,2
KG,版,0.964364,3
KG,SD,0.962358,4
KG,誌,0.961181,5
等々,ウエー,0.952791,1
等々,都度,0.951516,2
等々,あう,0.948378,3
等々,発,0.943471,4
等々,さく,0.942299,5
動脈,粗筋,0.89838,1
動脈,血流,0.881572,2
動脈,血行,0.880377,3
動脈,肝臓,0.877977,4
動脈,筋肉,0.864029,5
ヘッドライト,スピーカー,0.945946,1
ヘッドライト,電気,0.93915,2
ヘッドライト,ホイール,0.929099,3
ヘッドライト,アンプ,0.928005,4
ヘッドライト,自動,0.927902,5
海水,水中,0.917958,1
海水,天,0.890754,2
海水,世の中,0.882601,3
海水,海,0.882481,4
海水,東海,0.872344,5
年次,年間,0.98254,1
年次,年度,0.978938,2
年次,毎年,0.962618,3
年次,シーズン,0.959471,4
年次,発表,0.942412,5
郷土,郷,0.958487,1
郷土,地道,0.947615,2
郷土,御当地,0.938507,3
郷土,伝統的,0.929295,4
郷土,伝統,0.91805,5
令,並びに,0.986545,1
令,ver,0.982465,2
令,ステー,0.980364,3
令,調,0.980224,4
令,旨,0.97686,5
御参り,御節,0.942247,1
御参り,御中元,0.930391,2
御参り,参拝,0.928282,3
御参り,祭る,0.918366,4
御参り,郷,0.917067,5
バルブ,駐車場,0.956488,1
バルブ,コイル,0.95037,2
バルブ,メーター,0.948865,3
バルブ,回路,0.942298,4
バルブ,カウンター,0.940852,5
ケージ,拘束,0.923463,1
ケージ,隔離,0.820173,2
ケージ,ブラック,0.808926,3
ケージ,禁止,0.782997,4
ケージ,墓,0.780143,5
御迎え,御,0.919497,1
御迎え,召し上がる,0.91431,2
御迎え,御世話,0.907994,3
御迎え,御八つ,0.906451,4
御迎え,礼,0.89974,5
本数,数,0.981994,1
本数,形状,0.968457,2
本数,数値,0.962246,3
本数,面積,0.961101,4
本数,ロケーション,0.960936,5
どん,たん,0.98834,1
どん,ぞ,0.983942,2
どん,ば,0.976665,3
どん,じゃ,0.970786,4
どん,む,0.966236,5
食後,過ごす,0.914852,1
食後,緩める,0.912459,2
食後,頬,0.911249,3
食後,相手,0.909733,4
食後,貰う,0.908537,5
冷める,涼しい,0.951041,1
冷める,息,0.948575,2
冷める,黙る,0.937347,3
冷める,止む,0.933454,4
冷める,待つ,0.919523,5
許容,受け入れ,0.983472,1
許容,受け入れる,0.982042,2
許容,受け止める,0.976192,3
許容,彼女,0.965005,4
許容,本人,0.960697,5
ココナッツ,トマト,0.969311,1
ココナッツ,梨,0.967035,2
ココナッツ,メロン,0.960114,3
ココナッツ,バナナ,0.95599,4
ココナッツ,フルーツ,0.953696,5
胃腸,腸内,0.944635,1
胃腸,腸,0.942717,2
胃腸,胃,0.922591,3
胃腸,消化,0.92101,4
胃腸,内臓,0.90536,5
合い,吉,0.974141,1
合い,博,0.97254,2
合い,李,0.972192,3
合い,ジャン,0.970601,4
合い,伝,0.967966,5
寸,細か,0.94728,1
寸,有限,0.932486,2
寸,単,0.931771,3
寸,粒,0.923146,4
寸,残り,0.921047,5
曇り,砂,0.906413,1
曇り,霧,0.892542,2
曇り,サンド,0.88011,3
曇り,夜,0.878864,4
曇り,夜間,0.868177,5
名乗る,掲げる,0.969127,1
名乗る,対,0.964941,2
名乗る,令,0.963989,3
名乗る,並びに,0.96101,4
名乗る,的中,0.959909,5
つめる,ホールド,0.962938,1
つめる,被,0.943258,2
つめる,一味,0.939094,3
つめる,片方,0.938121,4
つめる,籠もる,0.936393,5
スチーム,蒸気,0.933935,1
スチーム,沖,0.843174,2
スチーム,熱,0.839666,3
スチーム,燃焼,0.839589,4
スチーム,燃やす,0.832611,5
津波,地震,0.974948,1
津波,災害,0.960136,2
津波,震災,0.955896,3
津波,洪水,0.920469,4
津波,危機,0.914565,5
不利,反面,0.99058,1
不利,ネガティブ,0.988051,2
不利,反する,0.962849,3
不利,負,0.953536,4
不利,不能,0.947182,5
先着,受け付け,0.910699,1
先着,同日,0.900564,2
先着,通行,0.892985,3
先着,入場,0.889639,4
先着,番目,0.885507,5
盗む,盗難,0.963209,1
盗む,侵害,0.901976,2
盗む,侵入,0.861199,3
盗む,裏切る,0.856263,4
盗む,違反,0.841263,5
北九州,自民党,0.925576,1
北九州,旭川,0.920732,2
北九州,業界,0.915431,3
北九州,総理,0.907914,4
北九州,本番,0.901424,5
種別,名義,0.971805,1
種別,等,0.965591,2
種別,対象,0.964147,3
種別,所在,0.960135,4
種別,要素,0.959334,5
前作,程,0.949521,1
前作,長谷川,0.948545,2
前作,主な,0.947434,3
前作,前田,0.946545,4
前作,訳有り,0.946462,5
毎朝,毎日,0.962286,1
毎朝,モーニング,0.956032,2
毎朝,持ち帰る,0.952919,3
毎朝,治る,0.950045,4
毎朝,読者,0.948411,5
研究者,研究,0.959299,1
研究者,リサーチ,0.958314,2
研究者,技師,0.957424,3
研究者,医科,0.943387,4
研究者,教授,0.942238,5
圧,縛る,0.912014,1
圧,圧力,0.906842,2
圧,荷重,0.88416,3
圧,詰める,0.880499,4
圧,制する,0.878784,5
LP,LV,0.985138,1
LP,OL,0.970536,2
LP,DS,0.968567,3
LP,然程,0.968378,4
LP,ES,0.967787,5
GT,MT,0.987372,1
GT,VS,0.984494,2
GT,TOP,0.984047,3
GT,EA,0.978967,4
GT,SR,0.978792,5
NY,US,0.963706,1
NY,京,0.954438,2
NY,西側,0.949222,3
NY,アメリカン,0.94314,4
NY,ユナイテッド,0.942483,5
給付金,配当,0.938886,1
給付金,券,0.918987,2
給付金,コピー,0.906911,3
給付金,助成金,0.905951,4
給付金,包装,0.904029,5
観光地,熱海,0.945759,1
観光地,甲子園,0.941137,2
観光地,神戸,0.92842,3
観光地,愛知,0.926287,4
観光地,神戸市,0.922913,5
プロポーズ,新郎,0.933262,1
プロポーズ,婚約,0.932599,2
プロポーズ,プロミス,0.927644,3
プロポーズ,宝,0.924323,4
プロポーズ,婚,0.919208,5
容赦,受け止める,0.968241,1
容赦,平気,0.959164,2
容赦,寄る,0.957845,3
容赦,承る,0.957727,4
容赦,寄り,0.956995,5
献立,膳,0.94152,1
献立,ディナー,0.933766,2
献立,夕食,0.933122,3
献立,御飯,0.929135,4
献立,食卓,0.928623,5
ベル,プリン,0.951313,1
ベル,錠,0.933299,2
ベル,ミラー,0.928592,3
ベル,ススメ,0.92788,4
ベル,リング,0.921313,5
煮,煮る,0.991346,1
煮,煮込む,0.984238,2
煮,炊く,0.968002,3
煮,茹でる,0.934237,4
煮,調味,0.911801,5
停電,赤字,0.905899,1
停電,エラー,0.902242,2
停電,失業,0.900674,3
停電,故障,0.895068,4
停電,不具合,0.893138,5
難,難い,0.945585,1
難,難関,0.914085,2
難,困難,0.907082,3
難,難しい,0.905857,4
難,トラウマ,0.903856,5
柿,栗,0.977674,1
柿,柚子,0.959531,2
柿,もち,0.949989,3
柿,桃,0.948762,4
柿,薩摩芋,0.940002,5
栃木県,群馬,0.98576,1
栃木県,群馬県,0.984796,2
栃木県,岐阜県,0.98156,3
栃木県,宮城県,0.980494,4
栃木県,石川県,0.977777,5
見出だす,まい,0.950118,1
見出だす,志,0.946085,2
見出だす,合い,0.945426,3
見出だす,届け,0.945165,4
見出だす,吉,0.940096,5
創出,創造,0.957389,1
創出,創作,0.929993,2
創出,工夫,0.902694,3
創出,クリエーター,0.888878,4
創出,クリエーティブ,0.880536,5
漏洩,破綻,0.946723,1
漏洩,漏れ,0.940683,2
漏洩,悪影響,0.935621,3
漏洩,事故,0.934307,4
漏洩,故障,0.930072,5
式場,TBS,0.92831,1
式場,セブン,0.923558,2
式場,ショールーム,0.915655,3
式場,展,0.902393,4
式場,センター,0.898837,5
書き,描く,0.975727,1
書き,写る,0.97163,2
書き,読み,0.970006,3
書き,書く,0.967234,4
書き,書き方,0.960702,5
本命,存ずる,0.919291,1
本命,御自分,0.914685,2
本命,己,0.907527,3
本命,嫁,0.891002,4
本命,据える,0.886537,5
響き,音,0.940405,1
響き,響く,0.936868,2
響き,回り,0.930519,3
響き,発する,0.929291,4
響き,鳴る,0.921718,5
指揮,監督,0.936514,1
指揮,研究,0.932971,2
指揮,ディレクター,0.926183,3
指揮,ミッション,0.924033,4
指揮,リサーチ,0.923088,5
本校,本学,0.964319,1
本校,刊行,0.956938,2
本校,展示,0.956527,3
本校,センター,0.956052,4
本校,講演,0.953808,5
背骨,骨格,0.916913,1
背骨,骨盤,0.889899,2
背骨,体幹,0.879745,3
背骨,骨,0.868845,4
背骨,血管,0.866661,5
キムチ,大蒜,0.879428,1
キムチ,納豆,0.862095,2
キムチ,茄子,0.857753,3
キムチ,牛蒡,0.845968,4
キムチ,味噌,0.835575,5
入居者,当事者,0.970348,1
入居者,基調,0.96896,2
入居者,属する,0.962858,3
入居者,在住,0.960935,4
入居者,因子,0.960121,5
TBS,セブン,0.946583,1
TBS,阪急,0.945269,2
TBS,西武,0.944945,3
TBS,フジテレビ,0.940409,4
TBS,東急,0.934089,5
重たい,重い,0.988077,1
重たい,重,0.8218,2
重たい,断然,0.814407,3
重たい,圧力,0.791967,4
重たい,負担,0.781094,5
バドミントン,バレーボール,0.954725,1
バドミントン,卓球,0.936848,2
バドミントン,バスケットボール,0.932004,3
バドミントン,野球,0.914308,4
バドミントン,サッカー,0.876814,5
経,廻,0.980867,1
経,御,0.972831,2
経,伝,0.97279,3
経,大野,0.966274,4
経,もり,0.961302,5
言動,行為,0.984623,1
言動,行動,0.973319,2
言動,振る舞う,0.963409,3
言動,動詞,0.95976,4
言動,関わり,0.955635,5
撃つ,打撃,0.945637,1
撃つ,突き込む,0.931593,2
撃つ,切開,0.907247,3
撃つ,切断,0.896489,4
撃つ,刃,0.89595,5
炭素,カーボン,0.975985,1
炭素,ナトリウム,0.904061,2
炭素,塩分,0.886238,3
炭素,濃度,0.867023,4
炭素,CO2,0.852907,5
Android,自動車,0.961241,1
Android,アプリケーション,0.953128,2
Android,電機,0.949348,3
Android,ブラウザ,0.945969,4
Android,クレジットカード,0.943421,5
焼ける,炎,0.959944,1
焼ける,火災,0.949385,2
焼ける,刺さる,0.912328,3
焼ける,危険性,0.912093,4
焼ける,炎症,0.898093,5
馬場,東口,0.903509,1
馬場,ラウンド,0.886023,2
馬場,県,0.878173,3
馬場,社団,0.874503,4
馬場,港,0.873701,5
堺,高松,0.987386,1
堺,大宮,0.979238,2
堺,浜松,0.975006,3
堺,兵庫,0.973611,4
堺,立川,0.972206,5
東日本,旭川,0.932559,1
東日本,新潟,0.922869,2
東日本,マリン,0.921775,3
東日本,新潟県,0.920822,4
東日本,長野,0.912055,5
狐,兎,0.839801,1
狐,蝶,0.821281,2
狐,小鳥,0.782404,3
狐,若い,0.781664,4
狐,鳥,0.78048,5
常連,仲間,0.95539,1
常連,味方,0.942174,2
常連,相棒,0.935842,3
常連,同伴,0.934323,4
常連,パートナー,0.927985,5
脅威,危険,0.961633,1
脅威,危険性,0.954689,2
脅威,危ない,0.942233,3
脅威,ハザード,0.941033,4
脅威,攻撃,0.934337,5
パイ,チャーハン,0.865579,1
パイ,エール,0.823172,2
パイ,焼き,0.81837,3
パイ,じゃん,0.805868,4
パイ,チャーシュー,0.800474,5
引き継ぐ,継ぐ,0.966251,1
引き継ぐ,扱う,0.964327,2
引き継ぐ,任せる,0.962282,3
引き継ぐ,治す,0.961991,4
引き継ぐ,担う,0.960391,5
遂行,運用,0.974346,1
遂行,実行,0.968201,2
遂行,実施,0.96621,3
遂行,働き,0.958804,4
遂行,執行,0.95807,5
レジン,アクリル,0.880392,1
レジン,新築,0.823824,2
レジン,コミックス,0.81795,3
レジン,Apple,0.813425,4
レジン,グラフィック,0.812361,5
上田,三浦,0.986342,1
上田,太田,0.985145,2
上田,高田,0.984414,3
上田,中島,0.98382,4
上田,西村,0.982302,5
荷重,負荷,0.92281,1
荷重,押し,0.901603,2
荷重,詰める,0.894718,3
荷重,押す,0.889026,4
荷重,重量,0.88855,5
バスケットボール,サッカー,0.957901,1
バスケットボール,野球,0.954921,2
バスケットボール,バレーボール,0.952599,3
バスケットボール,バドミントン,0.932004,4
バスケットボール,スポーツ,0.897355,5
物価,金利,0.910261,1
物価,治安,0.876377,2
物価,乗り換え,0.873037,3
物価,交通,0.856145,4
物価,締め切り,0.844254,5
裏切る,殴る,0.932705,1
裏切る,傷付ける,0.932337,2
裏切る,損なう,0.929733,3
裏切る,不倫,0.926647,4
裏切る,浮気,0.924409,5
遊,プレー,0.955512,1
遊,ツーリング,0.938421,2
遊,笑う,0.935081,3
遊,わく,0.934224,4
遊,楽しむ,0.9298,5
キャンデー,ドーナツ,0.945603,1
キャンデー,スイーツ,0.925823,2
キャンデー,菓子,0.918283,3
キャンデー,クッキー,0.916143,4
キャンデー,cookie,0.901775,5
花弁,花柄,0.962124,1
花弁,菊,0.94371,2
花弁,チューリップ,0.94188,3
花弁,紫陽花,0.926304,4
花弁,葵,0.924934,5
恵比寿,浦和,0.937094,1
恵比寿,博多,0.932952,2
恵比寿,町中,0.927606,3
恵比寿,福岡,0.924098,4
恵比寿,中野,0.921176,5
阿部,渡辺,0.980705,1
阿部,遠藤,0.9791,2
阿部,岡田,0.977031,3
阿部,松田,0.976938,4
阿部,ジョン,0.975632,5
苦笑,挫折,0.935225,1
苦笑,責める,0.926952,2
苦笑,不満,0.926887,3
苦笑,がっかり,0.922571,4
苦笑,疲れ,0.919879,5
ハイキング,水泳,0.930392,1
ハイキング,サイクリング,0.930299,2
ハイキング,トレッキング,0.927124,3
ハイキング,ランニング,0.9118,4
ハイキング,ジョギング,0.910591,5
NISA,PV,0.883425,1
NISA,MS,0.883098,2
NISA,GP,0.88264,3
NISA,LDK,0.874261,4
NISA,NTT,0.873622,5
司会,発表,0.964437,1
司会,説明会,0.960184,2
司会,研究会,0.958736,3
司会,主催,0.95773,4
司会,会議,0.95747,5
無意識,眠り,0.689279,1
無意識,潜む,0.688918,2
無意識,霊,0.68567,3
無意識,内面,0.684695,4
無意識,奥深い,0.681523,5
通報,報じる,0.954097,1
通報,届け出,0.941408,2
通報,送信,0.931433,3
通報,検出,0.927272,4
通報,引き渡し,0.923891,5
ふるさと納税,提供,0.9245,1
ふるさと納税,支持,0.923347,2
ふるさと納税,サポーター,0.922834,3
ふるさと納税,支援,0.916666,4
ふるさと納税,貢献,0.913478,5
建つ,工,0.95582,1
建つ,構築,0.949909,2
建つ,生産者,0.946248,3
建つ,建て,0.943702,4
建つ,造り,0.938498,5
テクスチャー,物,0.966038,1
テクスチャー,素材,0.958746,2
テクスチャー,形態,0.957218,3
テクスチャー,外見,0.955297,4
テクスチャー,形,0.953996,5
兎も角,兎に角,0.851358,1
兎も角,んっ,0.849901,2
兎も角,ばれる,0.844198,3
兎も角,勘違い,0.836022,4
兎も角,散らし,0.833648,5
見出し,目次,0.973737,1
見出し,立地,0.969615,2
見出し,一覧,0.962709,3
見出し,セクション,0.960415,4
見出し,列,0.960401,5
アンダー,未満,0.944268,1
アンダー,不足,0.940339,2
アンダー,未,0.939718,3
アンダー,低下,0.935827,4
アンダー,欠ける,0.934855,5
身分,経歴,0.927543,1
身分,性別,0.92443,2
身分,世帯,0.918198,3
身分,正体,0.91712,4
身分,居住,0.916737,5
可哀想,くすみ,0.906444,1
可哀想,せめて,0.878734,2
可哀想,余る,0.878607,3
可哀想,弱る,0.869812,4
可哀想,ううん,0.869547,5
暗記,宿題,0.854018,1
暗記,補修,0.830674,2
暗記,抽出,0.830205,3
暗記,修理,0.829925,4
暗記,張り替え,0.829373,5
休診,休止,0.965881,1
休診,泊まる,0.948201,2
休診,置き,0.939422,3
休診,寄せる,0.934275,4
休診,マット,0.930066,5
造,築く,0.956871,1
造,作り,0.951149,2
造,製,0.945533,3
造,PS,0.941903,4
造,ワークス,0.941429,5
自力,手動,0.92224,1
自力,考え,0.913249,2
自力,気合い,0.903815,3
自力,思い出す,0.899901,4
自力,目覚める,0.895791,5
緩める,弛み,0.953912,1
緩める,緩い,0.939156,2
緩める,寛ぐ,0.937859,3
緩める,ほっと,0.936199,4
緩める,潤う,0.93091,5
買収,M&A,0.935039,1
買収,政府,0.92785,2
買収,航空,0.925409,3
買収,商業,0.916454,4
買収,トレード,0.912344,5
領収書,レシート,0.966496,1
領収書,備品,0.945261,2
領収書,書類,0.940685,3
領収書,名刺,0.94014,4
領収書,記録,0.935902,5
負け,負ける,0.987043,1
負け,損する,0.981329,2
負け,失敗,0.972691,3
負け,劣化,0.961605,4
負け,欠点,0.961449,5
早稲田,中央区,0.950684,1
早稲田,赤坂,0.945563,2
早稲田,東京都,0.939297,3
早稲田,高等学校,0.938451,4
早稲田,銀座,0.938398,5
DC,MS,0.949288,1
DC,プロ,0.942914,2
DC,NET,0.94213,3
DC,au,0.934331,4
DC,AT,0.933298,5
キック,叩く,0.901495,1
キック,パンチ,0.900711,2
キック,打,0.900207,3
キック,飛び出す,0.896025,4
キック,蹴る,0.8952,5
期日,期限,0.963452,1
期日,納期,0.960268,2
期日,在庫,0.94288,3
期日,締め切り,0.940894,4
期日,貨物,0.93761,5
聖書,キリスト,0.934893,1
聖書,クラシック,0.894047,2
聖書,古典,0.886684,3
聖書,遺産,0.885177,4
聖書,イエス,0.884777,5
対談,ディスカッション,0.957526,1
対談,話し合い,0.956458,2
対談,会見,0.954152,3
対談,スピーチ,0.948959,4
対談,話し合う,0.944719,5
代用,トーク,0.865688,1
代用,テークアウト,0.859932,2
代用,代替,0.858343,3
代用,etc,0.855916,4
代用,票,0.850101,5
別々,分離,0.946391,1
別々,別,0.946282,2
別々,裏面,0.936223,3
別々,以外,0.935871,4
別々,裏側,0.92694,5
マクロ,全域,0.949682,1
マクロ,大規模,0.941427,2
マクロ,連邦,0.940879,3
マクロ,集約,0.935564,4
マクロ,ビッグ,0.930731,5
志向,信念,0.959086,1
志向,信じる,0.957437,2
志向,自ら,0.949718,3
志向,選択,0.947009,4
志向,考え方,0.946789,5
せめて,うー,0.934447,1
せめて,副,0.931196,2
せめて,余る,0.93065,3
せめて,少し,0.929496,4
せめて,アンダー,0.924225,5
水平,背景,0.966603,1
水平,平,0.96587,2
水平,並ぶ,0.965488,3
水平,此処,0.962036,4
水平,表面,0.9606,5
境界,密度,0.926232,1
境界,濃度,0.924808,2
境界,界,0.919387,3
境界,時,0.915039,4
境界,領域,0.913619,5
ハンカチ,スリッパ,0.955903,1
ハンカチ,ソックス,0.941739,2
ハンカチ,ステッカー,0.928699,3
ハンカチ,雑貨,0.917909,4
ハンカチ,ペーパー,0.913448,5
収容,閉店,0.929447,1
収容,終了,0.87834,2
収容,制限,0.871091,3
収容,最終日,0.864114,4
収容,瓦,0.863536,5
本棚,キャビネット,0.983029,1
本棚,収納,0.969621,2
本棚,床,0.966827,3
本棚,マットレス,0.965294,4
本棚,ベッド,0.960166,5
目当て,たって,0.949549,1
目当て,斯く,0.941189,2
目当て,たり,0.939434,3
目当て,頂く,0.939082,4
目当て,かわり,0.932249,5
騒音,汚染,0.916928,1
騒音,渋滞,0.912063,2
騒音,ノイズ,0.903172,3
騒音,騒動,0.898365,4
騒音,破壊,0.895343,5
歌声,歌う,0.937353,1
歌声,歌,0.935656,2
歌声,ボーカル,0.934595,3
歌声,メロディー,0.934238,4
歌声,演奏,0.897462,5
パンプス,発動,0.853887,1
パンプス,ピッチ,0.841821,2
パンプス,一挙,0.838231,3
パンプス,駆動,0.826894,4
パンプス,推進,0.826582,5
HD,HP,0.941052,1
HD,マツダ,0.930515,2
HD,xl,0.925634,3
HD,ソリューション,0.924516,4
HD,トータル,0.922369,5
川越,奈良県,0.979952,1
川越,出雲,0.974522,2
川越,伊豆,0.971983,3
川越,奈良,0.968686,4
川越,松山,0.965806,5
匠,職人,0.967806,1
匠,精進,0.918166,2
匠,熟練,0.886737,3
匠,こだわり,0.88612,4
匠,知的,0.87541,5
就寝,寝る,0.993629,1
就寝,睡眠,0.971327,2
就寝,眠る,0.964819,3
就寝,眠り,0.957003,4
就寝,休む,0.947171,5
相撲,武田,0.862729,1
相撲,必殺,0.832029,2
相撲,武蔵,0.831424,3
相撲,信長,0.822184,4
相撲,太鼓,0.805722,5
歩道,窓口,0.947802,1
歩道,カウンター,0.944235,2
歩道,勤務地,0.943495,3
歩道,廊下,0.942248,4
歩道,エントランス,0.938697,5
読み取る,読み,0.965742,1
読み取る,知る,0.964576,2
読み取る,写る,0.964401,3
読み取る,尋ねる,0.96072,4
読み取る,観察,0.956956,5
IoT,ICT,0.927929,1
IoT,ml,0.925241,2
IoT,プログラミング,0.907874,3
IoT,AI,0.906241,4
IoT,IT,0.904252,5
出演者,出演,0.972844,1
出演者,公開,0.932532,2
出演者,町中,0.932145,3
出演者,さいたま,0.929329,4
出演者,町田,0.927751,5
本舗,伝統的,0.952387,1
本舗,老舗,0.930053,2
本舗,保守,0.928833,3
本舗,証,0.925448,4
本舗,聖,0.925274,5
除外,除く,0.953993,1
除外,不在,0.940841,2
除外,無し,0.914636,3
除外,無い,0.906926,4
除外,陰性,0.905642,5
一通り,結成,0.965435,1
一通り,周,0.960561,2
一通り,報,0.960337,3
一通り,通,0.958647,4
一通り,ラウンド,0.95807,5
ショールーム,ギャラリー,0.943079,1
ショールーム,ホテル,0.937927,2
ショールーム,水族館,0.935563,3
ショールーム,館,0.929866,4
ショールーム,ホテルルートイン,0.929115,5
拳,パンチ,0.913489,1
拳,打撃,0.906449,2
拳,刃,0.898908,3
拳,打,0.89028,4
拳,突き込む,0.883709,5
自家製,自作,0.935527,1
自家製,手作り,0.92657,2
自家製,DIY,0.884469,3
自家製,手芸,0.868373,4
自家製,クラフト,0.867494,5
医学部,医療機関,0.963117,1
医学部,医科,0.957509,2
医学部,医,0.951639,3
医学部,医院,0.945454,4
医学部,大学院,0.942852,5
CPU,PCR,0.912512,1
CPU,モーター,0.902991,2
CPU,電機,0.896931,3
CPU,エンジン,0.887208,4
CPU,アンプ,0.883557,5
検温,残高,0.949627,1
検温,メモ,0.939868,2
検温,金額,0.939407,3
検温,用品,0.936508,4
検温,袋,0.931602,5
色彩,カラー,0.955026,1
色彩,色,0.920501,2
色彩,午後,0.891075,3
色彩,言葉,0.887772,4
色彩,日間,0.887593,5
弾力,開き,0.914681,1
弾力,注ぐ,0.910605,2
弾力,解除,0.904434,3
弾力,叶える,0.90289,4
弾力,差し込む,0.900116,5
故郷,アットホーム,0.950172,1
故郷,祖母,0.947406,2
故郷,母さん,0.934081,3
故郷,馴染み,0.933285,4
故郷,自家,0.93297,5
アディダス,ナイキ,0.986196,1
アディダス,ヤマハ,0.950433,2
アディダス,任天堂,0.949912,3
アディダス,フジテレビ,0.938253,4
アディダス,YouTube,0.931488,5
灰,黒,0.939766,1
灰,グレー,0.927267,2
灰,黒い,0.922157,3
灰,無地,0.919073,4
灰,終わり,0.915311,5
消耗,尽きる,0.924745,1
消耗,咳,0.915114,2
消耗,負荷,0.914134,3
消耗,吐く,0.902893,4
消耗,症状,0.89774,5
切ない,寂しい,0.843891,1
切ない,可哀想,0.843566,2
切ない,敏感,0.841911,3
切ない,諦める,0.820563,4
切ない,仕方無い,0.820009,5
タルト,饅頭,0.956818,1
タルト,ギョーザ,0.944038,2
タルト,煎餅,0.943128,3
タルト,餅,0.939904,4
タルト,キャラメル,0.937966,5
ぉ,ぁ,0.975028,1
ぉ,ぇ,0.972633,2
ぉ,おー,0.968094,3
ぉ,えー,0.959434,4
ぉ,っ,0.952662,5
出し,出す,0.963911,1
出し,出,0.957977,2
出し,張る,0.952406,3
出し,通す,0.949653,4
出し,ゴー,0.945611,5
フレア,突入,0.894084,1
フレア,ラッシュ,0.874111,2
フレア,ブーム,0.852822,3
フレア,弾ける,0.846063,4
フレア,激しい,0.841568,5
視界,視野,0.952935,1
視界,水温,0.949376,2
視界,ウインドー,0.932567,3
視界,温度,0.931145,4
視界,見通し,0.929557,5
貨物,バージョン,0.947264,1
貨物,在庫,0.943791,2
貨物,勤務地,0.939075,3
貨物,期日,0.93761,4
貨物,事務,0.931556,5
倒産,破綻,0.96231,1
倒産,故障,0.956651,2
倒産,事故,0.940702,3
倒産,破産,0.93941,4
倒産,エラー,0.93543,5
年賀状,カーディガン,0.939262,1
年賀状,年賀,0.928728,2
年賀状,着丈,0.926346,3
年賀状,土産,0.922181,4
年賀状,セーター,0.915075,5
御陰様,聖,0.934875,1
御陰様,郷,0.930097,2
御陰様,荘,0.926412,3
御陰様,古里,0.925769,4
御陰様,御陰,0.915969,5
何処,此処,0.970954,1
何処,並ぶ,0.967338,2
何処,どこ,0.965843,3
何処,背景,0.962948,4
何処,表面,0.958968,5
今年度,本年,0.989913,1
今年度,今季,0.976824,2
今年度,今年,0.965554,3
今年度,来年,0.953204,4
今年度,その後,0.952709,5
ダイナミック,チャレンジ,0.882414,1
ダイナミック,活発,0.870083,2
ダイナミック,突破,0.84991,3
ダイナミック,起業家,0.849405,4
ダイナミック,変革,0.834667,5
マウンテン,大山,0.978656,1
マウンテン,山,0.950579,2
マウンテン,山頂,0.948412,3
マウンテン,星,0.917028,4
マウンテン,アルプス,0.906342,5
立川,高崎,0.984406,1
立川,倉敷,0.976847,2
立川,宇都宮,0.974674,3
立川,堺,0.972206,4
立川,小田原,0.970801,5
結晶,白石,0.892375,1
結晶,水晶,0.887727,2
結晶,青山,0.88261,3
結晶,流石,0.882577,4
結晶,クリスタル,0.87188,5
歪む,歪み,0.972816,1
歪む,誤り,0.926751,2
歪む,錯誤,0.923205,3
歪む,不当,0.917773,4
歪む,誤,0.916916,5
チャイルド,子供,0.983715,1
チャイルド,お子さん,0.981138,2
チャイルド,お子様,0.977856,3
チャイルド,児,0.970487,4
チャイルド,児童,0.962962,5
条約,憲法,0.942714,1
条約,制度,0.942485,2
条約,法的,0.93629,3
条約,法令,0.930198,4
条約,市役所,0.923546,5
意匠,スイート,0.873467,1
意匠,カラーリング,0.872605,2
意匠,ピアノ,0.872536,3
意匠,装飾,0.864395,4
意匠,デコレーション,0.86104,5
ハニー,蜜,0.983136,1
ハニー,蜜柑,0.9686,2
ハニー,蜂蜜,0.964146,3
ハニー,香,0.951377,4
ハニー,ローズ,0.949892,5
趣旨,一緒,0.95831,1
趣旨,大抵,0.957724,2
趣旨,そこそこ,0.945403,3
趣旨,紹介,0.945335,4
趣旨,概要,0.944019,5
弟子,祈る,0.903278,1
弟子,祈り,0.901057,2
弟子,生前,0.884445,3
弟子,主婦,0.884215,4
弟子,伝授,0.880341,5
目黒,西宮,0.96899,1
目黒,世田谷,0.958073,2
目黒,高松,0.956136,3
目黒,堺,0.955214,4
目黒,大宮,0.954821,5
取引先,職員,0.949799,1
取引先,勤務,0.9345,2
取引先,披露,0.927711,3
取引先,会社員,0.926705,4
取引先,治安,0.923253,5
サーモン,葡萄,0.954994,1
サーモン,緑茶,0.953122,2
サーモン,蜜柑,0.950011,3
サーモン,蜂蜜,0.947301,4
サーモン,マンゴー,0.941316,5
マイナー,微,0.950658,1
マイナー,サブ,0.944499,2
マイナー,ひく,0.934027,3
マイナー,少し,0.932686,4
マイナー,マイクロ,0.924352,5
鮭,海鮮,0.944452,1
鮭,鮮度,0.925267,2
鮭,新鮮,0.903658,3
鮭,フレッシュ,0.903289,4
鮭,葡萄,0.902104,5
英文,解答,0.985542,1
英文,一部,0.983702,2
英文,選択肢,0.98097,3
英文,回答,0.978702,4
英文,答え,0.976383,5
スイカ,苺,0.960074,1
スイカ,サラダ,0.940632,2
スイカ,林檎,0.939155,3
スイカ,メロン,0.929099,4
スイカ,胡瓜,0.926104,5
粘土,草,0.848875,1
粘土,葉っぱ,0.831706,2
粘土,フェルト,0.823891,3
粘土,芋,0.822711,4
粘土,スポンジ,0.808955,5
なおす,返し,0.971888,1
なおす,被せる,0.969822,2
なおす,裾,0.967681,3
なおす,寄せる,0.967107,4
なおす,一先ず,0.95904,5
住宅ローン,保険,0.919266,1
住宅ローン,ローン,0.919112,2
住宅ローン,融資,0.918049,3
住宅ローン,Windows,0.916224,4
住宅ローン,ビザ,0.895549,5
模試,試験,0.941694,1
模試,選考,0.929465,2
模試,関数,0.924712,3
模試,投函,0.919269,4
模試,業務用,0.918991,5
百貨店,デパート,0.993378,1
百貨店,城,0.96245,2
百貨店,スタジアム,0.960868,3
百貨店,スーパー,0.958704,4
百貨店,東急,0.954682,5
くるみ,貝,0.957588,1
くるみ,栗,0.951004,2
くるみ,椎茸,0.943527,3
くるみ,乳,0.935895,4
くるみ,梅,0.931358,5
ホップ,ラン,0.859979,1
ホップ,かける,0.856794,2
ホップ,キャッチ,0.843401,3
ホップ,つる,0.839364,4
ホップ,鳴く,0.835815,5
持ち主,出身,0.979971,1
持ち主,所有者,0.976861,2
持ち主,持つ,0.967442,3
持ち主,留まる,0.967408,4
持ち主,所持,0.965624,5
風水,着物,0.843387,1
風水,運命,0.839353,2
風水,縁起,0.839038,3
風水,藤原,0.835759,4
風水,タロット,0.823136,5
脱ぐ,下ろす,0.947234,1
脱ぐ,吸う,0.946244,2
脱ぐ,やめる,0.920026,3
脱ぐ,擦れる,0.916375,4
脱ぐ,取り外し,0.914332,5
リラクセーション,リラックス,0.990785,1
リラクセーション,休める,0.947388,2
リラクセーション,休憩,0.94294,3
リラクセーション,癒し,0.94031,4
リラクセーション,休む,0.927994,5
虐待,殺人,0.96431,1
虐待,殺害,0.962218,2
虐待,暴力,0.961733,3
虐待,パワハラ,0.957888,4
虐待,中傷,0.945555,5
うそ,嘘,0.968284,1
うそ,無断,0.917244,2
うそ,誤り,0.916891,3
うそ,偽,0.909109,4
うそ,誤,0.909101,5
雑談,カジュアル,0.921272,1
雑談,お喋り,0.903248,2
雑談,ゲスト,0.875204,3
雑談,にゃん,0.874834,4
雑談,訪れる,0.872495,5
スリッパ,ソックス,0.961194,1
スリッパ,ハンカチ,0.955903,2
スリッパ,靴下,0.952443,3
スリッパ,パッド,0.942934,4
スリッパ,手袋,0.926956,5
本屋,書店,0.990305,1
本屋,図書館,0.949146,2
本屋,教室,0.947161,3
本屋,ガイドブック,0.9288,4
本屋,ライブラリー,0.928581,5
藤田,岡本,0.982015,1
藤田,加藤,0.979443,2
藤田,斎藤,0.978367,3
藤田,高田,0.97796,4
藤田,野田,0.975126,5
get,付,0.96112,1
get,取得,0.961002,2
get,許可,0.957778,3
get,計上,0.957616,4
get,代金,0.956397,5
返礼,返却,0.986399,1
返礼,返還,0.976936,2
返礼,戻す,0.947451,3
返礼,返金,0.947012,4
返礼,返す,0.946844,5
スウェーデン,カナダ,0.974439,1
スウェーデン,フィンランド,0.964957,2
スウェーデン,北欧,0.962129,3
スウェーデン,札幌,0.937916,4
スウェーデン,スイス,0.935264,5
調停,仲介,0.933048,1
調停,弁護,0.917015,2
調停,実習,0.887685,3
調停,カウンセラー,0.880279,4
調停,カウンセリング,0.877552,5
吉,博,0.984397,1
吉,シン,0.982858,2
吉,華,0.981282,3
吉,ア,0.980053,4
吉,ラ,0.97918,5
フェリー,店頭,0.955304,1
フェリー,支店,0.954111,2
フェリー,営業所,0.948531,3
フェリー,号線,0.946452,4
フェリー,店,0.944866,5
GPS,ナビ,0.945987,1
GPS,ブラウザ,0.938011,2
GPS,エクセル,0.936642,3
GPS,電機,0.936625,4
GPS,ios,0.936309,5
小さめ,スモール,0.991758,1
小さめ,小さい,0.983467,2
小さめ,小さな,0.981961,3
小さめ,少額,0.978549,4
小さめ,小,0.975032,5
アドセンス,帳,0.96077,1
アドセンス,代金,0.947212,2
アドセンス,助成,0.944238,3
アドセンス,付く,0.943418,4
アドセンス,付,0.940724,5
両者,両方,0.978783,1
両者,其々,0.958429,2
両者,双方,0.954041,3
両者,両側,0.952871,4
両者,同,0.943072,5
ナース,看護師,0.982614,1
ナース,看護,0.969682,2
ナース,保育士,0.959214,3
ナース,カウンセラー,0.927302,4
ナース,セラピスト,0.921025,5
高山,山頂,0.963427,1
高山,大山,0.931946,2
高山,高原,0.917413,3
高山,マウンテン,0.896375,4
高山,アルプス,0.855056,5
フェスタ,フェスティバル,0.981524,1
フェスタ,フェス,0.971454,2
フェスタ,盛り上げる,0.922345,3
フェスタ,アトラクション,0.918689,4
フェスタ,流行る,0.916551,5
股関節,肝臓,0.953509,1
股関節,臓器,0.951196,2
股関節,肺,0.947927,3
股関節,代謝,0.920662,4
股関節,血行,0.913181,5
緩やか,穏やか,0.982215,1
緩やか,柔らかい,0.97182,2
緩やか,柔らか,0.968822,3
緩やか,やわらかい,0.959741,4
緩やか,のんびり,0.952859,5
暴露,下落,0.872337,1
暴露,ぶつかる,0.869827,2
暴露,煙,0.861524,3
暴露,落下,0.855865,4
暴露,ぶつける,0.85164,5
委員長,議長,0.973638,1
委員長,委員,0.953137,2
委員長,院長,0.939315,3
委員長,理事,0.937792,4
委員長,総務,0.937156,5
固まり,密,0.905463,1
固まり,限り,0.894076,2
固まり,凝り,0.891375,3
固まり,閉鎖,0.890086,4
固まり,硬化,0.887884,5
異動,転勤,0.943721,1
異動,移転,0.915461,2
異動,変更,0.900023,3
異動,辞める,0.870285,4
異動,分解,0.858163,5
馬鹿,ばか,0.993108,1
馬鹿,不良,0.945743,2
馬鹿,悪い,0.943396,3
馬鹿,汚い,0.937551,4
馬鹿,有害,0.925182,5
真珠,パール,0.993794,1
真珠,宝石,0.91731,2
真珠,水晶,0.883128,3
真珠,玉,0.881814,4
真珠,クリスタル,0.87587,5
テンポ,進める,0.952093,1
テンポ,続ける,0.951856,2
テンポ,進む,0.943461,3
テンポ,組む,0.943192,4
テンポ,引き続く,0.942313,5
始動,起動,0.981999,1
始動,作動,0.943904,2
始動,点灯,0.917022,3
始動,立ち上げる,0.913718,4
始動,スタート,0.9092,5
厄介,不便,0.950843,1
厄介,支障,0.947449,2
厄介,デメリット,0.936532,3
厄介,汚れ,0.933261,4
厄介,錯誤,0.932792,5
縁起,風水,0.839038,1
縁起,藤原,0.831751,2
縁起,当時,0.81173,3
縁起,元々,0.810477,4
縁起,彼岸,0.80513,5
わく,吸引,0.936151,1
わく,楽,0.934931,2
わく,遊,0.934224,3
わく,サマー,0.931379,4
わく,ウエー,0.914374,5
満月,岬,0.915094,1
満月,瀬戸,0.898386,2
満月,大島,0.893799,3
満月,熊野,0.891051,4
満月,湾,0.889758,5
言及,有る,0.973559,1
言及,入る,0.96316,2
言及,要する,0.960378,3
言及,要素,0.959583,4
言及,いつ,0.957132,5
キャッシュレス,メールアドレス,0.900536,1
キャッシュレス,限度額,0.896612,2
キャッシュレス,プラグイン,0.893457,3
キャッシュレス,ダウンロード,0.889464,4
キャッシュレス,メール便,0.885658,5
経年,仕方,0.927016,1
経年,歳,0.925401,2
経年,由来,0.921072,3
経年,臨む,0.917725,4
経年,元々,0.917359,5
遊具,玩具,0.899528,1
遊具,遊戯,0.864677,2
遊具,スニーカー,0.852986,3
遊具,着色,0.851983,4
遊具,水着,0.842447,5
配列,タイル,0.967935,1
配列,番号,0.962836,2
配列,リスト,0.961376,3
配列,カウンター,0.958445,4
配列,区画,0.957974,5
奇妙,不思議,0.811737,1
奇妙,未知,0.80731,2
奇妙,幻,0.781497,3
奇妙,意外,0.745284,4
奇妙,異常,0.740183,5
張り替え,剤,0.950916,1
張り替え,投与,0.930944,2
張り替え,貸し,0.919075,3
張り替え,置き換える,0.915578,4
張り替え,振り込み,0.914501,5
合金,インフラ,0.922362,1
合金,土木,0.914063,2
合金,建築,0.912544,3
合金,データベース,0.897475,4
合金,ビル,0.893299,5
ファクトリー,産業,0.954524,1
ファクトリー,製造業,0.946577,2
ファクトリー,製造,0.945711,3
ファクトリー,工場,0.943615,4
ファクトリー,部隊,0.941589,5
機体,機器,0.975074,1
機体,コントローラー,0.969528,2
機体,機械,0.969402,3
機体,マシン,0.953156,4
機体,OS,0.951221,5
エリート,VIP,0.889518,1
エリート,プラチナ,0.864762,2
エリート,プレミアム,0.838685,3
エリート,ラグジュアリー,0.833918,4
エリート,極上,0.831615,5
滋賀県,滋賀,0.994059,1
滋賀県,群馬県,0.986962,2
滋賀県,群馬,0.98344,3
滋賀県,宮城県,0.981778,4
滋賀県,静岡県,0.975861,5
叱る,責める,0.887505,1
叱る,叩く,0.841542,2
叱る,辛口,0.82979,3
叱る,抵抗,0.827165,4
叱る,咳,0.810677,5
熱中,発熱,0.950006,1
熱中,熱中症,0.930834,2
熱中,暑い,0.923688,3
熱中,火傷,0.915002,4
熱中,日焼け,0.872983,5
小豆,豆,0.986491,1
小豆,豆腐,0.950491,2
小豆,タピオカ,0.948402,3
小豆,綿,0.946575,4
小豆,まめ,0.942779,5
頑丈,耐久性,0.914931,1
頑丈,耐久,0.912409,2
頑丈,鋼,0.841991,3
頑丈,盾,0.841289,4
頑丈,きっちり,0.835543,5
網羅,全面,0.970017,1
網羅,セントラル,0.959593,2
網羅,統一,0.958655,3
網羅,全,0.957379,4
網羅,中央,0.956098,5
共済,受託,0.927582,1
共済,校,0.925855,2
共済,役目,0.923239,3
共済,仲介,0.91371,4
共済,実証,0.910476,5
国連,カンパニー,0.954899,1
国連,東証,0.941363,2
国連,展示会,0.940834,3
国連,広報,0.936737,4
国連,大会,0.935329,5
組み立てる,組み立て,0.949914,1
組み立てる,制作,0.942587,2
組み立てる,製作,0.927344,3
組み立てる,編集,0.919261,4
組み立てる,建てる,0.918722,5
平安,安心,0.934719,1
平安,順調,0.934015,2
平安,良し,0.930072,3
平安,平和,0.922521,4
平安,奥様,0.92152,5
歳児,幼児,0.941007,1
歳児,子犬,0.915727,2
歳児,幼い,0.913132,3
歳児,子供,0.89801,4
歳児,児童,0.897719,5
三,スリー,0.98026,1
三,д,0.969708,2
三,比,0.969147,3
三,ブラ,0.968661,4
三,ii,0.966387,5
変革,チャレンジ,0.859754,1
変革,起業家,0.858697,2
変革,開拓,0.858571,3
変革,ダイナミック,0.834667,4
変革,起業,0.819033,5
ガーデニング,園芸,0.992506,1
ガーデニング,農園,0.950948,2
ガーデニング,ガーデン,0.949825,3
ガーデニング,ヒーリング,0.931255,4
ガーデニング,治癒,0.92033,5
インプット,輸入,0.976782,1
インプット,入力,0.968441,2
インプット,読み込む,0.964774,3
インプット,返事,0.961046,4
インプット,放置,0.960422,5
星野,マリア,0.971589,1
星野,芸,0.964296,2
星野,栄,0.961662,3
星野,アナ,0.959427,4
星野,華,0.958135,5
根元,しも,0.956816,1
根元,ボトム,0.944955,2
根元,底,0.941476,3
根元,左,0.931035,4
根元,単,0.928078,5
当事者,入居者,0.970348,1
当事者,受け取り,0.969923,2
当事者,立場,0.969808,3
当事者,対象者,0.96475,4
当事者,置く,0.964296,5
ETF,ポータル,0.931754,1
ETF,模型,0.926562,2
ETF,看板,0.925203,3
ETF,CSS,0.920456,4
ETF,ユーロ,0.919675,5
解明,分析,0.977662,1
解明,解析,0.967377,2
解明,解く,0.967076,3
解明,解決,0.965576,4
解明,理解,0.963913,5
福山,中山,0.973109,1
福山,松本,0.968767,2
福山,中川,0.9684,3
福山,堺,0.968115,4
福山,大宮,0.966424,5
医療費,学費,0.889459,1
医療費,住宅ローン,0.840393,2
医療費,訴訟,0.831039,3
医療費,ローン,0.822846,4
医療費,受験,0.798983,5
パケット,トークン,0.951232,1
パケット,チケット,0.909838,2
パケット,ビット,0.891546,3
パケット,センサー,0.886804,4
パケット,電圧,0.882285,5
低価格,安価,0.960304,1
低価格,格安,0.953447,2
低価格,安い,0.952995,3
低価格,最安値,0.941572,4
低価格,安値,0.930525,5
補充,サプリ,0.971795,1
補充,助,0.957361,2
補充,取り揃える,0.954172,3
補充,サポート,0.953339,4
補充,介助,0.951374,5
ウェルカム,歓迎,0.972551,1
ウェルカム,賛成,0.928129,2
ウェルカム,ようこそ,0.918485,3
ウェルカム,賛同,0.913425,4
ウェルカム,めでたい,0.898675,5
重複,被告,0.875956,1
重複,局,0.871519,2
重複,っ,0.867678,3
重複,限,0.862426,4
重複,終了,0.859978,5
騒動,混雑,0.952038,1
騒動,衝突,0.947961,2
騒動,炎上,0.935463,3
騒動,喧嘩,0.934936,4
騒動,破壊,0.930678,5
億,全額,0.910102,1
億,大手,0.909542,2
億,大物,0.907484,3
億,グランド,0.906514,4
億,最大限,0.88155,5
クッキング,調理,0.964463,1
クッキング,料理,0.96165,2
クッキング,キッチン,0.92502,3
クッキング,厨房,0.924089,4
クッキング,木工,0.920273,5
処,録,0.984609,1
処,部,0.982506,2
処,条,0.977055,3
処,所,0.973968,4
処,帳,0.972382,5
醸造,酒造,0.8615,1
醸造,調理,0.825379,2
醸造,指揮,0.81808,3
醸造,大工,0.797997,4
醸造,エンジン,0.795421,5
大塚,大和,0.971868,1
大塚,九,0.956296,2
大塚,行成,0.954585,3
大塚,宮,0.952255,4
大塚,野村,0.950156,5
実施中,演習,0.905762,1
実施中,実施,0.879562,2
実施中,改定,0.873317,3
実施中,オーディション,0.870212,4
実施中,募集,0.867321,5
長寿,養生,0.907312,1
長寿,熟成,0.901738,2
長寿,治癒,0.899958,3
長寿,妊娠,0.89597,4
長寿,妊婦,0.891077,5
真空,低温,0.857213,1
真空,無人,0.853248,2
真空,冷凍,0.790469,3
真空,バイナリー,0.775338,4
真空,ゼロ,0.774611,5
股,株,0.960509,1
股,(株),0.92984,2
股,上場,0.924487,3
股,通貨,0.922481,4
股,銘柄,0.921664,5
卒業式,入学式,0.970914,1
卒業式,発表会,0.952588,2
卒業式,ツアー,0.929067,3
卒業式,学園,0.928053,4
卒業式,高校,0.919986,5
管轄,判決,0.950308,1
管轄,部門,0.923823,2
管轄,方針,0.920026,3
管轄,規定,0.918581,4
管轄,審査,0.913874,5
前方,シーズン,0.96015,1
前方,行,0.953467,2
前方,Q&A,0.950992,3
前方,周,0.95079,4
前方,概ね,0.947227,5
そっくり,身,0.962027,1
そっくり,所,0.959445,2
そっくり,属する,0.958165,3
そっくり,在留,0.957908,4
そっくり,ベース,0.957795,5
算定,メソッド,0.971944,1
算定,手順,0.9639,2
算定,手続き,0.959159,3
算定,算出,0.948302,4
算定,見積もり,0.945484,5
滴,下がる,0.902091,1
滴,隙,0.898594,2
滴,一度,0.894461,3
滴,泡,0.888772,4
滴,余り,0.888218,5
フリーター,変形,0.84789,1
フリーター,揺れる,0.795404,2
フリーター,半端,0.7811,3
フリーター,逃げる,0.780951,4
フリーター,どきどき,0.77066,5
婚,成婚,0.962099,1
婚,結婚,0.961357,2
婚,婚姻,0.956384,3
婚,新郎,0.926243,4
婚,挙式,0.92472,5
Bluetooth,携帯,0.964858,1
Bluetooth,USB,0.950294,2
Bluetooth,端末,0.930011,3
Bluetooth,バッグ,0.920059,4
Bluetooth,クーポン,0.913013,5
電,電気,0.946935,1
電,電源,0.929887,2
電,輸送,0.92929,3
電,サーチ,0.9218,4
電,スキャン,0.915901,5
検知,検出,0.981318,1
検知,ワーカー,0.941651,2
検知,測る,0.932837,3
検知,調べる,0.924923,4
検知,乗り,0.923188,5
最適化,効率化,0.946852,1
最適化,エンジニア,0.933099,2
最適化,技術,0.932923,3
最適化,効率的,0.932145,4
最適化,管理,0.931177,5
無断,不当,0.972354,1
無断,不正,0.960856,2
無断,不良,0.957778,3
無断,悪い,0.947442,4
無断,違法,0.944498,5
発掘,捜査,0.784688,1
発掘,騎手,0.778219,2
発掘,武将,0.737894,3
発掘,探偵,0.731073,4
発掘,将軍,0.728876,5
中央区,品川,0.964766,1
中央区,東京都,0.958583,2
中央区,中野,0.951563,3
中央区,早稲田,0.950684,4
中央区,名古屋市,0.946226,5
鳴らす,鳴る,0.944606,1
鳴らす,響く,0.92315,2
鳴らす,キャッチ,0.921074,3
鳴らす,渡る,0.916885,4
鳴らす,捉える,0.908514,5
ボールペン,ペン,0.972921,1
ボールペン,文具,0.967895,2
ボールペン,筆,0.961035,3
ボールペン,カード,0.955392,4
ボールペン,シューズ,0.948197,5
ヘルニア,怪我,0.900366,1
ヘルニア,骨折,0.894757,2
ヘルニア,内障,0.894634,3
ヘルニア,浮腫み,0.879798,4
ヘルニア,病気,0.877081,5
教え,教える,0.99092,1
教え,教,0.983608,2
教え,レッスン,0.976131,3
教え,指導,0.961367,4
教え,寄与,0.953162,5
木曜,木曜日,0.991888,1
木曜,水曜,0.987436,2
木曜,火曜,0.986973,3
木曜,水曜日,0.986212,4
木曜,火曜日,0.983061,5
吸引,アピール,0.942786,1
吸引,もてる,0.942271,2
吸引,盛り,0.942145,3
吸引,わく,0.936151,4
吸引,キャリー,0.926721,5
田圃,畑,0.963722,1
田圃,田,0.944643,2
田圃,牧場,0.938415,3
田圃,農,0.928419,4
田圃,林,0.926006,5
リペアー,修復,0.94038,1
リペアー,クレンジング,0.924293,2
リペアー,修繕,0.916204,3
リペアー,治す,0.915794,4
リペアー,トレーニング,0.911724,5
途端,潜む,0.769359,1
途端,以外,0.762311,2
途端,漂う,0.76073,3
途端,脱,0.759628,4
途端,外す,0.758087,5
建設業,施工,0.932102,1
建設業,製造業,0.918952,2
建設業,工業,0.916798,3
建設業,建設,0.907679,4
建設業,産業,0.891961,5
罠,敵,0.926707,1
罠,侵入,0.908902,2
罠,犯人,0.907387,3
罠,攻撃,0.906494,4
罠,呪い,0.903712,5
麻痺,デッド,0.955317,1
麻痺,死,0.943276,2
麻痺,死ぬ,0.938748,3
麻痺,死者,0.92059,4
麻痺,ストール,0.920244,5
明細,内訳,0.979397,1
明細,記録,0.967466,2
明細,設定,0.966794,3
明細,文書,0.962769,4
明細,要項,0.961918,5
事由,事項,0.980721,1
事由,事情,0.97669,2
事由,状況,0.975907,3
事由,シチュエーション,0.969815,4
事由,物事,0.968109,5
プレゼンテーション,プレゼン,0.988636,1
プレゼンテーション,刊行,0.97261,2
プレゼンテーション,出版,0.969047,3
プレゼンテーション,新聞,0.968691,4
プレゼンテーション,課程,0.960201,5
部会,委員会,0.967601,1
部会,業種,0.948102,2
部会,配布,0.938896,3
部会,ミーティング,0.938244,4
部会,営業所,0.937299,5
全長,スケール,0.974694,1
全長,占める,0.955893,2
全長,長,0.955763,3
全長,長い,0.946766,4
全長,幅,0.946012,5
入れ歯,術後,0.818787,1
入れ歯,航空券,0.803618,2
入れ歯,ビザ,0.795633,3
入れ歯,保険料,0.781687,4
入れ歯,端末,0.774351,5
川口,茨城,0.965755,1
川口,茨城県,0.957249,2
川口,岡山県,0.956297,3
川口,福岡県,0.953719,4
川口,埼玉,0.95305,5
中日,関東,0.968295,1
中日,日米,0.961871,2
中日,愛知,0.95328,3
中日,京,0.952521,4
中日,多摩,0.948312,5
周回,年間,0.93215,1
周回,シーズン,0.927483,2
周回,巡る,0.927178,3
周回,巡回,0.925498,4
周回,日中,0.922206,5
鋭い,戦う,0.736678,1
鋭い,敢えて,0.71605,2
鋭い,対決,0.713778,3
鋭い,ハンター,0.711633,4
鋭い,戦士,0.708445,5
運動会,駅伝,0.948804,1
運動会,野球,0.929175,2
運動会,体育,0.916315,3
運動会,スポーツ,0.91486,4
運動会,ツアー,0.899265,5
岡崎,西川,0.979964,1
岡崎,上田,0.979288,2
岡崎,西村,0.977372,3
岡崎,中川,0.976065,4
岡崎,太田,0.974518,5
引っ掛かる,傾く,0.950702,1
引っ掛かる,落とす,0.941865,2
引っ掛かる,傾斜,0.927087,3
引っ掛かる,ブレーク,0.901334,4
引っ掛かる,落ちる,0.895967,5
速,アクション,0.925474,1
速,迅速,0.917425,2
速,速い,0.908436,3
速,加速,0.903364,4
速,プッシュ,0.903168,5
シネマ,映画,0.957219,1
シネマ,劇場,0.939361,2
シネマ,シアター,0.938914,3
シネマ,劇,0.927865,4
シネマ,ブランディング,0.925845,5
訳有り,士,0.958261,1
訳有り,前作,0.946462,2
訳有り,尤も,0.945709,3
訳有り,栄,0.945665,4
訳有り,前田,0.942727,5
金魚,リトル,0.848167,1
金魚,スヌーピー,0.837141,2
金魚,プチ,0.831235,3
金魚,初級,0.831149,4
金魚,小,0.799706,5
ハローワーク,営業所,0.955966,1
ハローワーク,業者,0.955434,2
ハローワーク,売り場,0.949069,3
ハローワーク,配布,0.947506,4
ハローワーク,委員会,0.944423,5
苦味,嫌い,0.897038,1
苦味,辛い,0.894355,2
苦味,阻害,0.88436,3
苦味,嫌う,0.882437,4
苦味,黒ずみ,0.878687,5
ビトン,付け,0.935248,1
ビトン,ぴん,0.930557,2
ビトン,名入れ,0.930385,3
ビトン,枚,0.926525,4
ビトン,飾る,0.924038,5
干し,不動,0.922266,1
干し,クローズ,0.91204,2
干し,泊,0.911524,3
干し,定休,0.905102,4
干し,軒,0.902516,5
例える,表現,0.950108,1
例える,描写,0.945628,2
例える,示唆,0.924094,3
例える,成す,0.923262,4
例える,可成,0.923056,5
眼科,内科,0.951133,1
眼科,皮膚科,0.942797,2
眼科,診療,0.941757,3
眼科,医療,0.936809,4
眼科,ヘルス,0.913656,5
英検,TOEIC,0.972437,1
英検,業務用,0.929613,2
英検,研究科,0.927537,3
英検,法律,0.920557,4
英検,NTT,0.918591,5
膳,御飯,0.961807,1
膳,飯,0.960026,2
膳,庭,0.954897,3
膳,菜,0.943111,4
膳,献立,0.94152,5
元彼,キャン,0.855694,1
元彼,BS,0.815191,2
元彼,末,0.810861,3
元彼,あんな,0.806138,4
元彼,脱,0.804893,5
マイナビ,日産,0.963697,1
マイナビ,ドコモ,0.960872,2
マイナビ,トヨタ,0.956676,3
マイナビ,スーパー,0.956286,4
マイナビ,マート,0.953493,5
貯蓄,貯金,0.996584,1
貯蓄,存分,0.947913,2
貯蓄,積み立て,0.947491,3
貯蓄,セーブ,0.944326,4
貯蓄,資産,0.936184,5
ぼろぼろ,劣化,0.949017,1
ぼろぼろ,駄目,0.940569,2
ぼろぼろ,下手,0.932514,3
ぼろぼろ,劣る,0.926512,4
ぼろぼろ,不備,0.925199,5
少額,小さめ,0.978549,1
少額,スモール,0.969819,2
少額,少量,0.966701,3
少額,小物,0.959106,4
少額,低い,0.948876,5
大まか,何処,0.910754,1
大まか,常温,0.901133,2
大まか,合間,0.899074,3
大まか,サンド,0.89362,4
大まか,表面,0.888478,5
乙女,姫,0.972473,1
乙女,プリンセス,0.925523,2
乙女,蕾,0.918192,3
乙女,はな,0.917116,4
乙女,アイリス,0.91579,5
問題点,雨漏り,0.914565,1
問題点,遅れる,0.904122,2
問題点,油断,0.902076,3
問題点,損,0.898464,4
問題点,遅れ,0.898136,5
竹内,藤井,0.969302,1
竹内,田村,0.966043,2
竹内,中島,0.962514,3
竹内,松田,0.960666,4
竹内,内田,0.958832,5
ブロッコリー,野菜,0.962417,1
ブロッコリー,白菜,0.960164,2
ブロッコリー,レタス,0.95633,3
ブロッコリー,梨,0.952647,4
ブロッコリー,ごま,0.94641,5
火曜日,火曜,0.997973,1
火曜日,木曜日,0.994342,2
火曜日,水曜日,0.992344,3
火曜日,水曜,0.985942,4
火曜日,月曜日,0.983667,5
泣き,泣く,0.994988,1
泣き,心配,0.938152,2
泣き,悩ます,0.936387,3
泣き,悩む,0.921203,4
泣き,涙,0.914506,5
低減,減らす,0.93552,1
低減,最小限,0.932074,2
低減,省,0.922992,3
低減,減額,0.910757,4
低減,削減,0.903268,5
ドラえもん,ミッキー,0.889376,1
ドラえもん,アンパンマン,0.868569,2
ドラえもん,ディズニー,0.849351,3
ドラえもん,エンタメ,0.847015,4
ドラえもん,プリキュア,0.83181,5
歯医者,薬局,0.926847,1
歯医者,クリニック,0.926416,2
歯医者,オフィス,0.921016,3
歯医者,専門学校,0.916338,4
歯医者,薬剤師,0.912518,5
肺,股関節,0.947927,1
肺,肝臓,0.928064,2
肺,臓器,0.914855,3
肺,皮膚,0.913897,4
肺,血管,0.905975,5
ホールディングス,市役所,0.934988,1
ホールディングス,NTT,0.931708,2
ホールディングス,プロバイダー,0.929689,3
ホールディングス,裁判所,0.928081,4
ホールディングス,(株),0.92755,5
親指,掌,0.966423,1
親指,肘,0.950492,2
親指,手指,0.947774,3
親指,腕,0.943618,4
親指,口,0.932329,5
魔王,悪魔,0.923546,1
魔王,モンスター,0.910257,2
魔王,怪獣,0.878598,3
魔王,海賊,0.869288,4
魔王,闇金,0.862629,5
打撃,突き込む,0.955862,1
打撃,パンチ,0.950187,2
打撃,撃つ,0.945637,3
打撃,戦う,0.924277,4
打撃,拳,0.906449,5
チャーハン,チャーシュー,0.956198,1
チャーハン,丼,0.881046,2
チャーハン,おでん,0.877748,3
チャーハン,豚骨,0.877191,4
チャーハン,ギョーザ,0.876996,5
視聴者,普通,0.947091,1
視聴者,お客さん,0.944462,2
視聴者,視聴,0.943098,3
視聴者,毎月,0.939553,4
視聴者,返事,0.939449,5
運勢,運気,0.913506,1
運勢,気持ち,0.888618,2
運勢,感じ,0.881724,3
運勢,念,0.880913,4
運勢,思い付く,0.880164,5
戸籍,配置,0.913279,1
戸籍,合同,0.909716,2
戸籍,契約書,0.904904,3
戸籍,年金,0.903466,4
戸籍,規約,0.900632,5
PM,起用,0.973062,1
PM,AT,0.969354,2
PM,EC,0.966921,3
PM,プロ,0.962865,4
PM,程,0.960136,5
弾ける,飛び出す,0.885374,1
弾ける,スイング,0.861732,2
弾ける,フレア,0.846063,3
弾ける,興奮,0.830845,4
弾ける,刺激,0.828214,5
松田,前田,0.990787,1
松田,三浦,0.98975,2
松田,松井,0.989186,3
松田,遠藤,0.987034,4
松田,李,0.984467,5
手足,両手,0.982502,1
手足,腕,0.975562,2
手足,ハンド,0.975522,3
手足,膝,0.974912,4
手足,脚,0.973177,5
役者,俳優,0.979382,1
役者,女優,0.94405,2
役者,ワークショップ,0.910357,3
役者,セミナー,0.90824,4
役者,歌手,0.90821,5
人体,心臓,0.912849,1
人体,人間,0.91081,2
人体,臓器,0.891083,3
人体,生命,0.886248,4
人体,股関節,0.884412,5
寄与,貢献,0.986767,1
寄与,協力,0.968657,2
寄与,教,0.967373,3
寄与,サポーター,0.96458,4
寄与,援助,0.963751,5
イングリッシュ,本学,0.94843,1
イングリッシュ,イギリス,0.94641,2
イングリッシュ,英国,0.944775,3
イングリッシュ,ジャパン,0.943667,4
イングリッシュ,シリーズ,0.938277,5
歯周,発症,0.841596,1
歯周,症状,0.82325,2
歯周,風邪,0.817503,3
歯周,手間,0.806044,4
歯周,加齢,0.802771,5
教養,知れる,0.945482,1
教養,師,0.935656,2
教養,知恵,0.931456,3
教養,知見,0.929241,4
教養,経歴,0.926915,5
専業,専任,0.95284,1
専業,専門,0.95231,2
専業,専門医,0.924965,3
専業,博士,0.921065,4
専業,メディカル,0.914304,5
間接,周辺,0.896986,1
間接,暗示,0.825892,2
間接,いずれ,0.813195,3
間接,合間,0.811063,4
間接,etc,0.81033,5
壁蝨,黴,0.906449,1
壁蝨,さび,0.851693,2
壁蝨,デッド,0.844437,3
壁蝨,穴,0.833708,4
壁蝨,黒ずみ,0.830438,5
日和,日曜,0.936957,1
日和,日曜日,0.93,2
日和,夕方,0.9229,3
日和,あさ,0.921235,4
日和,明ける,0.916232,5
利便性,便利,0.960049,1
利便性,利益,0.92,2
利便性,報酬,0.914401,3
利便性,コスパ,0.905823,4
利便性,収益,0.903844,5
がっかり,悔しい,0.973677,1
がっかり,挫折,0.970269,2
がっかり,落ち込む,0.9646,3
がっかり,残念,0.964557,4
がっかり,恥ずかしい,0.955285,5
咲き,咲く,0.973887,1
咲き,はる,0.957937,2
咲き,楽,0.954908,3
咲き,帆立,0.944162,4
咲き,蘇る,0.943627,5
爪先,爪,0.951383,1
爪先,歯,0.904674,2
爪先,ネック,0.892692,3
爪先,睫,0.88298,4
爪先,毛先,0.879664,5
ヘアケア,スキンケア,0.977627,1
ヘアケア,アパレル,0.942324,2
ヘアケア,保健,0.932344,3
ヘアケア,洗顔,0.929677,4
ヘアケア,シャンプー,0.929523,5
陸,地,0.976176,1
陸,谷,0.972762,2
陸,アース,0.966083,3
陸,ランド,0.957379,4
陸,丘,0.95436,5
ムード,気分,0.970539,1
ムード,好み,0.96903,2
ムード,気持ち,0.965392,3
ムード,感じ,0.957985,4
ムード,感触,0.953381,5
勇者,英雄,0.914495,1
勇者,ヒーロー,0.879719,2
勇者,全力,0.874423,3
勇者,チャンピオン,0.870879,4
勇者,有力,0.870179,5
ヒューマン,人,0.984123,1
ヒューマン,人間,0.962792,2
ヒューマン,仲間,0.958559,3
ヒューマン,生活,0.954463,4
ヒューマン,同伴,0.9536,5
APP,アプリ,0.975087,1
APP,アプリケーション,0.973665,2
APP,スマート,0.930317,3
APP,エージェント,0.930151,4
APP,Android,0.92839,5
巻き,巻,0.974838,1
巻き,へん,0.953006,2
巻き,纏め,0.95176,3
巻き,たり,0.948931,4
巻き,纏う,0.947355,5
シークレット,秘密,0.941574,1
シークレット,秘訣,0.807437,2
シークレット,独自,0.730696,3
シークレット,レア,0.725994,4
シークレット,希少,0.718132,5
デッド,麻痺,0.955317,1
デッド,死者,0.954824,2
デッド,死,0.944646,3
デッド,暗い,0.944028,4
デッド,さび,0.928431,5
一家,最中,0.964709,1
一家,提供,0.964118,2
一家,出題,0.963486,3
一家,当社,0.962348,4
一家,FM,0.96211,5
合流,連合,0.972233,1
合流,群,0.960248,2
合流,グループ,0.94835,3
合流,隊,0.94582,4
合流,集結,0.945221,5
個人差,体調,0.939618,1
個人差,気持ち,0.937392,2
個人差,気分,0.936704,3
個人差,ニーズ,0.933095,4
個人差,個人,0.930981,5
営業所,業者,0.97154,1
営業所,販売店,0.971323,2
営業所,支店,0.966549,3
営業所,ディーラー,0.965649,4
営業所,店頭,0.958038,5
タイマー,器具,0.959964,1
タイマー,道具,0.958309,2
タイマー,キーボード,0.942471,3
タイマー,工具,0.94187,4
タイマー,コンセント,0.939066,5
放出,出る,0.961915,1
放出,出す,0.958658,2
放出,スルー,0.955246,3
放出,張る,0.948621,4
放出,発する,0.946352,5
壁面,天井,0.970688,1
壁面,外壁,0.963364,2
壁面,屋根,0.956747,3
壁面,天板,0.95549,4
壁面,ディスク,0.951488,5
スクリプト,脚本,0.984265,1
スクリプト,設置,0.963388,2
スクリプト,セットアップ,0.94475,3
スクリプト,ボード,0.943483,4
スクリプト,設定,0.942125,5
ロースト,焙煎,0.917815,1
ロースト,煮物,0.917104,2
ロースト,シナモン,0.899565,3
ロースト,釣果,0.890242,4
ロースト,出汁,0.887754,5
何十,後者,0.912603,1
何十,ハリ,0.904158,2
何十,費,0.897115,3
何十,マチ,0.893427,4
何十,大した,0.893275,5
ピンチ,破れる,0.910131,1
ピンチ,転倒,0.909456,2
ピンチ,倒れる,0.904644,3
ピンチ,崩れる,0.902372,4
ピンチ,損なう,0.89937,5
税別,税抜き,0.969629,1
税別,インチ,0.938411,2
税別,端子,0.924124,3
税別,パーツ,0.91569,4
税別,フォーム,0.901175,5
尻尾,お尻,0.950588,1
尻尾,ああ,0.946238,2
尻尾,尾,0.938347,3
尻尾,飽きる,0.920501,4
尻尾,あー,0.909625,5
スピーチ,シリーズ,0.949863,1
スピーチ,対談,0.948959,2
スピーチ,主演,0.944003,3
スピーチ,本学,0.94182,4
スピーチ,社会人,0.940271,5
電流,電圧,0.889923,1
電流,追跡,0.880721,2
電流,輸送,0.878691,3
電流,ドライバー,0.868858,4
電流,信号,0.867228,5
信長,武田,0.838687,1
信長,相撲,0.822184,2
信長,武将,0.820962,3
信長,必殺,0.796088,4
信長,勝負,0.764166,5
機動,ターボ,0.864263,1
機動,ジェット,0.853664,2
機動,トレーダー,0.850351,3
機動,起業,0.848888,4
機動,飛行,0.84144,5
医療機関,医院,0.971014,1
医療機関,医学部,0.963117,2
医療機関,病院,0.946612,3
医療機関,製薬,0.940234,4
医療機関,銀行,0.940142,5
定年,請求書,0.952671,1
定年,残高,0.950105,2
定年,家賃,0.943771,3
定年,履歴,0.942872,4
定年,賃料,0.938438,5
少なめ,最小,0.985021,1
少なめ,低,0.983092,2
少なめ,少,0.982677,3
少なめ,少ない,0.978803,4
少なめ,最低限,0.968,5
キューブ,モジュール,0.9253,1
キューブ,スクエア,0.912931,2
キューブ,ボックス,0.9109,3
キューブ,ラック,0.904976,4
キューブ,パッケージ,0.903845,5
マザー,母,0.990477,1
マザー,母親,0.986112,2
マザー,ママ,0.982381,3
マザー,お母さん,0.981327,4
マザー,母さん,0.969352,5
国籍,年月日,0.934555,1
国籍,サイズ,0.933804,2
国籍,オブジェクト,0.929484,3
国籍,画像,0.928563,4
国籍,フォト,0.92714,5
奈良県,奈良,0.99061,1
奈良県,川越,0.979952,2
奈良県,高知,0.975723,3
奈良県,岐阜,0.965497,4
奈良県,姫路,0.96468,5
広める,伝達,0.943,1
広める,促す,0.941717,2
広める,広げる,0.937851,3
広める,展開,0.934757,4
広める,ディスカッション,0.931549,5
スパ,プール,0.904496,1
スパ,ホテル,0.904458,2
スパ,式場,0.895691,3
スパ,ショールーム,0.894922,4
スパ,セブン,0.889075,5
採取,取り出す,0.965397,1
採取,運ぶ,0.96464,2
採取,確かめる,0.963676,3
採取,出発,0.960993,4
採取,取る,0.959724,5
連邦,インターナショナル,0.949592,1
連邦,集約,0.945657,2
連邦,国家,0.941753,3
連邦,マクロ,0.940879,4
連邦,連合,0.936851,5
火葬,返済,0.886574,1
火葬,術後,0.879256,2
火葬,慰謝料,0.860753,3
火葬,賠償,0.858487,4
火葬,家賃,0.855302,5
直面,ガチ,0.939463,1
直面,遂げる,0.931066,2
直面,明かす,0.929748,3
直面,行使,0.928821,4
直面,果たす,0.926472,5
アニマル,動物,0.941319,1
アニマル,午後,0.925924,2
アニマル,獣,0.917229,3
アニマル,夕方,0.889573,4
アニマル,大凡,0.888473,5
文明,大学,0.923575,1
文明,高等学校,0.917196,2
文明,上海,0.913209,3
文明,大阪市,0.913018,4
文明,近代,0.910865,5
CSS,シリコン,0.952428,1
CSS,数字,0.949042,2
CSS,コーティング,0.947316,3
CSS,データ,0.947032,4
CSS,コンテナ,0.946871,5
オーシャン,海洋,0.984841,1
オーシャン,海,0.984532,2
オーシャン,海上,0.937673,3
オーシャン,太平洋,0.933421,4
オーシャン,東海,0.913991,5
偏差値,割合,0.892961,1
偏差値,比率,0.874149,2
偏差値,枚数,0.872995,3
偏差値,分割,0.861391,4
偏差値,単価,0.857452,5
呪い,悪魔,0.941549,1
呪い,悪影響,0.938522,2
呪い,悪質,0.937895,3
呪い,虐待,0.931615,4
呪い,悪,0.927484,5
祖父,祖母,0.975183,1
祖父,おじ,0.95754,2
祖父,実家,0.941856,3
祖父,親父,0.941623,4
祖父,頼り,0.940876,5
改札,号線,0.942658,1
改札,勤務地,0.926948,2
改札,駐車場,0.925628,3
改札,出荷,0.923589,4
改札,貨物,0.922883,5
宝籤,御陰様,0.864726,1
宝籤,王子,0.860327,2
宝籤,ビンテージ,0.858949,3
宝籤,玉,0.856226,4
宝籤,アンティーク,0.85585,5
混ざる,拡散,0.894788,1
混ざる,ぐるぐる,0.886772,2
混ざる,絡める,0.826227,3
混ざる,絡む,0.825079,4
混ざる,染みる,0.814867,5
換金,買い付け,0.967596,1
換金,出金,0.966636,2
換金,貸し付け,0.966142,3
換金,発注,0.961776,4
換金,貸し出し,0.95902,5
掃除機,洗濯機,0.957722,1
掃除機,タイヤ,0.949648,2
掃除機,プリンター,0.949174,3
掃除機,ヘルメット,0.933859,4
掃除機,ナビ,0.932207,5
ロー,下,0.958933,1
ロー,しも,0.955372,2
ロー,入れ,0.951706,3
ロー,単,0.951121,4
ロー,右下,0.950719,5
しなやか,心地良い,0.940855,1
しなやか,宜しい,0.930864,2
しなやか,自在,0.926924,3
しなやか,潤い,0.924834,4
しなやか,優しい,0.919827,5
客観的,標準,0.938902,1
客観的,基準,0.931774,2
客観的,法則,0.917331,3
客観的,均一,0.916919,4
客観的,均等,0.911657,5
打ち,打,0.953814,1
打ち,弾,0.940736,2
打ち,突く,0.928563,3
打ち,割,0.920645,4
打ち,ゲット,0.911404,5
PIC,TEL,0.953818,1
PIC,作り,0.949442,2
PIC,DM,0.94161,3
PIC,AT,0.93744,4
PIC,IC,0.936138,5
シチュエーション,事情,0.981456,1
シチュエーション,状況,0.981428,2
シチュエーション,事由,0.969815,3
シチュエーション,現状,0.961543,4
シチュエーション,関係者,0.96068,5
改装,改造,0.924171,1
改装,リノベーション,0.906778,2
改装,カスタマイズ,0.866113,3
改装,物作り,0.86498,4
改装,作り上げる,0.837245,5
花言葉,さくら,0.915871,1
花言葉,和風,0.911726,2
花言葉,七夕,0.900716,3
花言葉,蜜,0.898057,4
花言葉,福,0.896058,5
取り外す,取り外し,0.970837,1
取り外す,撤去,0.926006,2
取り外す,戻す,0.923339,3
取り外す,取り消し,0.911835,4
取り外す,抜く,0.907937,5
猫背,肩凝り,0.942352,1
猫背,浮腫み,0.920649,2
猫背,眠い,0.909327,3
猫背,痺れ,0.903808,4
猫背,便秘,0.889583,5
不能,不,0.983546,1
不能,不可,0.981346,2
不能,NO,0.9786,3
不能,負,0.975996,4
不能,否定,0.972243,5
彼方,遠く,0.942092,1
彼方,遠方,0.935104,2
彼方,遠い,0.905527,3
彼方,県外,0.886671,4
彼方,向こう,0.870674,5
先進,先端,0.96819,1
先進,次世代,0.956207,2
先進,一流,0.923586,3
先進,最先端,0.913706,4
先進,高級,0.889631,5
御朱印,御供,0.924913,1
御朱印,御守り,0.898706,2
御朱印,仏壇,0.892999,3
御朱印,御襁褓,0.882335,4
御朱印,印鑑,0.866724,5
進歩,進展,0.970472,1
進歩,発展,0.968422,2
進歩,振興,0.929617,3
進歩,前向き,0.926241,4
進歩,活用,0.925274,5
基金,ファイナンシャル,0.940334,1
基金,IP,0.935876,2
基金,ファンド,0.93343,3
基金,asp,0.918967,4
基金,ドコモ,0.914174,5
全域,世界的,0.97429,1
全域,数百,0.962256,2
全域,全国,0.961585,3
全域,数千,0.954184,4
全域,全体的,0.954095,5
円やか,丸で,0.986944,1
円やか,丸,0.974045,2
円やか,方,0.96135,3
円やか,丸い,0.954322,4
円やか,節,0.953212,5
踊り,踊る,0.98548,1
踊り,舞う,0.976283,2
踊り,ダンス,0.921328,3
踊り,舞,0.900381,4
踊り,プレー,0.899184,5
スナップ,フラッシュ,0.86976,1
スナップ,クリック,0.838483,2
スナップ,インスタント,0.825406,3
スナップ,タップ,0.807654,4
スナップ,ドロップ,0.804862,5
レコーダー,簿,0.93077,1
レコーダー,封筒,0.926336,2
レコーダー,箪笥,0.924472,3
レコーダー,ダイヤル,0.922979,4
レコーダー,HDD,0.912687,5
公務,公務員,0.968985,1
公務,監修,0.954965,2
公務,市役所,0.950477,3
公務,行政,0.950414,4
公務,事務,0.949979,5
うっかり,弱る,0.928736,1
うっかり,勘違い,0.926793,2
うっかり,躊躇,0.921204,3
うっかり,遣る気,0.912594,4
うっかり,間違う,0.911036,5
製造業,産業,0.988895,1
製造業,工業,0.966188,2
製造業,建設,0.958377,3
製造業,物流,0.954187,4
製造業,製造,0.946867,5
替え,追記,0.959938,1
替え,つける,0.956693,2
替え,替える,0.952204,3
替え,付ける,0.948534,4
替え,取り,0.936842,5
豪雨,強風,0.968336,1
豪雨,大雨,0.955699,2
豪雨,嵐,0.952502,3
豪雨,台風,0.944049,4
豪雨,雷,0.939683,5
EU,US,0.955265,1
EU,カンパニー,0.95177,2
EU,大企業,0.950558,3
EU,日米,0.949677,4
EU,首都圏,0.949453,5
画家,芸術,0.903775,1
画家,アート,0.887923,2
画家,イラストレーター,0.884453,3
画家,作曲,0.880705,4
画家,アトリエ,0.880611,5
かなう,栄,0.968572,1
かなう,豊,0.962381,2
かなう,尤も,0.960977,3
かなう,優,0.958529,4
かなう,吉,0.956675,5
腐る,漏れ,0.953345,1
腐る,漏れる,0.948074,2
腐る,破損,0.940658,3
腐る,黴,0.938687,4
腐る,出血,0.937587,5
付加,上乗せ,0.931792,1
付加,プラス,0.923044,2
付加,アップグレード,0.916824,3
付加,特典,0.911443,4
付加,アップ,0.910116,5
原告,自,0.952167,1
原告,一方,0.950832,2
原告,扱い,0.950109,3
原告,個,0.942422,4
原告,立場,0.940185,5
見分ける,把握,0.948774,1
見分ける,果たす,0.941067,2
見分ける,認識,0.937568,3
見分ける,しめる,0.936996,4
見分ける,培う,0.930118,5
目玉,受け継ぐ,0.958746,1
目玉,愈,0.955647,2
目玉,潤,0.950291,3
目玉,伝,0.949867,4
目玉,済む,0.949108,5
木工,クッキング,0.920273,1
木工,職人,0.914483,2
木工,織る,0.899638,3
木工,調理,0.896583,4
木工,料理,0.872273,5
夕日,夕方,0.939067,1
夕日,紅葉,0.935356,2
夕日,湾,0.908303,3
夕日,紫陽花,0.904248,4
夕日,南部,0.903896,5
着丈,袴,0.962182,1
着丈,舎,0.955283,2
着丈,かしら,0.940406,3
着丈,丈,0.936616,4
着丈,巾着,0.930211,5
パンク,破る,0.814727,1
パンク,突っ込み,0.804788,2
パンク,乱れ,0.796222,3
パンク,乱れる,0.789011,4
パンク,ショック,0.780651,5
フィッシュ,魚,0.97442,1
フィッシュ,鳥,0.896152,2
フィッシュ,午前,0.881617,3
フィッシュ,泉,0.878902,4
フィッシュ,小川,0.87688,5
最善,優れる,0.972376,1
最善,優良,0.968288,2
最善,ベスト,0.96626,3
最善,最適,0.962765,4
最善,一流,0.957863,5
特設,新商品,0.783896,1
特設,新品,0.776754,2
特設,新設,0.756877,3
特設,仮想,0.691018,4
特設,バーチャル,0.679679,5
星空,スカイ,0.88396,1
星空,月,0.875309,2
星空,山,0.856954,3
星空,ムーン,0.854131,4
星空,高原,0.851531,5
革新,イノベーション,0.963248,1
革新,次世代,0.88376,2
革新,最先端,0.877644,3
革新,突破,0.865301,4
革新,先端,0.864836,5
田,畑,0.963735,1
田,ランド,0.946566,2
田,田圃,0.944643,3
田,平野,0.94439,4
田,地,0.942703,5
ハンバーガー,バーガー,0.99076,1
ハンバーガー,ハンバーグ,0.971693,2
ハンバーガー,ピザ,0.965161,3
ハンバーガー,パンケーキ,0.923085,4
ハンバーガー,焼き鳥,0.91945,5
乗り物,車両,0.95672,1
乗り物,カー,0.955005,2
乗り物,スピーカー,0.954112,3
乗り物,車,0.939354,4
乗り物,マイカー,0.937947,5
セレブ,有名人,0.927056,1
セレブ,芸能人,0.87004,2
セレブ,ハリウッド,0.845247,3
セレブ,目立つ,0.798338,4
セレブ,六本木,0.797323,5
奮闘,懸命,0.903117,1
奮闘,思い切る,0.85107,2
奮闘,対決,0.846986,3
奮闘,急ぐ,0.846218,4
奮闘,テンション,0.842077,5
速乾,決済,0.910005,1
速乾,撥水,0.90773,2
速乾,バックパック,0.907665,3
速乾,省エネ,0.90668,4
速乾,便利,0.90665,5
フォース,威力,0.940383,1
フォース,強,0.900645,2
フォース,強度,0.900218,3
フォース,ハンター,0.887336,4
フォース,力強い,0.871622,5
楽ちん,安易,0.815509,1
楽ちん,ラフ,0.799553,2
楽ちん,風船,0.797166,3
楽ちん,ぽかぽか,0.781367,4
楽ちん,半端,0.756362,5
複製,検査,0.932929,1
複製,転載,0.93216,2
複製,選考,0.929527,3
複製,入荷,0.923209,4
複製,関数,0.92277,5
じっと,背面,0.929829,1
じっと,つめる,0.925479,2
じっと,籠もる,0.912255,3
じっと,根元,0.911245,4
じっと,残る,0.909321,5
玉蜀黍,栗,0.947041,1
玉蜀黍,蕎麦,0.941742,2
玉蜀黍,郷,0.929439,3
玉蜀黍,柿,0.924435,4
玉蜀黍,松山,0.921951,5
動物園,水族館,0.928641,1
動物園,館内,0.911242,2
動物園,百貨店,0.908551,3
動物園,映画館,0.905279,4
動物園,放映,0.90398,5
出雲,伊勢,0.976872,1
出雲,川越,0.974522,2
出雲,伊豆,0.973601,3
出雲,信州,0.961377,4
出雲,瀬戸,0.959923,5
バーガー,ハンバーガー,0.99076,1
バーガー,ピザ,0.964668,2
バーガー,ハンバーグ,0.964497,3
バーガー,焼き鳥,0.927145,4
バーガー,ラーメン,0.915173,5
急増,急激,0.915195,1
急増,激しい,0.890086,2
急増,ラッシュ,0.864097,3
急増,爆,0.853574,4
急増,フレア,0.830761,5
扶養,治す,0.931808,1
扶養,扱い,0.927752,2
扶養,薪,0.926757,3
扶養,おじ,0.926283,4
扶養,入居,0.925232,5
д,n,0.991221,1
д,要,0.985022,2
д,l,0.984324,3
д,o,0.981583,4
д,ル,0.98155,5
ガーゼ,糸,0.921907,1
ガーゼ,プレーン,0.913736,2
ガーゼ,卵,0.89401,3
ガーゼ,合間,0.892798,4
ガーゼ,ナット,0.891337,5
高性能,先端,0.89309,1
高性能,最先端,0.884032,2
高性能,先進,0.877579,3
高性能,次世代,0.863781,4
高性能,BMW,0.849463,5
団地,歩道,0.933584,1
団地,サイト,0.931716,2
団地,バス,0.924088,3
団地,店内,0.920113,4
団地,com,0.920097,5
長期的,長期,0.97926,1
長期的,長期間,0.976282,2
長期的,結末,0.942079,3
長期的,全身,0.941852,4
長期的,持続,0.939944,5
広まる,広がる,0.945991,1
広まる,蔓延,0.878824,2
広まる,賑わう,0.874041,3
広まる,広がり,0.86977,4
広まる,どんどん,0.868605,5
捕まえる,捕らえる,0.959753,1
捕まえる,打つ,0.957003,2
捕まえる,狙う,0.941076,3
捕まえる,捉える,0.939911,4
捕まえる,掴む,0.931043,5
スレ,イン,0.980284,1
スレ,トレ,0.970781,2
スレ,ブラ,0.965088,3
スレ,プレ,0.964153,4
スレ,ル,0.961351,5
紅白,ラウンド,0.897192,1
紅白,報,0.887505,2
紅白,箇国,0.886481,3
紅白,一通り,0.87983,4
紅白,日祝,0.876367,5
スペシャリスト,エキスパート,0.95145,1
スペシャリスト,専門家,0.929039,2
スペシャリスト,専門医,0.922049,3
スペシャリスト,専門,0.921496,4
スペシャリスト,専業,0.90845,5
音色,色味,0.923354,1
音色,色合い,0.909488,2
音色,唱える,0.882992,3
音色,ボーカル,0.882548,4
音色,発色,0.874917,5
現実的,実際,0.977157,1
現実的,実写,0.962186,2
現実的,正常,0.954444,3
現実的,レギュラー,0.951326,4
現実的,正規,0.949226,5
事業主,対策,0.95939,1
事業主,働き,0.956809,2
事業主,遂行,0.948408,3
事業主,業績,0.94796,4
事業主,営む,0.947739,5
空手,登山,0.822891,1
空手,狩り,0.813348,2
空手,戦士,0.792845,3
空手,ハンター,0.791594,4
空手,柔道,0.740348,5
メス,漸く,0.947096,1
メス,徐々,0.946954,2
メス,チーク,0.942114,3
メス,さ,0.940462,4
メス,すむ,0.938371,5
模索,試み,0.848974,1
模索,推測,0.81598,2
模索,試みる,0.812656,3
模索,連想,0.808671,4
模索,移る,0.804762,5
平等,情報,0.919992,1
平等,公正,0.91198,2
平等,立地,0.882447,3
平等,投票,0.881786,4
平等,記事,0.88031,5
包括,組,0.974112,1
包括,案,0.969334,2
包括,内容,0.966945,3
包括,主に,0.966744,4
包括,式,0.966259,5
仮名,箸,0.928806,1
仮名,スタンプ,0.907003,2
仮名,テープ,0.90428,3
仮名,ペーパー,0.902437,4
仮名,靴下,0.890547,5
決め手,押さえる,0.93843,1
決め手,決める,0.928924,2
決め手,決定,0.924603,3
決め手,承諾,0.921052,4
決め手,夫,0.919855,5
エクスプレス,特急,0.892625,1
エクスプレス,ライトアップ,0.882476,2
エクスプレス,最速,0.879976,3
エクスプレス,高速,0.866435,4
エクスプレス,推進,0.864649,5
メゾン,LP,0.96316,1
メゾン,プロパティー,0.93943,2
メゾン,枚,0.937567,3
メゾン,庫,0.936383,4
メゾン,其方,0.934255,5
誇り,大切,0.968253,1
誇り,プライド,0.961177,2
誇り,愛する,0.943681,3
誇り,重視,0.941289,4
誇り,得意,0.941288,5
飲酒,アルコール,0.898807,1
飲酒,タバコ,0.841748,2
飲酒,喫煙,0.827858,3
飲酒,賭ける,0.759926,4
飲酒,薬物,0.75723,5
航空券,プリンター,0.944019,1
航空券,給与,0.932447,2
航空券,口座,0.9315,3
航空券,PC,0.925601,4
航空券,給料,0.925584,5
以後,その後,0.964174,1
以後,要求,0.959782,2
以後,この先,0.954426,3
以後,現,0.95328,4
以後,来月,0.952786,5
水栓,芝,0.91072,1
水栓,ウインドー,0.90619,2
水栓,水回り,0.891535,3
水栓,谷,0.887741,4
水栓,シー,0.886445,5
存ずる,御自分,0.963302,1
存ずる,己,0.959182,2
存ずる,込める,0.956279,3
存ずる,寄る,0.954393,4
存ずる,承る,0.949776,5
備わる,十分,0.972159,1
備わる,包む,0.970283,2
備わる,適する,0.967353,3
備わる,質,0.966909,4
備わる,済み,0.965664,5
デコレーション,装飾,0.986216,1
デコレーション,飾り,0.930339,2
デコレーション,スイート,0.927745,3
デコレーション,ヘアカラー,0.922019,4
デコレーション,インテリア,0.91649,5
樹木,樹,0.991476,1
樹木,木々,0.983067,2
樹木,木,0.978792,3
樹木,ツリー,0.954157,4
樹木,大地,0.948109,5
太,長,0.958784,1
太,数十,0.951518,2
太,東,0.947824,3
太,総,0.946589,4
太,オール,0.943377,5
道程,進路,0.964195,1
道程,考え方,0.953661,2
道程,認識,0.950958,3
道程,解す,0.948173,4
道程,辿り着く,0.946663,5
駆ける,勢い,0.935593,1
駆ける,速い,0.895868,2
駆ける,ジャンプ,0.895201,3
駆ける,速,0.890391,4
駆ける,スピード,0.888955,5
格闘,バトル,0.88543,1
格闘,戦い,0.854316,2
格闘,戦う,0.852305,3
格闘,打撃,0.830351,4
格闘,激しい,0.819086,5
和菓子,御菓子,0.937902,1
和菓子,菓子,0.933551,2
和菓子,タルト,0.932047,3
和菓子,チーズケーキ,0.912306,4
和菓子,饅頭,0.908664,5
冷え性,冷え,0.943648,1
冷え性,冷える,0.942567,2
冷え性,見逃す,0.924294,3
冷え性,残念,0.923139,4
冷え性,悲しい,0.922708,5
到頭,遂に,0.977012,1
到頭,継ぐ,0.95678,2
到頭,続ける,0.954307,3
到頭,当たり,0.953956,4
到頭,OB,0.951718,5
制約,制限,0.957827,1
制約,限度,0.926234,2
制約,クローズ,0.915842,3
制約,閉鎖,0.902355,4
制約,限,0.901697,5
竹の子,苗,0.931545,1
竹の子,芽,0.929226,2
竹の子,リーフ,0.916633,3
竹の子,卵,0.898714,4
竹の子,小豆,0.889976,5
費やす,出費,0.944055,1
費やす,支出,0.94254,2
費やす,払う,0.925732,3
費やす,昨夜,0.923548,4
費やす,意見,0.923417,5
品目,値,0.974162,1
品目,表記,0.970426,2
品目,件,0.966919,3
品目,欄,0.962587,4
品目,項目,0.962063,5
蒟蒻,炭,0.878257,1
蒟蒻,跡,0.841978,2
蒟蒻,角質,0.835405,3
蒟蒻,溝,0.823835,4
蒟蒻,尾,0.820614,5
ETC,AT,0.95549,1
ETC,au,0.952324,2
ETC,FP,0.944481,3
ETC,dmm,0.942831,4
ETC,NET,0.942118,5
東口,西口,0.971184,1
東口,南口,0.949292,2
東口,支部,0.941995,3
東口,出口,0.935365,4
東口,北口,0.926506,5
X1,N,0.990302,1
X1,t,0.988711,2
X1,d,0.987577,3
X1,w,0.986244,4
X1,f,0.986193,5
面する,向き合う,0.96991,1
面する,現,0.958567,2
面する,言う,0.957466,3
面する,見なす,0.957363,4
面する,称する,0.953358,5
視察,調べる,0.970524,1
視察,取材,0.963172,2
視察,考察,0.962956,3
視察,ヒアリング,0.962279,4
視察,問い合わせる,0.951776,5
農地,作物,0.925507,1
農地,畑,0.915261,2
農地,農林,0.913159,3
農地,田圃,0.912054,4
農地,園,0.888717,5
ドック,棟,0.958654,1
ドック,基板,0.957129,2
ドック,ブロック,0.956712,3
ドック,レール,0.951585,4
ドック,板金,0.943315,5
試み,試みる,0.972603,1
試み,試す,0.939497,2
試み,変える,0.917535,3
試み,試行,0.914153,4
試み,努める,0.90038,5
試乗,試着,0.951363,1
試乗,購買,0.915273,2
試乗,試行,0.910899,3
試乗,購入,0.904196,4
試乗,買う,0.903093,5
豊田,住友,0.970554,1
豊田,ヤマハ,0.957388,2
豊田,本田,0.953611,3
豊田,主力,0.952122,4
豊田,楽天,0.949787,5
パレット,棚,0.887122,1
パレット,扉,0.884291,2
パレット,バスケット,0.882564,3
パレット,ドア,0.876352,4
パレット,ボウル,0.876228,5
耐熱,防水,0.910966,1
耐熱,保温,0.898604,2
耐熱,耐久性,0.876903,3
耐熱,セーフティー,0.873491,4
耐熱,屋,0.869584,5
AMEX,三井,0.8983,1
AMEX,NTT,0.894766,2
AMEX,三菱,0.87828,3
AMEX,住友,0.868279,4
AMEX,HP,0.867806,5
汎用,通用,0.982989,1
汎用,ユニバーサル,0.974079,2
汎用,共通,0.961202,3
汎用,公開,0.944407,4
汎用,一般,0.941581,5
BS,そんな,0.858537,1
BS,いー,0.850226,2
BS,差,0.837711,3
BS,ぐっ,0.834307,4
BS,えー,0.832261,5
兵,軍,0.888533,1
兵,ミリタリー,0.88698,2
兵,取り締まり,0.865918,3
兵,刑事,0.865851,4
兵,武,0.861634,5
創設,創立,0.959083,1
創設,設立,0.90236,2
創設,建つ,0.898286,3
創設,造り,0.897459,4
創設,開設,0.892186,5
理想的,理想,0.943514,1
理想的,望ましい,0.932702,2
理想的,パーフェクト,0.914517,3
理想的,逸品,0.910582,4
理想的,上品,0.900152,5
クオーツ,銀,0.942112,1
クオーツ,清,0.913141,2
クオーツ,白色,0.913119,3
クオーツ,クリア,0.900374,4
クオーツ,白い,0.897803,5
引き取る,取り出す,0.97329,1
引き取る,取る,0.966316,2
引き取る,遣る,0.963128,3
引き取る,片付ける,0.962476,4
引き取る,去る,0.9555,5
市街,店頭,0.958943,1
市街,街,0.958107,2
市街,街道,0.957871,3
市街,市内,0.955961,4
市街,駅前,0.946663,5
リトル,小,0.965213,1
リトル,小さな,0.959377,2
リトル,小まめ,0.954814,3
リトル,小規模,0.952252,4
リトル,小型,0.944273,5
水面,湖,0.938524,1
水面,平野,0.937244,2
水面,光景,0.928986,3
水面,湾,0.928462,4
水面,風景,0.92251,5
秘める,格別,0.916171,1
秘める,つめる,0.902864,2
秘める,密か,0.891672,3
秘める,潜む,0.883493,4
秘める,我慢,0.878477,5
珊瑚,沖縄,0.920494,1
珊瑚,バリ,0.897482,2
珊瑚,沖縄県,0.890878,3
珊瑚,湘南,0.885424,4
珊瑚,愛媛,0.861318,5
プログラマー,プログラミング,0.95989,1
プログラマー,エンジニア,0.916798,2
プログラマー,IT,0.896932,3
プログラマー,技術者,0.878823,4
プログラマー,ICT,0.876646,5
故人,遺族,0.938879,1
故人,遺品,0.915033,2
故人,老後,0.902298,3
故人,相続人,0.882141,4
故人,引退,0.879492,5
特約,覆刻,0.89176,1
特約,ライセンス,0.879557,2
特約,規約,0.876569,3
特約,免許,0.876186,4
特約,規程,0.865724,5
うかがう,辿る,0.938912,1
うかがう,念,0.938389,2
うかがう,祈る,0.919442,3
うかがう,思い,0.919058,4
うかがう,思い付く,0.914557,5
電球,ボタン,0.913062,1
電球,灯,0.906318,2
電球,マーカー,0.88707,3
電球,道具,0.885365,4
電球,点灯,0.881608,5
ミュージシャン,歌手,0.94698,1
ミュージシャン,ミュージック,0.935063,2
ミュージシャン,シェフ,0.916154,3
ミュージシャン,アーチスト,0.894169,4
ミュージシャン,音楽,0.874094,5
均一,均等,0.968466,1
均一,同等,0.96801,2
均一,並ぶ,0.964986,3
均一,基準,0.963565,4
均一,一律,0.962954,5
試食,日帰り,0.959664,1
試食,半袖,0.948743,2
試食,仕入れる,0.934991,3
試食,使う,0.933356,4
試食,始める,0.93233,5
ぶつける,ぶつかる,0.956301,1
ぶつける,倒す,0.927872,2
ぶつける,蹴る,0.927469,3
ぶつける,切れる,0.894629,4
ぶつける,叩く,0.892469,5
書き込む,写る,0.97794,1
書き込む,書き込み,0.972582,2
書き込む,書く,0.952327,3
書き込む,撮る,0.949744,4
書き込む,受講,0.947086,5
稲荷,吉祥寺,0.91178,1
稲荷,神社,0.908296,2
稲荷,役,0.9081,3
稲荷,市川,0.908022,4
稲荷,甲斐,0.902933,5
賭ける,ギャンブル,0.888762,1
賭ける,馬券,0.82551,2
賭ける,ドラッグ,0.807411,3
賭ける,誘い,0.794793,4
賭ける,注入,0.788281,5
那覇,神奈川,0.975276,1
那覇,神奈川県,0.974499,2
那覇,香川,0.966907,3
那覇,タイ,0.963888,4
那覇,熱海,0.962728,5
合戦,戦い,0.928132,1
合戦,バトル,0.918079,2
合戦,戦,0.903371,3
合戦,ウォーズ,0.890645,4
合戦,戦闘,0.886907,5
受け継ぐ,承継,0.971154,1
受け継ぐ,おじ,0.962519,2
受け継ぐ,孫,0.959292,3
受け継ぐ,据える,0.958876,4
受け継ぐ,目玉,0.958746,5
ロス,損,0.952792,1
ロス,故,0.952523,2
ロス,損失,0.924507,3
ロス,被害,0.924082,4
ロス,後遺,0.921679,5
蛸,虫,0.889797,1
蛸,鼠,0.88282,2
蛸,花粉,0.874617,3
蛸,蝦,0.873091,4
蛸,菌,0.85441,5
人格,性格,0.970482,1
人格,価値観,0.937906,2
人格,心身,0.918091,3
人格,個性,0.917329,4
人格,精神,0.915634,5
取り揃える,組み込む,0.97515,1
取り揃える,支給,0.966306,2
取り揃える,バリュー,0.959206,3
取り揃える,揃える,0.958661,4
取り揃える,用途,0.956379,5
有益,役立つ,0.962112,1
有益,良品,0.960773,2
有益,良好,0.960572,3
有益,有用,0.955908,4
有益,グッド,0.95469,5
校長,院長,0.9881,1
校長,会長,0.974102,2
校長,部長,0.969452,3
校長,主任,0.968213,4
校長,理事長,0.965401,5
立ち上がる,前走,0.971674,1
立ち上がる,踏み出す,0.968647,2
立ち上がる,向かう,0.957226,3
立ち上がる,脈,0.950827,4
立ち上がる,運ぶ,0.947305,5
暦,マップ,0.96771,1
暦,地図,0.964294,2
暦,算数,0.952414,3
暦,カタログ,0.950396,4
暦,道路,0.949225,5
海苔,オリーブ,0.957689,1
海苔,レタス,0.95584,2
海苔,豆,0.949849,3
海苔,葱,0.949282,4
海苔,昆布,0.949194,5
苦戦,苦しむ,0.943262,1
苦戦,不安,0.939563,2
苦戦,失敗,0.929154,3
苦戦,トラブル,0.920989,4
苦戦,痛める,0.91965,5
校舎,館,0.965956,1
校舎,施設,0.961179,2
校舎,会議室,0.958184,3
校舎,カリキュラム,0.956212,4
校舎,ライブラリー,0.953013,5
角形,ブロック,0.945378,1
角形,管,0.93517,2
角形,番号,0.922377,3
角形,回線,0.921757,4
角形,スクエア,0.921305,5
直感,感じる,0.908173,1
直感,想像,0.904121,2
直感,願望,0.899937,3
直感,経験,0.894853,4
直感,感情,0.892732,5
吉祥寺,高松,0.950909,1
吉祥寺,姫路,0.946425,2
吉祥寺,奈良,0.944408,3
吉祥寺,堺,0.944221,4
吉祥寺,京橋,0.938825,5
日常的,日常,0.978778,1
日常的,普通,0.964668,2
日常的,ノーマル,0.958249,3
日常的,現地,0.955084,4
日常的,地上,0.940938,5
シーリング,シールド,0.967932,1
シーリング,ラック,0.946627,2
シーリング,シール,0.946433,3
シーリング,ロッカー,0.941563,4
シーリング,三脚,0.940666,5
マイケル,ジョン,0.988414,1
マイケル,阿部,0.975176,2
マイケル,渡辺,0.974431,3
マイケル,彼是,0.97051,4
マイケル,松田,0.96834,5
用紙,紙,0.954325,1
用紙,ペーパー,0.944509,2
用紙,かご,0.937311,3
用紙,手紙,0.916965,4
用紙,鉢,0.914258,5
カットソー,はさみ,0.925728,1
カットソー,包丁,0.907325,2
カットソー,ベルト,0.891818,3
カットソー,カッター,0.888554,4
カットソー,ストラップ,0.882581,5
見本,収録,0.960419,1
見本,目次,0.9593,2
見本,セクション,0.95919,3
見本,一覧,0.958256,4
見本,引用,0.956076,5
飛び出す,飛び込む,0.94775,1
飛び出す,飛ばす,0.937606,2
飛び出す,ジャンプ,0.922167,3
飛び出す,キック,0.896025,4
飛び出す,ダッシュ,0.894468,5
駆動,推進,0.951456,1
駆動,ドライブ,0.938404,2
駆動,実行,0.919636,3
駆動,後押し,0.913406,4
駆動,行使,0.912026,5
グラウンド,身,0.95221,1
グラウンド,所在,0.951081,2
グラウンド,物,0.950566,3
グラウンド,体,0.949721,4
グラウンド,居る,0.946649,5
悲報,禍,0.940575,1
悲報,絶望,0.924308,2
悲報,恐ろしい,0.910004,3
悲報,苦しむ,0.904553,4
悲報,倒産,0.902777,5
青木,山崎,0.968608,1
青木,池田,0.963534,2
青木,山田,0.961266,3
青木,据える,0.958103,4
青木,石井,0.956501,5
御自分,己,0.97373,1
御自分,存ずる,0.963302,2
御自分,私,0.947797,3
御自分,内側,0.946686,4
御自分,込める,0.9434,5
ディズニーランド,ディズニー,0.960769,1
ディズニーランド,ジャニーズ,0.925203,2
ディズニーランド,銀座,0.919649,3
ディズニーランド,クルーズ,0.904515,4
ディズニーランド,宝塚,0.9023,5
バット,挟む,0.858778,1
バット,切れる,0.858655,2
バット,覗く,0.857832,3
バット,叩く,0.853655,4
バット,下落,0.852867,5
再建,ミッション,0.917963,1
再建,開発,0.909128,2
再建,プロデュース,0.902661,3
再建,振興,0.901386,4
再建,リニューアル,0.900383,5
☆彡,翔,0.920225,1
☆彡,堪能,0.914072,2
☆彡,輝き,0.907452,3
☆彡,艶,0.902961,4
☆彡,尚更,0.898314,5
ロマン,ロマンチック,0.963317,1
ロマン,感性,0.915643,2
ロマン,ラブ,0.914368,3
ロマン,妙,0.912211,4
ロマン,憧れ,0.908652,5
無駄毛,抜け毛,0.909106,1
無駄毛,面倒臭い,0.891868,2
無駄毛,尻,0.877908,3
無駄毛,薄毛,0.869388,4
無駄毛,肌荒れ,0.869343,5
労災,夜勤,0.809759,1
労災,刑事,0.795466,2
労災,糖尿病,0.780447,3
労災,コロナ,0.778735,4
労災,乳癌,0.766752,5
最小限,低減,0.932074,1
最小限,リットル,0.922722,2
最小限,短い,0.91416,3
最小限,税抜き,0.900303,4
最小限,最低限,0.897695,5
上り,上がる,0.958525,1
上り,上げ,0.958271,2
上り,陽,0.954162,3
上り,明,0.939856,4
上り,引き続く,0.93941,5
野村,岡崎,0.959462,1
野村,級,0.954183,2
野村,福田,0.954114,3
野村,大塚,0.950156,4
野村,行成,0.949591,5
ペースト,ポーチ,0.926278,1
ペースト,マット,0.916176,2
ペースト,パッド,0.908137,3
ペースト,泊まる,0.907686,4
ペースト,手摺,0.902591,5
Microsoft,Google,0.970087,1
Microsoft,日立,0.955935,2
Microsoft,金融機関,0.951042,3
Microsoft,三菱,0.944628,4
Microsoft,大企業,0.943905,5
勤務地,号線,0.958826,1
勤務地,支店,0.955243,2
勤務地,拠点,0.949308,3
勤務地,営業日,0.948982,4
勤務地,サイト,0.948861,5
菜,ライス,0.96852,1
菜,飯,0.949029,2
菜,鶏肉,0.945855,3
菜,食材,0.945288,4
菜,チキン,0.944587,5
浴槽,風呂,0.97103,1
浴槽,ベッド,0.954877,2
浴槽,浴室,0.950271,3
浴槽,寝具,0.94674,4
浴槽,ブランケット,0.944134,5
外れ,異常,0.893748,1
外れ,例外,0.864949,2
外れ,不可能,0.85567,3
外れ,案外,0.843312,4
外れ,外れる,0.842963,5
絶望,苦しむ,0.967787,1
絶望,不幸,0.966334,2
絶望,鬱,0.954142,3
絶望,苦しい,0.942577,4
絶望,苦痛,0.941087,5
信頼性,資格,0.967943,1
信頼性,確保,0.962755,2
信頼性,持続,0.956513,3
信頼性,質,0.954767,4
信頼性,維持,0.952872,5
然程,程,0.974396,1
然程,RE,0.972977,2
然程,特,0.972939,3
然程,ST,0.972847,4
然程,CH,0.972495,5
羽生,優,0.950181,1
羽生,最も,0.94683,2
羽生,勝,0.940335,3
羽生,栄,0.939012,4
羽生,ベスト,0.93494,5
釣果,運,0.917943,1
釣果,焙煎,0.910285,2
釣果,遣り甲斐,0.909585,3
釣果,上る,0.900892,4
釣果,取り戻す,0.900777,5
染まる,踏まえる,0.882536,1
染まる,放る,0.861568,2
染まる,染みる,0.857961,3
染まる,浸かる,0.847081,4
染まる,入り込む,0.84419,5
択,アレ,0.980469,1
択,イン,0.975583,2
択,構う,0.973524,3
択,タレ,0.972386,4
択,漸と,0.971376,5
多岐,多様,0.914129,1
多岐,多種,0.900138,2
多岐,ミックス,0.890334,3
多岐,多分,0.876758,4
多岐,数々,0.869323,5
摘む,摘み,0.975572,1
摘む,拾う,0.95765,2
摘む,採取,0.947145,3
摘む,巻く,0.943981,4
摘む,洗い,0.943805,5
携帯電話,スマホ,0.990462,1
携帯電話,スマートフォン,0.968802,2
携帯電話,モバイル,0.938276,3
携帯電話,パソコン,0.904939,4
携帯電話,タブレット,0.898795,5
ぎゅっ,つい,0.899764,1
ぎゅっ,抜ける,0.869101,2
ぎゅっ,ぱっ,0.853696,3
ぎゅっ,ちっ,0.85357,4
ぎゅっ,ちゃう,0.84878,5
マウスピース,端末,0.950088,1
マウスピース,リモコン,0.946778,2
マウスピース,付属品,0.941181,3
マウスピース,ポケット,0.940883,4
マウスピース,ヘッドホン,0.934603,5
配分,分配,0.987945,1
配分,発行,0.955846,2
配分,編成,0.951669,3
配分,改正,0.949463,4
配分,納品,0.946787,5
損する,負け,0.981329,1
損する,負ける,0.968007,2
損する,欠点,0.964918,3
損する,失敗,0.959993,4
損する,デメリット,0.959888,5
ポンド,ドック,0.906503,1
ポンド,庁,0.905078,2
ポンド,制服,0.899951,3
ポンド,郡,0.899539,4
ポンド,役職,0.89733,5
だらだら,雑,0.910418,1
だらだら,余計,0.906132,2
だらだら,もやもや,0.898147,3
だらだら,ぼろぼろ,0.890271,4
だらだら,ばれる,0.888475,5
エフェクト,広告,0.852879,1
エフェクト,イルミネーション,0.837871,2
エフェクト,宣伝,0.822972,3
エフェクト,ソフトバンク,0.81757,4
エフェクト,ムービー,0.81482,5
コレステロール,肥満,0.848272,1
コレステロール,糖尿病,0.847239,2
コレステロール,糖尿,0.841756,3
コレステロール,アレルギー,0.82219,4
コレステロール,便秘,0.821456,5
雇う,用事,0.951697,1
雇う,リード,0.951344,2
雇う,計,0.951034,3
雇う,課する,0.948447,4
雇う,付く,0.946796,5
有力,強い,0.959984,1
有力,全力,0.939147,2
有力,がっつり,0.934652,3
有力,強調,0.930736,4
有力,強,0.911573,5
締め,ルート,0.971729,1
締め,決まり,0.961896,2
締め,軸,0.949261,3
締め,ルール,0.948498,4
締め,収録,0.943646,5
著名,有名,0.975856,1
著名,大賞,0.908681,2
著名,受賞,0.896154,3
著名,有名人,0.895226,4
著名,大手,0.893783,5
ねえ,へえ,0.954675,1
ねえ,はあ,0.953165,2
ねえ,間に合う,0.923339,3
ねえ,違い,0.899023,4
ねえ,サイド,0.898075,5
後払い,返送,0.939007,1
後払い,振り込み,0.935975,2
後払い,費用,0.930103,3
後払い,交通費,0.929468,4
後払い,払い戻し,0.92687,5
プラダ,ルイヴィトン,0.964457,1
プラダ,シャネル,0.940467,2
プラダ,ディオール,0.937813,3
プラダ,ラグジュアリー,0.914191,4
プラダ,豪華,0.860938,5
卒業生,コラム,0.93526,1
卒業生,代表,0.930171,2
卒業生,当然,0.929423,3
卒業生,提供,0.928294,4
卒業生,合意,0.925279,5
試みる,試み,0.972603,1
試みる,試す,0.946816,2
試みる,努める,0.93857,3
試みる,起こす,0.927217,4
試みる,試行,0.92133,5
毛先,嵌める,0.939729,1
毛先,スライス,0.928381,2
毛先,折,0.924503,3
毛先,個,0.914221,4
毛先,入れ,0.911906,5
兵器,武器,0.943306,1
兵器,軍事,0.909389,2
兵器,銃,0.908942,3
兵器,ミサイル,0.905473,4
兵器,農薬,0.881226,5
戸惑う,困る,0.949853,1
戸惑う,迷う,0.919654,2
戸惑う,躊躇,0.915049,3
戸惑う,疑惑,0.910297,4
戸惑う,うっかり,0.898833,5
分け,毎,0.958457,1
分け,取り,0.951999,2
分け,代わり,0.947257,3
分け,毎度,0.945098,4
分け,づける,0.944872,5
鯛,海岸,0.918482,1
鯛,富士,0.91323,2
鯛,天麩羅,0.90662,3
鯛,サン,0.902044,4
鯛,満開,0.894488,5
出番,登場,0.956907,1
出番,会,0.949178,2
出番,招く,0.947748,3
出番,出す,0.946601,4
出番,向ける,0.94622,5
将軍,武将,0.919725,1
将軍,代表取締役,0.88007,2
将軍,長官,0.87536,3
将軍,武田,0.864739,4
将軍,理事長,0.862045,5
バイキング,必殺,0.856018,1
バイキング,ダービー,0.785339,2
バイキング,矢鱈,0.776072,3
バイキング,狼,0.774474,4
バイキング,合戦,0.76252,5
癌,がん,0.959409,1
癌,腫瘍,0.956026,2
癌,災害,0.908426,3
癌,重症,0.900555,4
癌,事故,0.899964,5
新入,初日,0.888962,1
新入,半日,0.887605,2
新入,ジュニア,0.886962,3
新入,候補,0.884241,4
新入,部分,0.877041,5
RE,g,0.995585,1
RE,JA,0.994671,2
RE,r,0.994366,3
RE,SP,0.994183,4
RE,V,0.99399,5
沿線,ロケ,0.969145,1
沿線,フィールド,0.967929,2
沿線,区域,0.966163,3
沿線,並び,0.961633,4
沿線,地区,0.961521,5
ライナー,一式,0.947173,1
ライナー,指定,0.947091,2
ライナー,cm,0.942634,3
ライナー,シリアル,0.939194,4
ライナー,ストライプ,0.937929,5
論理,課程,0.965648,1
論理,学科,0.952548,2
論理,職務,0.952403,3
論理,レッスン,0.949865,4
論理,講座,0.947639,5
hulu,ヤマハ,0.94842,1
hulu,ソニー,0.940699,2
hulu,任天堂,0.932689,3
hulu,ホンダ,0.932237,4
hulu,マツダ,0.929423,5
マリア,星野,0.971589,1
マリア,栄,0.961764,2
マリア,芸,0.95978,3
マリア,藤井,0.959266,4
マリア,李,0.949593,5
長谷川,高橋,0.991296,1
長谷川,佐々木,0.984787,2
長谷川,加藤,0.976689,3
長谷川,阿部,0.974812,4
長谷川,渡辺,0.974417,5
減量,痩せる,0.948451,1
減量,対処法,0.929017,2
減量,対処,0.921031,3
減量,謝罪,0.920869,4
減量,手入れ,0.919353,5
学費,医療費,0.889459,1
学費,年会費,0.876944,2
学費,住宅ローン,0.871699,3
学費,課金,0.867531,4
学費,慰謝料,0.867419,5
カレッジ,高等学校,0.985602,1
カレッジ,大学,0.970997,2
カレッジ,高校,0.969845,3
カレッジ,学校,0.952277,4
カレッジ,学院,0.952025,5
散る,溶ける,0.903548,1
散る,曲がる,0.896069,2
散る,揺る,0.888184,3
散る,折れる,0.880286,4
散る,変色,0.865945,5
退院,受給,0.922126,1
退院,事前,0.921077,2
退院,準備,0.919829,3
退院,入居,0.918527,4
退院,泊まる,0.91805,5
腎臓,神経,0.933467,1
腎臓,肺,0.897348,2
腎臓,骨盤,0.879601,3
腎臓,肝臓,0.870759,4
腎臓,生理,0.868603,5
眉毛,眉,0.986369,1
眉毛,姿,0.971857,2
眉毛,前髪,0.967551,3
眉毛,トーン,0.957916,4
眉毛,普段,0.957311,5
金融機関,銀行,0.962842,1
金融機関,Microsoft,0.951042,2
金融機関,サーバー,0.942534,3
金融機関,バンク,0.937494,4
金融機関,鉄道,0.935953,5
浦和,横浜,0.981255,1
浦和,さいたま,0.977528,2
浦和,品川,0.977493,3
浦和,福岡市,0.974295,4
浦和,名古屋,0.972218,5
パワフル,強力,0.948909,1
パワフル,有力,0.903246,2
パワフル,最強,0.897327,3
パワフル,強い,0.896557,4
パワフル,力強い,0.883237,5
意気,翔,0.928421,1
意気,かなう,0.924389,2
意気,勢,0.912737,3
意気,肝心,0.904134,4
意気,熱心,0.901832,5
プリキュア,ディズニー,0.922623,1
プリキュア,ポケモン,0.916807,2
プリキュア,主題歌,0.903979,3
プリキュア,ミッキー,0.89571,4
プリキュア,bts,0.892975,5
岡本,加藤,0.990313,1
岡本,吉田,0.987775,2
岡本,前田,0.986511,3
岡本,内田,0.985964,4
岡本,渡辺,0.984692,5
走,歩,0.98921,1
走,踏む,0.987944,2
走,歩む,0.977308,3
走,歩く,0.973707,4
走,走る,0.971673,5
妥協,フィードバック,0.933828,1
妥協,問い合わせ,0.931952,2
妥協,連絡,0.928401,3
妥協,ヒアリング,0.924744,4
妥協,返事,0.920248,5
原点,堀,0.902416,1
原点,原料,0.878908,2
原点,本数,0.878537,3
原点,原材料,0.878115,4
原点,寸法,0.869073,5
問題集,課程,0.975809,1
問題集,コース,0.959577,2
問題集,レッスン,0.955663,3
問題集,制定,0.95504,4
問題集,ガイドライン,0.949566,5
蛸焼き,キャラメル,0.921179,1
蛸焼き,ギョーザ,0.901914,2
蛸焼き,焼き鳥,0.881362,3
蛸焼き,御菓子,0.87185,4
蛸焼き,タルト,0.870949,5
擦れる,吸う,0.936589,1
擦れる,引っ張る,0.931029,2
擦れる,抜く,0.930773,3
擦れる,下りる,0.920146,4
擦れる,推す,0.916833,5
大家,共同,0.952856,1
大家,共有,0.951182,2
大家,全員,0.945667,3
大家,一般的,0.937609,4
大家,一般,0.937439,5
助言,アドバイス,0.986255,1
助言,指導,0.964941,2
助言,助ける,0.95331,3
助言,ヘルプ,0.951865,4
助言,サポート,0.949625,5
集う,周,0.959194,1
集う,団,0.946694,2
集う,集まる,0.937576,3
集う,至る,0.935961,4
集う,共同,0.935384,5
葵,菊,0.974976,1
葵,蓮,0.962489,2
葵,梅,0.961636,3
葵,紫陽花,0.944175,4
葵,はな,0.943648,5
大匙,天板,0.898029,1
大匙,扉,0.891612,2
大匙,ボリューム,0.890898,3
大匙,板,0.888181,4
大匙,台,0.887983,5
着手,始める,0.964171,1
着手,出発,0.950757,2
着手,受講,0.93147,3
着手,要望,0.923882,4
着手,予想,0.922327,5
転載,売り,0.957676,1
転載,配布,0.956865,2
転載,業者,0.954808,3
転載,改正,0.952781,4
転載,分配,0.951853,5
とことん,当たり,0.970863,1
とことん,せい,0.964208,2
とことん,まい,0.964118,3
とことん,意,0.959005,4
とことん,しめる,0.956729,5
親しい,愛犬,0.964503,1
親しい,親友,0.952203,2
親しい,好感,0.94946,3
親しい,愛顧,0.946701,4
親しい,姉妹,0.945551,5
調剤,会計,0.955846,1
調剤,事務,0.938737,2
調剤,監修,0.938499,3
調剤,経理,0.933662,4
調剤,簿記,0.932736,5
チェリー,ストロベリー,0.964549,1
チェリー,ラベンダー,0.935915,2
チェリー,花,0.935473,3
チェリー,チューリップ,0.934511,4
チェリー,桃,0.929385,5
使い分ける,使い分け,0.965094,1
使い分ける,言い方,0.956371,2
使い分ける,応じる,0.953665,3
使い分ける,用いる,0.95232,4
使い分ける,取れる,0.95188,5
含有,含む,0.979515,1
含有,系,0.976566,2
含有,向け,0.975272,3
含有,有,0.974687,4
含有,式,0.973885,5
錯誤,誤り,0.994674,1
錯誤,間違い,0.983585,2
錯誤,誤差,0.980052,3
錯誤,間違える,0.971822,4
錯誤,不具合,0.966585,5
労力,引っ越す,0.91506,1
労力,背負う,0.904459,2
労力,訴える,0.899374,3
労力,対処,0.897598,4
労力,意向,0.895628,5
来日,以後,0.940081,1
来日,その後,0.933767,2
来日,ウイーク,0.927663,3
来日,出,0.921302,4
来日,来月,0.921183,5
矢鱈,虎,0.858953,1
矢鱈,沖,0.839735,2
矢鱈,タイガー,0.820895,3
矢鱈,ライオン,0.801084,4
矢鱈,鮪,0.788773,5
格差,値上げ,0.829489,1
格差,貧困,0.826557,2
格差,増税,0.816824,3
格差,赤字,0.783138,4
格差,失業,0.764614,5
京都市,日本,0.96347,1
京都市,神戸市,0.939518,2
京都市,ジャパン,0.937868,3
京都市,神戸,0.936831,4
京都市,西宮,0.936591,5
コンボ,コンビ,0.944982,1
コンボ,POP,0.924302,2
コンボ,MP,0.923531,3
コンボ,MC,0.923484,4
コンボ,akb,0.904913,5
あく,バック,0.953866,1
あく,勿体,0.936554,2
あく,陰,0.922178,3
あく,抑,0.920215,4
あく,乾燥,0.906451,5
ほっこり,心地,0.972236,1
ほっこり,ゆうゆう,0.96938,2
ほっこり,心地良い,0.967458,3
ほっこり,優しい,0.947021,4
ほっこり,温まる,0.945885,5
大人しい,マイルド,0.952261,1
大人しい,優しい,0.944603,2
大人しい,穏やか,0.941537,3
大人しい,和らげる,0.939171,4
大人しい,やさしい,0.934509,5
備品,プリント,0.966988,1
備品,ファイル,0.965052,2
備品,座席,0.958132,3
備品,アドレス,0.957042,4
備品,包装,0.956483,5
素朴,田舎,0.943541,1
素朴,民家,0.909282,2
素朴,潤う,0.865564,3
素朴,庵,0.863205,4
素朴,フェルト,0.86024,5
ヘルプ,サポート,0.987973,1
ヘルプ,支援,0.976576,2
ヘルプ,ガイド,0.96477,3
ヘルプ,助ける,0.962588,4
ヘルプ,助け,0.960156,5
プライド,誇り,0.961177,1
プライド,栄,0.939849,2
プライド,かなう,0.935693,3
プライド,豊,0.930191,4
プライド,尤も,0.929636,5
親友,友人,0.979908,1
親友,友情,0.976013,2
親友,母親,0.972332,3
親友,友達,0.970125,4
親友,友,0.968651,5
協同,協働,0.961312,1
協同,コラボ,0.95904,2
協同,チーム,0.954697,3
協同,連携,0.950917,4
協同,協力,0.95029,5
越え,越える,0.970347,1
越え,越す,0.952691,2
越え,勢,0.902898,3
越え,巻き込む,0.898771,4
越え,かける,0.895735,5
旗,ゲート,0.93286,1
旗,横幅,0.922607,2
旗,回線,0.913461,3
旗,郡,0.912405,4
旗,レール,0.910664,5
気楽,ゆったり,0.943281,1
気楽,柔らか,0.934688,2
気楽,寛ぐ,0.933394,3
気楽,ふわ,0.926704,4
気楽,自在,0.923208,5
成年,成人,0.972717,1
成年,大人,0.966491,2
成年,担う,0.950004,3
成年,存在感,0.945841,4
成年,継ぐ,0.944743,5
魚介,葡萄,0.936697,1
魚介,アーモンド,0.933564,2
魚介,海鮮,0.926388,3
魚介,ナッツ,0.913699,4
魚介,梨,0.908357,5
創立,創設,0.959083,1
創立,設立,0.90355,2
創立,開講,0.898088,3
創立,発行,0.895958,4
創立,建つ,0.887154,5
成人式,三井,0.90966,1
成人式,SBI,0.905681,2
成人式,住友,0.905622,3
成人式,ボス,0.892567,4
成人式,GP,0.890962,5
蛍,羽根,0.776808,1
蛍,羽,0.761771,2
蛍,兎,0.758532,3
蛍,滴,0.755807,4
蛍,小鳥,0.741269,5
亀,山下,0.938425,1
亀,小山,0.93757,2
亀,貝,0.913927,3
亀,田舎,0.899915,4
亀,流石,0.898196,5
祝福,幸,0.959188,1
祝福,おめでとう,0.957262,2
祝福,福,0.953548,3
祝福,恵み,0.950003,4
祝福,恩恵,0.948684,5
YouTuber,ブロガー,0.906112,1
YouTuber,芸人,0.880575,2
YouTuber,芸能,0.871254,3
YouTuber,動画,0.86655,4
YouTuber,Instagram,0.863173,5
昨夜,只今,0.932204,1
昨夜,先週,0.925466,2
昨夜,費やす,0.923548,3
昨夜,起きる,0.916979,4
昨夜,気分,0.912383,5
優位,高,0.938144,1
優位,最,0.935295,2
優位,高め,0.932631,3
優位,トップ,0.932151,4
優位,高める,0.93049,5
最長,大きい,0.955915,1
最長,数十,0.947067,2
最長,太,0.937178,3
最長,長,0.935762,4
最長,万,0.922328,5
新生,芽,0.872937,1
新生,希望者,0.87139,2
新生,誕生,0.866655,3
新生,蘇る,0.859189,4
新生,生まれる,0.856891,5
そっと,ゆっくり,0.960891,1
そっと,まったり,0.942274,2
そっと,のんびり,0.930829,3
そっと,緩やか,0.929527,4
そっと,控えめ,0.926241,5
英語力,就労,0.918152,1
英語力,人材,0.91701,2
英語力,就業,0.90944,3
英語力,働き方,0.908007,4
英語力,利回り,0.899037,5
CS,VS,0.9846,1
CS,EC,0.978504,2
CS,プロ,0.976088,3
CS,MP,0.975292,4
CS,MS,0.972184,5
税率,課税,0.920487,1
税率,税,0.914844,2
税率,改札,0.913046,3
税率,規制,0.90859,4
税率,条例,0.907894,5
格段,たか,0.940129,1
格段,豪,0.932533,2
格段,グラン,0.924768,3
格段,東,0.920608,4
格段,倍,0.916722,5
些細,少し,0.972728,1
些細,小さい,0.970331,2
些細,スモール,0.963923,3
些細,小,0.960607,4
些細,薄い,0.960465,5
熊本県,熊本,0.99461,1
熊本県,徳島,0.989052,2
熊本県,佐賀,0.982904,3
熊本県,高知,0.982224,4
熊本県,岡山県,0.979006,5
介護職,看護,0.92305,1
介護職,保育士,0.919696,2
介護職,看護師,0.898593,3
介護職,ナース,0.884557,4
介護職,通訳,0.876778,5
大野,廻,0.969754,1
大野,もり,0.968137,2
大野,経,0.966274,3
大野,高田,0.963596,4
大野,山田,0.963164,5
島根,山梨,0.981889,1
島根,山梨県,0.973121,2
島根,淡路,0.96346,3
島根,鳥取,0.962881,4
島根,鹿児島県,0.962111,5
エディター,編集,0.958467,1
エディター,造り,0.945747,2
エディター,製作,0.940205,3
エディター,構築,0.938014,4
エディター,技師,0.932682,5
御供,御朱印,0.924913,1
御供,御襁褓,0.890627,2
御供,仏壇,0.889384,3
御供,御陰,0.870845,4
御供,古着,0.867603,5
漬け物,用紙,0.871982,1
漬け物,漬け,0.863217,2
漬け物,ヨーグルト,0.846899,3
漬け物,手紙,0.840213,4
漬け物,寿司,0.839723,5
貸し付け,換金,0.966142,1
貸し付け,買い付け,0.959413,2
貸し付け,雇用,0.957622,3
貸し付け,貸し出し,0.948911,4
貸し付け,入金,0.948642,5
長期間,長期,0.980984,1
長期間,長期的,0.976282,2
長期間,長時間,0.956557,3
長期間,全身,0.948746,4
長期間,結末,0.94862,5
プロミス,付与,0.95662,1
プロミス,用意,0.953282,2
プロミス,選定,0.94757,3
プロミス,キープ,0.94632,4
プロミス,勧め,0.945722,5
岡山県,岡山,0.994174,1
岡山県,岐阜県,0.98866,2
岡山県,茨城県,0.987347,3
岡山県,千葉県,0.983386,4
岡山県,熊本県,0.979006,5
蹴る,パンチ,0.929621,1
蹴る,ぶつける,0.927469,2
蹴る,叩く,0.923424,3
蹴る,打ち込む,0.91189,4
蹴る,攻める,0.896065,5
適性,人柄,0.961917,1
適性,姉,0.961003,2
適性,御自身,0.959365,3
適性,姉妹,0.956559,4
適性,私自身,0.951602,5
着実,維持,0.96647,1
着実,真面目,0.960393,2
着実,保持,0.952019,3
着実,守,0.947227,4
着実,持続,0.946198,5
レインボー,虹,0.933617,1
レインボー,桜,0.862947,2
レインボー,チューリップ,0.83404,3
レインボー,ふんわり,0.833719,4
レインボー,フラワー,0.830182,5
傑作,名作,0.949901,1
傑作,抜群,0.937582,2
傑作,素晴らしい,0.916264,3
傑作,偉い,0.891244,4
傑作,見事,0.886212,5
和らげる,緩和,0.959241,1
和らげる,優しい,0.955105,2
和らげる,マイルド,0.950455,3
和らげる,温まる,0.948882,4
和らげる,やさしい,0.945684,5
大使,主任,0.945358,1
大使,大臣,0.943774,2
大使,代表取締役,0.929453,3
大使,校長,0.922555,4
大使,理事長,0.917813,5
パイロット,始動,0.847802,1
パイロット,命令,0.83339,2
パイロット,作動,0.830092,3
パイロット,実行,0.825832,4
パイロット,スタート,0.822905,5
MP,EC,0.98638,1
MP,VS,0.981957,2
MP,MT,0.981888,3
MP,CM,0.981268,4
MP,PS,0.980819,5
長所,メリット,0.989129,1
長所,グッド,0.980497,2
長所,利点,0.980393,3
長所,良く,0.977619,4
長所,良い,0.976286,5
リーダーシップ,リーダー,0.949979,1
リーダーシップ,発展,0.920151,2
リーダーシップ,効果的,0.914964,3
リーダーシップ,進展,0.910156,4
リーダーシップ,教育,0.90967,5
武将,将軍,0.919725,1
武将,戦士,0.889578,2
武将,武,0.862263,3
武将,武田,0.82596,4
武将,信長,0.820962,5
古典,クラシック,0.990091,1
古典,王道,0.929891,2
古典,仏,0.908568,3
古典,寺院,0.905184,4
古典,神宮,0.90424,5
ダッシュ,飛ばす,0.90066,1
ダッシュ,飛び出す,0.894468,2
ダッシュ,キック,0.88856,3
ダッシュ,ジャンプ,0.888476,4
ダッシュ,飛び込む,0.870692,5
ロフト,パレット,0.724909,1
ロフト,ポスター,0.719002,2
ロフト,フィルム,0.717527,3
ロフト,バナー,0.691471,4
ロフト,ムービー,0.681553,5
一式,版,0.970543,1
一式,定める,0.966164,2
一式,列,0.963955,3
一式,盤,0.960771,4
一式,レポ,0.95925,5
農,菅,0.946283,1
農,麦,0.94045,2
農,田圃,0.928419,3
農,出汁,0.923774,4
農,歴,0.92219,5
幹事,執行,0.946959,1
幹事,営む,0.945607,2
幹事,運用,0.944609,3
幹事,司会,0.943472,4
幹事,実施,0.940618,5
エッセー,コラム,0.951259,1
エッセー,アドバイス,0.947208,2
エッセー,知,0.941956,3
エッセー,意義,0.936289,4
エッセー,詳細,0.934707,5
トリプル,m2,0.93597,1
トリプル,dmm,0.932407,2
トリプル,DM,0.92354,3
トリプル,ライナー,0.923144,4
トリプル,版,0.922792,5
大凡,伝わる,0.941551,1
大凡,見付かる,0.937692,2
大凡,表れる,0.935742,3
大凡,回り,0.931945,4
大凡,周,0.931847,5
担任,責任者,0.970413,1
担任,役割,0.968096,2
担任,定期,0.967357,3
担任,判明,0.960224,4
担任,社員,0.959153,5
慶応,祭る,0.906581,1
慶応,祭,0.898569,2
慶応,徳川,0.896382,3
慶応,御参り,0.880643,4
慶応,武蔵,0.861856,5
(^O^),その,0.956275,1
(^O^),回,0.949952,2
(^O^),分,0.94262,3
(^O^),こんな,0.941542,4
(^O^),間,0.940395,5
牛蒡,大根,0.970778,1
牛蒡,葱,0.965865,2
牛蒡,玉葱,0.954002,3
牛蒡,キャベツ,0.946234,4
牛蒡,ピーマン,0.936153,5
嵌める,ぴん,0.95633,1
嵌める,ボトムス,0.947234,2
嵌める,毛先,0.939729,3
嵌める,個,0.934471,4
嵌める,アイ,0.931723,5
スムージー,ジュース,0.955755,1
スムージー,果汁,0.928061,2
スムージー,ヨーグルト,0.899313,3
スムージー,サラダ,0.885588,4
スムージー,寿司,0.853505,5
解決策,ソリューション,0.97264,1
解決策,解決,0.961372,2
解決策,有効,0.958082,3
解決策,成果,0.95795,4
解決策,兼ね備える,0.950594,5
愛車,お気に入り,0.941827,1
愛車,重宝,0.929473,2
愛車,愛用,0.926517,3
愛車,愛犬,0.924794,4
愛車,満足,0.923551,5
希望者,希望,0.951004,1
希望者,蘇る,0.927346,2
希望者,元気,0.91206,3
希望者,喜び,0.905023,4
希望者,心掛ける,0.90447,5
スタンス,立場,0.970177,1
スタンス,持ち,0.969072,2
スタンス,主体,0.962763,3
スタンス,中身,0.96201,4
スタンス,身,0.960645,5
ゾンビ,有害,0.89072,1
ゾンビ,不良,0.866554,2
ゾンビ,酷い,0.855179,3
ゾンビ,汚い,0.851143,4
ゾンビ,悪い,0.849019,5
中級,中期,0.955952,1
中級,詳しい,0.942445,2
中級,増進,0.936033,3
中級,ヒロイン,0.933208,4
中級,詳細,0.931178,5
共用,共有,0.974465,1
共用,共同,0.970388,2
共用,公共,0.942991,3
共用,交流,0.941806,4
共用,普及,0.940397,5
捧げる,賜る,0.967059,1
捧げる,頼る,0.961913,2
捧げる,なれる,0.959327,3
捧げる,連れ,0.958757,4
捧げる,孫,0.957343,5
近藤,伊藤,0.943507,1
近藤,斎藤,0.92309,2
近藤,藤田,0.913609,3
近藤,士,0.904189,4
近藤,遠藤,0.903779,5
紳士,きちんと,0.956649,1
紳士,真面目,0.955117,2
紳士,先生,0.951567,3
紳士,安田,0.943987,4
紳士,定評,0.940549,5
持ち手,ハンドル,0.966368,1
持ち手,袋,0.947687,2
持ち手,用品,0.946194,3
持ち手,柄,0.945489,4
持ち手,キー,0.944763,5
成り立つ,答える,0.976749,1
成り立つ,当然,0.975687,2
成り立つ,合意,0.972597,3
成り立つ,文,0.970646,4
成り立つ,均,0.969585,5
細やか,ほんのり,0.931262,1
細やか,繊細,0.927284,2
細やか,しなやか,0.88677,3
細やか,乙女,0.88652,4
細やか,姫,0.885635,5
フリル,ドール,0.827778,1
フリル,リボン,0.826141,2
フリル,飾り,0.795077,3
フリル,金魚,0.791438,4
フリル,玩具,0.784075,5
突き込む,打撃,0.955862,1
突き込む,パンチ,0.93858,2
突き込む,撃つ,0.931593,3
突き込む,攻める,0.900355,4
突き込む,戦う,0.895183,5
野外,アウトドア,0.828705,1
野外,トレール,0.824503,2
野外,潮,0.818987,3
野外,海上,0.813917,4
野外,野,0.807797,5
諸島,淡路,0.917262,1
諸島,鹿児島県,0.912496,2
諸島,山口,0.910977,3
諸島,島根,0.90962,4
諸島,三重県,0.906913,5
ファンディング,股,0.889155,1
ファンディング,補助金,0.879002,2
ファンディング,経済的,0.87813,3
ファンディング,助成金,0.872188,4
ファンディング,経済,0.871563,5
集落,村,0.919388,1
集落,地方,0.911084,2
集落,明石,0.902358,3
集落,発祥,0.901904,4
集落,県内,0.896178,5
竿,ロッド,0.984661,1
竿,棒,0.954662,2
竿,かぎ,0.945802,3
竿,柄,0.943656,4
竿,ハンドル,0.934459,5
フェーク,偽,0.937623,1
フェーク,不当,0.907489,2
フェーク,うそ,0.905315,3
フェーク,偽物,0.898427,4
フェーク,無断,0.893538,5
幻想,魔法,0.897378,1
幻想,変身,0.756208,2
幻想,ファンタジー,0.730413,3
幻想,マジック,0.720357,4
幻想,奇妙,0.707931,5
排泄,皮脂,0.93726,1
排泄,尿,0.916626,2
排泄,消耗,0.89006,3
排泄,汗,0.88193,4
排泄,吐く,0.881772,5
適量,適度,0.974619,1
適量,足りる,0.96237,2
適量,許容,0.958696,3
適量,長袖,0.956557,4
適量,バランス,0.95259,5
対象者,持つ,0.972474,1
対象者,主体,0.969214,2
対象者,姿,0.966043,3
対象者,当事者,0.96475,4
対象者,本人,0.964029,5
報,表明,0.967615,1
報,レポ,0.961911,2
報,一通り,0.960337,3
報,開示,0.959311,4
報,メイン,0.958789,5
武蔵,武田,0.940815,1
武蔵,八幡,0.927409,2
武蔵,祭る,0.898253,3
武蔵,大久保,0.892226,4
武蔵,甲斐,0.884759,5
ブレード,カッター,0.891525,1
ブレード,はさみ,0.890849,2
ブレード,カットソー,0.866084,3
ブレード,ピックアップ,0.860237,4
ブレード,ドリル,0.855107,5
ラグ,余,0.931519,1
ラグ,仕方,0.916101,2
ラグ,上下,0.915897,3
ラグ,跡,0.915651,4
ラグ,ウチ,0.915152,5
API,アルゴリズム,0.940046,1
API,証券,0.921855,2
API,物流,0.920826,3
API,自動化,0.919283,4
API,ソフトウェア,0.909285,5
留意,注意,0.973218,1
留意,確かめる,0.972382,2
留意,履く,0.957593,3
留意,気付く,0.957516,4
留意,採取,0.956429,5
キャバクラ,パーティー,0.750365,1
キャバクラ,カラオケ,0.74706,2
キャバクラ,ハロウィーン,0.735951,3
キャバクラ,ポップ,0.695633,4
キャバクラ,飲み会,0.694843,5
受付中,入場,0.955434,1
受付中,入店,0.952502,2
受付中,当店,0.947785,3
受付中,受け付け,0.94709,4
受付中,入園,0.939917,5
尤も,栄,0.973928,1
尤も,華,0.970875,2
尤も,吉,0.969359,3
尤も,達,0.967372,4
尤も,得,0.964501,5
住まう,住む,0.996706,1
住まう,居住,0.98297,2
住まう,暮らす,0.964216,3
住まう,帰る,0.962505,4
住まう,いえ,0.961463,5
李,前田,0.990666,1
李,後藤,0.987099,2
李,三浦,0.98497,3
李,松田,0.984467,4
李,遠藤,0.982477,5
ビック,倍,0.970285,1
ビック,グラン,0.959603,2
ビック,たか,0.953865,3
ビック,トレ,0.951351,4
ビック,WW,0.949762,5
作動,実行,0.956574,1
作動,起動,0.955316,2
作動,更新,0.949688,3
作動,処理,0.946404,4
作動,操作,0.94575,5
揺る,揺れる,0.955147,1
揺る,滑る,0.951673,2
揺る,傾く,0.942729,3
揺る,滑り,0.936064,4
揺る,落とす,0.93117,5
日日,毎度,0.959216,1
日日,毎,0.954549,2
日日,用語,0.953593,3
日日,常時,0.95311,4
日日,称する,0.950799,5
ペンギン,青森,0.860658,1
ペンギン,鳥取,0.858668,2
ペンギン,青森県,0.843115,3
ペンギン,小川,0.837189,4
ペンギン,ムーン,0.825631,5
偽物,偽,0.907961,1
偽物,フェーク,0.898427,2
偽物,うそ,0.877303,3
偽物,誤,0.846601,4
偽物,嘘,0.83501,5
韓国語,中国語,0.815275,1
韓国語,韓国,0.777405,2
韓国語,つくば,0.773062,3
韓国語,EU,0.769697,4
韓国語,日本,0.768555,5
所有者,持ち主,0.976861,1
所有者,オーナー,0.962751,2
所有者,持つ,0.962131,3
所有者,滞在,0.962038,4
所有者,持ち,0.960432,5
かわり,たり,0.970927,1
かわり,へん,0.969633,2
かわり,なり,0.965889,3
かわり,い,0.962375,4
かわり,じ,0.962077,5
っぺ,派,0.953736,1
っぺ,ぴっ,0.935672,2
っぺ,まー,0.930904,3
っぺ,ウエー,0.930843,4
っぺ,め,0.924582,5
マヨネーズ,バスケット,0.901008,1
マヨネーズ,市販,0.883546,2
マヨネーズ,ページ,0.882541,3
マヨネーズ,砂糖,0.881223,4
マヨネーズ,ドレッシング,0.879048,5
劇団,公演,0.968813,1
劇団,演劇,0.962488,2
劇団,シアター,0.957845,3
劇団,劇場,0.947369,4
劇団,劇,0.945832,5
東南,南部,0.952716,1
東南,東部,0.941411,2
東南,南側,0.924395,3
東南,獣,0.884041,4
東南,集う,0.881968,5
使い熟す,習得,0.946882,1
使い熟す,復習,0.944699,2
使い熟す,把握,0.943511,3
使い熟す,培う,0.93774,4
使い熟す,注力,0.936762,5
偽,誤,0.942938,1
偽,フェーク,0.937623,2
偽,うそ,0.909109,3
偽,偽物,0.907961,4
偽,サボる,0.899473,5
歯茎,鼻,0.960691,1
歯茎,足首,0.943349,2
歯茎,足裏,0.931005,3
歯茎,翌朝,0.912871,4
歯茎,左手,0.911781,5
薬品,薬剤,0.955294,1
薬品,医薬品,0.915381,2
薬品,薬,0.913923,3
薬品,クレジットカード,0.900863,4
薬品,Mac,0.874571,5
葬,墓,0.951941,1
葬,葬式,0.93347,2
葬,葬儀,0.921236,3
葬,墓地,0.911029,4
葬,凝り,0.878818,5
眉,眉毛,0.986369,1
眉,姿,0.979921,2
眉,額,0.978455,3
眉,面,0.971611,4
眉,体,0.964586,5
レタス,ブロッコリー,0.95633,1
レタス,海苔,0.95584,2
レタス,白菜,0.952811,3
レタス,豆腐,0.951688,4
レタス,野菜,0.94899,5
ゆうゆう,ほっこり,0.96938,1
ゆうゆう,心地良い,0.956744,2
ゆうゆう,心地,0.955011,3
ゆうゆう,宜しく,0.938714,4
ゆうゆう,はな,0.937819,5
膨脛,厚手,0.898245,1
膨脛,飽くまで,0.891865,2
膨脛,御腹,0.884651,3
膨脛,爺,0.882875,4
膨脛,頂く,0.882259,5
雑,だらだら,0.910418,1
雑,曖昧,0.894687,2
雑,ばらばら,0.88448,3
雑,散らし,0.87746,4
雑,えっ,0.874768,5
ソーセージ,豚カツ,0.890065,1
ソーセージ,バーガー,0.855215,2
ソーセージ,ハンバーガー,0.841872,3
ソーセージ,コーラ,0.837008,4
ソーセージ,ハンバーグ,0.829739,5
タイト,ミリ,0.88725,1
タイト,絞り込む,0.857387,2
タイト,凝縮,0.843307,3
タイト,剛,0.840073,4
タイト,限定,0.837281,5
特大,膨大,0.913095,1
特大,大物,0.905654,2
特大,巨大,0.89739,3
特大,最長,0.890709,4
特大,沢山,0.882992,5
品番,番号,0.96418,1
品番,置き場,0.963256,2
品番,番地,0.962269,3
品番,部材,0.950505,4
品番,定員,0.950177,5
募金,開設,0.905864,1
募金,出店,0.903529,2
募金,募集,0.894688,3
募金,リレー,0.892716,4
募金,販売店,0.892599,5
彼岸,古,0.913356,1
彼岸,流石,0.880396,2
彼岸,古く,0.865185,3
彼岸,過去,0.862071,4
彼岸,此の世,0.856032,5
食パン,パン,0.967815,1
食パン,素麺,0.937601,2
食パン,サンドイッチ,0.935335,3
食パン,タオル,0.933883,4
食パン,御飯,0.933799,5
まったり,のんびり,0.986414,1
まったり,ゆったり,0.980877,2
まったり,弛み,0.968669,3
まったり,穏やか,0.959966,4
まったり,緩やか,0.951547,5
ギヤ,バルブ,0.924803,1
ギヤ,シャフト,0.91546,2
ギヤ,ゲート,0.908769,3
ギヤ,レール,0.900319,4
ギヤ,回路,0.89462,5
筆記,ノート,0.986921,1
筆記,メモ,0.974211,2
筆記,記す,0.961066,3
筆記,用品,0.947877,4
筆記,レター,0.947334,5
霊園,墓地,0.920828,1
霊園,墓,0.870713,2
霊園,収容,0.832798,3
霊園,閉店,0.824757,4
霊園,葬,0.804058,5
術後,火葬,0.879256,1
術後,保険料,0.852268,2
術後,賠償,0.846913,3
術後,点滴,0.846518,4
術後,払い戻し,0.845702,5
パフェ,ケーキ,0.93824,1
パフェ,スイーツ,0.923903,2
パフェ,菓子,0.904831,3
パフェ,チーズケーキ,0.870205,4
パフェ,飾り,0.851785,5
ディオール,シャネル,0.97954,1
ディオール,プラダ,0.937813,2
ディオール,ルイヴィトン,0.933909,3
ディオール,エルメス,0.92812,4
ディオール,xl,0.871363,5
エクステリア,展示,0.933548,1
エクステリア,センター,0.929567,2
エクステリア,網羅,0.929028,3
エクステリア,結果的,0.926466,4
エクステリア,キャスト,0.925416,5
パーセント,日付け,0.94982,1
パーセント,単価,0.945154,2
パーセント,数値,0.943372,3
パーセント,比率,0.937521,4
パーセント,寸法,0.936484,5
ココア,牛肉,0.950205,1
ココア,カカオ,0.944802,2
ココア,ビーフ,0.931925,3
ココア,チーズ,0.916698,4
ココア,鰻,0.894826,5
ヤフオク,ヤフー,0.936932,1
ヤフオク,フェリー,0.864342,2
ヤフオク,労働省,0.852149,3
ヤフオク,オペレーター,0.84663,4
ヤフオク,バス,0.842699,5
手摺,ソープ,0.959675,1
手摺,パッド,0.95727,2
手摺,スカート,0.956245,3
手摺,一杯,0.952994,4
手摺,スリーブ,0.952855,5
コンプレックス,後悔,0.852406,1
コンプレックス,手間,0.849425,2
コンプレックス,肩凝り,0.837211,3
コンプレックス,内障,0.828759,4
コンプレックス,鬱,0.827907,5
感心,感謝,0.956358,1
感心,捧げる,0.956032,2
感心,お礼,0.954444,3
感心,感激,0.953349,4
感心,馴染む,0.953223,5
能,続ける,0.980915,1
能,作,0.977872,2
能,つく,0.971666,3
能,及ぼす,0.971236,4
能,続く,0.967596,5
赤坂,銀座,0.973639,1
赤坂,早稲田,0.945563,2
赤坂,中央区,0.938612,3
赤坂,新宿,0.92881,4
赤坂,東京都,0.92192,5
当面,一同,0.953166,1
当面,我々,0.94989,2
当面,見せる,0.945866,3
当面,同行,0.944497,4
当面,発言,0.941011,5
こっそり,隠れる,0.940829,1
こっそり,未経験,0.912923,2
こっそり,僅か,0.908232,3
こっそり,アンダー,0.904083,4
こっそり,微,0.899208,5
雑草,泥,0.922903,1
雑草,害虫,0.905569,2
雑草,汚れ,0.902454,3
雑草,黴,0.898194,4
雑草,腐る,0.89012,5
苦情,不満,0.967031,1
苦情,挫折,0.961878,2
苦情,辛い,0.945785,3
苦情,苦しい,0.945457,4
苦情,痛い,0.941585,5
養生,治癒,0.974632,1
養生,ヨーガ,0.971372,2
養生,ヒーリング,0.970425,3
養生,回復,0.963598,4
養生,健やか,0.95517,5
屋敷,邸,0.909649,1
屋敷,アンティーク,0.872741,2
屋敷,御前,0.861792,3
屋敷,宝籤,0.846026,4
屋敷,御数,0.842475,5
カカオ,ココア,0.944802,1
カカオ,銅,0.92389,2
カカオ,ウッド,0.891528,3
カカオ,鰻,0.888201,4
カカオ,牛肉,0.880759,5
本学,講演,0.972233,1
本学,講座,0.966177,2
本学,本校,0.964319,3
本学,展示,0.963853,4
本学,当社,0.962943,5
偏る,思い込み,0.904804,1
偏る,ねた,0.863318,2
偏る,言い訳,0.850074,3
偏る,段差,0.843048,4
偏る,勝手に,0.842329,5
貧困,貧乏,0.927697,1
貧困,赤字,0.89307,2
貧困,失業,0.889511,3
貧困,不具合,0.858846,4
貧困,詰まり,0.846056,5
果汁,ジュース,0.990856,1
果汁,ヨーグルト,0.971251,2
果汁,サラダ,0.953715,3
果汁,ミルク,0.949605,4
果汁,牛乳,0.939927,5
プロレス,カジノ,0.798851,1
プロレス,ねたばれ,0.735099,2
プロレス,パチンコ,0.734893,3
プロレス,連発,0.72548,4
プロレス,突っ込み,0.719062,5
プランニング,計画,0.985653,1
プランニング,テクニック,0.97433,2
プランニング,プラン,0.969662,3
プランニング,プランナー,0.960991,4
プランニング,職業,0.949433,5
続出,続く,0.986391,1
続出,示す,0.978319,2
続出,回答,0.973628,3
続出,続き,0.972278,4
続出,社,0.972052,5
曲線,液,0.916217,1
曲線,物事,0.911791,2
曲線,場,0.910088,3
曲線,現状,0.897111,4
曲線,液体,0.896769,5
就く,着く,0.983371,1
就く,持つ,0.975579,2
就く,受け取る,0.973921,3
就く,抱える,0.969115,4
就く,貰う,0.968734,5
勝率,リソース,0.916413,1
勝率,得点,0.909546,2
勝率,加算,0.902516,3
勝率,検索,0.902497,4
勝率,算出,0.892259,5
生産者,監督,0.960073,1
生産者,工,0.955441,2
生産者,建つ,0.946248,3
生産者,稼働,0.943498,4
生産者,生産,0.939798,5
出来,ウイーク,0.96401,1
出来,今月,0.959662,2
出来,出る,0.956263,3
出来,起こる,0.951448,4
出来,発言,0.949547,5
SBI,JR,0.966114,1
SBI,住友,0.960841,2
SBI,三井,0.96049,3
SBI,ユナイテッド,0.950349,4
SBI,同社,0.949807,5
バレーボール,バドミントン,0.954725,1
バレーボール,バスケットボール,0.952599,2
バレーボール,野球,0.911754,3
バレーボール,卓球,0.911005,4
バレーボール,サッカー,0.893736,5
揉む,引っ張る,0.908183,1
揉む,噛む,0.905673,2
揉む,推す,0.898143,3
揉む,掴む,0.897179,4
揉む,放る,0.890411,5
コスチューム,ネクタイ,0.897964,1
コスチューム,鞄,0.895755,2
コスチューム,CD,0.886023,3
コスチューム,装飾,0.881758,4
コスチューム,帽子,0.8785,5
ピッチ,スルー,0.930477,1
ピッチ,得点,0.92638,2
ピッチ,進出,0.918535,3
ピッチ,リリース,0.918343,4
ピッチ,掛け,0.91774,5
ハロー,来,0.902684,1
ハロー,見付かる,0.901378,2
ハロー,ぷ,0.892352,3
ハロー,大凡,0.890436,4
ハロー,明ける,0.884583,5
石原,高橋,0.965398,1
石原,福田,0.964324,2
石原,野田,0.96261,3
石原,長谷川,0.96176,4
石原,岡崎,0.960764,5
先発,後押し,0.95688,1
先発,率いる,0.942621,2
先発,応援,0.938042,3
先発,直結,0.937622,4
先発,貢献,0.936748,5
研修会,講習会,0.978147,1
研修会,学期,0.966857,2
研修会,会議,0.965581,3
研修会,研究会,0.964449,4
研修会,セミナー,0.963778,5
がんがん,がん,0.95537,1
がんがん,腫瘍,0.909515,2
がんがん,疾患,0.901198,3
がんがん,疾病,0.895291,4
がんがん,肺炎,0.883457,5
ぎ,け,0.994789,1
ぎ,ま,0.993015,2
ぎ,わ,0.992478,3
ぎ,き,0.992125,4
ぎ,ル,0.990339,5
葬式,葬儀,0.991454,1
葬式,葬,0.93347,2
葬式,墓,0.855563,3
葬式,墓地,0.841247,4
葬式,火葬,0.800865,5
持ち歩く,手持ち,0.960299,1
持ち歩く,持ち運び,0.953535,2
持ち歩く,手元,0.952805,3
持ち歩く,持ち帰る,0.948056,4
持ち歩く,日帰り,0.935344,5
振り込む,振り,0.947139,1
振り込む,ウエー,0.926084,2
振り込む,かける,0.924604,3
振り込む,発,0.922415,4
振り込む,等々,0.918877,5
軽井沢,京都府,0.915302,1
軽井沢,京都,0.908269,2
軽井沢,シルク,0.904344,3
軽井沢,蓮,0.896245,4
軽井沢,奈良,0.894438,5
ブラ,対,0.978649,1
ブラ,こう,0.978239,2
ブラ,か,0.974663,3
ブラ,へん,0.974214,4
ブラ,イン,0.973533,5
交流会,発表会,0.968503,1
交流会,講習会,0.95783,2
交流会,出展,0.948629,3
交流会,研究会,0.946766,4
交流会,シンポジウム,0.946134,5
逸早く,素早い,0.922471,1
逸早く,早く,0.874846,2
逸早く,迅速,0.872329,3
逸早く,速い,0.859053,4
逸早く,速やか,0.856982,5
遠征,探検,0.785288,1
遠征,狩り,0.772461,2
遠征,冒険,0.760361,3
遠征,突入,0.758067,4
遠征,挑戦,0.752223,5
豊,栄,0.980597,1
豊,華,0.973133,2
豊,優,0.96729,3
豊,満ちる,0.966659,4
豊,尤も,0.963303,5
粒子,原子,0.763492,1
粒子,イオン,0.738708,2
粒子,秒,0.709871,3
粒子,細菌,0.692194,4
粒子,菌,0.682362,5
半日,中小,0.937609,1
半日,始める,0.921683,2
半日,始め,0.917463,3
半日,開始,0.911696,4
半日,試食,0.907258,5
チェスト,ブック,0.944038,1
チェスト,一戸建て,0.939684,2
チェスト,房,0.932334,3
チェスト,ハウス,0.931491,4
チェスト,戸建て,0.930481,5
マイカー,カー,0.964801,1
マイカー,車,0.946165,2
マイカー,車両,0.945638,3
マイカー,乗り物,0.937947,4
マイカー,リフト,0.929099,5
起用,PM,0.973062,1
起用,EC,0.96376,2
起用,投入,0.961294,3
起用,AT,0.961082,4
起用,作用,0.956719,5
軽やか,軽い,0.925823,1
軽やか,気軽,0.918946,2
軽やか,柔らか,0.898175,3
軽やか,ふわ,0.891591,4
軽やか,ふわふわ,0.888649,5
FM,一家,0.96211,1
FM,BGM,0.961711,2
FM,出題,0.959063,3
FM,EC,0.957348,4
FM,レポ,0.955402,5
交感,対決,0.867505,1
交感,勢,0.849063,2
交感,越す,0.844579,3
交感,勝負,0.843064,4
交感,打,0.842881,5
アボカド,アーモンド,0.947177,1
アボカド,ブルーベリー,0.944,2
アボカド,葡萄,0.935303,3
アボカド,フルーツ,0.929978,4
アボカド,牛乳,0.929653,5
税制,課税,0.966693,1
税制,税務,0.941294,2
税制,税,0.934061,3
税制,税金,0.917842,4
税制,政策,0.893871,5
ハリー,李,0.957009,1
ハリー,優,0.9487,2
ハリー,栄,0.942202,3
ハリー,デビッド,0.939861,4
ハリー,松田,0.939089,5
滞納,デメリット,0.9511,1
滞納,欠点,0.930011,2
滞納,損害,0.923205,3
滞納,悪影響,0.921152,4
滞納,損傷,0.920621,5
現物,実物,0.985635,1
現物,居る,0.962174,2
現物,ベース,0.957122,3
現物,留まる,0.951131,4
現物,存知,0.950973,5
トピック,テーマ,0.986227,1
トピック,主題,0.984057,2
トピック,概要,0.982912,3
トピック,事,0.981633,4
トピック,種類,0.980706,5
にゃん,キャット,0.937246,1
にゃん,わん,0.917773,2
にゃん,ちゃん,0.916983,3
にゃん,もも,0.914483,4
にゃん,ぃ,0.911743,5
専任,専業,0.95284,1
専任,きっちり,0.917577,2
専任,保障,0.914187,3
専任,セーフティー,0.913025,4
専任,正社員,0.900946,5
舞う,踊る,0.987259,1
舞う,踊り,0.976283,2
舞う,ダンス,0.902358,3
舞う,プレー,0.895743,4
舞う,舞,0.880878,5
滅多,ううん,0.93149,1
滅多,遅い,0.92956,2
滅多,全く,0.919738,3
滅多,省略,0.919122,4
滅多,未,0.916555,5
親身,体験談,0.968242,1
親身,実感,0.947225,2
親身,経験者,0.946837,3
親身,自ら,0.942874,4
親身,捧げる,0.934681,5
一々,先,0.958026,1
一々,し,0.952963,2
一々,割と,0.948288,3
一々,叶える,0.94815,4
一々,すく,0.945886,5
先祖,年長,0.948515,1
先祖,長年,0.948449,2
先祖,祖父,0.936537,3
先祖,伝統的,0.933212,4
先祖,本舗,0.923365,5
換算,測定,0.96979,1
換算,計測,0.963228,2
換算,見積もり,0.953595,3
換算,納期,0.952716,4
換算,チェックアウト,0.949452,5
スノーボード,スキー,0.944824,1
スノーボード,ダイビング,0.875299,2
スノーボード,スケート,0.850322,3
スノーボード,登山,0.789712,4
スノーボード,サーフィン,0.718366,5
刺さる,襲う,0.937505,1
刺さる,炎,0.919128,2
刺さる,刺す,0.917252,3
刺さる,危険,0.915416,4
刺さる,焼ける,0.912328,5
脈,立ち上がる,0.950827,1
脈,分泌,0.944904,2
脈,道中,0.939457,3
脈,捉える,0.936353,4
脈,辿る,0.935246,5
スワップ,中継,0.848693,1
スワップ,外注,0.84391,2
スワップ,転売,0.822424,3
スワップ,交差点,0.817304,4
スワップ,入札,0.816879,5
錦,プリンス,0.931673,1
錦,玉,0.928378,2
錦,シルク,0.902469,3
錦,クイーン,0.900264,4
錦,ミュゼ,0.899538,5
ドラフト,試行,0.892567,1
ドラフト,試し,0.881977,2
ドラフト,代替,0.863927,3
ドラフト,試す,0.856255,4
ドラフト,新人,0.855032,5
民法,間取り,0.874762,1
民法,保険,0.872221,2
民法,年金,0.87065,3
民法,遺言,0.862838,4
民法,信託,0.854886,5
船橋,橋,0.922151,1
船橋,レール,0.914401,2
船橋,ポート,0.911922,3
船橋,旗,0.909166,4
船橋,大橋,0.897608,5
ずばり,翔,0.894037,1
ずばり,勝ち,0.892734,2
ずばり,輝く,0.889198,3
ずばり,亮,0.881651,4
ずばり,チャンピオン,0.876698,5
いえ,暮らす,0.970051,1
いえ,住む,0.961628,2
いえ,住まう,0.961463,3
いえ,一杯,0.957711,4
いえ,持ち主,0.955727,5
音響,サウンド,0.960239,1
音響,音声,0.94302,2
音響,オーディオ,0.927161,3
音響,音源,0.924331,4
音響,ボイス,0.922103,5
収縮,下がる,0.936993,1
収縮,見逃す,0.900364,2
収縮,アッシュ,0.891645,3
収縮,ダウン,0.876912,4
収縮,縮毛,0.876496,5
セレクション,採択,0.964828,1
セレクション,適用,0.959644,2
セレクション,レポ,0.956483,3
セレクション,旨,0.954586,4
セレクション,授与,0.954085,5
厨房,キッチン,0.997748,1
厨房,台所,0.946412,2
厨房,調理,0.936154,3
厨房,クッキング,0.924089,4
厨房,楽器,0.922698,5
カフェイン,アクティビティー,0.889493,1
カフェイン,プレーヤー,0.883346,2
カフェイン,コーヒー,0.878336,3
カフェイン,リピーター,0.862994,4
カフェイン,頑張る,0.8555,5
対人,関わり,0.955804,1
対人,態度,0.926914,2
対人,付き合い,0.924928,3
対人,付き合う,0.923244,4
対人,私達,0.921931,5
東部,南部,0.962007,1
東部,東南,0.941411,2
東部,東海,0.916579,3
東部,日中,0.913141,4
東部,茨城,0.912899,5
平気,徐々,0.966909,1
平気,容赦,0.959164,2
平気,内側,0.957377,3
平気,過ごす,0.9524,4
平気,暮らす,0.948957,5
暴落,崩壊,0.972074,1
暴落,破壊,0.960327,2
暴落,破綻,0.957102,3
暴落,事故,0.94543,4
暴落,ハザード,0.942411,5
白菜,キャベツ,0.965346,1
白菜,野菜,0.964704,2
白菜,ブロッコリー,0.960164,3
白菜,豆腐,0.954937,4
白菜,レタス,0.952811,5
祝う,おめでとう,0.956166,1
祝う,祝,0.955812,2
祝う,再会,0.941772,3
祝う,歓迎,0.935903,4
祝う,迎える,0.935069,5
織り,織る,0.945627,1
織り,編み,0.935391,2
織り,仕立てる,0.890359,3
織り,図る,0.886784,4
織り,構える,0.88108,5
突っ込み,破る,0.884416,1
突っ込み,目茶目茶,0.860081,2
突っ込み,狂う,0.858894,3
突っ込み,勝手に,0.851386,4
突っ込み,勝手,0.840246,5
踏み出す,前走,0.98224,1
踏み出す,立ち上がる,0.968647,2
踏み出す,走り,0.949219,3
踏み出す,踏む,0.939074,4
踏み出す,注意,0.936791,5
商社,会社,0.972863,1
商社,商工,0.969296,2
商社,ディーラー,0.965341,3
商社,代理店,0.964998,4
商社,株式会社,0.961563,5
スーツケース,モニター,0.955239,1
スーツケース,靴,0.942458,2
スーツケース,装備,0.935164,3
スーツケース,タイヤ,0.931952,4
スーツケース,給与,0.931121,5
トレール,スプリング,0.883152,1
トレール,陸上,0.875656,2
トレール,響き,0.8737,3
トレール,前走,0.871396,4
トレール,朝,0.871274,5
ボブ,者,0.972142,1
ボブ,さん,0.967199,2
ボブ,同士,0.965605,3
ボブ,しん,0.960747,4
ボブ,か,0.959207,5
説得,作用,0.964472,1
説得,営む,0.959324,2
説得,運用,0.951929,3
説得,進行,0.95093,4
説得,率いる,0.950814,5
(^_^;),ちゃん,0.934788,1
(^_^;),ゆうゆう,0.926366,2
(^_^;),ココ,0.923098,3
(^_^;),もも,0.909122,4
(^_^;),ゆう,0.907017,5
司法書士,税理士,0.944728,1
司法書士,弁護士,0.913141,2
司法書士,臨床,0.905475,3
司法書士,薬剤師,0.898583,4
司法書士,監査,0.881406,5
入れ替え,注意点,0.932935,1
入れ替え,回す,0.930461,2
入れ替え,移す,0.928894,3
入れ替え,回数,0.925784,4
入れ替え,戻す,0.923691,5
友情,親友,0.976013,1
友情,友人,0.972451,2
友情,友,0.971493,3
友情,愛顧,0.969151,4
友情,恋人,0.96795,5
着目,能,0.958663,1
着目,続ける,0.958501,2
着目,しめる,0.951565,3
着目,及ぼす,0.951267,4
着目,果たす,0.949339,5
北口,南口,0.965811,1
北口,西口,0.946923,2
北口,東口,0.926506,3
北口,発足,0.890924,4
北口,支部,0.883058,5
ピーマン,梨,0.954836,1
ピーマン,バナナ,0.953839,2
ピーマン,玉葱,0.953791,3
ピーマン,タピオカ,0.948209,4
ピーマン,ココナッツ,0.947806,5
牽引,引き上げる,0.946662,1
牽引,ワーカー,0.931505,2
牽引,乗り,0.931152,3
牽引,渡る,0.925391,4
牽引,捉える,0.922876,5
秘書,店員,0.931513,1
秘書,相談所,0.928575,2
秘書,講習,0.92802,3
秘書,添削,0.900988,4
秘書,専門学校,0.900494,5
高松,堺,0.987386,1
高松,大宮,0.980041,2
高松,高崎,0.971418,3
高松,千葉,0.968765,4
高松,岡山,0.968592,5
蝶,小鳥,0.905975,1
蝶,若い,0.849527,2
蝶,子猫,0.844923,3
蝶,子犬,0.827452,4
蝶,狐,0.821281,5
損なう,汚れる,0.968246,1
損なう,不良,0.967495,2
損なう,悪影響,0.964076,3
損なう,悪い,0.958943,4
損なう,有害,0.95793,5
プレース,場所,0.977311,1
プレース,地点,0.970292,2
プレース,ロケーション,0.967769,3
プレース,エリア,0.964747,4
プレース,カテゴリー,0.963964,5
ビルド,構築,0.954476,1
ビルド,製作,0.948332,2
ビルド,建てる,0.946341,3
ビルド,造り,0.93823,4
ビルド,成型,0.936805,5
洋食,ショールーム,0.855577,1
洋食,ホテル,0.846885,2
洋食,スタバ,0.844187,3
洋食,式場,0.837964,4
洋食,クラブ,0.837395,5
緩む,甘える,0.937429,1
緩む,何気,0.936696,2
緩む,ふと,0.935107,3
緩む,緩い,0.921869,4
緩む,緩める,0.919626,5
煎餅,饅頭,0.963904,1
煎餅,タルト,0.943128,2
煎餅,ギョーザ,0.943113,3
煎餅,餅,0.933938,4
煎餅,キャラメル,0.907104,5
キャビネット,本棚,0.983029,1
キャビネット,収納,0.968495,2
キャビネット,住所,0.958219,3
キャビネット,座席,0.957991,4
キャビネット,ラック,0.957947,5
勢,貫く,0.947321,1
勢,越える,0.944391,2
勢,発揮,0.938349,3
勢,雄,0.93747,4
勢,上回る,0.92728,5
渡し,乗り,0.929528,1
渡し,通る,0.924468,2
渡し,巡り,0.924196,3
渡し,出入り,0.915177,4
渡し,渡る,0.91488,5
遡る,吸う,0.94871,1
遡る,引き出す,0.92543,2
遡る,下ろす,0.909539,3
遡る,下る,0.906492,4
遡る,下りる,0.905653,5
デトックス,スキンケア,0.900678,1
デトックス,セルフケア,0.894502,2
デトックス,減量,0.888757,3
デトックス,養生,0.885463,4
デトックス,対処法,0.884351,5
増殖,増える,0.922709,1
増殖,増す,0.915926,2
増殖,続々,0.90266,3
増殖,勢,0.899734,4
増殖,越える,0.895671,5
年寄り,老人,0.975066,1
年寄り,高齢,0.966538,2
年寄り,高齢者,0.934225,3
年寄り,老後,0.8929,4
年寄り,元々,0.877575,5
消去,除去,0.951579,1
消去,取り除く,0.925156,2
消去,消す,0.925063,3
消去,削除,0.920406,4
消去,排除,0.913955,5
この先,その後,0.960591,1
この先,以後,0.954426,2
この先,今後,0.945123,3
この先,出来上がる,0.944723,4
この先,続く,0.940579,5
生存,体力,0.874602,1
生存,考える,0.867732,2
生存,自衛,0.866235,3
生存,思い出す,0.857363,4
生存,思考,0.85487,5
毛布,ブランケット,0.981212,1
毛布,セーター,0.971708,2
毛布,布団,0.966432,3
毛布,入浴,0.965071,4
毛布,湯,0.958773,5
世田谷,宇都宮,0.97951,1
世田谷,小田原,0.971412,2
世田谷,松本,0.967793,3
世田谷,立川,0.966644,4
世田谷,西宮,0.962804,5
武,フォース,0.864705,1
武,武将,0.862263,2
武,兵,0.861634,3
武,戦士,0.858654,4
武,参戦,0.853451,5
佐野,飯田,0.978074,1
佐野,中島,0.975476,2
佐野,太田,0.97492,3
佐野,中村,0.974283,4
佐野,田村,0.973821,5
日勤,検証,0.951539,1
日勤,定期,0.941907,2
日勤,手続き,0.941491,3
日勤,役目,0.940025,4
日勤,納品,0.93761,5
烏,気,0.913138,1
烏,南,0.90372,2
烏,凝る,0.892762,3
烏,アンド,0.877478,4
烏,背,0.877204,5
青汁,ミント,0.921792,1
青汁,さっぱり,0.896943,2
青汁,アクア,0.88194,3
青汁,鮮度,0.869159,4
青汁,フレッシュ,0.865534,5
マック,au,0.93175,1
マック,PS,0.924372,2
マック,TEL,0.912664,3
マック,付加,0.906579,4
マック,AT,0.905202,5
ランドリー,乾燥機,0.950708,1
ランドリー,洗車,0.941438,2
ランドリー,クリーナー,0.936377,3
ランドリー,洗剤,0.936212,4
ランドリー,スピーカー,0.929344,5
不用,オフ,0.964673,1
不用,非,0.95782,2
不用,陰性,0.953577,3
不用,不要,0.948115,4
不用,無し,0.94187,5
動詞,関わる,0.962817,1
動詞,振る舞う,0.962594,2
動詞,言動,0.95976,3
動詞,行為,0.958171,4
動詞,行う,0.955976,5
冬場,冬季,0.984941,1
冬場,冬,0.982127,2
冬場,凍る,0.905231,3
冬場,凍結,0.895196,4
冬場,寒い,0.879527,5
買い換える,買い替え,0.969203,1
買い換える,購入者,0.954139,2
買い換える,服用,0.952227,3
買い換える,消費,0.946963,4
買い換える,リターン,0.939649,5
筋膜,ホルモン,0.866986,1
筋膜,遺伝子,0.866476,2
筋膜,神経,0.861429,3
筋膜,遺伝,0.853991,4
筋膜,代謝,0.813606,5
カラーリング,BGM,0.939721,1
カラーリング,作り,0.939308,2
カラーリング,用意,0.935458,3
カラーリング,コーディネート,0.933089,4
カラーリング,メーク,0.92904,5
EV,電動,0.957015,1
EV,新車,0.918993,2
EV,医薬品,0.912899,3
EV,Mac,0.8958,4
EV,スマート,0.891645,5
渡航,就業,0.943429,1
渡航,買い物,0.929316,2
渡航,出張,0.928738,3
渡航,就労,0.92615,4
渡航,稼ぐ,0.925113,5
格,階,0.98034,1
格,桁,0.976776,2
格,一環,0.974064,3
格,立,0.97221,4
格,一体,0.969327,5
小野,こ,0.92681,1
小野,箇月,0.915859,2
小野,つつ,0.915515,3
小野,小林,0.91158,4
小野,センチ,0.91107,5
ダンサー,ダンス,0.928349,1
ダンサー,舞,0.920226,2
ダンサー,ミュージシャン,0.862034,3
ダンサー,ミュージカル,0.844646,4
ダンサー,踊り,0.840911,5
フェーズ,期間,0.964643,1
フェーズ,段階,0.963524,2
フェーズ,時,0.956422,3
フェーズ,経過,0.953724,4
フェーズ,パターン,0.95255,5
饅頭,餅,0.964339,1
饅頭,煎餅,0.963904,2
饅頭,タルト,0.956818,3
饅頭,ギョーザ,0.954482,4
饅頭,パンケーキ,0.935616,5
ハンドバッグ,バッグ,0.959177,1
ハンドバッグ,腕時計,0.958216,2
ハンドバッグ,シューズ,0.957616,3
ハンドバッグ,眼鏡,0.951331,4
ハンドバッグ,サングラス,0.943121,5
少数,稀,0.937626,1
少数,少人数,0.858121,2
少数,一寸,0.846457,3
少数,少,0.820283,4
少数,少ない,0.820228,5
固有,本質,0.975452,1
固有,自体,0.934186,2
固有,定着,0.933436,3
固有,青木,0.928808,4
固有,据える,0.924852,5
衛星,サーバー,0.908316,1
衛星,ダム,0.881984,2
衛星,艦,0.876916,3
衛星,インフラ,0.86274,4
衛星,ラボ,0.858845,5
椿,百合,0.937171,1
椿,菊,0.930899,2
椿,青山,0.928047,3
椿,蓮,0.923136,4
椿,梅,0.921745,5
昇格,勝ち,0.956377,1
昇格,勝つ,0.949977,2
昇格,勝利,0.942505,3
昇格,勝,0.936137,4
昇格,かなう,0.934866,5
因む,込む,0.900515,1
因む,依存,0.88919,2
因む,差す,0.88571,3
因む,あんな,0.879219,4
因む,こつ,0.874014,5
DJ,バンド,0.915366,1
DJ,芸能,0.904378,2
DJ,Instagram,0.90313,3
DJ,ショー,0.888913,4
DJ,エンターテインメント,0.884467,5
賃料,料金,0.973948,1
賃料,家賃,0.967101,2
賃料,コスト,0.959622,3
賃料,費用,0.958828,4
賃料,請求書,0.947271,5
妊活,子育て,0.93822,1
妊活,出産,0.922657,2
妊活,育児,0.922235,3
妊活,妊娠,0.903294,4
妊活,妊娠中,0.877714,5
現金化,現金,0.887913,1
現金化,換金,0.853284,2
現金化,出金,0.832936,3
現金化,貸し付け,0.824586,4
現金化,送金,0.823252,5
年内,当日,0.976124,1
年内,期間中,0.971811,2
年内,来店,0.961038,3
年内,今月,0.957244,4
年内,来週,0.950787,5
履き心地,使い心地,0.97003,1
履き心地,着心地,0.951948,2
履き心地,暮らし,0.937388,3
履き心地,手入れ,0.936674,4
履き心地,使い道,0.931781,5
敷地内,設定,0.971571,1
敷地内,定額,0.954197,2
敷地内,ユニット,0.949537,3
敷地内,チェック,0.941605,4
敷地内,タイプ,0.939947,5
尾,跡,0.948404,1
尾,ああ,0.947346,2
尾,息,0.940534,3
尾,尻尾,0.938347,4
尾,残す,0.933825,5
高等学校,大学,0.990829,1
高等学校,カレッジ,0.985602,2
高等学校,高校,0.966227,3
高等学校,学校,0.955428,4
高等学校,学院,0.954236,5
田村,中村,0.989762,1
田村,内田,0.988786,2
田村,中島,0.988524,3
田村,岡本,0.984433,4
田村,石井,0.984414,5
求人情報,求人,0.973677,1
求人情報,投票,0.956811,2
求人情報,検索,0.954591,3
求人情報,予報,0.947695,4
求人情報,計測,0.941871,5
茶碗,陶器,0.935993,1
茶碗,鉢,0.907644,2
茶碗,かご,0.906389,3
茶碗,カーディガン,0.903451,4
茶碗,年賀状,0.900925,5
ニトリ,UV,0.791535,1
ニトリ,コロナ,0.784581,2
ニトリ,逮捕,0.778075,3
ニトリ,拘束,0.772269,4
ニトリ,ガン,0.760472,5
却って,けれど,0.914536,1
却って,ずれ,0.906523,2
却って,陥る,0.9022,3
却って,不備,0.895017,4
却って,ずれる,0.894742,5
セクション,収録,0.98017,1
セクション,資料,0.976227,2
セクション,目次,0.972532,3
セクション,一覧,0.971856,4
セクション,ページ,0.970403,5
戦力,海軍,0.951262,1
戦力,軍,0.944279,2
戦力,部隊,0.917445,3
戦力,艦,0.906587,4
戦力,発電,0.894829,5
ごろごろ,散らし,0.902946,1
ごろごろ,染みる,0.870526,2
ごろごろ,潰す,0.862388,3
ごろごろ,泥,0.860014,4
ごろごろ,だらけ,0.853729,5
主任,部長,0.971653,1
主任,校長,0.968213,2
主任,理事長,0.96514,3
主任,社長,0.963348,4
主任,会長,0.961047,5
仮装,コスプレ,0.725319,1
仮装,ハロウィーン,0.690966,2
仮装,真似,0.687246,3
仮装,悪戯,0.650757,4
仮装,キャバクラ,0.637609,5
外交,議会,0.943109,1
外交,国会,0.940877,2
外交,マネージメント,0.916699,3
外交,経営,0.914482,4
外交,貿易,0.909197,5
交通事故,事故,0.949481,1
交通事故,戦争,0.917917,2
交通事故,紛争,0.917872,3
交通事故,渋滞,0.917247,4
交通事故,汚染,0.914902,5
法要,理事,0.92155,1
法要,寺,0.910131,2
法要,府,0.8965,3
法要,道場,0.89569,4
法要,官,0.890942,5
自民党,自民,0.959258,1
自民党,中日,0.929837,2
自民党,北九州,0.925576,3
自民党,総理,0.92487,4
自民党,業界,0.919207,5
温もり,温か,0.973243,1
温もり,癒し,0.962564,2
温もり,幸い,0.960769,3
温もり,抱っこ,0.953628,4
温もり,居心地,0.952549,5
空ける,空く,0.988309,1
空ける,離す,0.931738,2
空ける,手放す,0.908378,3
空ける,暫く,0.907752,4
空ける,下げる,0.905206,5
物販,販売店,0.969441,1
物販,商店,0.963081,2
物販,店舗,0.961929,3
物販,ショップ,0.956831,4
物販,学期,0.953898,5
エンタメ,エンターテインメント,0.985543,1
エンタメ,アニメ,0.922172,2
エンタメ,アニメーション,0.919087,3
エンタメ,芸能,0.916672,4
エンタメ,娱乐,0.913567,5
和装,仕舞い,0.948611,1
和装,仕舞う,0.907507,2
和装,着物,0.878321,3
和装,振り袖,0.859863,4
和装,御数,0.858175,5
考案,作り出す,0.947446,1
考案,アレンジ,0.932407,2
考案,デザイナー,0.924724,3
考案,クリエーター,0.924479,4
考案,造形,0.923317,5
用事,履く,0.96921,1
用事,果たす,0.969057,2
用事,計,0.962161,3
用事,預ける,0.962129,4
用事,調べ,0.958712,5
アンパンマン,サンタ,0.902794,1
アンパンマン,絵本,0.892154,2
アンパンマン,ウェルカム,0.881549,3
アンパンマン,ミッキー,0.876274,4
アンパンマン,ドラえもん,0.868569,5
登壇,開幕,0.965618,1
登壇,開催中,0.95863,2
登壇,リリース,0.948847,3
登壇,開催,0.943241,4
登壇,主催,0.94062,5
日替わり,試行,0.927941,1
日替わり,試し,0.900087,2
日替わり,トライアル,0.89494,3
日替わり,試す,0.881258,4
日替わり,アルバイト,0.879839,5
乗り切る,遂げる,0.963102,1
乗り切る,達する,0.952363,2
乗り切る,頑張る,0.945193,3
乗り切る,救う,0.943223,4
乗り切る,克服,0.940811,5
DNA,遺伝子,0.898891,1
DNA,遺伝,0.862689,2
DNA,人格,0.826834,3
DNA,背骨,0.826659,4
DNA,倫理,0.826326,5
乳癌,糖尿病,0.898356,1
乳癌,歯周病,0.77874,2
乳癌,肺炎,0.776709,3
乳癌,労災,0.766752,4
乳癌,新型コロナウイルス感染症,0.762928,5
菊,梅,0.979636,1
菊,葵,0.974976,2
菊,蓮,0.971919,3
菊,紫陽花,0.958482,4
菊,チューリップ,0.952988,5
絶える,見逃す,0.922311,1
絶える,ううん,0.914756,2
絶える,別々,0.914734,3
絶える,分離,0.903232,4
絶える,減る,0.90048,5
搬入,買い替え,0.944445,1
搬入,雇う,0.937194,2
搬入,遣り方,0.931546,3
搬入,ユース,0.924175,4
搬入,依頼,0.922558,5
七夕,正月,0.923366,1
七夕,吉祥寺,0.920513,2
七夕,稲荷,0.902852,3
七夕,花言葉,0.900716,4
七夕,花見,0.895575,5
鯨,星,0.849458,1
鯨,銀河,0.842898,2
鯨,アルプス,0.819524,3
鯨,天神,0.814769,4
鯨,コスモス,0.802604,5
不備,劣化,0.973134,1
不備,不足,0.960459,2
不備,損する,0.952797,3
不備,劣る,0.951714,4
不備,欠ける,0.951691,5
シンデレラ,観音,0.882528,1
シンデレラ,祝福,0.865644,2
シンデレラ,年賀,0.848153,3
シンデレラ,アンパンマン,0.845837,4
シンデレラ,スヌーピー,0.844008,5
直ちに,直ぐ,0.972722,1
直ちに,プッシュ,0.916416,2
直ちに,直接,0.906547,3
直ちに,直後,0.895659,4
直ちに,キャッチ,0.891894,5
惜しい,羨ましい,0.834517,1
惜しい,生後,0.819306,2
惜しい,唯々,0.817988,3
惜しい,弟,0.814164,4
惜しい,ミス,0.810906,5
据える,確り,0.964813,1
据える,守,0.963858,2
据える,受け継ぐ,0.958876,3
据える,固める,0.958815,4
据える,定着,0.958642,5
純米,玄米,0.972587,1
純米,蕎麦,0.951387,2
純米,昆布,0.9477,3
純米,天然,0.94062,4
純米,リネン,0.939501,5
前進,進む,0.946452,1
前進,救う,0.942335,2
前進,後押し,0.941172,3
前進,進める,0.939164,4
前進,応援,0.939154,5
受託,公認,0.935351,1
受託,共済,0.927582,2
受託,成約,0.92337,3
受託,役目,0.922821,4
受託,査定,0.921138,5
観覧,見学,0.973504,1
観覧,来場,0.956798,2
観覧,観客,0.945829,3
観覧,観戦,0.944173,4
観覧,国内外,0.942946,5
洪水,災害,0.945304,1
洪水,台風,0.943645,2
洪水,豪雨,0.937896,3
洪水,火災,0.933433,4
洪水,強風,0.930867,5
バスケ,マリン,0.719816,1
バスケ,滝,0.715892,2
バスケ,矢鱈,0.713868,3
バスケ,相撲,0.710235,4
バスケ,武,0.705966,5
賞金,賞与,0.931568,1
賞金,ドル,0.886994,2
賞金,表彰,0.882282,3
賞金,ボーナス,0.875855,4
賞金,オファー,0.87416,5
ミサイル,兵器,0.905473,1
ミサイル,高圧,0.883317,2
ミサイル,戦争,0.870928,3
ミサイル,軍事,0.870232,4
ミサイル,テロ,0.86881,5
大腸,腸,0.875961,1
大腸,肝,0.859394,2
大腸,内臓,0.848233,3
大腸,胃腸,0.838432,4
大腸,胃,0.834233,5
実技,テクニック,0.943721,1
実技,実践,0.94119,2
実技,復習,0.937682,3
実技,学,0.935572,4
実技,学習,0.932895,5
重症,ハザード,0.917126,1
重症,腫瘍,0.900636,2
重症,癌,0.900555,3
重症,トラウマ,0.892879,4
重症,事故,0.885857,5
薔薇,ローズ,0.969793,1
薔薇,香,0.94987,2
薔薇,さくら,0.928024,3
薔薇,褒美,0.91777,4
薔薇,ハニー,0.915959,5
ばたばた,ぐるぐる,0.871747,1
ばたばた,ちゃう,0.862854,2
ばたばた,びびる,0.862629,3
ばたばた,試す,0.848902,4
ばたばた,移る,0.846336,5
インスタント,ワンタッチ,0.883032,1
インスタント,ショートカット,0.869921,2
インスタント,時短,0.857871,3
インスタント,テークアウト,0.837461,4
インスタント,cookie,0.832827,5
保冷,冷蔵,0.959724,1
保冷,冷蔵庫,0.920619,2
保冷,用品,0.916031,3
保冷,財布,0.914099,4
保冷,給料,0.909245,5
ラケット,マイカー,0.923555,1
ラケット,カッター,0.90341,2
ラケット,ドライヤー,0.898911,3
ラケット,工具,0.896037,4
ラケット,ツール,0.895608,5
水戸,岐阜,0.980271,1
水戸,高崎,0.976402,2
水戸,倉敷,0.973717,3
水戸,岐阜県,0.973508,4
水戸,盛岡,0.971053,5
絞り,絞る,0.9543,1
絞り,絞り込む,0.947701,2
絞り,筈,0.873688,3
絞り,削る,0.848799,4
絞り,爪先,0.848362,5
野,野外,0.807797,1
野,遠く,0.789077,2
野,彼方,0.762008,3
野,水中,0.76158,4
野,遠い,0.754682,5
コンシェルジュ,セラピスト,0.915347,1
コンシェルジュ,アドバイザー,0.908263,2
コンシェルジュ,カウンセラー,0.906265,3
コンシェルジュ,コーチ,0.889304,4
コンシェルジュ,看護,0.876918,5
非公開,只,0.878538,1
非公開,密か,0.866974,2
非公開,寧ろ,0.864013,3
非公開,隠れる,0.861762,4
非公開,裏側,0.860505,5
カリフォルニア,イタリア,0.953885,1
カリフォルニア,スペイン,0.951421,2
カリフォルニア,タイ,0.9336,3
カリフォルニア,ハワイ,0.932983,4
カリフォルニア,マレーシア,0.929182,5
琉球,宇治,0.869018,1
琉球,出雲,0.859351,2
琉球,信州,0.8501,3
琉球,鹿児島県,0.848652,4
琉球,長崎,0.847671,5
麹,酵母,0.884806,1
麹,酵素,0.8752,2
麹,味噌,0.87366,3
麹,出汁,0.869669,4
麹,農林,0.861679,5
別名,とも,0.962498,1
別名,どなた,0.960461,2
別名,ふ,0.957868,3
別名,各,0.957322,4
別名,どういう,0.957171,5
クラッチ,レバー,0.918175,1
クラッチ,コイル,0.903387,2
クラッチ,スイッチ,0.895795,3
クラッチ,ダイヤル,0.893907,4
クラッチ,バルブ,0.892358,5
仕付け,栽培,0.916698,1
仕付け,整備,0.908554,2
仕付け,稽古,0.906787,3
仕付け,ステッチ,0.904326,4
仕付け,剪定,0.898147,5
石田,高田,0.979724,1
石田,石井,0.978426,2
石田,斎藤,0.974062,3
石田,大久保,0.96821,4
石田,池田,0.967209,5
給水,換気,0.940054,1
給水,清潔,0.926652,2
給水,補給,0.919458,3
給水,水分,0.916045,4
給水,水洗い,0.914231,5
織る,編む,0.96431,1
織る,編み,0.960952,2
織る,織り,0.945627,3
織る,仕立てる,0.930766,4
織る,木工,0.899638,5
撤退,解散,0.879623,1
撤退,断つ,0.86514,2
撤退,捨離,0.864297,3
撤退,収縮,0.861409,4
撤退,枯れる,0.861376,5
My,選び,0.97443,1
My,選択,0.97266,2
My,マイ,0.964531,3
My,選定,0.96255,4
My,我が,0.961157,5
本能,噛む,0.83956,1
本能,揉む,0.834097,2
本能,掴む,0.827697,3
本能,わし,0.805993,4
本能,自力,0.797419,5
つかる,ヒート,0.924797,1
つかる,パーカ,0.911778,2
つかる,打,0.897936,3
つかる,ゲット,0.893227,4
つかる,熱,0.891925,5
表れる,談,0.963504,1
表れる,会,0.963045,2
表れる,接する,0.960216,3
表れる,沿う,0.954056,4
表れる,きく,0.951214,5
審議,研究会,0.940333,1
審議,商談,0.92092,2
審議,業界,0.917975,3
審議,司会,0.913887,4
審議,会議,0.913664,5
歯並び,美脚,0.900039,1
歯並び,見た目,0.893289,2
歯並び,中身,0.891741,3
歯並び,外観,0.888078,4
歯並び,目元,0.885964,5
蜜,ハニー,0.983136,1
蜜,蜂蜜,0.959398,2
蜜,蜜柑,0.951482,3
蜜,福,0.94803,4
蜜,香,0.940597,5
緑色,緑,0.984378,1
緑色,グリーン,0.967554,2
緑色,アクア,0.927956,3
緑色,梅,0.924526,4
緑色,青空,0.921035,5
一味,すっ,0.963979,1
一味,ホールド,0.945276,2
一味,つめる,0.939094,3
一味,入れ,0.938804,4
一味,クローズ,0.93742,5
アイランド,島,0.896996,1
アイランド,離島,0.875006,2
アイランド,椿,0.860589,3
アイランド,流石,0.84289,4
アイランド,百合,0.822676,5
潤う,緩める,0.93091,1
潤う,潤い,0.927971,2
潤う,羽,0.924378,3
潤う,徐々,0.920024,4
潤う,羽根,0.915703,5
内面,体内,0.939041,1
内面,精神,0.933331,2
内面,自体,0.932002,3
内面,セルフ,0.908826,4
内面,精神的,0.907839,5
格別,被,0.92719,1
格別,つめる,0.92176,2
格別,然し,0.917019,3
格別,仕方,0.916978,4
格別,秘める,0.916171,5
育毛剤,脱毛,0.942711,1
育毛剤,ファンデーション,0.937363,2
育毛剤,車種,0.918327,3
育毛剤,装備,0.916067,4
育毛剤,ラッピング,0.915584,5
NET,MS,0.972409,1
NET,DX,0.970546,2
NET,CS,0.970463,3
NET,MP,0.95792,4
NET,VS,0.953619,5
エディション,モジュール,0.924737,1
エディション,モデル,0.922576,2
エディション,レポート,0.919217,3
エディション,クラス,0.917594,4
エディション,仕様,0.915731,5
蔓延,流出,0.915332,1
蔓延,広まる,0.878824,2
蔓延,溢れる,0.873211,3
蔓延,拡散,0.850718,4
蔓延,混雑,0.824478,5
ぐるぐる,混ざる,0.886772,1
ぐるぐる,流す,0.875266,2
ぐるぐる,ばたばた,0.871747,3
ぐるぐる,ちゃう,0.862789,4
ぐるぐる,拡散,0.861483,5
容疑,容疑者,0.897346,1
容疑,覗く,0.82867,2
容疑,疑い,0.826407,3
容疑,捕まる,0.810224,4
容疑,発覚,0.805977,5
木曜日,水曜日,0.995623,1
木曜日,火曜日,0.994342,2
木曜日,火曜,0.993151,3
木曜日,木曜,0.991888,4
木曜日,水曜,0.991225,5
火山,台風,0.909422,1
火山,ファイア,0.857429,2
火山,津波,0.855078,3
火山,火災,0.846956,4
火山,豪雨,0.846354,5
誤り,錯誤,0.994674,1
誤り,間違い,0.977482,2
誤り,間違える,0.97533,3
誤り,誤差,0.970171,4
誤り,誤,0.96524,5
新郎,賞,0.941302,1
新郎,栄,0.939724,2
新郎,獲得,0.936664,3
新郎,御勧め,0.936153,4
新郎,ファイン,0.935951,5
単身,独身,0.978673,1
単身,独り暮らし,0.916109,2
単身,痩せ,0.885906,3
単身,暫く,0.88351,4
単身,離す,0.87582,5
出,対,0.966913,1
出,こう,0.966174,2
出,会,0.965316,3
出,ブラ,0.961844,4
出,毎,0.959789,5
ミスター,オーナー,0.960115,1
ミスター,君,0.949965,2
ミスター,据える,0.945885,3
ミスター,属,0.945186,4
ミスター,山田,0.944616,5
計上,担当者,0.976367,1
計上,確認,0.975759,2
計上,担当,0.972143,3
計上,代金,0.97187,4
計上,許可,0.96886,5
正当,公認,0.967165,1
正当,適正,0.964882,2
正当,正確,0.963368,3
正当,認定,0.957029,4
正当,妥当,0.956858,5
和田,様,0.952391,1
和田,潤,0.946556,2
和田,ゆう,0.941644,3
和田,中島,0.93899,4
和田,芸,0.938498,5
風俗,浅草,0.85253,1
風俗,居酒屋,0.812904,2
風俗,町中,0.810947,3
風俗,昭和,0.809104,4
風俗,節分,0.805129,5
読み込む,インプット,0.964774,1
読み込む,閲覧,0.964127,2
読み込む,戻る,0.953922,3
読み込む,終える,0.949776,4
読み込む,受け取り,0.947958,5
キャン,差す,0.914337,1
キャン,アンド,0.912997,2
キャン,ぜ,0.901851,3
キャン,後,0.894292,4
キャン,ラスト,0.888855,5
レクチャー,講義,0.969194,1
レクチャー,論文,0.965461,2
レクチャー,講演,0.957128,3
レクチャー,文献,0.950484,4
レクチャー,証明,0.949876,5
人員,お客さん,0.960501,1
人員,従業員,0.956569,2
人員,員,0.952729,3
人員,セリフ,0.952684,4
人員,週間,0.946903,5
居宅,自宅,0.974172,1
居宅,御自宅,0.974005,2
居宅,ホーム,0.963349,3
居宅,居住,0.957944,4
居宅,我が家,0.957103,5
ピラティス,スキンケア,0.92452,1
ピラティス,コラーゲン,0.919125,2
ピラティス,ヨーガ,0.913426,3
ピラティス,セラピー,0.910917,4
ピラティス,療法,0.909915,5
インフレ,高騰,0.910008,1
インフレ,交通事故,0.855399,2
インフレ,事故,0.837469,3
インフレ,渋滞,0.827645,4
インフレ,混雑,0.819954,5
相棒,パートナー,0.980494,1
相棒,フレンド,0.96992,2
相棒,勧め,0.966419,3
相棒,友達,0.964568,4
相棒,友,0.959963,5
コメディー,お笑い,0.967362,1
コメディー,ポップ,0.858196,2
コメディー,バラエティー,0.857018,3
コメディー,芸人,0.844474,4
コメディー,エンタメ,0.816208,5
役職,部門,0.957669,1
役職,規定,0.946992,2
役職,規格,0.94624,3
役職,規程,0.94578,4
役職,公務,0.941137,5
良,良好,0.967237,1
良,良い,0.966068,2
良,良く,0.965864,3
良,好,0.964432,4
良,グッド,0.964331,5
鉄筋,スチール,0.941133,1
鉄筋,コンクリート,0.940144,2
鉄筋,金属,0.917031,3
鉄筋,板金,0.911377,4
鉄筋,鋼,0.891927,5
シャドー,影,0.946478,1
シャドー,冷え,0.915491,2
シャドー,アッシュ,0.908821,3
シャドー,寂しい,0.908766,4
シャドー,裏面,0.902846,5
離乳食,洗顔,0.935521,1
離乳食,洗面,0.927374,2
離乳食,ローション,0.92627,3
離乳食,休憩,0.924555,4
離乳食,タオル,0.922009,5
最先端,先端,0.977992,1
最先端,次世代,0.929646,2
最先端,先進,0.913706,3
最先端,高性能,0.884032,4
最先端,革新,0.877644,5
ノー,不要,0.962251,1
ノー,別,0.952113,2
ノー,不,0.939394,3
ノー,いや,0.925302,4
ノー,NO,0.924509,5
準ずる,根拠,0.970757,1
準ずる,均,0.969443,2
準ずる,対応,0.969416,3
準ずる,項,0.968196,4
準ずる,有り,0.966569,5
ジョイント,接着,0.938323,1
ジョイント,計,0.935651,2
ジョイント,結ぶ,0.935056,3
ジョイント,フロント,0.93215,4
ジョイント,紐,0.929393,5
家屋,ハウス,0.99009,1
家屋,住宅,0.988896,2
家屋,房,0.983643,3
家屋,住居,0.983174,4
家屋,住まい,0.97244,5
瑞々しい,フレッシュ,0.958619,1
瑞々しい,新鮮,0.951301,2
瑞々しい,明るい,0.91678,3
瑞々しい,グリーン,0.908456,4
瑞々しい,すっきり,0.90693,5
油断,倒れる,0.95802,1
油断,転倒,0.951467,2
油断,酔い,0.944265,3
油断,転ぶ,0.940465,4
油断,不調,0.939745,5
レジェンド,女神,0.94171,1
レジェンド,絶大,0.927999,2
レジェンド,偉大,0.90803,3
レジェンド,伝説,0.902437,4
レジェンド,天神,0.900385,5
知名度,主流,0.932081,1
知名度,多数,0.928012,2
知名度,満席,0.926256,3
知名度,全国,0.917204,4
知名度,全日本,0.91535,5
お好み焼き,パスタ,0.936237,1
お好み焼き,ギョーザ,0.935819,2
お好み焼き,ラーメン,0.93253,3
お好み焼き,焼き鳥,0.931426,4
お好み焼き,タルト,0.928022,5
バレー,月々,0.958253,1
バレー,湖,0.930732,2
バレー,湾,0.927456,3
バレー,浜,0.924018,4
バレー,星座,0.918739,5
OB,旨,0.976397,1
OB,ver,0.975846,2
OB,令,0.974782,3
OB,ANA,0.973008,4
OB,助成,0.97272,5
知育,教育,0.960248,1
知育,機能性,0.940493,2
知育,学び,0.940296,3
知育,啓発,0.939778,4
知育,教,0.937419,5
段差,ギャップ,0.858389,1
段差,偏る,0.843048,2
段差,無理,0.825423,3
段差,ムラ,0.810217,4
段差,支障,0.803047,5
年賀,礼,0.931013,1
年賀,年賀状,0.928728,2
年賀,御馳走,0.920988,3
年賀,代目,0.918623,4
年賀,坊,0.915636,5
鮮度,新鮮,0.929035,1
鮮度,鮭,0.925267,2
鮮度,葡萄,0.922971,3
鮮度,アーモンド,0.916799,4
鮮度,アボカド,0.913394,5
黙る,息,0.937717,1
黙る,冷める,0.937347,2
黙る,不問,0.925189,3
黙る,残る,0.923478,4
黙る,待つ,0.922715,5
冊子,本の,0.982316,1
冊子,冊,0.981689,2
冊子,ブック,0.967908,3
冊子,書,0.946038,4
冊子,シート,0.941282,5
頭部,身体,0.968113,1
頭部,眼,0.966553,2
頭部,頭,0.962348,3
頭部,手,0.955419,4
頭部,手足,0.954196,5
打ち込む,攻める,0.923853,1
打ち込む,蹴る,0.91189,2
打ち込む,パンチ,0.893311,3
打ち込む,殴る,0.882877,4
打ち込む,突き込む,0.88115,5
知見,知識,0.964931,1
知見,知れる,0.952052,2
知見,師,0.932987,3
知見,教養,0.929241,4
知見,真実,0.92839,5
ペッパー,胡椒,0.927836,1
ペッパー,唐辛子,0.898268,2
ペッパー,直ぐ,0.894061,3
ペッパー,生姜,0.867994,4
ペッパー,鳴る,0.866934,5
つくば,新刊,0.895153,1
つくば,東京都,0.879127,2
つくば,台北,0.872986,3
つくば,シンガポール,0.872615,4
つくば,成田,0.865366,5
協働,コラボレーション,0.993551,1
協働,コラボ,0.977174,2
協働,協同,0.961312,3
協働,チーム,0.958757,4
協働,協力,0.952805,5
燐,結晶,0.787362,1
燐,絶対,0.782303,2
燐,星,0.77547,3
燐,王道,0.774849,4
燐,天皇,0.756215,5
札幌市,札幌,0.988518,1
札幌市,旭川,0.957155,2
札幌市,カナダ,0.954167,3
札幌市,ドイツ,0.942287,4
札幌市,仙台,0.935942,5
責める,苦笑,0.926952,1
責める,しんどい,0.904693,2
責める,痛い,0.904104,3
責める,苦情,0.904103,4
責める,風邪,0.89927,5
井戸,堀,0.948241,1
井戸,漬け,0.920283,2
井戸,ワックス,0.891786,3
井戸,干し,0.884565,4
井戸,坪,0.876933,5
セリア,ブラン,0.959484,1
セリア,リア,0.950433,2
セリア,アン,0.949551,3
セリア,其方,0.94788,4
セリア,もり,0.946837,5
無人,空室,0.897409,1
無人,真空,0.853248,2
無人,無,0.834006,3
無人,不在,0.82473,4
無人,オフ,0.824018,5
示唆,表す,0.952886,1
示唆,兼ねる,0.949984,2
示唆,会,0.945909,3
示唆,きく,0.94436,4
示唆,半ば,0.941851,5
トリガー,変更,0.867095,1
トリガー,推す,0.863355,2
トリガー,出走,0.858957,3
トリガー,ブレーク,0.858255,4
トリガー,つかる,0.852455,5
リア,アン,0.991439,1
リア,アレ,0.979694,2
リア,せい,0.978969,3
リア,ジャン,0.978868,4
リア,意,0.978435,5
宅急便,宅配,0.942796,1
宅急便,決済,0.93775,2
宅急便,ナビ,0.9365,3
宅急便,保証,0.925341,4
宅急便,直送,0.923491,5
改める,手掛ける,0.963012,1
改める,施す,0.948946,2
改める,意向,0.942427,3
改める,意図,0.93491,4
改める,努める,0.933391,5
呪術,闇金,0.874372,1
呪術,悪魔,0.868592,2
呪術,注入,0.856993,3
呪術,呪い,0.84089,4
呪術,魔王,0.827626,5
パワハラ,虐待,0.957888,1
パワハラ,暴力,0.932325,2
パワハラ,中傷,0.922978,3
パワハラ,殺害,0.910525,4
パワハラ,無理矢理,0.907554,5
明石,松山,0.976025,1
明石,高崎,0.963398,2
明石,市川,0.962937,3
明石,栃木,0.958859,4
明石,松本,0.955209,5
熟練,賢い,0.959122,1
熟練,強み,0.94175,2
熟練,重要,0.940708,3
熟練,上手,0.927748,4
熟練,効果的,0.927609,5
体育館,ステーション,0.955731,1
体育館,スーパー,0.954313,2
体育館,売り場,0.949187,3
体育館,店舗,0.946099,4
体育館,商店,0.943445,5
開き,開く,0.970846,1
開き,通す,0.960556,2
開き,パス,0.960286,3
開き,向ける,0.954809,4
開き,注ぐ,0.951564,5
生体,認知,0.957847,1
生体,活,0.952789,2
生体,習得,0.951758,3
生体,生きる,0.949456,4
生体,ライフ,0.943812,5
浮かべる,羽,0.881015,1
浮かべる,潤い,0.875259,2
浮かべる,浮く,0.874801,3
浮かべる,叶える,0.863631,4
浮かべる,一見,0.858644,5
おい,嬉しい,0.916897,1
おい,喜ぶ,0.916405,2
おい,好き,0.915721,3
おい,香る,0.915032,4
おい,賞味,0.913263,5
トレ,特,0.984773,1
トレ,フォー,0.984221,2
トレ,イン,0.98226,3
トレ,プレ,0.980425,4
トレ,達,0.980067,5
分岐,生じる,0.899005,1
分岐,動く,0.893055,2
分岐,発生,0.888688,3
分岐,流す,0.884953,4
分岐,つるつる,0.881603,5
授与,適用,0.97362,1
授与,採択,0.972719,2
授与,助成,0.97014,3
授与,支給,0.965663,4
授与,定める,0.96535,5
単発,一回,0.907567,1
単発,取り外す,0.883612,2
単発,パッチ,0.880867,3
単発,僅か,0.878714,4
単発,コマ,0.876598,5
乳幼児,幼児,0.974343,1
乳幼児,赤ちゃん,0.968387,2
乳幼児,ベビー,0.93511,3
乳幼児,児童,0.916101,4
乳幼児,子供,0.912422,5
数千,数百,0.985686,1
数千,世界的,0.955427,2
数千,全域,0.954184,3
数千,大量,0.95376,4
数千,大きい,0.931657,5
自動化,技術,0.959893,1
自動化,IT,0.958926,2
自動化,工程,0.954056,3
自動化,機械,0.947089,4
自動化,工学,0.945273,5
青森県,青森,0.994975,1
青森県,岩手県,0.989281,2
青森県,秋田,0.980597,3
青森県,鳥取,0.97901,4
青森県,岩手,0.974446,5
近辺,近く,0.987875,1
近辺,近い,0.978344,2
近辺,付近,0.974848,3
近辺,近隣,0.964796,4
近辺,近郊,0.9599,5
大河,東海,0.935884,1
大河,太平洋,0.927293,2
大河,海,0.924176,3
大河,日,0.923413,4
大河,太陽,0.917724,5
手触り,触れる,0.978033,1
手触り,摂取,0.95997,2
手触り,触る,0.957267,3
手触り,利用者,0.953516,4
手触り,飲む,0.951382,5
運賃,料金,0.953404,1
運賃,手数,0.94257,2
運賃,送料,0.936391,3
運賃,賃料,0.930716,4
運賃,配送料,0.928893,5
尿,排泄,0.916626,1
尿,恥ずかしい,0.902036,2
尿,皮脂,0.901951,3
尿,気味,0.894946,4
尿,悔しい,0.882372,5
乙,ii,0.982027,1
乙,д,0.978839,2
乙,o,0.978075,3
乙,n,0.972348,4
乙,q,0.970082,5
小麦粉,食材,0.948431,1
小麦粉,文字,0.932204,2
小麦粉,ライス,0.931711,3
小麦粉,ミルク,0.930359,4
小麦粉,牛乳,0.930262,5
放映,上映,0.979588,1
放映,ステーション,0.955246,2
放映,放送,0.952949,3
放映,ステージ,0.952253,4
放映,売り場,0.943354,5
白石,白,0.93592,1
白石,純,0.928774,2
白石,流石,0.922211,3
白石,柏,0.908135,4
白石,清,0.905312,5
レシート,領収書,0.966496,1
レシート,仕切り,0.954432,2
レシート,申請書,0.942247,3
レシート,備品,0.9422,4
レシート,プリント,0.942134,5
コーラ,ソーダ,0.956632,1
コーラ,ビール,0.93795,2
コーラ,スナック,0.866051,3
コーラ,マヨネーズ,0.86481,4
コーラ,ドーナツ,0.860457,5
目印,盆,0.933627,1
目印,戸,0.928855,2
目印,厚み,0.923049,3
目印,留める,0.921119,4
目印,ずっと,0.915319,5
国境,管轄,0.881774,1
国境,当局,0.871624,2
国境,ボーダー,0.854412,3
国境,判決,0.8511,4
国境,体制,0.843604,5
目高,高め,0.925901,1
目高,尚更,0.913587,2
目高,上位,0.913502,3
目高,最,0.906743,4
目高,芸,0.905195,5
オーク,高木,0.946582,1
オーク,天然石,0.939266,2
オーク,柏,0.93383,3
オーク,大谷,0.922429,4
オーク,木,0.919561,5
マツダ,本田,0.968966,1
マツダ,ヤマハ,0.953726,2
マツダ,ホンダ,0.948589,3
マツダ,日産,0.946636,4
マツダ,トヨタ,0.94493,5
率いる,導く,0.964143,1
率いる,遂げる,0.956217,2
率いる,進行,0.952662,3
率いる,説得,0.950814,4
率いる,本編,0.945999,5
凝る,背,0.93986,1
凝る,密,0.935556,2
凝る,しも,0.932666,3
凝る,卒,0.931879,4
凝る,ウチ,0.929284,5
オペラ,オーケストラ,0.93056,1
オペラ,歌舞伎,0.925264,2
オペラ,ローマ,0.873591,3
オペラ,バレエ,0.855618,4
オペラ,将棋,0.827139,5
潮,波,0.951993,1
潮,ウェーブ,0.915781,2
潮,海上,0.895913,3
潮,風,0.882295,4
潮,流れ,0.867614,5
海賊,侵入,0.8897,1
海賊,アタック,0.880777,2
海賊,破る,0.874044,3
海賊,悪魔,0.871958,4
海賊,魔王,0.869288,5
矢印,棒,0.94537,1
矢印,ロッド,0.906247,2
矢印,竿,0.905173,3
矢印,線,0.904449,4
矢印,ハンドル,0.899299,5
もり,しま,0.977072,1
もり,大野,0.968137,2
もり,観,0.965331,3
もり,伝,0.963343,4
もり,経,0.961302,5
返答,応答,0.981627,1
返答,デイリー,0.981406,2
返答,返信,0.9797,3
返答,取り扱う,0.972994,4
返答,員,0.972593,5
マグカップ,帽子,0.951772,1
マグカップ,杯,0.947929,2
マグカップ,ハット,0.946573,3
マグカップ,Tシャツ,0.944129,4
マグカップ,カップ,0.94193,5
黒猫,南,0.876769,1
黒猫,夜,0.872995,2
黒猫,気,0.866692,3
黒猫,北,0.859034,4
黒猫,降る,0.858544,5
引き籠もり,断念,0.946076,1
引き籠もり,孤独,0.942495,2
引き籠もり,枯れる,0.924086,3
引き籠もり,放棄,0.924031,4
引き籠もり,亡くなる,0.921905,5
表参道,京橋,0.942226,1
表参道,教会,0.897032,2
表参道,会館,0.896301,3
表参道,日本橋,0.891204,4
表参道,神社,0.889698,5
エコー,さら,0.935166,1
エコー,気,0.92274,2
エコー,ごとし,0.920935,3
エコー,言わば,0.918477,4
エコー,映る,0.916287,5
精進,肝心,0.935462,1
精進,匠,0.918166,2
精進,復元,0.9158,3
精進,長所,0.912897,4
精進,良質,0.911917,5
鹿児島県,鹿児島,0.996881,1
鹿児島県,淡路,0.972001,2
鹿児島県,佐賀,0.968524,3
鹿児島県,熊本県,0.968057,4
鹿児島県,徳島,0.965433,5
鳥居,御節,0.887126,1
鳥居,寺,0.87968,2
鳥居,御座る,0.863128,3
鳥居,郡,0.861355,4
鳥居,付録,0.860646,5
グラビア,ポップ,0.800685,1
グラビア,エンタメ,0.760997,2
グラビア,エンターテインメント,0.74311,3
グラビア,アイドル,0.739558,4
グラビア,イルミネーション,0.733356,5
後々,後日,0.975885,1
後々,間,0.95439,2
後々,翌,0.941091,3
後々,いずれ,0.929442,4
後々,条件,0.928329,5
損切り,解約,0.896828,1
損切り,払い戻し,0.885136,2
損切り,交通費,0.8766,3
損切り,納付,0.875189,4
損切り,返送,0.867895,5
梅干し,ハム,0.886406,1
梅干し,軒,0.877388,2
梅干し,坪,0.866056,3
梅干し,戸,0.863416,4
梅干し,煉瓦,0.860559,5
写し,記,0.978481,1
写し,解す,0.964228,2
写し,綴る,0.9616,3
写し,考慮,0.9594,4
写し,録,0.957867,5
三脚,ラック,0.941201,1
三脚,シーリング,0.940666,2
三脚,建て,0.937513,3
三脚,テーブル,0.933346,4
三脚,セラミック,0.931469,5
苑,菊,0.939643,1
苑,しま,0.928426,2
苑,蓮,0.925696,3
苑,和田,0.924291,4
苑,葵,0.920669,5
バグ,エラー,0.973091,1
バグ,不具合,0.942092,2
バグ,故障,0.941774,3
バグ,錯誤,0.931103,4
バグ,誤り,0.927326,5
越し,其方,0.959912,1
越し,幾,0.957896,2
越し,以降,0.957881,3
越し,にて,0.95573,4
越し,達,0.952839,5
早,早い,0.964757,1
早,早々,0.952333,2
早,序盤,0.939393,3
早,あさ,0.936304,4
早,御早う,0.930945,5
信念,志向,0.959086,1
信念,自ら,0.958303,2
信念,見解,0.957923,3
信念,習慣,0.956392,4
信念,受け継ぐ,0.954582,5
名詞,特性,0.969142,1
名詞,人物,0.967861,2
名詞,文句,0.964107,3
名詞,記述,0.961218,4
名詞,者,0.961121,5
我が儘,存ずる,0.942118,1
我が儘,宿,0.940607,2
我が儘,唯,0.936886,3
我が儘,センチ,0.936566,4
我が儘,おく,0.935595,5
木々,樹木,0.983067,1
木々,樹,0.978339,2
木々,木,0.96726,3
木々,自然,0.965984,4
木々,森林,0.954448,5
題材,主題,0.990247,1
題材,概要,0.984614,2
題材,テキスト,0.981787,3
題材,記載,0.978641,4
題材,内容,0.977217,5
おでん,味噌汁,0.921165,1
おでん,カントリー,0.90763,2
おでん,郷,0.906269,3
おでん,豚骨,0.900996,4
おでん,郷土,0.891272,5
亜鉛,豆,0.909789,1
亜鉛,キャベツ,0.89666,2
亜鉛,葱,0.893061,3
亜鉛,原料,0.89239,4
亜鉛,ミネラル,0.890444,5
大社,大手,0.937663,1
大社,キングダム,0.929877,2
大社,連邦,0.921936,3
大社,東大,0.921006,4
大社,アカデミー,0.918649,5
EA,VS,0.981586,1
EA,GT,0.978967,2
EA,プロ,0.971054,3
EA,CS,0.97036,4
EA,MT,0.96743,5
帆立,咲き,0.944162,1
帆立,咲く,0.929094,2
帆立,蘇る,0.914372,3
帆立,楽,0.910664,4
帆立,わく,0.904765,5
言い方,語,0.968432,1
言い方,文句,0.964808,2
言い方,私達,0.964707,3
言い方,フレーズ,0.964486,4
言い方,使い分け,0.964124,5
下回る,下りる,0.962809,1
下回る,下る,0.948325,2
下回る,下ろす,0.941703,3
下回る,吸う,0.939169,4
下回る,返る,0.929287,5
稼ぎ,稼ぐ,0.977045,1
稼ぎ,収益,0.954623,2
稼ぎ,収入,0.944769,3
稼ぎ,就業,0.93847,4
稼ぎ,購買,0.936493,5
簿,格納,0.942472,1
簿,鉢,0.941595,2
簿,封筒,0.939641,3
簿,籠,0.934593,4
簿,箪笥,0.933385,5
欠品,なくす,0.945094,1
欠品,欠点,0.938831,2
欠品,無くす,0.937468,3
欠品,不備,0.937298,4
欠品,負け,0.933202,5
神戸市,神戸,0.991199,1
神戸市,横浜市,0.990786,2
神戸市,大阪府,0.984322,3
神戸市,名古屋,0.983737,4
神戸市,横浜,0.982534,5
編み,編む,0.964934,1
編み,織る,0.960952,2
編み,ニット,0.94092,3
編み,織り,0.935391,4
編み,仕立てる,0.904665,5
販促,プロモーション,0.974091,1
販促,セールス,0.947667,2
販促,キャンペーン,0.942285,3
販促,宣伝,0.938649,4
販促,セール,0.937037,5
品揃え,メイン,0.958088,1
品揃え,KG,0.954268,2
品揃え,誌,0.953467,3
品揃え,中心,0.949318,4
品揃え,全巻,0.949314,5
オメガ,コラーゲン,0.928014,1
オメガ,ヒアルロン,0.906549,2
オメガ,ピラティス,0.896024,3
オメガ,エコ,0.891328,4
オメガ,健康的,0.885001,5
厳密,真剣,0.85896,1
厳密,ハード,0.828519,2
厳密,ガード,0.828092,3
厳密,きっちり,0.828058,4
厳密,絶対,0.826001,5
古墳,文化財,0.848032,1
古墳,遺跡,0.837662,2
古墳,アーカイブ,0.835744,3
古墳,天皇,0.827654,4
古墳,塔,0.805826,5
理系,学術,0.944014,1
理系,理科,0.929789,2
理系,理学,0.918173,3
理系,学問,0.916307,4
理系,医学部,0.915356,5
権力,勢力,0.884244,1
権力,制覇,0.870824,2
権力,戦力,0.8552,3
権力,CEO,0.845737,4
権力,経営者,0.839932,5
日祝,本場,0.908543,1
日祝,箇国,0.89572,2
日祝,土日,0.893926,3
日祝,チャーシュー,0.891271,4
日祝,オープニング,0.890788,5
必殺,バイキング,0.856018,1
必殺,ダービー,0.842088,2
必殺,相撲,0.832029,3
必殺,信長,0.796088,4
必殺,武,0.79107,5
アーチ,柱,0.930334,1
アーチ,殿,0.926709,2
アーチ,ブリッジ,0.921758,3
アーチ,象徴,0.918581,4
アーチ,道,0.910299,5
豚カツ,ハンバーグ,0.927086,1
豚カツ,ラーメン,0.917094,2
豚カツ,焼き鳥,0.915783,3
豚カツ,バーガー,0.909005,4
豚カツ,キャラメル,0.904402,5
特技,斬新,0.737647,1
特技,ウルトラ,0.730625,2
特技,仮想通貨,0.693574,3
特技,魔法,0.688063,4
特技,革新,0.683285,5
OL,EC,0.977613,1
OL,GP,0.975023,2
OL,KG,0.973939,3
OL,SD,0.973735,4
OL,DS,0.973468,5
所要,要求,0.975591,1
所要,有り,0.969803,2
所要,目的,0.964372,3
所要,都合,0.963383,4
所要,考慮,0.962546,5
昇給,利益,0.935382,1
昇給,収益,0.932025,2
昇給,報酬,0.931047,3
昇給,進学,0.93005,4
昇給,積み立て,0.925633,5
新婦,花嫁,0.96116,1
新婦,レディース,0.936702,2
新婦,プリンセス,0.926336,3
新婦,レディー,0.921058,4
新婦,アイボリー,0.91808,5
半数,半分,0.970127,1
半数,多少,0.93771,2
半数,同じ,0.93627,3
半数,両側,0.932571,4
半数,幾つ,0.932325,5
痩せ,一口,0.905803,1
痩せ,省く,0.894819,2
痩せ,痩せる,0.893019,3
痩せ,単身,0.885906,4
痩せ,独身,0.881753,5
シリアル,編成,0.950509,1
シリアル,クラス,0.941149,2
シリアル,ライナー,0.939194,3
シリアル,一式,0.935616,4
シリアル,仕様,0.932175,5
カンボジア,珊瑚,0.817547,1
カンボジア,ベトナム,0.817353,2
カンボジア,フィリピン,0.796318,3
カンボジア,琉球,0.771006,4
カンボジア,沖縄,0.766671,5
ひんやり,冷える,0.9468,1
ひんやり,冷たい,0.932638,2
ひんやり,寂しい,0.924765,3
ひんやり,ドライ,0.91854,4
ひんやり,黙る,0.918382,5
待望,久々,0.882879,1
待望,存ずる,0.877483,2
待望,誕生,0.877146,3
待望,漸く,0.875399,4
待望,願う,0.873735,5
乾燥機,ランドリー,0.950708,1
乾燥機,ドライヤー,0.9318,2
乾燥機,洗車,0.929316,3
乾燥機,洗濯機,0.927754,4
乾燥機,シャワー,0.92731,5
余,ぼ,0.952713,1
余,被,0.946257,2
余,あの,0.938689,3
余,然う然う,0.937142,4
余,おる,0.934922,5
欅,存ずる,0.936062,1
欅,唯,0.925535,2
欅,我が儘,0.921632,3
欅,センチ,0.9127,4
欅,御自分,0.906098,5
高崎,立川,0.984406,1
高崎,水戸,0.976402,2
高崎,倉敷,0.975832,3
高崎,市川,0.972496,4
高崎,松本,0.972215,5
ちょっぴり,少々,0.981979,1
ちょっぴり,些細,0.944241,2
ちょっぴり,少し,0.941065,3
ちょっぴり,浅い,0.932238,4
ちょっぴり,ちょい,0.930208,5
野田,岡田,0.988845,1
野田,加藤,0.987047,2
野田,西村,0.983604,3
野田,太田,0.982293,4
野田,岡本,0.980812,5
コントラスト,クロス,0.800872,1
コントラスト,アウト,0.791565,2
コントラスト,レイ,0.75613,3
コントラスト,打ち,0.743578,4
コントラスト,デュアル,0.731035,5
拍手,金曜,0.949131,1
拍手,出場,0.938741,2
拍手,来場,0.936417,3
拍手,共演,0.93613,4
拍手,乾杯,0.935522,5
ビート,キャッチ,0.952514,1
ビート,プッシュ,0.950886,2
ビート,かける,0.930277,3
ビート,ゴー,0.925244,4
ビート,発,0.917667,5
肺炎,歯周病,0.959711,1
肺炎,疾患,0.929453,2
肺炎,疾病,0.920795,3
肺炎,病気,0.913142,4
肺炎,怪我,0.903935,5
夏祭り,フェスタ,0.880904,1
夏祭り,フェスティバル,0.875017,2
夏祭り,盛り上がり,0.86943,3
夏祭り,夏季,0.867622,4
夏祭り,盛り上がる,0.864936,5
満席,集結,0.926487,1
満席,知名度,0.926256,2
満席,一斉,0.92408,3
満席,大勢,0.923003,4
満席,マーケット,0.92072,5
燃やす,火燵,0.935152,1
燃やす,燃焼,0.914228,2
燃やす,燃える,0.906541,3
燃やす,高温,0.894398,4
燃やす,ファイア,0.870884,5
過酷,ショック,0.952893,1
過酷,きつい,0.939411,2
過酷,恐怖,0.932186,3
過酷,恐ろしい,0.929645,4
過酷,衝撃,0.92925,5
トレッキング,ハイキング,0.927124,1
トレッキング,サイクリング,0.887737,2
トレッキング,ランニング,0.876408,3
トレッキング,ダイビング,0.871379,4
トレッキング,登山,0.867661,5
誤,誤り,0.96524,1
誤,反する,0.96114,2
誤,反面,0.955919,3
誤,駄目,0.95074,4
誤,錯誤,0.946264,5
拭き取る,拭く,0.969413,1
拭き取る,干す,0.954829,2
拭き取る,洗い,0.947153,3
拭き取る,替える,0.941667,4
拭き取る,擦る,0.937976,5
殻,半身,0.930012,1
殻,辺り,0.925868,2
殻,息,0.922168,3
殻,枝,0.91972,4
殻,部位,0.917144,5
袴,巾着,0.965436,1
袴,着丈,0.962182,2
袴,舎,0.923089,3
袴,襟,0.908099,4
袴,なおす,0.901501,5
研究科,入試,0.945703,1
研究科,医学部,0.942313,2
研究科,TOEIC,0.940242,3
研究科,コンサル,0.93494,4
研究科,業務用,0.933425,5
オフライン,寧ろ,0.928156,1
オフライン,残る,0.927828,2
オフライン,後方,0.914437,3
オフライン,只,0.908596,4
オフライン,じっと,0.907754,5
包,錠,0.96834,1
包,席,0.966095,2
包,ホルダー,0.964813,3
包,シート,0.964129,4
包,枠,0.963202,5
ディテール,明細,0.894232,1
ディテール,エッセンス,0.893846,2
ディテール,専攻,0.891679,3
ディテール,内蔵,0.890619,4
ディテール,資格,0.890543,5
文献,講義,0.982683,1
文献,教科,0.971345,2
文献,教材,0.968443,3
文献,報告書,0.960367,4
文献,辞書,0.958733,5
血糖値,血糖,0.96687,1
血糖値,血圧,0.948686,2
血糖値,体重,0.921152,3
血糖値,生活費,0.881235,4
血糖値,カロリー,0.877213,5
所得税,税理,0.907464,1
所得税,税務,0.895708,2
所得税,確定申告,0.894282,3
所得税,ビザ,0.884704,4
所得税,納税,0.881662,5
在留,在住,0.985374,1
在留,所属,0.976891,2
在留,身,0.975284,3
在留,済み,0.973142,4
在留,属する,0.971439,5
乳液,ローション,0.980954,1
乳液,タオル,0.957694,2
乳液,ブラウス,0.957267,3
乳液,ソープ,0.95005,4
乳液,枕,0.94922,5
スモール,小さめ,0.991758,1
スモール,小さな,0.988668,2
スモール,小,0.984473,3
スモール,小さい,0.978517,4
スモール,小型,0.977619,5
切開,撃つ,0.907247,1
切開,刺す,0.89345,2
切開,打撃,0.885119,3
切開,注射,0.87583,4
切開,突き込む,0.865486,5
瞼,解す,0.947274,1
瞼,生,0.94674,2
瞼,目玉,0.946231,3
瞼,目,0.942873,4
瞼,眉,0.94278,5
開通,リリース,0.975895,1
開通,開業,0.958937,2
開通,販売中,0.950541,3
開通,発売,0.95005,4
開通,開幕,0.945879,5
糖尿,病気,0.914633,1
糖尿,傷,0.913679,2
糖尿,病,0.908435,3
糖尿,疾患,0.89371,4
糖尿,疾病,0.893539,5
チャーシュー,チャーハン,0.956198,1
チャーシュー,丼,0.901121,2
チャーシュー,ギョーザ,0.901035,3
チャーシュー,日祝,0.891271,4
チャーシュー,豚骨,0.88432,5
娱乐,遊戯,0.924424,1
娱乐,エンタメ,0.913567,2
娱乐,エンターテインメント,0.911089,3
娱乐,コミック,0.897958,4
娱乐,カラオケ,0.859548,5
遺族,故人,0.938879,1
遺族,相続人,0.932346,2
遺族,老後,0.925072,3
遺族,存ずる,0.90373,4
遺族,耐える,0.89866,5
杖,筈,0.903731,1
杖,かぎ,0.894213,2
杖,竿,0.867407,3
杖,埋める,0.866709,4
杖,籠,0.86527,5
寄り,寄る,0.967625,1
寄り,連れ,0.959074,2
寄り,馴染む,0.958683,3
寄り,容赦,0.956995,4
寄り,抱える,0.955639,5
甘酒,団子,0.950909,1
甘酒,粥,0.941943,2
甘酒,素麺,0.938828,3
甘酒,フェルト,0.937095,4
甘酒,餅,0.920787,5
エジプト,東洋,0.899139,1
エジプト,王国,0.854987,2
エジプト,八王子,0.852562,3
エジプト,キングダム,0.838867,4
エジプト,ギリシャ,0.832873,5
めりはり,扠,0.889884,1
めりはり,兎に角,0.844365,2
めりはり,呉れる,0.834295,3
めりはり,因む,0.831705,4
めりはり,折角,0.804129,5
3M,ソニー,0.951471,1
3M,ヤマハ,0.937949,2
3M,Google,0.923183,3
3M,hulu,0.922281,4
3M,日立,0.921456,5
有名人,セレブ,0.927056,1
有名人,有名,0.922006,2
有名人,著名,0.895226,3
有名人,知名度,0.846932,4
有名人,目立つ,0.845922,5
乱れ,乱れる,0.986524,1
乱れ,混乱,0.97586,2
乱れ,破る,0.908721,3
乱れ,狂う,0.906844,4
乱れ,不安定,0.900649,5
御礼,お礼,0.978736,1
御礼,御客様,0.952987,2
御礼,賜る,0.949111,3
御礼,礼,0.948817,4
御礼,捧げる,0.947721,5
忍者,秘訣,0.596255,1
忍者,魔女,0.594705,2
忍者,秘密,0.581253,3
忍者,妖怪,0.57605,4
忍者,シークレット,0.572972,5
同伴,仲間,0.980766,1
同伴,フレンド,0.976284,2
同伴,友達,0.971511,3
同伴,知人,0.969125,4
同伴,知り合い,0.963562,5
トランク,キャビネット,0.920116,1
トランク,邸,0.907674,2
トランク,壁掛け,0.895895,3
トランク,チェスト,0.895474,4
トランク,本棚,0.886406,5
王者,チャンピオン,0.959976,1
王者,キング,0.945908,2
王者,主力,0.943581,3
王者,堂々,0.939595,4
王者,一番,0.938182,5
歌舞伎,オペラ,0.925264,1
歌舞伎,オーケストラ,0.893186,2
歌舞伎,ローマ,0.869927,3
歌舞伎,宝塚,0.810396,4
歌舞伎,バレエ,0.808617,5
ワンタッチ,便利,0.887748,1
ワンタッチ,インスタント,0.883032,2
ワンタッチ,時短,0.862713,3
ワンタッチ,利便性,0.859122,4
ワンタッチ,直送,0.851351,5
矛盾,解体,0.902076,1
矛盾,ずれる,0.891669,2
矛盾,ずれ,0.890425,3
矛盾,歪む,0.888517,4
矛盾,不安定,0.875655,5
隔離,引き籠もり,0.911513,1
隔離,ブラック,0.906269,2
隔離,排除,0.893382,3
隔離,死者,0.888789,4
隔離,死,0.887381,5
蒸気,スチーム,0.933935,1
蒸気,燃焼,0.928702,2
蒸気,沸騰,0.882608,3
蒸気,燃やす,0.847977,4
蒸気,火燵,0.847171,5
鰹,鰻,0.860177,1
鰹,麹,0.837319,2
鰹,出汁,0.83383,3
鰹,蛋白,0.829147,4
鰹,銅,0.827042,5
ICT,IT,0.975947,1
ICT,テクノロジー,0.962939,2
ICT,テック,0.960331,3
ICT,ソフトウェア,0.956766,4
ICT,デジタル,0.953712,5
誘い,ねた,0.866856,1
誘い,侭,0.831665,2
誘い,誘う,0.82786,3
誘い,ベイト,0.826424,4
誘い,偏る,0.822937,5
仕立てる,仕立て,0.981542,1
仕立てる,織る,0.930766,2
仕立てる,施術,0.927298,3
仕立てる,飼育,0.911662,4
仕立てる,編む,0.911352,5
福田,岡崎,0.971588,1
福田,級,0.970212,2
福田,石原,0.964324,3
福田,中山,0.958641,4
福田,西川,0.9546,5
結び,結ぶ,0.958134,1
結び,方,0.954464,2
結び,戸,0.951869,3
結び,輪,0.950706,4
結び,立て,0.947818,5
猛暑,火災,0.893093,1
猛暑,炎,0.888046,2
猛暑,火傷,0.886127,3
猛暑,高温,0.884006,4
猛暑,焼ける,0.871987,5
PCR,工学,0.919744,1
PCR,CPU,0.912512,2
PCR,工程,0.911358,3
PCR,自動化,0.900146,4
PCR,ml,0.888196,5
エキストラ,ウィズ,0.942077,1
エキストラ,FF,0.936652,2
エキストラ,EX,0.936261,3
エキストラ,フォー,0.935608,4
エキストラ,MC,0.929371,5
組み込む,取り揃える,0.97515,1
組み込む,適用,0.967772,2
組み込む,設ける,0.967464,3
組み込む,プロフィール,0.964956,4
組み込む,取得,0.964929,5
探検,探索,0.882899,1
探検,開拓,0.850581,2
探検,アドベンチャー,0.832468,3
探検,発見,0.82895,4
探検,追求,0.80109,5
実写,現実的,0.962186,1
実写,実際,0.962033,2
実写,文章,0.95214,3
実写,国内,0.944165,4
実写,定期的,0.941645,5
和紙,蓮,0.902654,1
和紙,緑茶,0.900579,2
和紙,和風,0.899258,3
和紙,抹茶,0.899156,4
和紙,檜,0.898245,5
殺害,殺人,0.985225,1
殺害,殺す,0.973269,2
殺害,虐待,0.962218,3
殺害,暴力,0.953381,4
殺害,殴る,0.928833,5
発足,予告,0.923014,1
発足,南口,0.917515,2
発足,東口,0.913986,3
発足,委員,0.913883,4
発足,出口,0.911898,5
羽,羽根,0.951832,1
羽,潤う,0.924378,2
羽,リーフ,0.914236,3
羽,花柄,0.900288,4
羽,ばら,0.893104,5
ミート,ビーフ,0.911384,1
ミート,牛肉,0.90373,2
ミート,肉,0.88097,3
ミート,チャーハン,0.86009,4
ミート,めん,0.849659,5
参考書,教科書,0.975285,1
参考書,図書,0.970669,2
参考書,教材,0.970548,3
参考書,辞典,0.969399,4
参考書,ガイドブック,0.969338,5
円形,円,0.962196,1
円形,丸,0.949707,2
円形,均等,0.948139,3
円形,サークル,0.946922,4
円形,真ん中,0.941344,5
空中,雲,0.899937,1
空中,エアー,0.813051,2
空中,海上,0.786814,3
空中,空,0.765558,4
空中,スカイ,0.757814,5
添削,整理,0.953374,1
添削,整える,0.948593,2
添削,補給,0.930013,3
添削,修復,0.928375,4
添削,整備,0.927586,5
PHP,工法,0.785884,1
PHP,製造,0.769949,2
PHP,工務店,0.754333,3
PHP,電源,0.751643,4
PHP,バルブ,0.750175,5
ZIP,番号,0.969391,1
ZIP,ボックス,0.963046,2
ZIP,パッケージ,0.959061,3
ZIP,部品,0.957467,4
ZIP,パーツ,0.956159,5
電機,車両,0.954611,1
電機,自動車,0.953477,2
電機,Android,0.949348,3
電機,エクセル,0.941449,4
電機,車,0.940085,5
ロレックス,BMW,0.942779,1
ロレックス,ルイヴィトン,0.928092,2
ロレックス,Mac,0.912194,3
ロレックス,マンション,0.907067,4
ロレックス,シャネル,0.88076,5
球団,リーグ,0.9808,1
球団,アリーナ,0.969558,2
球団,市,0.96742,3
球団,商工,0.965248,4
球団,首都,0.959997,5
絞り込む,絞る,0.950345,1
絞り込む,絞り,0.947701,2
絞り込む,タイト,0.857387,3
絞り込む,ミリ,0.85512,4
絞り込む,削る,0.847974,5
施主,与える,0.946406,1
施主,ミスター,0.944505,2
施主,オーナー,0.944306,3
施主,了承,0.941479,4
施主,連れ,0.940608,5
貧乏,負ける,0.93103,1
貧乏,負け,0.930865,2
貧乏,欠品,0.930382,3
貧乏,失敗,0.929766,4
貧乏,貧困,0.927697,5
SR,ST,0.991885,1
SR,ES,0.987556,2
SR,SP,0.987505,3
SR,SE,0.987449,4
SR,RE,0.986717,5
将来的,将来,0.985507,1
将来的,今後,0.948407,2
将来的,来年,0.880318,3
将来的,昨今,0.878352,4
将来的,本年,0.87508,5
達磨,気合い,0.838821,1
達磨,誓う,0.815705,2
達磨,辻,0.813684,3
達磨,武田,0.811093,4
達磨,修行,0.807018,5
思い遣り,心掛ける,0.95516,1
思い遣り,祈り,0.944395,2
思い遣り,養う,0.941348,3
思い遣り,感心,0.938724,4
思い遣り,捧げる,0.937062,5
凍る,寒い,0.960896,1
凍る,凍結,0.947274,2
凍る,アッシュ,0.940711,3
凍る,冷たい,0.940103,4
凍る,冷える,0.919553,5
コミックス,漫画,0.953128,1
コミックス,コミック,0.946855,2
コミックス,イラスト,0.91696,3
コミックス,アルバム,0.902455,4
コミックス,アニメ,0.890077,5
CBD,アボカド,0.894805,1
CBD,ヒアルロン,0.86588,2
CBD,無添加,0.865072,3
CBD,ヨーガ,0.860229,4
CBD,ヘルシー,0.845284,5
サーキット,製造業,0.933323,1
サーキット,工程,0.929852,2
サーキット,建設,0.927988,3
サーキット,機械,0.926408,4
サーキット,産業,0.919083,5
発散,どんどん,0.805292,1
発散,ブーム,0.802743,2
発散,絡む,0.771065,3
発散,フレア,0.761857,4
発散,混合,0.760465,5
大企業,EU,0.950558,1
大企業,首都圏,0.945717,2
大企業,Microsoft,0.943905,3
大企業,カンパニー,0.938939,4
大企業,三菱,0.930669,5
菅,しま,0.965742,1
菅,経,0.956805,2
菅,辻,0.952913,3
菅,縁,0.951679,4
菅,もり,0.951524,5
母子,親子,0.987874,1
母子,母親,0.975594,2
母子,母,0.97548,3
母子,ママ,0.972691,4
母子,お母さん,0.972119,5
JCB,ミシン,0.909643,1
JCB,アンプ,0.90828,2
JCB,シャフト,0.900352,3
JCB,コントローラー,0.87799,4
JCB,ビルド,0.866067,5
史上,歴史,0.957711,1
史上,天下,0.94394,2
史上,王国,0.926011,3
史上,歴史的,0.919239,4
史上,国土,0.91687,5
損益,リターン,0.946647,1
損益,返却,0.940714,2
損益,売却,0.935133,3
損益,返送,0.930966,4
損益,請求,0.929976,5
東西,周囲,0.944218,1
東西,水曜,0.943753,2
東西,木曜,0.940918,3
東西,各地,0.94031,4
東西,あらゆる,0.937168,5
アルミニウム,アルミ,0.984359,1
アルミニウム,ホームページ,0.943294,2
アルミニウム,水道,0.941975,3
アルミニウム,フォント,0.924977,4
アルミニウム,CSS,0.922746,5
博,シン,0.989641,1
博,ラ,0.986282,2
博,特,0.986043,3
博,際,0.985966,4
博,フォー,0.985444,5
ふんだん,リッチ,0.966492,1
ふんだん,ゴールデン,0.922458,2
ふんだん,豊か,0.915975,3
ふんだん,最,0.912005,4
ふんだん,最も,0.910174,5
プロパティー,保有,0.95987,1
プロパティー,定着,0.952651,2
プロパティー,保つ,0.952547,3
プロパティー,オーナー,0.951122,4
プロパティー,質,0.948249,5
ストール,故,0.958352,1
ストール,遅延,0.933632,2
ストール,もう,0.922263,3
ストール,麻痺,0.920244,4
ストール,損,0.915131,5
干渉,騒動,0.879546,1
干渉,解体,0.865387,2
干渉,対立,0.862953,3
干渉,流出,0.858782,4
干渉,衝突,0.858698,5
大山,マウンテン,0.978656,1
大山,山頂,0.954012,2
大山,高山,0.931946,3
大山,山,0.91951,4
大山,星,0.9025,5
仁,下さる,0.944019,1
仁,誠,0.943366,2
仁,礼,0.939861,3
仁,母,0.932275,4
仁,訳有り,0.924755,5
.com,ポータル,0.949824,1
.com,ユーロ,0.94721,2
.com,サイト,0.94316,3
.com,指標,0.936764,4
.com,レジ,0.935296,5
地帯,地盤,0.928506,1
地帯,陸,0.924582,2
地帯,区域,0.920967,3
地帯,半島,0.917719,4
地帯,フィールド,0.917686,5
ファブリック,生地,0.948701,1
ファブリック,布,0.941619,2
ファブリック,織布,0.941334,3
ファブリック,繊維,0.939788,4
ファブリック,具材,0.938708,5
駅近,小学校,0.937389,1
駅近,池袋,0.925857,2
駅近,御店,0.922145,3
駅近,中学校,0.922015,4
駅近,飲食店,0.919957,5
ズーム,アップロード,0.925767,1
ズーム,ドライブ,0.906371,2
ズーム,スピーカー,0.886298,3
ズーム,リフト,0.883501,4
ズーム,オート,0.878073,5
堀,井戸,0.948241,1
堀,坪,0.914951,2
堀,局,0.914012,3
堀,軒,0.906313,4
堀,原点,0.902416,5
シフォン,ボート,0.755282,1
シフォン,リボン,0.732612,2
シフォン,トリミング,0.731941,3
シフォン,ソフト,0.72459,4
シフォン,解凍,0.721466,5
例え,色,0.898194,1
例え,要約,0.890674,2
例え,周,0.884152,3
例え,見,0.883315,4
例え,帯,0.883236,5
銭湯,吉祥寺,0.899173,1
銭湯,園内,0.877577,2
銭湯,パン屋,0.86593,3
銭湯,丼,0.865634,4
銭湯,町並み,0.860993,5
MAC,IC,0.971072,1
MAC,IP,0.947395,2
MAC,搭載,0.934047,3
MAC,asp,0.930502,4
MAC,保険,0.928962,5
リバウンド,弾く,0.917245,1
リバウンド,追い付く,0.901162,2
リバウンド,直ぐ,0.894275,3
リバウンド,プッシュ,0.883019,4
リバウンド,前走,0.882346,5
デュアル,ダブル,0.869656,1
デュアル,両面,0.84407,2
デュアル,三重,0.789685,3
デュアル,クロス,0.752151,4
デュアル,両方,0.751247,5
アルプス,マウンテン,0.906342,1
アルプス,北海道,0.889378,2
アルプス,大山,0.886481,3
アルプス,山頂,0.874346,4
アルプス,星,0.87218,5
初夏,春夏,0.986109,1
初夏,春,0.960481,2
初夏,夏,0.955783,3
初夏,サマー,0.954533,4
初夏,夏季,0.925175,5
課する,扱う,0.963555,1
課する,終える,0.954656,2
課する,見直す,0.952934,3
課する,雇う,0.948447,4
課する,買い取る,0.947839,5
CG,PS,0.97515,1
CG,DS,0.972809,2
CG,VS,0.972446,3
CG,CM,0.967429,4
CG,CS,0.966249,5
夫妻,夫婦,0.996107,1
夫妻,配偶者,0.977017,2
夫妻,カップル,0.972417,3
夫妻,両親,0.964945,4
夫妻,家庭,0.95858,5
アジ,タレ,0.975601,1
アジ,匹,0.969644,2
アジ,番,0.965863,3
アジ,アレ,0.964109,4
アジ,圭,0.963854,5
県外,地帯,0.898329,1
県外,遠く,0.89337,2
県外,彼方,0.886671,3
県外,南側,0.874799,4
県外,南,0.870691,5
同日,同年,0.970776,1
同日,いつ,0.966941,2
同日,何時,0.964754,3
同日,本日,0.954888,4
同日,言及,0.946607,5
緑茶,抹茶,0.977991,1
緑茶,茶葉,0.967468,2
緑茶,蜂蜜,0.959732,3
緑茶,茶,0.957183,4
緑茶,サーモン,0.953122,5
直し,採取,0.93931,1
直し,づける,0.938143,2
直し,直す,0.934946,3
直し,治す,0.934224,4
直し,解す,0.933735,5
後藤,内田,0.989886,1
後藤,李,0.987099,2
後藤,遠藤,0.981358,3
後藤,三浦,0.979314,4
後藤,吉田,0.978759,5
採択,授与,0.972719,1
採択,助成,0.968058,2
採択,セレクション,0.964828,3
採択,OB,0.961537,4
採択,従業,0.959176,5
遠藤,渡辺,0.991158,1
遠藤,吉田,0.989733,2
遠藤,前田,0.989563,3
遠藤,岡田,0.987285,4
遠藤,松田,0.987034,5
引き締める,クレンジング,0.926529,1
引き締める,フィット,0.92437,2
引き締める,注力,0.924083,3
引き締める,腹筋,0.923964,4
引き締める,フォーカス,0.923241,5
ミリタリー,軍事,0.984754,1
ミリタリー,軍,0.948223,2
ミリタリー,兵,0.88698,3
ミリタリー,兵器,0.879153,4
ミリタリー,米軍,0.875905,5
鳴く,鳴る,0.986844,1
鳴く,鳴らす,0.905997,2
鳴く,響く,0.897328,3
鳴く,渡る,0.889028,4
鳴く,つる,0.888378,5
研,策,0.976114,1
研,程,0.975077,2
研,健,0.970788,3
研,然程,0.968695,4
研,RE,0.968108,5
購読,サブスク,0.9767,1
購読,アカウント,0.946592,2
購読,搭載,0.942773,3
購読,推奨,0.941073,4
購読,クレジット,0.93947,5
介入,キャンペーン,0.812881,1
介入,実施中,0.809186,2
介入,セールス,0.807118,3
介入,機動,0.806726,4
介入,販促,0.805405,5
カッコイイ,素敵,0.959037,1
カッコイイ,奇麗,0.94809,2
カッコイイ,褒美,0.933218,3
カッコイイ,美しい,0.920678,4
カッコイイ,美人,0.905344,5
ミディアム,中間,0.986455,1
ミディアム,最中,0.973349,2
ミディアム,ミドル,0.97279,3
ミディアム,中期,0.969696,4
ミディアム,中,0.963201,5
葉酸,ビタミン,0.980502,1
葉酸,カルシウム,0.949454,2
葉酸,手洗い,0.941314,3
葉酸,栄養素,0.928763,4
葉酸,水分,0.925932,5
ベルギー,目黒,0.941964,1
ベルギー,オランダ,0.940168,2
ベルギー,西宮,0.926078,3
ベルギー,京都市,0.917481,4
ベルギー,中野,0.909734,5
西部,火,0.815457,1
西部,虎,0.795509,2
西部,矢鱈,0.766534,3
西部,恐竜,0.76079,4
西部,タイガー,0.757377,5
営利,アップデート,0.917982,1
営利,販売,0.914155,2
営利,ジョブ,0.908402,3
営利,経済的,0.905452,4
営利,リクルート,0.902813,5
連想,想像,0.883587,1
連想,直感,0.883066,2
連想,感じる,0.856957,3
連想,感覚,0.853938,4
連想,変化,0.834627,5
フリマ,メルカリ,0.808431,1
フリマ,クリック,0.747981,2
フリマ,アルバイト,0.707439,3
フリマ,スナップ,0.703327,4
フリマ,フリーター,0.685505,5
有用,役立つ,0.988421,1
有用,有益,0.955908,2
有用,成果,0.952508,3
有用,クオリティー,0.949036,4
有用,有効,0.947095,5
一読,帰り,0.93776,1
一読,写し,0.936505,2
一読,読み込む,0.93619,3
一読,持ち帰る,0.931944,4
一読,帰る,0.930417,5
ファイナンシャル,財務,0.958448,1
ファイナンシャル,基金,0.940334,2
ファイナンシャル,投資,0.937495,3
ファイナンシャル,金融,0.937083,4
ファイナンシャル,クレジットカード,0.930096,5
放課後,お出掛け,0.920286,1
放課後,ファン,0.914692,2
放課後,話し掛ける,0.905871,3
放課後,唱える,0.903493,4
放課後,年生,0.900576,5
ナトリウム,塩分,0.928808,1
ナトリウム,炭素,0.904061,2
ナトリウム,炭酸,0.891405,3
ナトリウム,カーボン,0.877846,4
ナトリウム,塩,0.873637,5
各号,条,0.983403,1
各号,即,0.976587,2
各号,段,0.972015,3
各号,欄,0.96647,4
各号,設ける,0.966138,5
治安,輸出,0.936741,1
治安,報道,0.926113,2
治安,取引先,0.923253,3
治安,業務用,0.92271,4
治安,選考,0.915793,5
不動,泊,0.934558,1
不動,固定,0.927148,2
不動,定休,0.924715,3
不動,干し,0.922266,4
不動,引退,0.917689,5
アイリス,はな,0.948603,1
アイリス,百合,0.945213,2
アイリス,葵,0.932785,3
アイリス,ラベンダー,0.929961,4
アイリス,さくら,0.929631,5
アナウンス,業者,0.942907,1
アナウンス,放送,0.938906,2
アナウンス,公表,0.936474,3
アナウンス,プロバイダー,0.935839,4
アナウンス,上映,0.934543,5
エントランス,メニュー,0.957956,1
エントランス,入り口,0.95791,2
エントランス,クラス,0.955148,3
エントランス,インデックス,0.95094,4
エントランス,会場,0.948457,5
旭川,仙台,0.980252,1
旭川,新潟,0.969513,2
旭川,長野,0.96616,3
旭川,札幌,0.964278,4
旭川,新潟県,0.96373,5
学級,中学,0.977746,1
学級,中学校,0.975008,2
学級,班,0.961842,3
学級,説明会,0.958977,4
学級,御店,0.954396,5
達人,優秀,0.949647,1
達人,一流,0.933496,2
達人,偉大,0.931829,3
達人,偉い,0.931498,4
達人,優れる,0.929406,5
諸国,集団,0.958572,1
諸国,世間,0.944737,2
諸国,国際,0.941876,3
諸国,社会的,0.932513,4
諸国,グループ,0.930564,5
山葵,栗,0.938647,1
山葵,種,0.938111,2
山葵,貝,0.914937,3
山葵,柿,0.90723,4
山葵,芝,0.906401,5
カープ,スレ,0.925214,1
カープ,コーデ,0.919562,2
カープ,アンド,0.916304,3
カープ,若布,0.916269,4
カープ,ハリ,0.914713,5
タトゥー,ファッション,0.783672,1
タトゥー,ネイル,0.748945,2
タトゥー,レジン,0.741564,3
タトゥー,整形,0.739073,4
タトゥー,香水,0.721917,5
オールド,古い,0.965449,1
オールド,旧,0.956023,2
オールド,古く,0.943303,3
オールド,以前,0.938972,4
オールド,昔,0.936078,5
モア,倍,0.943486,1
モア,最多,0.927594,2
モア,ビック,0.92599,3
モア,更に,0.914798,4
モア,格段,0.912565,5
提言,提出,0.977633,1
提言,出品,0.966318,2
提言,提案,0.962813,3
提言,出題,0.962279,4
提言,講座,0.955304,5
石垣島,琉球,0.826866,1
石垣島,離島,0.824529,2
石垣島,信州,0.80039,3
石垣島,聖地,0.793481,4
石垣島,那須,0.791266,5
色違い,ぼ,0.853596,1
色違い,うー,0.851571,2
色違い,有無,0.844262,3
色違い,サイド,0.843894,4
色違い,ぁ,0.843432,5
防,防止,0.947523,1
防,締める,0.940029,2
防,防ぐ,0.938594,3
防,立て,0.938583,4
防,署名,0.935894,5
駅伝,運動会,0.948804,1
駅伝,野球,0.92066,2
駅伝,競技,0.910919,3
駅伝,リリース,0.909469,4
駅伝,リーグ,0.906844,5
倫理,内科,0.90648,1
倫理,正義,0.899372,2
倫理,権利,0.890169,3
倫理,人権,0.889291,4
倫理,医療,0.880464,5
美脚,美肌,0.916128,1
美脚,格好,0.911565,2
美脚,光沢,0.907541,3
美脚,歯並び,0.900039,4
美脚,花束,0.892709,5
福岡市,名古屋,0.986769,1
福岡市,大阪府,0.986737,2
福岡市,福岡,0.985503,3
福岡市,名古屋市,0.982435,4
福岡市,神戸市,0.979762,5
意向,意図,0.974424,1
意向,思う,0.953164,2
意向,感じる,0.94453,3
意向,改める,0.942427,4
意向,実感,0.941356,5
テロ,戦争,0.911989,1
テロ,大戦,0.908928,2
テロ,アタック,0.89517,3
テロ,犯罪,0.882649,4
テロ,汚染,0.882216,5
サブスク,購読,0.9767,1
サブスク,推奨,0.950556,2
サブスク,アカウント,0.946683,3
サブスク,クレジット,0.934969,4
サブスク,給料,0.928927,5
オーケストラ,オペラ,0.93056,1
オーケストラ,ローマ,0.918171,2
オーケストラ,パリ,0.905043,3
オーケストラ,歌舞伎,0.893186,4
オーケストラ,文明,0.884783,5
最多,最大,0.966349,1
最多,倍,0.964746,2
最多,高,0.963543,3
最多,更なる,0.963464,4
最多,ハイ,0.962499,5
のぞく,求める,0.954988,1
のぞく,綴る,0.950205,2
のぞく,解す,0.949977,3
のぞく,きく,0.949798,4
のぞく,写し,0.946098,5
怠る,怠い,0.991041,1
怠る,ううん,0.940131,2
怠る,うう,0.937949,3
怠る,眠い,0.929673,4
怠る,見逃す,0.913812,5
物品,物件,0.992726,1
物品,品物,0.983064,2
物品,オブジェクト,0.972784,3
物品,オブジェ,0.965805,4
物品,アイテム,0.96293,5
目茶目茶,悪戯,0.888451,1
目茶目茶,突っ込み,0.860081,2
目茶目茶,目茶苦茶,0.784632,3
目茶目茶,狂う,0.774726,4
目茶目茶,弾ける,0.754374,5
洗い流す,推す,0.833923,1
洗い流す,流す,0.833189,2
洗い流す,出走,0.821266,3
洗い流す,脱,0.820605,4
洗い流す,割,0.811899,5
感激,感謝,0.986044,1
感激,褒める,0.965982,2
感激,愛顧,0.960893,3
感激,好き,0.960797,4
感激,重宝,0.96047,5
お姉さん,長女,0.961193,1
お姉さん,渡辺,0.954507,2
お姉さん,李,0.950212,3
お姉さん,きっと,0.950149,4
お姉さん,松田,0.950031,5
ジョギング,ランニング,0.984452,1
ジョギング,サイクリング,0.95638,2
ジョギング,水泳,0.954859,3
ジョギング,泳ぐ,0.935269,4
ジョギング,エクササイズ,0.929931,5
質疑,疑う,0.948885,1
質疑,疑問,0.910554,2
質疑,探す,0.902788,3
質疑,疑惑,0.855841,4
質疑,投げる,0.854828,5
プリンス,ロイヤル,0.953393,1
プリンス,錦,0.931673,2
プリンス,王子,0.931407,3
プリンス,レディー,0.92989,4
プリンス,宝,0.919222,5
ネコポス,郊外,0.840629,1
ネコポス,飾り,0.820451,2
ネコポス,sim,0.814054,3
ネコポス,リメーク,0.812045,4
ネコポス,カバー,0.807424,5
車庫,クローゼット,0.957376,1
車庫,ロッカー,0.941288,2
車庫,デスクトップ,0.93665,3
車庫,シンク,0.932343,4
車庫,フォルダー,0.930528,5
陽気,楽しい,0.949998,1
陽気,ハッピー,0.944976,2
陽気,サマー,0.923897,3
陽気,わくわく,0.914414,4
陽気,わく,0.905877,5
米軍,海軍,0.939574,1
米軍,軍,0.937207,2
米軍,艦,0.905966,3
米軍,大企業,0.899192,4
米軍,戦力,0.886189,5
すく,ち,0.96867,1
すく,斯く,0.960627,2
すく,つ,0.959547,3
すく,じゃ,0.956831,4
すく,ぃ,0.95606,5
メモリー,記憶,0.980671,1
メモリー,メモリ,0.96326,2
メモリー,自分自身,0.952338,3
メモリー,自己,0.950477,4
メモリー,私自身,0.943442,5
ぶ,ひ,0.991986,1
ぶ,め,0.990695,2
ぶ,げ,0.990479,3
ぶ,ぐ,0.988883,4
ぶ,い,0.986933,5
冬季,冬場,0.984941,1
冬季,冬,0.969758,2
冬季,秋冬,0.896383,3
冬季,夜,0.871881,4
冬季,降る,0.868252,5
ハードウェア,機材,0.950451,1
ハードウェア,机,0.949554,2
ハードウェア,設備,0.944982,3
ハードウェア,マシン,0.943369,4
ハードウェア,合同,0.935537,5
沼,泥,0.933567,1
沼,さび,0.928717,2
沼,黴,0.921153,3
沼,黒ずみ,0.882005,4
沼,腐る,0.865867,5
Mac,PC,0.960783,1
Mac,Windows,0.955556,2
Mac,ios,0.955335,3
Mac,コンピューター,0.949458,4
Mac,HP,0.940675,5
琵琶湖,富士山,0.925714,1
琵琶湖,川越,0.920788,2
琵琶湖,京都府,0.919853,3
琵琶湖,伊豆,0.911839,4
琵琶湖,紫陽花,0.910737,5
感度,体感,0.878865,1
感度,印象,0.867717,2
感度,実感,0.856202,3
感度,起こす,0.854595,4
感度,傾向,0.853776,5
ムラ,支障,0.959418,1
ムラ,裏地,0.915152,2
ムラ,厄介,0.905368,3
ムラ,詰まり,0.902012,4
ムラ,欠点,0.897714,5
任務,業務,0.971507,1
任務,職務,0.971454,2
任務,実施,0.969434,3
任務,処理,0.968144,4
任務,勤務,0.966998,5
争う,争い,0.946513,1
争う,対立,0.912269,2
争う,対抗,0.899924,3
争う,緊張,0.887789,4
争う,怒る,0.887066,5
刊行,プレゼンテーション,0.97261,1
刊行,課程,0.965974,2
刊行,週刊,0.965797,3
刊行,報告,0.963401,4
刊行,制定,0.962646,5
共生,協力,0.926049,1
共生,循環,0.923805,2
共生,調和,0.920997,3
共生,コミュニティー,0.912598,4
共生,昼間,0.911447,5
煽る,破る,0.937801,1
煽る,アタック,0.933833,2
煽る,攻撃,0.932397,3
煽る,騒動,0.92269,4
煽る,侵入,0.918983,5
盾,シールド,0.962934,1
盾,シーリング,0.929798,2
盾,土台,0.922843,3
盾,三脚,0.907776,4
盾,セラミック,0.907745,5
霧,ミスト,0.962851,1
霧,曇り,0.892542,2
霧,雪,0.861167,3
霧,夜,0.853416,4
霧,氷,0.847414,5
京橋,日本橋,0.957495,1
京橋,表参道,0.942226,2
京橋,吉祥寺,0.938825,3
京橋,高松,0.937302,4
京橋,立川,0.933785,5
オートバイ,ライダー,0.782352,1
オートバイ,機動,0.773313,2
オートバイ,ターボ,0.767277,3
オートバイ,ラケット,0.750624,4
オートバイ,ブレード,0.742039,5
捕まる,捕らわれる,0.955929,1
捕まる,妨げる,0.888756,2
捕まる,阻害,0.887226,3
捕まる,病,0.865981,4
捕まる,傷,0.864487,5
あら,ぞ,0.968917,1
あら,どん,0.963922,2
あら,さえ,0.960221,3
あら,ば,0.956151,4
あら,さら,0.953704,5
セルフケア,読書,0.956922,1
セルフケア,スキンケア,0.956537,2
セルフケア,マッサージ,0.953138,3
セルフケア,養生,0.949487,4
セルフケア,ヨーガ,0.947689,5
目的地,所在地,0.96066,1
目的地,要約,0.94702,2
目的地,ポジション,0.94551,3
目的地,具材,0.944862,4
目的地,ワード,0.944532,5
CO2,炭素,0.852907,1
CO2,カーボン,0.792181,2
CO2,排出,0.787632,3
CO2,負荷,0.782005,4
CO2,ナトリウム,0.773939,5
理事長,会長,0.981705,1
理事長,長官,0.980257,2
理事長,社長,0.979065,3
理事長,部長,0.971763,4
理事長,大臣,0.965869,5
無職,欠品,0.924755,1
無職,なくなる,0.921467,2
無職,薄毛,0.911369,3
無職,なくす,0.905457,4
無職,間違える,0.904241,5
ホテルルートイン,ヤクルト,0.942679,1
ホテルルートイン,ユニクロ,0.930869,2
ホテルルートイン,マイナビ,0.930667,3
ホテルルートイン,ショールーム,0.929115,4
ホテルルートイン,ホテル,0.927289,5
絵柄,絵,0.934103,1
絵柄,表紙,0.913377,2
絵柄,平屋,0.90531,3
絵柄,オブジェ,0.897037,4
絵柄,陶器,0.892857,5
一員,個,0.964148,1
一員,持つ,0.963985,2
一員,対象者,0.957842,3
一員,持参,0.957274,4
一員,自,0.95721,5
アルゴリズム,テクニカル,0.942869,1
アルゴリズム,API,0.940046,2
アルゴリズム,自動化,0.929742,3
アルゴリズム,コード,0.928337,4
アルゴリズム,データベース,0.914369,5
郷,郷土,0.958487,1
郷,伝統的,0.94924,2
郷,古里,0.946928,3
郷,荘,0.933379,4
郷,御節,0.932425,5
奥深い,深い,0.933102,1
奥深い,運命,0.84312,2
奥深い,永遠,0.793185,3
奥深い,深刻,0.785048,4
奥深い,雲丹,0.774176,5
インポート,輸入品,0.937691,1
インポート,輸出,0.909915,2
インポート,徴収,0.904944,3
インポート,中継,0.899947,4
インポート,改札,0.896434,5
酔い,目眩,0.946282,1
酔い,油断,0.944265,2
酔い,転倒,0.939518,3
酔い,倒れる,0.938816,4
酔い,不調,0.92898,5
小山,亀,0.93757,1
小山,村,0.91948,2
小山,小豆,0.919073,3
小山,ナット,0.917694,4
小山,村上,0.913356,5
悪戯,目茶目茶,0.888451,1
悪戯,勝手に,0.871321,2
悪戯,勝手,0.855656,3
悪戯,ねたばれ,0.818926,4
悪戯,突っ込み,0.812449,5
超音波,電子,0.854221,1
超音波,IT,0.844315,2
超音波,LED,0.841953,3
超音波,計算,0.836622,4
超音波,空調,0.833069,5
思い込み,偏る,0.904804,1
思い込み,ねた,0.888951,2
思い込み,侭,0.844951,3
思い込み,言い訳,0.840037,4
思い込み,呉れる,0.816893,5
プレーン,単に,0.932704,1
プレーン,ボトム,0.928078,2
プレーン,一面,0.927948,3
プレーン,箇所,0.922579,4
プレーン,停,0.921422,5
路面,都道府県,0.964207,1
路面,壁面,0.949177,2
路面,外壁,0.946729,3
路面,廊下,0.946091,4
路面,km,0.945719,5
心強い,頼り,0.963383,1
心強い,母さん,0.952194,2
心強い,母,0.951579,3
心強い,お母さん,0.949206,4
心強い,親,0.948619,5
被せる,寄せる,0.97998,1
被せる,注,0.972647,2
被せる,なおす,0.969822,3
被せる,置き,0.968411,4
被せる,もと,0.967806,5
文化財,天皇,0.902847,1
文化財,古典,0.892951,2
文化財,クラシック,0.882751,3
文化財,フォーマル,0.875599,4
文化財,寺院,0.871237,5
ススメ,トレー,0.966796,1
ススメ,帳,0.949491,2
ススメ,名入れ,0.948052,3
ススメ,錠,0.947973,4
ススメ,器,0.945045,5
転ぶ,倒れる,0.990913,1
転ぶ,転倒,0.98949,2
転ぶ,壊れる,0.950985,3
転ぶ,割れる,0.949738,4
転ぶ,傷付く,0.948564,5
名曲,名物,0.891307,1
名曲,受賞,0.885608,2
名曲,名作,0.883488,3
名曲,ジブリ,0.880931,4
名曲,ディズニー,0.87343,5
立案,オペレーター,0.944884,1
立案,手続き,0.940234,2
立案,算定,0.939915,3
立案,選考,0.939876,4
立案,検査,0.93835,5
遮光,閉める,0.919715,1
遮光,シンク,0.906333,2
遮光,ストップ,0.900311,3
遮光,金額,0.900122,4
遮光,蓋,0.896958,5
後者,幾,0.91716,1
後者,何十,0.912603,2
後者,以降,0.911106,3
後者,越し,0.906582,4
後者,ザ,0.902438,5
アルファベット,一覧,0.944602,1
アルファベット,本数,0.943975,2
アルファベット,路,0.940986,3
アルファベット,地点,0.934743,4
アルファベット,一覧表,0.934325,5
ベイト,侭,0.86496,1
ベイト,注入,0.86006,2
ベイト,ルアー,0.841637,3
ベイト,嘘,0.831469,4
ベイト,ねた,0.831419,5
偉大,偉い,0.964525,1
偉大,達人,0.931829,2
偉大,絶大,0.922472,3
偉大,レジェンド,0.90803,4
偉大,優秀,0.900872,5
翌月,翌年,0.985025,1
翌月,来月,0.98462,2
翌月,来週,0.968897,3
翌月,明日,0.966417,4
翌月,毎月,0.965074,5
鱗,骨,0.900039,1
鱗,骨格,0.875479,2
鱗,岩,0.870838,3
鱗,角,0.864735,4
鱗,石,0.860897,5
機内,コピー,0.864795,1
機内,車内,0.855731,2
機内,券,0.848324,3
機内,配当,0.847403,4
機内,パラメーター,0.841355,5
歴史的,古代,0.980333,1
歴史的,江戸,0.92185,2
歴史的,歴史,0.921726,3
歴史的,史上,0.919239,4
歴史的,伝統,0.892657,5
イラン,朝鮮,0.87997,1
イラン,ロシア,0.840288,2
イラン,原発,0.807425,3
イラン,ウクライナ,0.789123,4
イラン,ミャンマー,0.765106,5
購買,購入,0.986518,1
購買,買い,0.984081,2
購買,買い付け,0.972384,3
購買,買う,0.967033,4
購買,お買い上げ,0.963003,5
ソーダ,コーラ,0.956632,1
ソーダ,ビール,0.897306,2
ソーダ,スナック,0.87586,3
ソーダ,マヨネーズ,0.867674,4
ソーダ,ドーナツ,0.850087,5
ハリウッド,芸能界,0.9338,1
ハリウッド,六本木,0.933546,2
ハリウッド,コンサート,0.921982,3
ハリウッド,ショー,0.920525,4
ハリウッド,芸能,0.918273,5
名店,プレミア,0.88088,1
名店,一流,0.875603,2
名店,ルイヴィトン,0.872163,3
名店,プライム,0.870475,4
名店,銀座,0.866558,5
ジャン,意,0.985287,1
ジャン,アン,0.985104,2
ジャン,ル,0.984228,3
ジャン,価,0.982169,4
ジャン,基づく,0.981519,5
甘える,緩む,0.937429,1
甘える,ひく,0.898295,2
甘える,緩い,0.898096,3
甘える,緩める,0.885672,4
甘える,何気,0.885593,5
緊急事態宣言,警報,0.828053,1
緊急事態宣言,高圧,0.788876,2
緊急事態宣言,速報,0.767494,3
緊急事態宣言,ウォーズ,0.760261,4
緊急事態宣言,戦闘,0.751237,5
ドキュメンタリー,レクチャー,0.931704,1
ドキュメンタリー,講演,0.926096,2
ドキュメンタリー,論文,0.924825,3
ドキュメンタリー,講座,0.910843,4
ドキュメンタリー,プロフェッショナル,0.909842,5
助手,アシスタント,0.988599,1
助手,アシスト,0.979319,2
助手,ヘルパー,0.951435,3
助手,推薦,0.936538,4
助手,カウンセラー,0.934897,5
早く,掴む,0.912204,1
早く,開ける,0.900572,2
早く,移動,0.898816,3
早く,追い付く,0.894152,4
早く,開く,0.889903,5
増税,値上げ,0.895267,1
増税,手数料,0.894762,2
増税,関税,0.885214,3
増税,税金,0.865307,4
増税,監視,0.863044,5
知,意義,0.972958,1
知,存知,0.966445,2
知,理,0.964319,3
知,質,0.960152,4
知,考慮,0.960144,5
小田急,電鉄,0.932814,1
小田急,出版,0.931714,2
小田急,阪急,0.931432,3
小田急,店舗,0.929645,4
小田急,東武,0.928264,5
郊外,ユニホーム,0.92468,1
郊外,片,0.899707,2
郊外,カーペット,0.896808,3
郊外,客室,0.896319,4
郊外,宅地,0.895622,5
引き上げる,捉える,0.963354,1
引き上げる,上げる,0.953755,2
引き上げる,牽引,0.946662,3
引き上げる,向かう,0.937299,4
引き上げる,追い付く,0.931405,5
差し込む,叶える,0.949145,1
差し込む,浸る,0.947032,2
差し込む,仰る,0.946611,3
差し込む,引く,0.946109,4
差し込む,向く,0.939895,5
透ける,泡,0.913303,1
透ける,羽根,0.879486,2
透ける,間に合う,0.854362,3
透ける,ばら,0.844592,4
透ける,滴,0.842401,5
最安値,安値,0.96805,1
最安値,低価格,0.941572,2
最安値,格安,0.935395,3
最安値,激安,0.924855,4
最安値,安い,0.918461,5
GP,LV,0.976898,1
GP,OL,0.975023,2
GP,ES,0.972481,3
GP,MT,0.968636,4
GP,ST,0.967862,5
愛着,家族,0.957313,1
愛着,絆,0.956916,2
愛着,愛,0.954261,3
愛着,友情,0.948279,4
愛着,恋人,0.943742,5
しっくり,済む,0.974896,1
しっくり,満たす,0.96444,2
しっくり,品,0.961011,3
しっくり,合う,0.957686,4
しっくり,順,0.955953,5
はな,さくら,0.981451,1
はな,ローズ,0.949054,2
はな,アイリス,0.948603,3
はな,はる,0.94777,4
はな,りん,0.947249,5
断つ,断,0.9472,1
断つ,無くす,0.920119,2
断つ,なくす,0.918472,3
断つ,捨離,0.915463,4
断つ,割れ,0.911761,5
冷房,空調,0.968475,1
冷房,クーラー,0.954326,2
冷房,エアコン,0.952716,3
冷房,冷蔵庫,0.921293,4
冷房,ナビ,0.920483,5
栄,優,0.986009,1
栄,豊,0.980597,2
栄,尤も,0.973928,3
栄,賞,0.971773,4
栄,かなう,0.968572,5
万一,万が一,0.976925,1
万一,躊躇,0.870881,2
万一,被る,0.868835,3
万一,傾く,0.868771,4
万一,疑問,0.868674,5
徳川,王国,0.905151,1
徳川,頂戴,0.898769,2
徳川,慶応,0.896382,3
徳川,江戸,0.88988,4
徳川,歴史的,0.883201,5
パステル,ラベンダー,0.873635,1
パステル,柔らか,0.873434,2
パステル,ふわ,0.873285,3
パステル,淡い,0.870932,4
パステル,ゆうゆう,0.865231,5
貫く,雄,0.958768,1
貫く,勢,0.947321,2
貫く,筋,0.934255,3
貫く,上流,0.923283,4
貫く,上り,0.914813,5
言わば,宛て,0.964117,1
言わば,曰く,0.956996,2
言わば,録,0.955658,3
言わば,所,0.95513,4
言わば,別名,0.95493,5
サボる,嘘,0.935186,1
サボる,誤,0.92417,2
サボる,無断,0.923455,3
サボる,ばか,0.920077,4
サボる,馬鹿,0.917091,5
販売中,リリース,0.971377,1
販売中,発売,0.968359,2
販売中,売り,0.960734,3
販売中,開店,0.954347,4
販売中,販売,0.951544,5
買い替え,買い換える,0.969203,1
買い替え,購入,0.955927,2
買い替え,買い,0.948765,3
買い替え,購買,0.947421,4
買い替え,消費,0.94668,5
山梨県,山梨,0.989557,1
山梨県,山形県,0.975404,2
山梨県,島根,0.973121,3
山梨県,福井,0.972436,4
山梨県,滋賀県,0.970893,5
定評,定番,0.971493,1
定評,認定,0.958346,2
定評,確立,0.949289,3
定評,合格,0.944356,4
定評,完備,0.940684,5
足裏,足元,0.975036,1
足裏,片手,0.966211,2
足裏,足首,0.961876,3
足裏,左手,0.961012,4
足裏,耳,0.949714,5
凝縮,芯,0.864871,1
凝縮,ミリ,0.863593,2
凝縮,限定,0.860469,3
凝縮,セル,0.855022,4
凝縮,シード,0.852057,5
任天堂,ヤマハ,0.964577,1
任天堂,アディダス,0.949912,2
任天堂,ソニー,0.947222,3
任天堂,ホンダ,0.94093,4
任天堂,ナイキ,0.935978,5
かわる,っこ,0.936369,1
かわる,さく,0.935734,2
かわる,あける,0.934551,3
かわる,め,0.9308,4
かわる,さす,0.929826,5
年上,父,0.970629,1
年上,長男,0.968437,2
年上,先輩,0.967517,3
年上,親父,0.962956,4
年上,夫,0.958947,5
戦術,トレーダー,0.883852,1
戦術,為替,0.866652,2
戦術,トレード,0.860208,3
戦術,捜査,0.855405,4
戦術,作戦,0.853931,5
仕込む,纏め,0.799435,1
仕込む,見合い,0.788123,2
仕込む,巻き,0.786286,3
仕込む,剤,0.785614,4
仕込む,占い師,0.78396,5
お買い得,値引き,0.903291,1
お買い得,手頃,0.89856,2
お買い得,低価格,0.888546,3
お買い得,格安,0.876749,4
お買い得,リーズナブル,0.866544,5
中期,ミディアム,0.969696,1
中期,IH,0.969303,2
中期,W,0.968631,3
中期,H,0.967278,4
中期,ES,0.962908,5
議長,委員長,0.973638,1
議長,大臣,0.949672,2
議長,校長,0.947819,3
議長,院長,0.939041,4
議長,長官,0.937236,5
レクリエーション,レジャー,0.981299,1
レクリエーション,週末,0.925701,2
レクリエーション,誕生日,0.920845,3
レクリエーション,バースデー,0.91816,4
レクリエーション,趣味,0.912682,5
後遺,亡くなる,0.941348,1
後遺,凝り,0.933296,2
後遺,ロス,0.921679,3
後遺,引き籠もり,0.921384,4
後遺,枯れる,0.908935,5
天然石,檜,0.944746,1
天然石,ウッド,0.943712,2
天然石,オーク,0.939266,3
天然石,真鍮,0.935189,4
天然石,木,0.932478,5
事案,案件,0.972247,1
事案,見直し,0.947033,2
事案,会社員,0.936224,3
事案,改正,0.934664,4
事案,披露,0.923992,5
ブラン,枚,0.981625,1
ブラン,ル,0.981067,2
ブラン,幾,0.980776,3
ブラン,其方,0.979047,4
ブラン,アレ,0.978647,5
南口,西口,0.969838,1
南口,北口,0.965811,2
南口,東口,0.949292,3
南口,発足,0.917515,4
南口,出口,0.912003,5
攻撃力,攻める,0.916386,1
攻撃力,パンチ,0.91367,2
攻撃力,襲う,0.899214,3
攻撃力,打撃,0.89895,4
攻撃力,突き込む,0.876423,5
種子,ハーブ,0.927582,1
種子,苗,0.917676,2
種子,卵,0.907672,3
種子,芽,0.897494,4
種子,豆,0.894585,5
ルーチン,保持,0.951495,1
ルーチン,維持,0.950073,2
ルーチン,着実,0.940239,3
ルーチン,存知,0.936841,4
ルーチン,実物,0.932334,5
ES,ST,0.99376,1
ES,SE,0.993727,2
ES,RE,0.993195,3
ES,SP,0.992193,4
ES,V,0.99137,5
お笑い,コメディー,0.967362,1
お笑い,ポップ,0.856432,2
お笑い,芸人,0.847272,3
お笑い,バラエティー,0.83521,4
お笑い,エンタメ,0.812963,5
フットサル,バドミントン,0.812172,1
フットサル,バレーボール,0.800648,2
フットサル,バスケットボール,0.768893,3
フットサル,ラグビー,0.750698,4
フットサル,卓球,0.71642,5
ヤクルト,ホテルルートイン,0.942679,1
ヤクルト,サントリー,0.94242,2
ヤクルト,日産,0.935646,3
ヤクルト,マイナビ,0.934655,4
ヤクルト,セブン,0.932012,5
節目,番組,0.980648,1
節目,駅前,0.958462,2
節目,市内,0.95747,3
節目,上映,0.956507,4
節目,放送,0.950598,5
自衛隊,本番,0.930286,1
自衛隊,業務用,0.924723,2
自衛隊,日立,0.919693,3
自衛隊,部隊,0.917684,4
自衛隊,管理者,0.917282,5
ファクタリング,内閣,0.759334,1
ファクタリング,特約,0.758839,2
ファクタリング,メカニズム,0.754443,3
ファクタリング,工場,0.75311,4
ファクタリング,ファクトリー,0.752646,5
主題歌,akb,0.913816,1
主題歌,ディズニー,0.905718,2
主題歌,プラス,0.905518,3
主題歌,プリキュア,0.903979,4
主題歌,セブン,0.897188,5
ミニチュア,ビーズ,0.798059,1
ミニチュア,フィギュア,0.794401,2
ミニチュア,ドール,0.724309,3
ミニチュア,細かい,0.705694,4
ミニチュア,ドット,0.703017,5
未知,謎,0.854875,1
未知,奇妙,0.80731,2
未知,不思議,0.797716,3
未知,不明,0.779847,4
未知,不可能,0.727737,5
あしらう,挟む,0.92102,1
あしらう,割,0.891596,2
あしらう,扠,0.889267,3
あしらう,パーカ,0.877553,4
あしらう,つかる,0.861056,5
死者,死,0.957877,1
死者,デッド,0.954824,2
死者,麻痺,0.92059,3
死者,さび,0.909457,4
死者,死亡,0.905315,5
辛口,叱る,0.82979,1
辛口,断然,0.793997,2
辛口,厳しい,0.792478,3
辛口,拒否,0.791227,4
辛口,寒い,0.782689,5
セントラル,中央,0.993979,1
セントラル,センター,0.984313,2
セントラル,中心,0.971302,3
セントラル,同社,0.969697,4
セントラル,網羅,0.959593,5
嫉妬,苛々,0.896839,1
嫉妬,怒る,0.884083,2
嫉妬,痛む,0.882055,3
嫉妬,痛い,0.878187,4
嫉妬,苛め,0.877718,5
ハワイアン,ハワイ,0.930748,1
ハワイアン,サマー,0.896155,2
ハワイアン,バリ,0.879139,3
ハワイアン,カリフォルニア,0.877641,4
ハワイアン,彩,0.874688,5
ストロベリー,チェリー,0.964549,1
ストロベリー,ベリー,0.936291,2
ストロベリー,メロン,0.91696,3
ストロベリー,ブルーベリー,0.916337,4
ストロベリー,チューリップ,0.910749,5
ボトム,底,0.97877,1
ボトム,側面,0.952666,2
ボトム,一面,0.951599,3
ボトム,停,0.949619,4
ボトム,左,0.947659,5
分量,サンプル,0.951205,1
分量,箇所,0.948904,2
分量,一層,0.945179,3
分量,名義,0.945099,4
分量,付属,0.938153,5
殴る,傷付ける,0.967793,1
殴る,殺す,0.959125,2
殴る,暴力,0.947968,3
殴る,裏切る,0.932705,4
殴る,敵,0.930006,5
廃棄物,ごみ,0.986628,1
廃棄物,ゴミ,0.963524,2
廃棄物,廃棄,0.907852,3
廃棄物,汚れ,0.900665,4
廃棄物,面倒臭い,0.879753,5
洗濯物,袋,0.889603,1
洗濯物,持ち物,0.887025,2
洗濯物,荷物,0.880903,3
洗濯物,検温,0.876468,4
洗濯物,パンツ,0.876147,5
見舞い,連れ,0.973857,1
見舞い,贈る,0.964019,2
見舞い,寄り,0.938234,3
見舞い,相談,0.936716,4
見舞い,携わる,0.935753,5
通算,定める,0.962691,1
通算,確定,0.961965,2
通算,評価,0.959119,3
通算,所定,0.958825,4
通算,目的,0.952702,5
定休日,天井,0.917146,1
定休日,定員,0.911745,2
定休日,外壁,0.910291,3
定休日,廊下,0.910188,4
定休日,フォーマット,0.908932,5
QR,数字,0.953154,1
QR,トークン,0.935414,2
QR,アイコン,0.935341,3
QR,URL,0.929435,4
QR,パラメーター,0.915439,5
書道,バイオリン,0.893998,1
書道,詩,0.860771,2
書道,妙,0.836918,3
書道,精進,0.83424,4
書道,匠,0.830012,5
制覇,パワー,0.895692,1
制覇,権力,0.870824,2
制覇,威力,0.859319,3
制覇,強,0.830794,4
制覇,大幅,0.825592,5
アン,リア,0.991439,1
アン,ジャン,0.985104,2
アン,せい,0.984834,3
アン,シン,0.983653,4
アン,ル,0.983205,5
東証,カンパニー,0.966287,1
東証,株式会社,0.955757,2
東証,プレス,0.952681,3
東証,首都圏,0.950943,4
東証,取引所,0.950489,5
IH,RE,0.993045,1
IH,W,0.992119,2
IH,H,0.99191,3
IH,V,0.991897,4
IH,g,0.990703,5
添加物,輸入品,0.900671,1
添加物,補助金,0.879578,2
添加物,トークン,0.87755,3
添加物,チケット,0.877411,4
添加物,パケット,0.876469,5
道中,一日,0.946511,1
道中,沿う,0.94101,2
道中,脈,0.939457,3
道中,訪ねる,0.937136,4
道中,分泌,0.936436,5
UI,プロダクト,0.962963,1
UI,製品,0.958789,2
UI,プロフィール,0.933992,3
UI,仕上げ,0.92831,4
UI,商品,0.923916,5
躊躇,遣る気,0.934776,1
躊躇,弱る,0.922066,2
躊躇,うっかり,0.921204,3
躊躇,冷え性,0.919048,4
躊躇,戸惑う,0.915049,5
日払い,服用,0.934116,1
日払い,返却,0.928747,2
日払い,持ち運び,0.924666,3
日払い,返金,0.924111,4
日払い,小遣い,0.92392,5
右下,ロー,0.950719,1
右下,すむ,0.945326,2
右下,下部,0.939525,3
右下,一面,0.930703,4
右下,無印,0.928464,5
防音,タイヤ,0.91488,1
防音,バックアップ,0.906853,2
防音,防犯,0.902895,3
防音,防水,0.902606,4
防音,滑り止め,0.901145,5
圭,マチ,0.979162,1
圭,タレ,0.975506,2
圭,猶,0.97491,3
圭,モン,0.973171,4
圭,アレ,0.970385,5
浸かる,浸る,0.963204,1
浸かる,経る,0.956408,2
浸かる,浸ける,0.951014,3
浸かる,飽くまで,0.95049,4
浸かる,仰る,0.949168,5
作物,小麦,0.966128,1
作物,大豆,0.954513,2
作物,米,0.94765,3
作物,水,0.93562,4
作物,ジャガ芋,0.934549,5
安田,斎藤,0.970762,1
安田,吉田,0.968343,2
安田,石田,0.962754,3
安田,石井,0.961946,4
安田,伊藤,0.960192,5
守護,守る,0.962978,1
守護,保護,0.954134,2
守護,指導,0.950212,3
守護,尽くす,0.949699,4
守護,親父,0.946819,5
集結,集団,0.966877,1
集結,一斉,0.961354,2
集結,大勢,0.95963,3
集結,群,0.956485,4
集結,グループ,0.953856,5
IPO,M&A,0.898354,1
IPO,トレード,0.89513,2
IPO,取引所,0.889333,3
IPO,証券,0.887407,4
IPO,株式,0.886911,5
スリー,三,0.98026,1
スリー,系,0.975258,2
スリー,段,0.970289,3
スリー,ブラ,0.968943,4
スリー,条,0.968144,5
北側,北部,0.983567,1
北側,北,0.963448,2
北側,ノース,0.945848,3
北側,南,0.925206,4
北側,月,0.908193,5
柔軟性,柔軟,0.917418,1
柔軟性,自由,0.887729,2
柔軟性,希望,0.862116,3
柔軟性,活,0.86171,4
柔軟性,学会,0.86008,5
映画館,モール,0.947032,1
映画館,百貨店,0.946479,2
映画館,スーパー,0.938002,3
映画館,デパート,0.931028,4
映画館,スタバ,0.930641,5
海軍,軍,0.956625,1
海軍,艦,0.95473,2
海軍,戦力,0.951262,3
海軍,米軍,0.939574,4
海軍,部隊,0.913786,5
ヘルスケア,医療,0.974115,1
ヘルスケア,人材,0.946095,2
ヘルスケア,進学,0.937333,3
ヘルスケア,ヘルス,0.934603,4
ヘルスケア,治療,0.931748,5
蓮,菊,0.971919,1
蓮,葵,0.962489,2
蓮,百合,0.9543,3
蓮,梅,0.954274,4
蓮,花,0.940086,5
食塩,塩,0.955702,1
食塩,ハム,0.928631,2
食塩,醤油,0.912088,3
食塩,調味料,0.906136,4
食塩,糖,0.892697,5
シャンパン,エルメス,0.817074,1
シャンパン,ジュエリー,0.797861,2
シャンパン,香水,0.788205,3
シャンパン,カクテル,0.781635,4
シャンパン,ワイン,0.773893,5
かご,鉢,0.963329,1
かご,皿,0.955798,2
かご,カップ,0.951508,3
かご,スプーン,0.947533,4
かご,袋,0.947323,5
ボクシング,ラグビー,0.894709,1
ボクシング,高速,0.818726,2
ボクシング,格闘,0.809078,3
ボクシング,アクション,0.808402,4
ボクシング,レース,0.787259,5
年長,長年,0.959797,1
年長,先祖,0.948515,2
年長,シニア,0.943558,3
年長,相変わらず,0.92296,4
年長,伝統的,0.921978,5
砂漠,猛暑,0.778602,1
砂漠,恐竜,0.713219,2
砂漠,蛇,0.706135,3
砂漠,野,0.693618,4
砂漠,デザート,0.689017,5
量産,東証,0.949523,1
量産,プロジェクト,0.937203,2
量産,商社,0.935173,3
量産,株式会社,0.93415,4
量産,生産,0.933743,5
甲斐,大和,0.969309,1
甲斐,大久保,0.948013,2
甲斐,高田,0.944967,3
甲斐,八幡,0.938971,4
甲斐,経,0.932936,5
車中,車内,0.956018,1
車中,月額,0.941524,2
車中,グッズ,0.927479,3
車中,車種,0.923422,4
車中,リース,0.923101,5
安易,弱い,0.850816,1
安易,弱,0.841474,2
安易,何気,0.838002,3
安易,えっ,0.821156,4
安易,ばれる,0.820326,5
滑り,剥がれる,0.953169,1
滑り,割れる,0.953023,2
滑り,漏れる,0.95101,3
滑り,落ちる,0.945428,4
滑り,ずれる,0.943474,5
岩手県,青森県,0.989281,1
岩手県,岩手,0.987478,2
岩手県,青森,0.982383,3
岩手県,秋田,0.981364,4
岩手県,北陸,0.973065,5
連発,燃やす,0.847005,1
連発,爆,0.840389,2
連発,殺到,0.833622,3
連発,ブリーチ,0.829819,4
連発,打撃,0.824087,5
潜む,裏側,0.916699,1
潜む,隠れる,0.910246,2
潜む,裏面,0.90732,3
潜む,裏,0.898357,4
潜む,密か,0.890777,5
トップページ,センター,0.952311,1
トップページ,ステーション,0.948927,2
トップページ,本線,0.944816,3
トップページ,セントラル,0.943066,4
トップページ,展示,0.938823,5
温水,湯,0.954989,1
温水,ティー,0.954801,2
温水,毛布,0.954567,3
温水,御飯,0.949036,4
温水,スープ,0.946899,5
隠れ家,密か,0.874199,1
隠れ家,単独,0.851882,2
隠れ家,隠れる,0.834148,3
隠れ家,穴場,0.831462,4
隠れ家,秘める,0.820321,5
放射線,放射,0.890032,1
放射線,コロナウイルス,0.865738,2
放射線,高圧,0.863737,3
放射線,がん,0.859924,4
放射線,癌,0.851714,5
手厚い,富む,0.929735,1
手厚い,保護者,0.925367,2
手厚い,誇り,0.92428,3
手厚い,大切,0.921209,4
手厚い,親父,0.918098,5
子犬,子猫,0.991536,1
子犬,子供,0.937665,2
子犬,キッズ,0.927987,3
子犬,幼児,0.925004,4
子犬,幼い,0.923147,5
内訳,明細,0.979397,1
内訳,設定,0.967814,2
内訳,代金,0.964514,3
内訳,組み込む,0.961473,4
内訳,準備,0.961466,5
大字,万,0.920959,1
大字,長,0.919421,2
大字,集約,0.918452,3
大字,全巻,0.918068,4
大字,九,0.917909,5
asp,IC,0.949149,1
asp,NTT,0.936786,2
asp,NET,0.936197,3
asp,ETC,0.9357,4
asp,IP,0.933209,5
大物,グランド,0.940422,1
大物,大きな,0.939802,2
大物,大,0.937511,3
大物,大型,0.929672,4
大物,高い,0.92651,5
仕事内容,職務,0.973912,1
仕事内容,任務,0.961062,2
仕事内容,業務,0.957164,3
仕事内容,勤務,0.952548,4
仕事内容,課程,0.947828,5
部材,部品,0.976768,1
部材,容器,0.961235,2
部材,図面,0.96099,3
部材,番号,0.958295,4
部材,HTML,0.958054,5
窯,焜炉,0.844754,1
窯,ストーブ,0.8354,2
窯,鉄板,0.818752,3
窯,倍率,0.776543,4
窯,タンク,0.767621,5
食らう,食う,0.993177,1
食らう,食べる,0.979658,2
食らう,握る,0.963533,3
食らう,飲む,0.955929,4
食らう,ハンド,0.945496,5
デパート,百貨店,0.993378,1
デパート,スタジアム,0.965755,2
デパート,東急,0.956425,3
デパート,城,0.951648,4
デパート,スーパー,0.948601,5
繰り広げる,巡る,0.931837,1
繰り広げる,引き続く,0.93156,2
繰り広げる,この先,0.927608,3
繰り広げる,都度,0.926785,4
繰り広げる,後半,0.924786,5
医科,医学,0.984091,1
医科,医,0.983112,2
医科,医師,0.961663,3
医科,医療,0.957996,4
医科,医学部,0.957509,5
宅地,床,0.960058,1
宅地,ベッド,0.953628,2
宅地,置き物,0.951317,3
宅地,収納,0.947257,4
宅地,ユニホーム,0.945392,5
度合い,範囲,0.922748,1
度合い,バスト,0.922432,2
度合い,要因,0.91909,3
度合い,区別,0.919037,4
度合い,度,0.917137,5
唱える,歌う,0.954806,1
唱える,話す,0.944636,2
唱える,語る,0.942591,3
唱える,お出掛け,0.940425,4
唱える,講じる,0.936474,5
都営,東武,0.970952,1
都営,近鉄,0.967253,2
都営,ステーション,0.948608,3
都営,市営,0.943858,4
都営,放映,0.940772,5
くるくる,かわる,0.917773,1
くるくる,あける,0.895991,2
くるくる,つれる,0.88947,3
くるくる,随分,0.885945,4
くるくる,ばかり,0.875913,5
地名,ロケーション,0.962362,1
地名,場所,0.961706,2
地名,地点,0.957183,3
地名,地域,0.945482,4
地名,地区,0.938465,5
ショートカット,時短,0.897001,1
ショートカット,インスタント,0.869921,2
ショートカット,ワンタッチ,0.839423,3
ショートカット,値引き,0.834667,4
ショートカット,タップ,0.822046,5
ワーカー,検知,0.941651,1
ワーカー,牽引,0.931505,2
ワーカー,調べる,0.929241,3
ワーカー,検出,0.927172,4
ワーカー,調査,0.926945,5
管理職,管理者,0.990269,1
管理職,経営者,0.978562,2
管理職,管理人,0.970982,3
管理職,マネージャー,0.969953,4
管理職,主任,0.956866,5
起毛,焦る,0.920078,1
起毛,騒ぐ,0.902386,2
起毛,弄る,0.881704,3
起毛,吐く,0.876073,4
起毛,煩い,0.875142,5
当局,市長,0.932787,1
当局,合併,0.927824,2
当局,総理,0.925415,3
当局,大臣,0.923517,4
当局,内閣,0.917577,5
ジョー,キム,0.972053,1
ジョー,マイケル,0.962903,2
ジョー,m,0.95699,3
ジョー,ジャック,0.956157,4
ジョー,JA,0.955539,5
首都圏,カンパニー,0.972113,1
首都圏,シティー,0.961659,2
首都圏,大会,0.957106,3
首都圏,プレス,0.955045,4
首都圏,都市,0.952087,5
ぴかぴか,わく,0.89621,1
ぴかぴか,にこにこ,0.895753,2
ぴかぴか,☆彡,0.894927,3
ぴかぴか,彩,0.888496,4
ぴかぴか,祝い,0.887165,5
爽快,わくわく,0.897853,1
爽快,楽しみ,0.890303,2
爽快,楽しい,0.881449,3
爽快,陽気,0.867189,4
爽快,趣味,0.864592,5
つ折り,畳む,0.944525,1
つ折り,繰る,0.918408,2
つ折り,スライス,0.916586,3
つ折り,折,0.909086,4
つ折り,糸,0.904894,5
パレード,展示会,0.916104,1
パレード,ショー,0.913249,2
パレード,公演,0.902905,3
パレード,展,0.898483,4
パレード,演出,0.897046,5
コスモス,銀河,0.915842,1
コスモス,星,0.862464,2
コスモス,壮大,0.850399,3
コスモス,無限,0.843666,4
コスモス,スカイ,0.832707,5
科学的,科学,0.956645,1
科学的,サイエンス,0.955576,2
科学的,理科,0.940003,3
科学的,学術,0.918585,4
科学的,プロフェッショナル,0.914241,5
いやいや,いや,0.914003,1
いやいや,苦笑,0.909329,2
いやいや,飽きる,0.892454,3
いやいや,遅れる,0.888307,4
いやいや,がっかり,0.886229,5
根本的,山田,0.957797,1
根本的,山崎,0.957336,2
根本的,根本,0.954703,3
根本的,山本,0.947,4
根本的,安田,0.940877,5
電鉄,電車,0.986979,1
電鉄,鉄道,0.973325,2
電鉄,メトロ,0.965288,3
電鉄,列車,0.957274,4
電鉄,スーパー,0.954845,5
再婚,付き合い,0.892755,1
再婚,育毛,0.877762,2
再婚,婚活,0.869308,3
再婚,付き合う,0.86618,4
再婚,成婚,0.865223,5
温か,温まる,0.977549,1
温か,温もり,0.973243,2
温か,温かい,0.964674,3
温か,暖かい,0.955354,4
温か,温,0.954651,5
行使,為る,0.971299,1
行使,遂げる,0.960951,2
行使,行う,0.958906,3
行使,取り組む,0.954453,4
行使,進行,0.954295,5
戦隊,エクスプレス,0.852887,1
戦隊,ヒット,0.851988,2
戦隊,駅伝,0.839177,3
戦隊,特急,0.835836,4
戦隊,ジャニーズ,0.834275,5
役目,委員,0.975624,1
役目,職員,0.969938,2
役目,披露,0.965205,3
役目,報告,0.958681,4
役目,校,0.956339,5
煮物,スープ,0.931308,1
煮物,御飯,0.927257,2
煮物,味噌汁,0.923767,3
煮物,そば,0.922322,4
煮物,朝御飯,0.920391,5
大久保,石田,0.96821,1
大久保,大和,0.954598,2
大久保,甲斐,0.948013,3
大久保,八幡,0.941721,4
大久保,王,0.940979,5
ステッチ,仕付け,0.904326,1
ステッチ,準備,0.901836,2
ステッチ,磨き,0.899855,3
ステッチ,縫う,0.898904,4
ステッチ,器,0.897524,5
産休,退職,0.923692,1
産休,泊まる,0.91617,2
産休,滞在,0.906978,3
産休,就寝,0.897144,4
産休,退院,0.895051,5
足る,足りる,0.989335,1
足る,目安,0.961823,2
足る,支給,0.961719,3
足る,十分,0.960446,4
足る,記載,0.960171,5
儀式,セレモニー,0.940104,1
儀式,教会,0.909154,2
儀式,成人式,0.880021,3
儀式,道場,0.877853,4
儀式,商工,0.870028,5
翌朝,翌日,0.977001,1
翌朝,需要,0.953832,2
翌朝,鼻,0.946616,3
翌朝,経つ,0.946404,4
翌朝,半年,0.944375,5
百合,蓮,0.9543,1
百合,アイリス,0.945213,2
百合,ローズ,0.940559,3
百合,葵,0.939914,4
百合,椿,0.937171,5
盛り上がり,盛り上がる,0.985763,1
盛り上がり,流行る,0.93536,2
盛り上がり,フェスティバル,0.928114,3
盛り上がり,賑やか,0.923506,4
盛り上がり,大人気,0.915744,5
覆刻,特約,0.89176,1
覆刻,免許,0.870503,2
覆刻,オペレーター,0.852318,3
覆刻,ライセンス,0.843878,4
覆刻,券,0.83892,5
銀河,宇宙,0.94272,1
銀河,コスモス,0.915842,2
銀河,星,0.849826,3
銀河,鯨,0.842898,4
銀河,惑星,0.841838,5
ユナイテッド,住友,0.97282,1
ユナイテッド,トータル,0.958094,2
ユナイテッド,メジャー,0.952588,3
ユナイテッド,三井,0.950472,4
ユナイテッド,SBI,0.950349,5
Eメール,メール,0.996788,1
Eメール,メール便,0.956458,2
Eメール,決済,0.928333,3
Eメール,メールアドレス,0.92766,4
Eメール,配達,0.9276,5
石川県,長野県,0.987342,1
石川県,宮城県,0.986971,2
石川県,新潟県,0.985898,3
石川県,宮城,0.984643,4
石川県,石川,0.984192,5
断念,諦める,0.949666,1
断念,放棄,0.947157,2
断念,引き籠もり,0.946076,3
断念,死ぬ,0.942536,4
断念,捨離,0.931541,5
ちび,小,0.914952,1
ちび,小さい,0.913896,2
ちび,幼い,0.898804,3
ちび,ちょい,0.894167,4
ちび,幼稚,0.893866,5
dmm,LDK,0.965317,1
dmm,xm,0.953561,2
dmm,DM,0.951818,3
dmm,FP,0.948829,4
dmm,m2,0.94338,5
写真集,本の,0.950904,1
写真集,ブック,0.938686,2
写真集,冊子,0.936986,3
写真集,コレクション,0.933671,4
写真集,冊,0.932075,5
アイボリー,玉,0.926903,1
アイボリー,シルク,0.924654,2
アイボリー,プリンセス,0.923989,3
アイボリー,新婦,0.91808,4
アイボリー,ローズ,0.918007,5
要約,概要,0.971284,1
要約,明記,0.969434,2
要約,解説,0.968696,3
要約,表示,0.96849,4
要約,要件,0.968228,5
細工,刺繍,0.883328,1
細工,工芸,0.876836,2
細工,書道,0.775331,3
細工,バイオリン,0.769047,4
細工,特製,0.753735,5
バスルーム,浴室,0.982952,1
バスルーム,住宅,0.949576,2
バスルーム,ルーム,0.948707,3
バスルーム,寝室,0.948308,4
バスルーム,ベッド,0.944401,5
重心,ポーズ,0.946698,1
重心,姿勢,0.936394,2
重心,繊維,0.93176,3
重心,顎,0.930351,4
重心,体,0.929833,5
落語,鎌倉,0.932008,1
落語,川越,0.916332,2
落語,吉祥寺,0.910142,3
落語,奈良,0.906788,4
落語,稲荷,0.902661,5
限度額,台数,0.94786,1
限度額,電話番号,0.937156,2
限度額,ZIP,0.936279,3
限度額,控除,0.930405,4
限度額,レシート,0.928865,5
軽自動車,ポケット,0.906122,1
軽自動車,リモコン,0.903654,2
軽自動車,小遣い,0.897161,3
軽自動車,減額,0.892907,4
軽自動車,付属品,0.890327,5
巾着,袴,0.965436,1
巾着,なおす,0.940115,2
巾着,着丈,0.930211,3
巾着,ふる,0.930194,4
巾着,おお,0.912132,5
確定申告,税理,0.94449,1
確定申告,ビザ,0.900492,2
確定申告,所得税,0.894282,3
確定申告,住宅ローン,0.871063,4
確定申告,ローン,0.868323,5
拘束,ケージ,0.923463,1
拘束,縛る,0.86109,2
拘束,アンチ,0.860213,3
拘束,圧迫,0.85893,4
拘束,阻害,0.855757,5
φ,q,0.987357,1
φ,z,0.985538,2
φ,n,0.980019,3
φ,CC,0.97677,4
φ,α,0.976388,5
m(__)m,FF,0.965808,1
m(__)m,BB,0.962634,2
m(__)m,Gb,0.96136,3
m(__)m,フォー,0.956793,4
m(__)m,z,0.954918,5
大福,御馳走,0.919529,1
大福,サンタ,0.912309,2
大福,年賀,0.90619,3
大福,スイート,0.8649,4
大福,福,0.852169,5
缶詰め,缶,0.936314,1
缶詰め,ビニール,0.930459,2
缶詰め,ダイヤル,0.897366,3
缶詰め,棚,0.894991,4
缶詰め,シャッター,0.886429,5
fod,アレ,0.978417,1
fod,ル,0.973997,2
fod,イン,0.973477,3
fod,け,0.972721,4
fod,がる,0.971877,5
内田,後藤,0.989886,1
内田,田村,0.988786,2
内田,吉田,0.987896,3
内田,原田,0.986763,4
内田,石井,0.986719,5
翌,毎,0.970219,1
翌,以来,0.961359,2
翌,以後,0.950843,3
翌,出,0.950269,4
翌,対する,0.94845,5
ブルゾン,張り付ける,0.828797,1
ブルゾン,パイ,0.794338,2
ブルゾン,ゲット,0.786798,3
ブルゾン,張り,0.779912,4
ブルゾン,饂飩,0.777093,5
松井,松田,0.989186,1
松井,上田,0.982196,2
松井,田村,0.981664,3
松井,三浦,0.981411,4
松井,内田,0.980681,5
ボトムス,オブ,0.968125,1
ボトムス,アイ,0.955424,2
ボトムス,片,0.951612,3
ボトムス,内,0.949865,4
ボトムス,着,0.949444,5
芝居,演出,0.972719,1
芝居,演劇,0.962594,2
芝居,公演,0.954919,3
芝居,シアター,0.952788,4
芝居,劇団,0.94483,5
毎度,毎,0.970636,1
毎度,取り,0.962378,2
毎度,日日,0.959216,3
毎度,要請,0.95883,4
毎度,引き換え,0.958198,5
真鍮,本革,0.966522,1
真鍮,天然石,0.935189,2
真鍮,聖,0.918127,3
真鍮,檜,0.917458,4
真鍮,玉,0.913916,5
わいわい,陽気,0.893758,1
わいわい,わく,0.891047,2
わいわい,サマー,0.881564,3
わいわい,夏季,0.854527,4
わいわい,楽しい,0.851431,5
ミャンマー,アフリカ,0.852369,1
ミャンマー,イラン,0.765106,2
ミャンマー,カンボジア,0.758584,3
ミャンマー,ウクライナ,0.714221,4
ミャンマー,火山,0.711053,5
てん,げ,0.98889,1
てん,へん,0.98728,2
てん,じ,0.986948,3
てん,ひ,0.986282,4
てん,い,0.985321,5
平屋,一層,0.941265,1
平屋,オブジェクト,0.938939,2
平屋,マット,0.938166,3
平屋,放置,0.936245,4
平屋,オブジェ,0.934399,5
ルーフ,壁,0.967367,1
ルーフ,フロア,0.966419,2
ルーフ,ディスク,0.962525,3
ルーフ,外壁,0.953427,4
ルーフ,壁面,0.948297,5
早起き,片付け,0.904638,1
早起き,練習,0.892906,2
早起き,減量,0.887346,3
早起き,禁煙,0.872069,4
早起き,練る,0.864208,5
迷い,迷う,0.961217,1
迷い,戸惑う,0.884482,2
迷い,揺る,0.879573,3
迷い,ずれ,0.872849,4
迷い,もやもや,0.8625,5
まあまあ,そこそこ,0.981066,1
まあまあ,適当,0.965976,2
まあまあ,大抵,0.964523,3
まあまあ,足りる,0.961912,4
まあまあ,テキスト,0.953727,5
起業家,起業,0.929841,1
起業家,開拓,0.90465,2
起業家,ベンチャー,0.884706,3
起業家,創業,0.879744,4
起業家,活性化,0.873686,5
ポストカード,手紙,0.927004,1
ポストカード,スタンプ,0.912462,2
ポストカード,ハンカチ,0.90807,3
ポストカード,切手,0.900588,4
ポストカード,鉢,0.897541,5
難関,難しい,0.945351,1
難関,難い,0.921627,2
難関,難,0.914085,3
難関,困難,0.819192,4
難関,トラウマ,0.814846,5
皇帝,貴族,0.828117,1
皇帝,帝国,0.817759,2
皇帝,徳川,0.815629,3
皇帝,神,0.805932,4
皇帝,古墳,0.805383,5
ST,SE,0.996306,1
ST,SP,0.995417,2
ST,ES,0.99376,3
ST,SR,0.991885,4
ST,RE,0.991498,5
零,ゼロ,0.964727,1
零,無し,0.956737,2
零,無,0.943004,3
零,不在,0.923009,4
零,少ない,0.916042,5
西側,京,0.970418,1
西側,愛知,0.955102,2
西側,NY,0.949222,3
西側,多く,0.947771,4
西側,西洋,0.946612,5
絨毯,カーペット,0.97893,1
絨毯,マフラー,0.956933,2
絨毯,クッション,0.954135,3
絨毯,バスタオル,0.94823,4
絨毯,ブランケット,0.946553,5
原子,粒子,0.763492,1
原子,細胞,0.737564,2
原子,分子,0.706161,3
原子,イオン,0.67799,4
原子,真空,0.665057,5
主催者,主催,0.987589,1
主催者,商,0.961352,2
主催者,司会,0.95482,3
主催者,PR,0.951095,4
主催者,発信,0.950288,5
製菓,料理,0.923771,1
製菓,楽器,0.921162,2
製菓,厨房,0.915593,3
製菓,キッチン,0.907413,4
製菓,クッキング,0.893211,5
名字,名前,0.987049,1
名字,氏名,0.972397,2
名字,ネーム,0.958323,3
名字,本名,0.951786,4
名字,名称,0.940709,5
追い付く,追う,0.965725,1
追い付く,追い掛ける,0.96538,2
追い付く,引き上げる,0.931405,3
追い付く,起こす,0.923897,4
追い付く,掴む,0.921129,5
セレモニー,教会,0.942112,1
セレモニー,儀式,0.940104,2
セレモニー,入学式,0.918604,3
セレモニー,卒業式,0.90894,4
セレモニー,学院,0.902386,5
詰め込む,圧力,0.835136,1
詰め込む,圧,0.824938,2
詰め込む,重,0.803419,3
詰め込む,詰める,0.798632,4
詰め込む,過,0.794048,5
鴨,たこ,0.909714,1
鴨,蟹,0.901058,2
鴨,豚,0.872923,3
鴨,蛙,0.861116,4
鴨,見掛ける,0.857863,5
真っ赤,赤色,0.912154,1
真っ赤,熱い,0.905934,2
真っ赤,赤い,0.892094,3
真っ赤,ホット,0.888988,4
真っ赤,唐辛子,0.842031,5
園内,パーク,0.969294,1
園内,公園,0.948853,2
園内,園,0.922564,3
園内,本校,0.918193,4
園内,展示,0.916258,5
一生懸命,頑張る,0.944274,1
一生懸命,懸命,0.943027,2
一生懸命,努力,0.932458,3
一生懸命,克服,0.931443,4
一生懸命,追求,0.921803,5
清,クリア,0.957949,1
清,左上,0.945829,2
清,白い,0.939007,3
清,白,0.93893,4
清,白色,0.936072,5
お買い上げ,購入,0.974878,1
お買い上げ,買い,0.971321,2
お買い上げ,入手,0.963043,3
お買い上げ,購買,0.963003,4
お買い上げ,買う,0.956204,5
イスラエル,台湾,0.739325,1
イスラエル,改革,0.702765,2
イスラエル,リアルタイム,0.700841,3
イスラエル,ウクライナ,0.693962,4
イスラエル,化学,0.688345,5
乾杯,拍手,0.935522,1
乾杯,あう,0.925593,2
乾杯,見付かる,0.923551,3
乾杯,一緒,0.920409,4
乾杯,招く,0.919714,5
高田,三浦,0.984987,1
高田,上田,0.984414,2
高田,吉田,0.983396,3
高田,加藤,0.982903,4
高田,石井,0.981937,5
彼処,映る,0.936445,1
彼処,晩,0.934511,2
彼処,何処,0.932908,3
彼処,局,0.931745,4
彼処,終わり,0.9291,5
ナット,根元,0.928016,1
ナット,小山,0.917694,2
ナット,枝,0.91481,3
ナット,海苔,0.910681,4
ナット,ボトム,0.910101,5
スタミナ,筋力,0.975437,1
スタミナ,注力,0.945413,2
スタミナ,決意,0.938933,3
スタミナ,克服,0.938591,4
スタミナ,エクササイズ,0.937507,5
絶大,究極,0.949313,1
絶大,レジェンド,0.927999,2
絶大,偉大,0.922472,3
絶大,女神,0.901021,4
絶大,天神,0.871218,5
当事,条,0.970502,1
当事,因子,0.96935,2
当事,基,0.969186,3
当事,処,0.968044,4
当事,所,0.964725,5
平仮名,地方,0.922318,1
平仮名,順番,0.914382,2
平仮名,原料,0.911518,3
平仮名,地域,0.907028,4
平仮名,生地,0.907005,5
ディスカッション,議論,0.976806,1
ディスカッション,話し合い,0.974781,2
ディスカッション,話し合う,0.96277,3
ディスカッション,対談,0.957526,4
ディスカッション,参画,0.954038,5
抗議,混雑,0.844766,1
抗議,競争,0.816665,2
抗議,競合,0.812048,3
抗議,対立,0.809977,4
抗議,衝突,0.805525,5
器用,上手,0.945437,1
器用,活用,0.945342,2
器用,増進,0.931673,3
器用,効果的,0.925619,4
器用,長所,0.922262,5
節分,東口,0.859136,1
節分,正月,0.842095,2
節分,日本橋,0.82722,3
節分,京橋,0.816991,4
節分,西口,0.809708,5
めん,麺,0.948054,1
めん,パスタ,0.94803,2
めん,フード,0.944761,3
めん,チキン,0.943079,4
めん,飯,0.930545,5
賛成,賛同,0.970361,1
賛成,是,0.962806,2
賛成,陽性,0.96211,3
賛成,肯定,0.9571,4
賛成,提供,0.956068,5
へえ,はあ,0.964342,1
へえ,ねえ,0.954675,2
へえ,わあ,0.920437,3
へえ,おー,0.912976,4
へえ,うん,0.902499,5
シード,スライス,0.905726,1
シード,苗,0.898078,2
シード,きり,0.893653,3
シード,根元,0.892061,4
シード,毛先,0.891885,5
近道,開く,0.896549,1
近道,質問,0.890092,2
近道,開き,0.889071,3
近道,数える,0.886341,4
近道,パス,0.881021,5
傾く,落とす,0.954646,1
傾く,引っ掛かる,0.950702,2
傾く,落ちる,0.946731,3
傾く,揺る,0.942729,4
傾く,傾斜,0.93764,5
進展,発展,0.989696,1
進展,進歩,0.970472,2
進展,活用,0.954199,3
進展,リーディング,0.946711,4
進展,前向き,0.942276,5
蒸し,蒸す,0.946503,1
蒸し,植える,0.902249,2
蒸し,麦,0.897681,3
蒸し,出汁,0.890447,4
蒸し,リネン,0.88834,5
たより,出典,0.961264,1
たより,支給,0.954927,2
たより,用語,0.952347,3
たより,入り,0.952333,4
たより,概要,0.951432,5
小鳥,兎,0.910052,1
小鳥,蝶,0.905975,2
小鳥,鳥,0.88891,3
小鳥,幼い,0.880361,4
小鳥,子猫,0.868391,5
ぎっくり腰,頭痛,0.934481,1
ぎっくり腰,痛む,0.908205,2
ぎっくり腰,しんどい,0.90351,3
ぎっくり腰,痒い,0.894003,4
ぎっくり腰,下痢,0.8891,5
スヌーピー,ピンク,0.859892,1
スヌーピー,アンパンマン,0.855618,2
スヌーピー,絵本,0.85435,3
スヌーピー,シンデレラ,0.844008,4
スヌーピー,キュート,0.840291,5
トラウマ,困難,0.924489,1
トラウマ,過酷,0.924047,2
トラウマ,きつい,0.915758,3
トラウマ,凄い,0.905201,4
トラウマ,難,0.903856,5
ヘビー,強,0.829181,1
ヘビー,威力,0.824678,2
ヘビー,支配,0.806457,3
ヘビー,強力,0.804705,4
ヘビー,火力,0.79257,5
絵の具,ペイント,0.879588,1
絵の具,塗料,0.815639,2
絵の具,染める,0.773125,3
絵の具,工房,0.768824,4
絵の具,着色,0.759483,5
ウォッシュ,水洗い,0.957243,1
ウォッシュ,ジャージー,0.949355,2
ウォッシュ,洗面,0.938906,3
ウォッシュ,クレンジング,0.934479,4
ウォッシュ,サプリ,0.931761,5
ヤング,表現,0.937539,1
ヤング,キム,0.934324,2
ヤング,可成,0.929099,3
ヤング,キャラ,0.926135,4
ヤング,j,0.925275,5
辻,菅,0.952913,1
辻,経,0.951531,2
辻,しま,0.944823,3
辻,廻,0.943213,4
辻,埃,0.932353,5
婚姻,結婚,0.994621,1
婚姻,婚,0.956384,2
婚姻,結婚式,0.937005,3
婚姻,成婚,0.930127,4
婚姻,ウェディング,0.918915,5
警報,警告,0.892242,1
警報,兵,0.848225,2
警報,取り締まり,0.837137,3
警報,緊急事態宣言,0.828053,4
警報,ドリル,0.827411,5
アマチュア,素人,0.89366,1
アマチュア,初心,0.888204,2
アマチュア,初心者,0.850065,3
アマチュア,ずつ,0.848104,4
アマチュア,小まめ,0.843233,5
年版,拠点,0.955388,1
年版,ドメイン,0.954158,2
年版,ストック,0.950521,3
年版,中心,0.949131,4
年版,見出し,0.9483,5
山形県,山形,0.976578,1
山形県,石川県,0.976068,2
山形県,山梨県,0.975404,3
山形県,山梨,0.974163,4
山形県,長野県,0.973848,5
ニート,バック,0.938332,1
ニート,籠もる,0.924882,2
ニート,裏,0.916904,3
ニート,こつ,0.910875,4
ニート,つめる,0.908194,5
akb,MC,0.97212,1
akb,FC,0.951865,2
akb,WW,0.942799,3
akb,GT,0.941368,4
akb,SR,0.939664,5
負,マイナス,0.977099,1
負,不能,0.975996,2
負,不,0.96634,3
負,否定,0.964957,4
負,反面,0.962319,5
落ち着き,落ち着く,0.958712,1
落ち着き,居住,0.94967,2
落ち着き,休憩,0.943469,3
落ち着き,暮らす,0.941419,4
落ち着き,安心,0.938836,5
豚骨,おでん,0.900996,1
豚骨,チャーシュー,0.88432,2
豚骨,チャーハン,0.877191,3
豚骨,豚肉,0.835883,4
豚骨,ようこそ,0.828587,5
蕩ける,漂う,0.856168,1
蕩ける,ぐるぐる,0.819401,2
蕩ける,散る,0.815358,3
蕩ける,放し,0.796618,4
蕩ける,泡,0.793843,5
賛同,賛成,0.970361,1
賛同,肯定,0.962049,2
賛同,付与,0.956887,3
賛同,ええ,0.951132,4
賛同,当然,0.94819,5
点滴,マウスピース,0.91664,1
点滴,ポケット,0.889341,2
点滴,カプセル,0.886984,3
点滴,付属品,0.885812,4
点滴,端末,0.881729,5
ヘアカラー,デコレーション,0.922019,1
ヘアカラー,ネイル,0.919908,2
ヘアカラー,装飾,0.915664,3
ヘアカラー,ヘアスタイル,0.914426,4
ヘアカラー,髪型,0.909644,5
織布,生地,0.942986,1
織布,ファブリック,0.941334,2
織布,屋,0.934993,3
織布,冊,0.932511,4
織布,膳,0.932139,5
増進,上手,0.961533,1
増進,成功,0.952442,2
増進,高める,0.951298,3
増進,リーディング,0.951232,4
増進,改善,0.951093,5
投函,模試,0.919269,1
投函,スペック,0.918929,2
投函,関数,0.914973,3
投函,計算,0.913419,4
投函,システム,0.9031,5
富む,豊か,0.941624,1
富む,成功,0.931471,2
富む,手厚い,0.929735,3
富む,昇格,0.928734,4
富む,金運,0.928524,5
タイガー,虎,0.967234,1
タイガー,ライオン,0.958493,2
タイガー,強,0.84878,3
タイガー,ピーク,0.83097,4
タイガー,強い,0.830773,5
搬送,運搬,0.970051,1
搬送,発注,0.929389,2
搬送,買い付け,0.926831,3
搬送,起動,0.924489,4
搬送,ワーカー,0.917899,5
脚,両手,0.977647,1
脚,足,0.976867,2
脚,手足,0.973177,3
脚,腰,0.97219,4
脚,腕,0.961993,5
規程,規約,0.985133,1
規程,条例,0.976243,2
規程,法令,0.962978,3
規程,機構,0.960297,4
規程,制度,0.953253,5
予備校,塾,0.897919,1
予備校,カレッジ,0.889821,2
予備校,専門学校,0.886731,3
予備校,ディーラー,0.867792,4
予備校,事務所,0.8593,5
長官,理事長,0.980257,1
長官,会長,0.979767,2
長官,部長,0.967092,3
長官,大臣,0.966103,4
長官,院長,0.960554,5
均等,同等,0.975055,1
均等,均一,0.968466,2
均等,真ん中,0.952204,3
均等,円形,0.948139,4
均等,平均,0.947009,5
クローズ,閉じる,0.964521,1
クローズ,閉鎖,0.960322,2
クローズ,止め,0.960151,3
クローズ,ホールド,0.944881,4
クローズ,閉める,0.93878,5
賞品,賞与,0.90651,1
賞品,特典,0.902098,2
賞品,ハイライト,0.884359,3
賞品,リゾート,0.871505,4
賞品,ボーナス,0.865775,5
害虫,蚊,0.945177,1
害虫,汚れる,0.923738,2
害虫,感染者,0.92365,3
害虫,虫,0.92046,4
害虫,腐る,0.916746,5
フェルト,粥,0.941126,1
フェルト,甘酒,0.937095,2
フェルト,民家,0.920435,3
フェルト,浴衣,0.914417,4
フェルト,素麺,0.910599,5
上乗せ,増し,0.934746,1
上乗せ,付加,0.931792,2
上乗せ,倍,0.928389,3
上乗せ,アップ,0.925445,4
上乗せ,増,0.91742,5
サーフ,ジャンプ,0.910325,1
サーフ,駆ける,0.873637,2
サーフ,スイング,0.867923,3
サーフ,サーフィン,0.859408,4
サーフ,ダイビング,0.852328,5
原宿,多彩,0.864261,1
原宿,芸人,0.801279,2
原宿,バラエティー,0.795206,3
原宿,カラフル,0.779509,4
原宿,渋谷,0.772903,5
xm,m2,0.961055,1
xm,EX,0.959078,2
xm,Gb,0.958966,3
xm,AT,0.95431,4
xm,dmm,0.953561,5
蕾,アイリス,0.927717,1
蕾,姫,0.918432,2
蕾,乙女,0.918192,3
蕾,百合,0.904049,4
蕾,センチ,0.903188,5
風通し,アウトドア,0.925728,1
風通し,晴れ,0.922239,2
風通し,昼,0.920201,3
風通し,通気性,0.919101,4
風通し,昼間,0.917727,5
着脱,着る,0.966661,1
着脱,着替える,0.962581,2
着脱,飲む,0.950957,3
着脱,着ける,0.947501,4
着脱,拭く,0.946568,5
v,w,0.997356,1
v,r,0.997138,2
v,g,0.996866,3
v,k,0.995267,4
v,f,0.994409,5
比例,平均,0.966396,1
比例,区間,0.960182,2
比例,割合,0.948024,3
比例,水準,0.939838,4
比例,所在地,0.939753,5
台北,神戸市,0.965649,1
台北,横浜市,0.965109,2
台北,神戸,0.958408,3
台北,大阪,0.956431,4
台北,韓国,0.954244,5
ださい,いち,0.946421,1
ださい,じゃ,0.942417,2
ださい,たん,0.935123,3
ださい,す,0.934932,4
ださい,頃,0.934032,5
不当,不正,0.974948,1
不当,無断,0.972354,2
不当,不良,0.955234,3
不当,違法,0.945461,4
不当,悪い,0.936165,5
西宮,目黒,0.96899,1
西宮,世田谷,0.962804,2
西宮,姫路,0.951812,3
西宮,松本,0.946675,4
西宮,高松,0.942649,5
左上,平,0.946848,1
左上,清,0.945829,2
左上,丸で,0.945688,3
左上,片,0.943962,4
左上,オブ,0.942546,5
実店舗,店長,0.945033,1
実店舗,ホスト,0.943706,2
実店舗,レッスン,0.933553,3
実店舗,店主,0.932891,4
実店舗,自社,0.931978,5
BMW,ロレックス,0.942779,1
BMW,新車,0.93639,2
BMW,Mac,0.92285,3
BMW,Apple,0.913904,4
BMW,ルイヴィトン,0.903953,5
後押し,促す,0.95935,1
後押し,先発,0.95688,2
後押し,利用,0.9518,3
後押し,能,0.947604,4
後押し,応援,0.946734,5
当て,ぶつける,0.890544,1
当て,当て嵌まる,0.876272,2
当て,切れ,0.869798,3
当て,ぶつかる,0.858022,4
当て,キック,0.857176,5
構図,科目,0.950628,1
構図,レイアウト,0.949204,2
構図,構造,0.948804,3
構図,中心,0.945627,4
構図,仕上がり,0.944989,5
巡回,巡り,0.962296,1
巡回,巡る,0.96106,2
巡回,出場,0.95393,3
巡回,日中,0.939353,4
巡回,年中,0.937448,5
共通点,並ぶ,0.946468,1
共通点,区域,0.940312,2
共通点,エリア,0.939213,3
共通点,日数,0.939189,4
共通点,場,0.938868,5
破れる,崩れる,0.975926,1
破れる,割れる,0.966505,2
破れる,割れ,0.950202,3
破れる,崩す,0.946387,4
破れる,誤る,0.944856,5
民家,フェルト,0.920435,1
民家,甘酒,0.912048,2
民家,素朴,0.909282,3
民家,庵,0.907098,4
民家,粥,0.906954,5
分別,準ずる,0.961798,1
分別,了承,0.955878,2
分別,項,0.954544,3
分別,属,0.954438,4
分別,区別,0.953921,5
今時,現在,0.968742,1
今時,今年,0.967323,2
今時,本年,0.964517,3
今時,昨今,0.957151,4
今時,今,0.952045,5
シー,芝,0.944919,1
シー,西,0.938604,2
シー,谷,0.928383,3
シー,浜,0.914033,4
シー,気,0.912452,5
潤,りん,0.973732,1
潤,ゆう,0.972659,2
潤,きく,0.96634,3
潤,ふく,0.960647,4
潤,ココ,0.959706,5
ミニマリスト,コンパクト,0.898072,1
ミニマリスト,カプセル,0.889609,2
ミニマリスト,名刺,0.883361,3
ミニマリスト,フィルター,0.866331,4
ミニマリスト,ホワイト,0.866001,5
明示,明記,0.972995,1
明示,表明,0.967337,2
明示,判明,0.96361,3
明示,合意,0.961643,4
明示,開示,0.961264,5
両側,両方,0.972405,1
両側,双方,0.965318,2
両側,両者,0.952871,3
両側,各種,0.944183,4
両側,皆,0.940861,5
小田原,宇都宮,0.984753,1
小田原,浜松,0.971757,2
小田原,世田谷,0.971412,3
小田原,立川,0.970801,4
小田原,倉敷,0.96943,5
神経質,不安,0.916649,1
神経質,不調,0.903385,2
神経質,転ぶ,0.893836,3
神経質,苦戦,0.891155,4
神経質,転倒,0.891142,5
合唱,展,0.925262,1
合唱,中華,0.924887,2
合唱,甲子園,0.922782,3
合唱,協会,0.917608,4
合唱,発表会,0.903835,5
おける,所,0.976362,1
おける,的,0.975546,2
おける,含む,0.975311,3
おける,同様,0.970641,4
おける,同じく,0.967716,5
リアルタイム,実況,0.932145,1
リアルタイム,パフォーマンス,0.883581,2
リアルタイム,トレード,0.883091,3
リアルタイム,売り上げ,0.879462,4
リアルタイム,働く,0.874883,5
謝る,謝罪,0.983428,1
謝る,携わる,0.94102,2
謝る,許す,0.930824,3
謝る,持参,0.929216,4
謝る,ニーズ,0.928325,5
休める,休む,0.988745,1
休める,休憩,0.984295,2
休める,リラックス,0.966721,3
休める,休み,0.963948,4
休める,寝る,0.95008,5
基板,板金,0.957584,1
基板,ドック,0.957129,2
基板,ラック,0.943452,3
基板,コンテナ,0.943416,4
基板,天板,0.941187,5
梨,果物,0.973311,1
梨,フルーツ,0.971542,2
梨,林檎,0.971166,3
梨,苺,0.96935,4
梨,ココナッツ,0.967035,5
サントリー,東急,0.95246,1
サントリー,トヨタ,0.950452,2
サントリー,日産,0.947614,3
サントリー,西武,0.945145,4
サントリー,ヤマハ,0.944468,5
プラセンタ,子宮,0.877406,1
プラセンタ,消化,0.861954,2
プラセンタ,腸,0.840204,3
プラセンタ,腸内,0.83884,4
プラセンタ,内臓,0.833449,5
注意事項,申告,0.951255,1
注意事項,参照,0.932019,2
注意事項,原価,0.930109,3
注意事項,要する,0.925956,4
注意事項,納める,0.92209,5
臓器,股関節,0.951196,1
臓器,肝臓,0.928785,2
臓器,肺,0.914855,3
臓器,心臓,0.910334,4
臓器,子宮,0.909239,5
さてさて,まあ,0.966118,1
さてさて,合間,0.955084,2
さてさて,側面,0.945405,3
さてさて,側,0.944793,4
さてさて,どころ,0.944644,5
破綻,事故,0.967577,1
破綻,崩壊,0.964915,2
破綻,倒産,0.96231,3
破綻,暴落,0.957102,4
破綻,悪化,0.954984,5
一望,高度,0.937843,1
一望,展望,0.927402,2
一望,スカイ,0.926251,3
一望,谷,0.921339,4
一望,日,0.918136,5
分配,配分,0.987945,1
分配,発行,0.963759,2
分配,成立,0.961583,3
分配,改正,0.957368,4
分配,ロール,0.954581,5
値動き,競争,0.900178,1
値動き,相場,0.88974,2
値動き,動向,0.871682,3
値動き,競う,0.846299,4
値動き,反応,0.833539,5
付録,マニュアル,0.927781,1
付録,簿,0.924612,2
付録,単位,0.916915,3
付録,鉢,0.915034,4
付録,記録,0.908931,5
熱海,那覇,0.962728,1
熱海,香川,0.948898,2
熱海,神奈川,0.948058,3
熱海,観光地,0.945759,4
熱海,神奈川県,0.943362,5
買い求める,得る,0.956141,1
買い求める,期待,0.948585,2
買い求める,帰国,0.943647,3
買い求める,取り戻す,0.939417,4
買い求める,役立てる,0.934617,5
農場,農園,0.944918,1
農場,牧場,0.932508,2
農場,収穫,0.92194,3
農場,田圃,0.917523,4
農場,農家,0.912397,5
妨害,違反,0.973272,1
妨害,悪影響,0.968913,2
妨害,侵害,0.96301,3
妨害,損なう,0.953851,4
妨害,侵入,0.951572,5
略,単なる,0.954519,1
略,最低限,0.927539,2
略,残り,0.927146,3
略,少し,0.922423,4
略,減,0.922087,5
輸入品,インポート,0.937691,1
輸入品,添加物,0.900671,2
輸入品,株主,0.87065,3
輸入品,補助金,0.858059,4
輸入品,ログ,0.851069,5
私服,昼食,0.957134,1
私服,髪,0.951845,2
私服,ヘア,0.948082,3
私服,ランチ,0.944765,4
私服,飲み物,0.940627,5
操る,行使,0.948315,1
操る,作る,0.93711,2
操る,操作,0.925964,3
操る,為る,0.923434,4
操る,プレーヤー,0.918156,5
マスコット,漫画,0.850689,1
マスコット,ミッキー,0.849369,2
マスコット,アンパンマン,0.843218,3
マスコット,カフェ,0.8357,4
マスコット,コミック,0.833046,5
ファイン,優,0.952032,1
ファイン,LP,0.948161,2
ファイン,LV,0.947186,3
ファイン,精,0.946718,4
ファイン,格好,0.946584,5
ブックマーク,メモ,0.957211,1
ブックマーク,ノート,0.952192,2
ブックマーク,ウォレット,0.949046,3
ブックマーク,用品,0.937441,4
ブックマーク,筆,0.937427,5
熊野,瀬戸,0.961991,1
熊野,出雲,0.95727,2
熊野,伊勢,0.955528,3
熊野,信州,0.932863,4
熊野,那須,0.928171,5
レーベル,チャンネル,0.960781,1
レーベル,com,0.941901,2
レーベル,ステーション,0.939094,3
レーベル,エントランス,0.936919,4
レーベル,拠点,0.935258,5
傾斜,傾く,0.93764,1
傾斜,落ちる,0.934482,2
傾斜,引っ掛かる,0.927087,3
傾斜,落とす,0.922702,4
傾斜,落下,0.909101,5
ホールド,被,0.970352,1
ホールド,つめる,0.962938,2
ホールド,置き,0.960738,3
ホールド,入れ,0.948117,4
ホールド,一旦,0.947065,5
坊主,坊,0.941045,1
坊主,初代,0.938424,2
坊主,齎す,0.921675,3
坊主,古里,0.916977,4
坊主,かしら,0.916659,5
セーブ,存分,0.975131,1
セーブ,保証,0.952982,2
セーブ,保存,0.952976,3
セーブ,取り揃える,0.951954,4
セーブ,内定,0.949361,5
バスタオル,絨毯,0.94823,1
バスタオル,ソープ,0.948104,2
バスタオル,シーツ,0.945781,3
バスタオル,ブランケット,0.943038,4
バスタオル,ポット,0.940327,5
抜け出す,脱出,0.920357,1
抜け出す,変える,0.874717,2
抜け出す,試み,0.842853,3
抜け出す,追う,0.816786,4
抜け出す,移る,0.814375,5
ハンマー,刀,0.905362,1
ハンマー,カッター,0.904906,2
ハンマー,ドリル,0.891127,3
ハンマー,はさみ,0.881088,4
ハンマー,包丁,0.876772,5
置き物,住所,0.965017,1
置き物,床,0.963843,2
置き物,席,0.962801,3
置き物,カーテン,0.962761,4
置き物,シート,0.960942,5
主力,チャンピオン,0.97144,1
主力,勝,0.963895,2
主力,リーダー,0.959813,3
主力,指導者,0.958643,4
主力,主役,0.957313,5
ご入金,納車,0.97296,1
ご入金,入金,0.969434,2
ご入金,購入,0.966928,3
ご入金,買い付け,0.966708,4
ご入金,送付,0.966011,5
外注,財政,0.90249,1
外注,派遣,0.901813,2
外注,出荷,0.893639,3
外注,仕入れ,0.874449,4
外注,納税,0.870811,5
震える,転ぶ,0.922864,1
震える,揺れる,0.91469,2
震える,割れる,0.913101,3
震える,倒れる,0.902865,4
震える,不安,0.895845,5
ふく,ゆう,0.988635,1
ふく,承る,0.975195,2
ふく,あん,0.974095,3
ふく,着,0.974015,4
ふく,ごと,0.973543,5
プルオーバー,ピックアップ,0.879004,1
プルオーバー,チャージ,0.858869,2
プルオーバー,sim,0.848136,3
プルオーバー,レンジ,0.845827,4
プルオーバー,コースター,0.839619,5
強風,豪雨,0.968336,1
強風,雷,0.962971,2
強風,嵐,0.962805,3
強風,大雨,0.935793,4
強風,洪水,0.930867,5
重厚,遺産,0.892878,1
重厚,本格,0.886369,2
重厚,堂々,0.869613,3
重厚,厚,0.868921,4
重厚,厚い,0.867047,5
高木,オーク,0.946582,1
高木,樹木,0.931944,2
高木,木,0.927975,3
高木,大谷,0.925535,4
高木,樹,0.922544,5
制する,押さえる,0.921843,1
制する,ウエート,0.914443,2
制する,捕らえる,0.893876,3
制する,課する,0.887369,4
制する,強度,0.88193,5
生活費,収支,0.907238,1
生活費,対処,0.907221,2
生活費,家賃,0.902822,3
生活費,所得,0.897188,4
生活費,交通費,0.893649,5
ロマンチック,ロマン,0.963317,1
ロマンチック,チャーム,0.920719,2
ロマンチック,ラブ,0.919055,3
ロマンチック,幸せ,0.909349,4
ロマンチック,幸,0.902592,5
直営,整備,0.946777,1
直営,保障,0.929931,2
直営,認可,0.928006,3
直営,確保,0.923938,4
直営,PM,0.922335,5
メート,ステー,0.985175,1
メート,イン,0.980955,2
メート,プレ,0.97973,3
メート,ル,0.978563,4
メート,令,0.976068,5
西日本,近畿,0.981246,1
西日本,茨城県,0.975382,2
西日本,茨城,0.97335,3
西日本,兵庫県,0.973337,4
西日本,群馬県,0.971137,5
貴族,皇帝,0.828117,1
貴族,御前,0.826671,2
貴族,文化財,0.818925,3
貴族,アンティーク,0.806497,4
貴族,侍,0.787177,5
イージー,容易,0.937713,1
イージー,あっさり,0.931833,2
イージー,易い,0.911308,3
イージー,手軽,0.908362,4
イージー,簡易,0.904093,5
原田,内田,0.986763,1
原田,石井,0.985348,2
原田,吉田,0.983385,3
原田,田村,0.981387,4
原田,岡本,0.980083,5
凹凸,傾斜,0.869705,1
凹凸,落ちる,0.8656,2
凹凸,落下,0.833866,3
凹凸,滑り,0.824124,4
凹凸,傾く,0.814288,5
マチ,モン,0.983336,1
マチ,がる,0.980227,2
マチ,圭,0.979162,3
マチ,奥,0.973402,4
マチ,アレ,0.97174,5
SSL,証明書,0.953478,1
SSL,ステンレス,0.933519,2
SSL,バンク,0.917342,3
SSL,OS,0.914844,4
SSL,スペック,0.913766,5
お復習い,解す,0.954923,1
お復習い,遣り方,0.954815,2
お復習い,収集,0.951473,3
お復習い,用事,0.949571,4
お復習い,モーニング,0.949121,5
半導体,API,0.905256,1
半導体,IT,0.90173,2
半導体,技術,0.90015,3
半導体,ソフトウェア,0.895034,4
半導体,工学,0.894331,5
浮上,一目,0.825797,1
浮上,(^O^),0.79506,2
浮上,浮く,0.791739,3
浮上,待望,0.790307,4
浮上,清,0.784366,5
テナント,賃貸,0.948544,1
テナント,登録,0.945899,2
テナント,送付,0.937165,3
テナント,オーダー,0.9366,4
テナント,注文,0.936056,5
Na,位,0.928981,1
Na,グラム,0.926375,2
Na,条,0.925002,3
Na,節,0.923425,4
Na,基,0.922938,5
まめ,玉葱,0.961305,1
まめ,綿,0.958486,2
まめ,豆,0.954236,3
まめ,葱,0.95219,4
まめ,葉,0.945449,5
好意,友,0.973254,1
好意,母子,0.970275,2
好意,親子,0.965008,3
好意,愛顧,0.96321,4
好意,親切,0.961276,5
殺到,爆,0.921149,1
殺到,騒動,0.905159,2
殺到,ブリーチ,0.895097,3
殺到,煽る,0.890121,4
殺到,衝突,0.882104,5
ガイドブック,図鑑,0.970863,1
ガイドブック,参考書,0.969338,2
ガイドブック,辞典,0.961797,3
ガイドブック,ガイドライン,0.955813,4
ガイドブック,図書,0.955055,5
弱る,弱点,0.978179,1
弱る,低下,0.946588,2
弱る,不足,0.939104,3
弱る,弱,0.930461,4
弱る,うっかり,0.928736,5
コロナウイルス,新型コロナウイルス,0.984468,1
コロナウイルス,新型コロナウイルス感染症,0.937922,2
コロナウイルス,新型コロナ,0.915634,3
コロナウイルス,危機,0.888523,4
コロナウイルス,震災,0.884678,5
己,御自分,0.97373,1
己,存ずる,0.959182,2
己,私,0.958294,3
己,信念,0.949533,4
己,自,0.948617,5
シナモン,もち,0.933483,1
シナモン,出汁,0.932942,2
シナモン,味噌汁,0.928691,3
シナモン,蜂蜜,0.925488,4
シナモン,蜜柑,0.916764,5
相違,ずれ,0.931401,1
相違,ずれる,0.925756,2
相違,違う,0.920837,3
相違,異なる,0.916581,4
相違,遅れ,0.910354,5
余談,何気,0.922789,1
余談,なんて,0.88006,2
余談,うー,0.876085,3
余談,なんか,0.871391,4
余談,うう,0.865722,5
倉敷,立川,0.976847,1
倉敷,高崎,0.975832,2
倉敷,水戸,0.973717,3
倉敷,岐阜,0.970832,4
倉敷,小田原,0.96943,5
出走,推す,0.92183,1
出走,引っ張る,0.919299,2
出走,放る,0.911342,3
出走,押す,0.898842,4
出走,やら,0.895077,5
初詣で,参拝,0.930316,1
初詣で,申す,0.890843,2
初詣で,御参り,0.887779,3
初詣で,代目,0.88445,4
初詣で,お復習い,0.880755,5
鳩,クローバー,0.937708,1
鳩,羊,0.914167,2
鳩,鹿,0.877274,3
鳩,リーフ,0.867714,4
鳩,早,0.866082,5
再販,オペレーター,0.884765,1
再販,派遣,0.873714,2
再販,申告,0.86953,3
再販,チケット,0.869024,4
再販,売却,0.867635,5
天下,史上,0.94394,1
天下,王国,0.905145,2
天下,万,0.89465,3
天下,大陸,0.885256,4
天下,天,0.879054,5
ダービー,ラリー,0.871499,1
ダービー,必殺,0.842088,2
ダービー,ラッシュ,0.831753,3
ダービー,レース,0.800021,4
ダービー,格闘,0.790531,5
ハザード,危険,0.967786,1
ハザード,事故,0.965955,2
ハザード,崩壊,0.956205,3
ハザード,危険性,0.954289,4
ハザード,破綻,0.947415,5
風船,バルーン,0.987109,1
風船,楽ちん,0.797166,2
風船,仮,0.731772,3
風船,スナップ,0.730783,4
風船,ダンボール,0.728508,5
安定性,安定,0.987683,1
安定性,保存,0.960177,2
安定性,保持,0.956692,3
安定性,定着,0.951362,4
安定性,保つ,0.948337,5
クローバー,鳩,0.937708,1
クローバー,桃,0.928171,2
クローバー,花,0.925793,3
クローバー,梅,0.924488,4
クローバー,ナチュラル,0.920513,5
尚且つ,奥,0.962824,1
尚且つ,にて,0.962443,2
尚且つ,達,0.961621,3
尚且つ,かく,0.961573,4
尚且つ,価,0.961474,5
主導,主力,0.949718,1
主導,リーダー,0.928413,2
主導,US,0.927404,3
主導,ボス,0.921841,4
主導,大手,0.921276,5
宅建,年金,0.920685,1
宅建,処方,0.916347,2
宅建,住宅,0.912364,3
宅建,宿泊,0.909759,4
宅建,客室,0.908888,5
海豚,初夏,0.839911,1
海豚,春夏,0.836097,2
海豚,神戸,0.83379,3
海豚,イタリア,0.828892,4
海豚,春,0.827352,5
ターボ,機動,0.864263,1
ターボ,ジェット,0.841896,2
ターボ,火力,0.82423,3
ターボ,溶接,0.794231,4
ターボ,エンジン,0.794061,5
絡める,絡む,0.92335,1
絡める,つれる,0.89894,2
絡める,混ざる,0.826227,3
絡める,巻き込む,0.820407,4
絡める,纏まる,0.815934,5
成婚,婚,0.962099,1
成婚,結婚,0.950693,2
成婚,卒業,0.939086,3
成婚,婚約,0.93786,4
成婚,挙式,0.935331,5
払い戻し,返金,0.975021,1
払い戻し,返品,0.974632,2
払い戻し,返送,0.971109,3
払い戻し,返却,0.96455,4
払い戻し,解約,0.959839,5
西村,太田,0.988149,1
西村,野田,0.983604,2
西村,上田,0.982302,3
西村,中村,0.982177,4
西村,田村,0.981504,5
キンドル,ビトン,0.899784,1
キンドル,嵌める,0.887945,2
キンドル,飾る,0.885358,3
キンドル,ランタン,0.881967,4
キンドル,付け,0.874403,5
チェックアウト,チケット,0.96581,1
チェックアウト,納期,0.963308,2
チェックアウト,レジ,0.962718,3
チェックアウト,換算,0.949452,4
チェックアウト,期限,0.947958,5
研究室,ラボ,0.972429,1
研究室,研究所,0.949658,2
研究室,事務所,0.921874,3
研究室,医院,0.916317,4
研究室,病院,0.909318,5
プレ,ル,0.992539,1
プレ,イン,0.990678,2
プレ,ぎ,0.987441,3
プレ,ド,0.98668,4
プレ,アレ,0.985022,5
図形,フォーマット,0.955786,1
図形,形状,0.954595,2
図形,フォント,0.954359,3
図形,スライド,0.946026,4
図形,フレーム,0.945394,5
塩素,刃,0.854563,1
塩素,UV,0.851624,2
塩素,拳,0.844133,3
塩素,紫外線,0.83253,4
塩素,酸,0.816364,5
ミュゼ,錦,0.899538,1
ミュゼ,フレンチ,0.867835,2
ミュゼ,意匠,0.852345,3
ミュゼ,女神,0.846723,4
ミュゼ,ギャラリー,0.843448,5
中傷,妨害,0.947614,1
中傷,悪質,0.946371,2
中傷,虐待,0.945555,3
中傷,悪影響,0.939695,4
中傷,侵害,0.934403,5
赤色,赤い,0.973388,1
赤色,レッド,0.967556,2
赤色,真っ赤,0.912154,3
赤色,ホット,0.903341,4
赤色,赤,0.89031,5
那須,大島,0.950591,1
那須,信州,0.949968,2
那須,瀬戸,0.935799,3
那須,熊野,0.928171,4
那須,青山,0.92586,5
エキスパート,専門家,0.985373,1
エキスパート,専門,0.962453,2
エキスパート,スペシャリスト,0.95145,3
エキスパート,専門医,0.94941,4
エキスパート,上級者,0.935312,5
一先ず,先ず,0.984923,1
一先ず,先,0.970707,2
一先ず,入れ,0.96733,3
一先ず,事前,0.963821,4
一先ず,もと,0.96326,5
爆,爆発,0.944536,1
爆,ブリーチ,0.936967,2
爆,殺到,0.921149,3
爆,火災,0.904578,4
爆,襲う,0.901915,5
機嫌,気持ち,0.957578,1
機嫌,気分,0.951856,2
機嫌,ムード,0.948957,3
機嫌,好み,0.945517,4
機嫌,感じ,0.928586,5
広がり,広がる,0.971314,1
広がり,数々,0.936306,2
広がり,数多く,0.93472,3
広がり,幅広い,0.929303,4
広がり,沢山,0.928008,5
X,何,0.982958,1
X,某,0.981627,2
X,〇,0.980045,3
X,以下,0.979588,4
X,選択肢,0.979461,5
カードローン,借り入れ,0.88188,1
カードローン,ローン,0.880374,2
カードローン,融資,0.843148,3
カードローン,利息,0.803143,4
カードローン,課金,0.791881,5
コンソール,ハードウェア,0.908289,1
コンソール,机,0.881357,2
コンソール,マシン,0.878383,3
コンソール,コントローラー,0.874952,4
コンソール,機材,0.874806,5
超絶,極めて,0.817996,1
超絶,ドラクエ,0.776006,2
超絶,ウルトラ,0.750168,3
超絶,ドラゴン,0.749089,4
超絶,究極,0.747539,5
若布,ろ,0.950149,1
若布,さす,0.949284,2
若布,スレ,0.942717,3
若布,斯く,0.941622,4
若布,回,0.941162,5
手助け,教わる,0.952532,1
手助け,習う,0.949592,2
手助け,相談,0.94758,3
手助け,介助,0.947276,4
手助け,携わる,0.946283,5
月末,先月,0.924266,1
月末,今月,0.916847,2
月末,明日,0.912284,3
月末,数カ月,0.909158,4
月末,此の頃,0.908938,5
然う然う,どんな,0.952638,1
然う然う,頃,0.950793,2
然う然う,間,0.944191,3
然う然う,さ,0.942733,4
然う然う,さてさて,0.940382,5
日立,三菱,0.974992,1
日立,Microsoft,0.955935,2
日立,銀行,0.952254,3
日立,NTT,0.949413,4
日立,ドコモ,0.947248,5
房,ハウス,0.988838,1
房,家屋,0.983643,2
房,住居,0.979854,3
房,住宅,0.974661,4
房,家具,0.974374,5
尚更,憧れ,0.922716,1
尚更,憧れる,0.91811,2
尚更,目高,0.913587,3
尚更,高め,0.912875,4
尚更,更なる,0.90914,5
上流,東,0.936035,1
上流,至る,0.933731,2
上流,貫く,0.923283,3
上流,連,0.915435,4
上流,運,0.914128,5
タピオカ,豆腐,0.96283,1
タピオカ,梨,0.955774,2
タピオカ,小豆,0.948402,3
タピオカ,米,0.948362,4
タピオカ,ピーマン,0.948209,5
たま,ね,0.977185,1
たま,もん,0.975524,2
たま,さ,0.968278,3
たま,ねん,0.965961,4
たま,さえ,0.961742,5
使い心地,履き心地,0.97003,1
使い心地,着心地,0.960705,2
使い心地,暮らし,0.9386,3
使い心地,ライフスタイル,0.935605,4
使い心地,満足度,0.924802,5
置き換える,限度,0.951727,1
置き換える,幾ら,0.95068,2
置き換える,払い,0.938392,3
置き換える,レート,0.933179,4
置き換える,注意点,0.931774,5
上級者,上級,0.966731,1
上級者,マスター,0.937519,2
上級者,エキスパート,0.935312,3
上級者,高等,0.922625,4
上級者,達人,0.922422,5
還元率,定員,0.878986,1
還元率,送料,0.872764,2
還元率,閉店,0.87006,3
還元率,枚数,0.86052,4
還元率,分間,0.859737,5
透析,手術,0.848216,1
透析,税理,0.80553,2
透析,確定申告,0.799028,3
透析,相続税,0.793733,4
透析,ローン,0.778952,5
仮説,調べ,0.869511,1
仮説,提言,0.860791,2
仮説,提出,0.858238,3
仮説,撮影,0.856615,4
仮説,推定,0.854755,5
一覧表,一覧,0.982943,1
一覧表,表,0.9683,2
一覧表,リスト,0.964163,3
一覧表,配列,0.954849,4
一覧表,メニュー,0.951208,5
充電器,充電,0.965837,1
充電器,デバイス,0.95207,2
充電器,ウォレット,0.951445,3
充電器,キーボード,0.941933,4
充電器,装備,0.938182,5
別荘,一戸建て,0.919068,1
別荘,マイホーム,0.911521,2
別荘,休暇,0.904356,3
別荘,寝具,0.900287,4
別荘,ブランケット,0.900266,5
マイルド,大人しい,0.952261,1
マイルド,和らげる,0.950455,2
マイルド,緩和,0.943869,3
マイルド,緩やか,0.941004,4
マイルド,やさしい,0.935461,5
部長,会長,0.984361,1
部長,理事長,0.971763,2
部長,主任,0.971653,3
部長,校長,0.969452,4
部長,長官,0.967092,5
水温,温度,0.974479,1
水温,距離,0.953689,2
水温,視界,0.949376,3
水温,気温,0.947007,4
水温,乾く,0.942945,5
プリザーブド,保存,0.874101,1
プリザーブド,レコード,0.870922,2
プリザーブド,仕上がり,0.861381,3
プリザーブド,固定,0.860364,4
プリザーブド,純,0.854062,5
弗素,燐,0.734189,1
弗素,レントゲン,0.726316,2
弗素,アイアン,0.722366,3
弗素,レーザー,0.704801,4
弗素,金属,0.702361,5
過失,損,0.913462,1
過失,勘違い,0.912447,2
過失,負う,0.902754,3
過失,言い訳,0.901789,4
過失,欠点,0.90037,5
スパイ,盗む,0.750326,1
スパイ,注入,0.74882,2
スパイ,アタック,0.743508,3
スパイ,盗難,0.740872,4
スパイ,詐欺,0.739257,5
政治家,マスコミ,0.925017,1
政治家,首相,0.909913,2
政治家,市場,0.902637,3
政治家,プレス,0.902553,4
政治家,党,0.89836,5
子猫,子犬,0.991536,1
子猫,キッズ,0.924357,2
子猫,子供,0.923687,3
子猫,幼い,0.907643,4
子猫,キャット,0.905833,5
押し,押す,0.983666,1
押し,割,0.951551,2
押し,推す,0.93276,3
押し,引っ張る,0.92263,4
押し,引き,0.918937,5
ブリーチ,爆,0.936967,1
ブリーチ,当て嵌まる,0.903215,2
ブリーチ,殺到,0.895097,3
ブリーチ,襲う,0.888659,4
ブリーチ,アタック,0.877918,5
ベーカリー,パン屋,0.972711,1
ベーカリー,カフェ,0.949827,2
ベーカリー,喫茶店,0.948595,3
ベーカリー,レストラン,0.940283,4
ベーカリー,ダイニング,0.935159,5
CEO,幹部,0.957197,1
CEO,経営者,0.955383,2
CEO,管理職,0.935655,3
CEO,Microsoft,0.933786,4
CEO,金融機関,0.933507,5
脳内,意識,0.918361,1
脳内,マインド,0.908209,2
脳内,心理,0.899858,3
脳内,精神,0.886572,4
脳内,腸内,0.874838,5
パン屋,ベーカリー,0.972711,1
パン屋,御店,0.937943,2
パン屋,飲食店,0.924215,3
パン屋,喫茶店,0.917248,4
パン屋,カフェ,0.914717,5
横幅,バナー,0.975315,1
横幅,ポスター,0.937479,2
横幅,掲示,0.923134,3
横幅,旗,0.922607,4
横幅,サイト,0.913018,5
臭,臭い,0.986267,1
臭,汚れる,0.942888,2
臭,汚い,0.936926,3
臭,出血,0.919935,4
臭,汚れ,0.918824,5
各々,各自,0.972891,1
各々,どなた,0.969983,2
各々,二人,0.964433,3
各々,各,0.963823,4
各々,我,0.96316,5
日米,中日,0.961871,1
日米,US,0.957942,2
日米,米国,0.955216,3
日米,EU,0.949677,4
日米,アメリカ,0.945853,5
斯く,さす,0.981512,1
斯く,けん,0.978059,2
斯く,ひ,0.973504,3
斯く,ろ,0.973089,4
斯く,い,0.972946,5
ディーゼル,トラック,0.843772,1
ディーゼル,農薬,0.83164,2
ディーゼル,ガソリン,0.826971,3
ディーゼル,兵,0.824656,4
ディーゼル,ドリル,0.813662,5
時折,偶々,0.951345,1
時折,時々,0.941063,2
時折,偶に,0.918778,3
時折,一時的,0.918043,4
時折,一時,0.890827,5
後見,扶養,0.893932,1
後見,保守,0.882436,2
後見,譲渡,0.874584,3
後見,任せ,0.87411,4
後見,供養,0.869389,5
誓う,継ぐ,0.944265,1
誓う,引き継ぐ,0.942389,2
誓う,尽くす,0.932699,3
誓う,約束,0.928557,4
誓う,押さえる,0.928442,5
びびる,ぽい,0.94007,1
びびる,ぅ,0.93585,2
びびる,ぽち,0.923148,3
びびる,ぽん,0.910426,4
びびる,さっ,0.885794,5
因子,料,0.973784,1
因子,度,0.972123,2
因子,ポジション,0.970061,3
因子,当事,0.96935,4
因子,所,0.968957,5
妖精,幼稚,0.770973,1
妖精,蛍,0.721215,2
妖精,幼い,0.679937,3
妖精,蝶,0.659344,4
妖精,兎,0.627535,5
チーク,ファー,0.960051,1
チーク,在留,0.950176,2
チーク,面,0.950095,3
チーク,許容,0.94924,4
チーク,就く,0.949076,5
出世,肝心,0.902582,1
出世,岳,0.899605,2
出世,信仰,0.894802,3
出世,遣り甲斐,0.884449,4
出世,スピリチュアル,0.884051,5
たてる,おく,0.961124,1
たてる,舎,0.959997,2
たてる,留まる,0.957252,3
たてる,宿,0.956564,4
たてる,留める,0.954792,5
伊丹,福山,0.966356,1
伊丹,岡崎,0.966184,2
伊丹,中山,0.958312,3
伊丹,西川,0.957632,4
伊丹,高松,0.95376,5
多様性,繋がり,0.889156,1
多様性,多様,0.880135,2
多様性,コラボレーション,0.874859,3
多様性,コミュニティー,0.8714,4
多様性,協働,0.870122,5
農林,農業,0.946331,1
農林,収穫,0.946215,2
農林,水産,0.939977,3
農林,農地,0.913159,4
農林,作物,0.904194,5
ラフ,ぐるぐる,0.839647,1
ラフ,ばらばら,0.821914,2
ラフ,揺れる,0.805666,3
ラフ,ちゃう,0.804541,4
ラフ,ばたばた,0.802855,5
奨学金,有給,0.930078,1
奨学金,寄付,0.928694,2
奨学金,援助,0.920492,3
奨学金,アシスト,0.912119,4
奨学金,支援,0.909645,5
芸,星野,0.964296,1
芸,楽,0.963894,2
芸,マリア,0.95978,3
芸,はる,0.955911,4
芸,華,0.952366,5
学問,学術,0.980467,1
学問,理科,0.947122,2
学問,博士,0.936945,3
学問,研究,0.934138,4
学問,研究者,0.929,5
手芸,工芸,0.915049,1
手芸,ガーデニング,0.905207,2
手芸,手作り,0.898399,3
手芸,園芸,0.893089,4
手芸,クラフト,0.885404,5
VIP,ラグジュアリー,0.938414,1
VIP,プレミアム,0.935184,2
VIP,豪華,0.923886,3
VIP,エリート,0.889518,4
VIP,ゴールド,0.87415,5
眺め,眺める,0.931109,1
眺め,視界,0.921433,2
眺め,ビュー,0.904609,3
眺め,余地,0.903204,4
眺め,視野,0.898064,5
牛革,木材,0.911356,1
牛革,土地,0.90587,2
牛革,ウッド,0.893142,3
牛革,檜,0.884314,4
牛革,国土,0.882673,5
励ます,励む,0.993747,1
励ます,利く,0.945923,2
励ます,助かる,0.940331,3
励ます,勧める,0.937131,4
励ます,勧め,0.935596,5
雛祭り,七夕,0.866905,1
雛祭り,御中元,0.830539,2
雛祭り,吉祥寺,0.830288,3
雛祭り,日和,0.824218,4
雛祭り,姫路,0.816152,5
ブランケット,毛布,0.981212,1
ブランケット,布団,0.973941,2
ブランケット,セーター,0.964255,3
ブランケット,入浴,0.963884,4
ブランケット,寝具,0.96248,5
モーション,動き,0.972007,1
モーション,動く,0.969136,2
モーション,移動,0.942587,3
モーション,可動,0.938928,4
モーション,動かす,0.934261,5
宇治,川越,0.963032,1
宇治,松山,0.944734,2
宇治,出雲,0.930403,3
宇治,伊勢,0.927201,4
宇治,京都府,0.925503,5
吸水,吸収,0.935014,1
吸水,下ろす,0.926179,2
吸水,下る,0.925262,3
吸水,回す,0.919539,4
吸水,回る,0.918942,5
阻害,拒否,0.949772,1
阻害,妨げる,0.93707,2
阻害,嫌い,0.93575,3
阻害,嫌,0.935234,4
阻害,無視,0.920689,5
入り込む,嵌まる,0.958493,1
入り込む,差し込む,0.939153,2
入り込む,込む,0.922351,3
入り込む,折,0.918274,4
入り込む,下ろす,0.91671,5
ポロシャツ,ブラウス,0.967287,1
ポロシャツ,シャツ,0.955301,2
ポロシャツ,スカート,0.953948,3
ポロシャツ,シュー,0.953765,4
ポロシャツ,トップス,0.948549,5
はかる,有り,0.967335,1
はかる,録,0.965923,2
はかる,基調,0.965667,3
はかる,料,0.965548,4
はかる,記,0.963489,5
チューリップ,菊,0.952988,1
チューリップ,紫陽花,0.952927,2
チューリップ,花,0.946626,3
チューリップ,花柄,0.943309,4
チューリップ,花弁,0.94188,5
互換,基準,0.967991,1
互換,セクション,0.965907,2
互換,ページ,0.960501,3
互換,収録,0.960378,4
互換,資料,0.955078,5
ゴースト,鬼,0.898976,1
ゴースト,有り難い,0.846562,2
ゴースト,怪しい,0.830153,3
ゴースト,不可能,0.801165,4
ゴースト,不可,0.797008,5
血糖,血糖値,0.96687,1
血糖,血圧,0.913074,2
血糖,体重,0.880352,3
血糖,カロリー,0.852176,4
血糖,生活費,0.842176,5
妨げる,阻害,0.93707,1
妨げる,反,0.924551,2
妨げる,汚れ,0.922342,3
妨げる,損なう,0.911606,4
妨げる,邪魔,0.908928,5
白黒,単位,0.913121,1
白黒,閉じる,0.905792,2
白黒,止め,0.896919,3
白黒,記号,0.895291,4
白黒,線,0.893817,5
おろし,畳む,0.948742,1
おろし,繰る,0.92533,2
おろし,巻く,0.911522,3
おろし,親指,0.892131,4
おろし,戻る,0.891337,5
鈴,御覧,0.918799,1
鈴,きり,0.914472,2
鈴,坊,0.908175,3
鈴,先頭,0.899037,4
鈴,古里,0.898059,5
エッセンシャル,エッセンス,0.944843,1
エッセンシャル,不可欠,0.936499,2
エッセンシャル,信頼,0.935876,3
エッセンシャル,信頼性,0.934701,4
エッセンシャル,長持ち,0.933245,5
浸る,浸ける,0.975642,1
浸る,浸かる,0.963204,2
浸る,望む,0.958994,3
浸る,経る,0.951363,4
浸る,差し込む,0.947032,5
トン,キロ,0.919932,1
トン,壁,0.909163,2
トン,全長,0.905198,3
トン,幕,0.904392,4
トン,km,0.900333,5
雲丹,峰,0.887691,1
雲丹,星,0.854282,2
雲丹,千歳,0.849666,3
雲丹,絶大,0.846886,4
雲丹,オーク,0.838794,5
千歳,荘,0.921657,1
千歳,王道,0.919441,2
千歳,宮,0.916666,3
千歳,聖,0.912023,4
千歳,御陰様,0.909523,5
年月日,位置,0.980026,1
年月日,所在地,0.973867,2
年月日,時点,0.967956,3
年月日,日時,0.967539,4
年月日,日数,0.962922,5
中盤,一連,0.955872,1
中盤,本編,0.954487,2
中盤,中期,0.951132,3
中盤,阿部,0.946159,4
中盤,総合,0.943983,5
一挙,勢,0.912316,1
一挙,上回る,0.887193,2
一挙,一気,0.886447,3
一挙,越える,0.885486,4
一挙,上げ,0.885375,5
ぽかぽか,寛ぐ,0.930433,1
ぽかぽか,ぅ,0.923173,2
ぽかぽか,ふわ,0.898304,3
ぽかぽか,緩い,0.89359,4
ぽかぽか,ふわふわ,0.884674,5
ご指定,入力,0.979131,1
ご指定,件,0.976938,2
ご指定,輸入,0.967255,3
ご指定,即,0.96406,4
ご指定,条,0.963063,5
新刊,つくば,0.895153,1
新刊,生成,0.891614,2
新刊,出品,0.877769,3
新刊,前向き,0.874306,4
新刊,特集,0.87425,5
妥当,適正,0.976288,1
妥当,正確,0.974121,2
妥当,正しく,0.970371,3
妥当,正規,0.961175,4
妥当,正当,0.956858,5
発令,施行,0.923596,1
発令,アナウンス,0.923567,2
発令,命令,0.908122,3
発令,出口,0.899394,4
発令,業者,0.895235,5
積もる,浸透,0.844464,1
積もる,加わる,0.840775,2
積もる,膨脛,0.839655,3
積もる,反響,0.817333,4
積もる,ヒート,0.81113,5
内障,病気,0.942804,1
内障,怪我,0.939619,2
内障,損傷,0.936636,3
内障,病,0.93655,4
内障,傷,0.929796,5
陰性,非,0.962979,1
陰性,否,0.962807,2
陰性,不,0.961979,3
陰性,NO,0.956144,4
陰性,不用,0.953577,5
狂う,とんでも,0.920665,1
狂う,乱れる,0.909417,2
狂う,乱れ,0.906844,3
狂う,破る,0.893249,4
狂う,爆,0.886107,5
進撃,ラッシュ,0.837793,1
進撃,ウォーズ,0.828599,2
進撃,革命,0.806599,3
進撃,バトル,0.787323,4
進撃,格闘,0.766625,5
同年,同日,0.970776,1
同年,月間,0.952703,2
同年,水曜,0.949559,3
同年,水曜日,0.943511,4
同年,木曜日,0.940761,5
自衛,努力,0.918891,1
自衛,実力,0.908039,2
自衛,覚悟,0.905326,3
自衛,筋力,0.894974,4
自衛,治す,0.891642,5
レントゲン,ハードウェア,0.887406,1
レントゲン,麻酔,0.884172,2
レントゲン,マシン,0.865913,3
レントゲン,配管,0.863598,4
レントゲン,鉄筋,0.859634,5
労働省,公務,0.948605,1
労働省,行政,0.946229,2
労働省,役所,0.94109,3
労働省,自治体,0.935014,4
労働省,公務員,0.932729,5
ボストン,ロンドン,0.958587,1
ボストン,イギリス,0.954733,2
ボストン,英国,0.949371,3
ボストン,北京,0.943569,4
ボストン,欧州,0.942869,5
スキー場,札幌市,0.853848,1
スキー場,新幹線,0.819233,2
スキー場,札幌,0.816411,3
スキー場,北京,0.801422,4
スキー場,東京都,0.792781,5
伸び伸び,伸びる,0.929574,1
伸び伸び,伸び,0.910124,2
伸び伸び,今更,0.902793,3
伸び伸び,期待,0.886452,4
伸び伸び,願う,0.88423,5
自民,自民党,0.959258,1
自民,福田,0.932524,2
自民,安倍,0.931662,3
自民,阪神,0.92643,4
自民,隊,0.924193,5
クルー,FC,0.966622,1
クルー,インター,0.941681,2
クルー,コープ,0.940956,3
クルー,提携,0.934054,4
クルー,ツアー,0.932544,5
cookie,クッキー,0.937309,1
cookie,スナック,0.914306,2
cookie,キャンデー,0.901775,3
cookie,ドーナツ,0.890697,4
cookie,トッピング,0.857644,5
圧巻,映える,0.914448,1
圧巻,ピーク,0.864862,2
圧巻,最強,0.859118,3
圧巻,ヒット,0.852368,4
圧巻,非常,0.85223,5
粘膜,膝,0.907963,1
粘膜,耳,0.904935,2
粘膜,頭皮,0.903929,3
粘膜,手足,0.901146,4
粘膜,顎,0.900136,5
放る,推す,0.964293,1
放る,引っ張る,0.942417,2
放る,投げる,0.930515,3
放る,押す,0.927698,4
放る,下りる,0.927226,5
悪影響,有害,0.970737,1
悪影響,妨害,0.968913,2
悪影響,損なう,0.964076,3
悪影響,汚れる,0.963482,4
悪影響,不良,0.963398,5
格納,保管,0.982671,1
格納,敷地,0.962862,2
格納,記録,0.959797,3
格納,固定,0.953546,4
格納,定額,0.952155,5
ユニセックス,韓国語,0.659931,1
ユニセックス,圏,0.659403,2
ユニセックス,新品,0.641419,3
ユニセックス,新しい,0.639401,4
ユニセックス,CSS,0.616999,5
兼ね備える,支持,0.966161,1
兼ね備える,正解,0.964422,2
兼ね備える,解決,0.963232,3
兼ね備える,提供,0.960472,4
兼ね備える,解析,0.954591,5
愛媛県,愛媛,0.995881,1
愛媛県,香川,0.977788,2
愛媛県,高知,0.973408,3
愛媛県,湘南,0.972515,4
愛媛県,沖縄県,0.968013,5
振る舞う,言動,0.963409,1
振る舞う,動詞,0.962594,2
振る舞う,行為,0.96195,3
振る舞う,起こす,0.959694,4
振る舞う,関わる,0.957418,5
激,勢,0.913288,1
激,増,0.900442,2
激,増加,0.898061,3
激,発揮,0.897315,4
激,速,0.890613,5
シン,ラ,0.993391,1
シン,ア,0.991516,2
シン,博,0.989641,3
シン,イ,0.989277,4
シン,特,0.989257,5
密か,単独,0.936464,1
密か,プライベート,0.894504,2
密か,秘める,0.891672,3
密か,潜む,0.890777,4
密か,独自,0.880987,5
斬新,新型,0.866584,1
斬新,革新,0.84879,2
斬新,最先端,0.756297,3
斬新,新規,0.746445,4
斬新,SF,0.741919,5
青色,ブルー,0.98739,1
青色,青い,0.982815,2
青色,白色,0.943688,3
青色,アクア,0.941351,4
青色,白い,0.926361,5
注力,練る,0.966877,1
注力,決意,0.948695,2
注力,スタミナ,0.945413,3
注力,使い熟す,0.936762,4
注力,決断,0.936365,5
唯々,随分,0.932684,1
唯々,叶える,0.91565,2
唯々,ねん,0.913719,3
唯々,中々,0.910671,4
唯々,果たして,0.910417,5
美容院,美容室,0.99294,1
美容院,サロン,0.96203,2
美容院,美容師,0.956885,3
美容院,ダイニング,0.916523,4
美容院,楽器,0.903383,5
申し出,要請,0.96753,1
申し出,依頼,0.960958,2
申し出,入会,0.955519,3
申し出,返信,0.952798,4
申し出,員,0.951999,5
原価,見積もり,0.957336,1
原価,請求書,0.957027,2
原価,値段,0.948504,3
原価,換算,0.94391,4
原価,記録,0.93949,5
守,了承,0.970043,1
守,守る,0.966156,2
守,確か,0.965485,3
守,確り,0.964635,4
守,据える,0.963858,5
入学式,卒業式,0.970914,1
入学式,発表会,0.952131,2
入学式,提携,0.933698,3
入学式,説明会,0.933287,4
入学式,開通,0.931214,5
免責,免除,0.93686,1
免責,修了,0.920031,2
免責,戻す,0.911842,3
免責,取り消し,0.904863,4
免責,税抜き,0.901206,5
私的,個人的,0.967161,1
私的,内側,0.936876,2
私的,個別,0.936001,3
私的,御自分,0.929242,4
私的,私,0.927659,5
廻,経,0.980867,1
廻,大野,0.969754,2
廻,圭,0.968592,3
廻,巻,0.964798,4
廻,伝,0.96435,5
喫茶店,カフェ,0.992916,1
喫茶店,レストラン,0.95098,2
喫茶店,ベーカリー,0.948595,3
喫茶店,ダイニング,0.94673,4
喫茶店,喫茶,0.946428,5
連勝,勝つ,0.938744,1
連勝,勝利,0.921158,2
連勝,勝ち,0.919213,3
連勝,応援,0.912866,4
連勝,優勝,0.903529,5
暗示,気配,0.867729,1
暗示,合間,0.865846,2
暗示,周辺,0.86544,3
暗示,映る,0.863356,4
暗示,中々,0.85755,5
bts,ジャニーズ,0.942079,1
bts,乃木坂,0.927118,2
bts,六本木,0.914218,3
bts,上海,0.91019,4
bts,ヒット,0.90878,5
募る,再開,0.91519,1
募る,出場,0.910124,2
募る,巡回,0.907746,3
募る,声掛け,0.906503,4
募る,交換,0.899835,5
況して,現,0.953765,1
況して,都度,0.950844,2
況して,表れる,0.949789,3
況して,次第,0.949328,4
況して,沿う,0.947246,5
御中元,御節,0.95645,1
御中元,御参り,0.930391,2
御中元,年賀,0.890209,3
御中元,古里,0.888464,4
御中元,御迎え,0.884234,5
何時,いつ,0.966154,1
何時,同日,0.964754,2
何時,通行,0.957392,3
何時,時期,0.956777,4
何時,頻度,0.951611,5
属,項,0.976502,1
属,其の,0.973026,2
属,属性,0.970488,3
属,方面,0.970039,4
属,所,0.969281,5
失業,貧乏,0.905938,1
失業,停電,0.900674,2
失業,滞納,0.892021,3
失業,挫折,0.891684,4
失業,失敗,0.890931,5
サーチ,検索,0.980899,1
サーチ,輸送,0.943848,2
サーチ,求人情報,0.938008,3
サーチ,算出,0.925728,4
サーチ,働く,0.924859,5
競う,競争,0.952084,1
競う,対戦,0.921293,2
競う,アクション,0.890451,3
競う,ラリー,0.869909,4
競う,対決,0.868186,5
MS,GT,0.977501,1
MS,VS,0.974465,2
MS,NET,0.972409,3
MS,CS,0.972184,4
MS,MT,0.971706,5
南側,夕方,0.93263,1
南側,東南,0.924395,2
南側,浜,0.917808,3
南側,時半,0.915826,4
南側,南部,0.913275,5
乳酸菌,酵素,0.923846,1
乳酸菌,蛋白質,0.893271,2
乳酸菌,プロテイン,0.884,3
乳酸菌,酸素,0.883621,4
乳酸菌,大豆,0.879362,5
西川,岡崎,0.979964,1
西川,中川,0.973653,2
西川,上田,0.968217,3
西川,太田,0.966724,4
西川,中山,0.964889,5
疾病,疾患,0.993832,1
疾病,病気,0.985735,2
疾病,病,0.976051,3
疾病,怪我,0.937098,4
疾病,損害,0.932888,5
ぼ,すら,0.969823,1
ぼ,ぁ,0.960651,2
ぼ,ぐっ,0.957578,3
ぼ,下,0.956411,4
ぼ,いー,0.955716,5
怪獣,モンスター,0.954837,1
怪獣,爆発,0.881983,2
怪獣,魔王,0.878598,3
怪獣,極端,0.83446,4
怪獣,とんでも,0.827209,5
壮大,巨大,0.88528,1
壮大,峰,0.87016,2
壮大,大物,0.86341,3
壮大,無限,0.863184,4
壮大,スター,0.856149,5
ジョージ,ポール,0.978915,1
ジョージ,渡辺,0.975205,2
ジョージ,加藤,0.972409,3
ジョージ,李,0.971681,4
ジョージ,岡田,0.97135,5
割高,無理矢理,0.808758,1
割高,値上げ,0.807808,2
割高,違反,0.803997,3
割高,差別,0.801396,4
割高,侵害,0.800202,5
猿,アニマル,0.825346,1
猿,集まる,0.785485,2
猿,狐,0.773901,3
猿,夏場,0.773384,4
猿,動物,0.767196,5
オブジェ,オブジェクト,0.973257,1
オブジェ,物件,0.96895,2
オブジェ,物品,0.965805,3
オブジェ,文書,0.952238,4
オブジェ,敷地,0.951037,5
収束,連続,0.964677,1
収束,形成,0.957078,2
収束,結果的,0.948202,3
収束,周,0.945437,4
収束,集,0.944988,5
US,米国,0.967185,1
US,NY,0.963706,2
US,アメリカ,0.962939,3
US,日米,0.957942,4
US,中国,0.956425,5
治癒,ヒーリング,0.982729,1
治癒,養生,0.974632,2
治癒,親子,0.957022,3
治癒,母子,0.956657,4
治癒,希望,0.949214,5
レーダー,サーバー,0.936617,1
レーダー,工業,0.934587,2
レーダー,建設,0.93274,3
レーダー,産業,0.931294,4
レーダー,製造業,0.930856,5
スターバックス,スタバ,0.982904,1
スターバックス,フジテレビ,0.931055,2
スターバックス,アディダス,0.927751,3
スターバックス,大阪市,0.924439,4
スターバックス,デパート,0.922962,5
眩しい,極端,0.824565,1
眩しい,突然,0.795281,2
眩しい,激しい,0.76291,3
眩しい,急激,0.753277,4
眩しい,とんでも,0.746709,5
芸能界,芸能,0.947641,1
芸能界,ハリウッド,0.9338,2
芸能界,芸能人,0.925304,3
芸能界,都会,0.907877,4
芸能界,ショー,0.898614,5
レイ,オン,0.936583,1
レイ,ブラ,0.935789,2
レイ,スレ,0.932631,3
レイ,トライ,0.920273,4
レイ,紐,0.919847,5
集約,総,0.950996,1
集約,セントラル,0.95025,2
集約,外構,0.947576,3
集約,連邦,0.945657,4
集約,スケール,0.937873,5
飯田,佐野,0.978074,1
飯田,境内,0.957785,2
飯田,歴,0.95045,3
飯田,相変わらず,0.948139,4
飯田,証,0.947991,5
ロース,箇月,0.959741,1
ロース,基,0.957022,2
ロース,センチ,0.95504,3
ロース,ねん,0.95253,4
ロース,回,0.951455,5
ブラインド,グローブ,0.949779,1
ブラインド,シンク,0.922404,2
ブラインド,ポーチ,0.92121,3
ブラインド,カーテン,0.91763,4
ブラインド,置き物,0.916965,5
作詞,ライティング,0.939031,1
作詞,歌詞,0.908176,2
作詞,小説,0.907154,3
作詞,表現,0.906431,4
作詞,描く,0.901815,5
電気代,課金,0.946458,1
電気代,交通費,0.920004,2
電気代,保険料,0.910689,3
電気代,リース,0.910208,4
電気代,荷物,0.901209,5
吐き気,痺れ,0.952921,1
吐き気,痛む,0.952337,2
吐き気,傷,0.949674,3
吐き気,下痢,0.949661,4
吐き気,肩凝り,0.947291,5
渋い,臭い,0.920633,1
渋い,臭,0.913595,2
渋い,きつい,0.897179,3
渋い,口臭,0.891393,4
渋い,しつこい,0.890595,5
着替える,着脱,0.962581,1
着替える,着る,0.961675,2
着替える,拭く,0.952513,3
着替える,飲む,0.95209,4
着替える,試着,0.945621,5
盛岡,宮城,0.982508,1
盛岡,岐阜,0.97604,2
盛岡,水戸,0.971053,3
盛岡,石川,0.96883,4
盛岡,宮城県,0.968773,5
何者,誰,0.980112,1
何者,主体,0.979195,2
何者,項,0.977796,3
何者,者,0.971547,4
何者,指,0.971244,5
余地,雰囲気,0.916759,1
余地,眺め,0.903204,2
余地,休み,0.901309,3
余地,眺める,0.896092,4
余地,過ごす,0.892895,5
OP,t,0.996134,1
OP,f,0.994421,2
OP,k,0.994129,3
OP,j,0.994044,4
OP,v,0.99372,5
最寄り駅,リスト,0.929047,1
最寄り駅,日付け,0.927341,2
最寄り駅,パーセント,0.925324,3
最寄り駅,一覧表,0.91932,4
最寄り駅,日時,0.912344,5
たこ,鴨,0.909714,1
たこ,豚,0.867414,2
たこ,アニマル,0.859664,3
たこ,蟹,0.858683,4
たこ,水曜,0.839541,5
主題,テーマ,0.992268,1
主題,題材,0.990247,2
主題,概要,0.987307,3
主題,トピック,0.984057,4
主題,種類,0.977631,5
代表取締役,理事長,0.964598,1
代表取締役,校長,0.951442,2
代表取締役,部長,0.942585,3
代表取締役,長官,0.941822,4
代表取締役,主任,0.940952,5
着信,リクエスト,0.949884,1
着信,要望,0.944372,2
着信,払う,0.9373,3
着信,回数,0.926072,4
着信,付ける,0.925257,5
アッシュ,冷え,0.957201,1
アッシュ,凍る,0.940711,2
アッシュ,陰,0.93117,3
アッシュ,影,0.927396,4
アッシュ,冷える,0.926258,5
蚊,害虫,0.945177,1
蚊,虫,0.922835,2
蚊,鼠,0.907826,3
蚊,吐く,0.902144,4
蚊,感染者,0.896305,5
水洗い,ウォッシュ,0.957243,1
水洗い,洗面,0.956013,2
水洗い,乾かす,0.941347,3
水洗い,洗顔,0.938712,4
水洗い,洗う,0.936085,5
キングダム,中華,0.929901,1
キングダム,大社,0.929877,2
キングダム,グランド,0.914483,3
キングダム,中国,0.912236,4
キングダム,復興,0.89947,5
彼奴,奴,0.970648,1
彼奴,此奴,0.899057,2
彼奴,嫌,0.882546,3
彼奴,おっ,0.872053,4
彼奴,ムラ,0.862746,5
救済,恩恵,0.943774,1
救済,育む,0.943296,2
救済,治癒,0.940074,3
救済,援助,0.940062,4
救済,救う,0.931926,5
コースター,プルオーバー,0.839619,1
コースター,過,0.805821,2
コースター,次々,0.776456,3
コースター,打ち,0.769542,4
コースター,パーカ,0.761728,5
亮,勝,0.943569,1
亮,すすめ,0.938857,2
亮,ベスト,0.935711,3
亮,好評,0.934154,4
亮,増進,0.933377,5
前走,踏み出す,0.98224,1
前走,立ち上がる,0.971674,2
前走,上る,0.954506,3
前走,ラン,0.952048,4
前走,進む,0.943183,5
厚,厚い,0.989606,1
厚,蓄積,0.933737,2
厚,長,0.927911,3
厚,占う,0.926162,4
厚,岳,0.921958,5
名簿,ストア,0.938408,1
名簿,テンプレート,0.937524,2
名簿,天板,0.935803,3
名簿,ベンチ,0.932521,4
名簿,ラック,0.932495,5
偶,ぽい,0.925173,1
偶,ぼ,0.88293,2
偶,乍ら,0.879165,3
偶,ぁ,0.878849,4
偶,緩む,0.877227,5
茶葉,茶,0.981597,1
茶葉,緑茶,0.967468,2
茶葉,抹茶,0.959715,3
茶葉,乳,0.941824,4
茶葉,ティー,0.941321,5
留学生,大学生,0.84765,1
留学生,留学,0.842931,2
留学生,インターンシップ,0.835504,3
留学生,進学,0.824347,4
留学生,受験生,0.815326,5
地道,郷土,0.947615,1
地道,本音,0.917588,2
地道,郷,0.917332,3
地道,御礼,0.916437,4
地道,伝統的,0.90697,5
助,取り入れる,0.971515,1
助,支持,0.968852,2
助,勧め,0.964571,3
助,使用,0.962959,4
助,助ける,0.962015,5
パイナップル,オレンジ,0.957322,1
パイナップル,バナナ,0.939907,2
パイナップル,トマト,0.938185,3
パイナップル,桃,0.93774,4
パイナップル,ココナッツ,0.932342,5
花屋,ベーカリー,0.922262,1
花屋,美容室,0.899881,2
花屋,程良い,0.895461,3
花屋,美容院,0.887608,4
花屋,料理,0.88536,5
ウォーズ,戦闘,0.91672,1
ウォーズ,バトル,0.91348,2
ウォーズ,戦い,0.910601,3
ウォーズ,合戦,0.890645,4
ウォーズ,戦,0.886204,5
断食,耐える,0.837509,1
断食,背,0.833226,2
断食,歯,0.827037,3
断食,じっと,0.82107,4
断食,宿題,0.819026,5
北区,大宮,0.955136,1
北区,中央,0.950546,2
北区,兵庫,0.944567,3
北区,沿線,0.943693,4
北区,全体,0.94116,5
隙,隙間,0.986931,1
隙,落ち,0.93303,2
隙,アンダー,0.915003,3
隙,未,0.906378,4
隙,弱る,0.899924,5
仕舞い,仕舞う,0.956596,1
仕舞い,和装,0.948611,2
仕舞い,振り袖,0.901548,3
仕舞い,クラウン,0.890961,4
仕舞い,御数,0.884426,5
抗体,免疫,0.921276,1
抗体,バイオ,0.88615,2
抗体,プロテイン,0.878677,3
抗体,神経,0.86108,4
抗体,蛋白質,0.860748,5
セーフティー,安全,0.980854,1
セーフティー,安全性,0.973841,2
セーフティー,保障,0.967075,3
セーフティー,保証,0.951893,4
セーフティー,セーブ,0.948303,5
仕切り,ボックス,0.967666,1
仕切り,箱,0.966851,2
仕切り,番地,0.963741,3
仕切り,瓶,0.957602,4
仕切り,ZIP,0.954817,5
エナジー,活性,0.936231,1
エナジー,意欲,0.931506,2
エナジー,積極,0.925015,3
エナジー,活性化,0.924571,4
エナジー,発揮,0.921909,5
茶色,ベージュ,0.969316,1
茶色,地上,0.946513,2
茶色,常,0.943015,3
茶色,当たり前,0.939572,4
茶色,いらっしゃる,0.937838,5
ジブリ,名曲,0.880931,1
ジブリ,名作,0.855656,2
ジブリ,宮崎,0.849207,3
ジブリ,ハワイ,0.840913,4
ジブリ,傑作,0.839987,5
ブレス,目覚める,0.973324,1
ブレス,抱える,0.962688,2
ブレス,起きる,0.962033,3
ブレス,抱く,0.955602,4
ブレス,片手,0.950263,5
容疑者,犯人,0.901946,1
容疑者,容疑,0.897346,2
容疑者,嘘,0.820419,3
容疑者,敵,0.814907,4
容疑者,覗く,0.808208,5
使い分け,用語,0.968981,1
使い分け,使い分ける,0.965094,2
使い分け,言い方,0.964124,3
使い分け,員,0.958006,4
使い分け,メンバー,0.955997,5
岬,満月,0.915094,1
岬,丘,0.893663,2
岬,バレー,0.883764,3
岬,山口,0.883345,4
岬,瀬戸,0.87873,5
煮込む,煮,0.984238,1
煮込む,煮る,0.983114,2
煮込む,炊く,0.937704,3
煮込む,茹でる,0.90643,4
煮込む,加熱,0.893569,5
判別,表明,0.975501,1
判別,判断,0.972084,2
判別,適用,0.967136,3
判別,準ずる,0.963462,4
判別,定める,0.963188,5
コープ,FC,0.971565,1
コープ,当社,0.961331,2
コープ,策,0.946762,3
コープ,提携,0.944937,4
コープ,インター,0.942939,5
めでたい,歓迎,0.943306,1
めでたい,祝い,0.925993,2
めでたい,スマイル,0.920621,3
めでたい,ハッピー,0.918933,4
めでたい,祝う,0.917313,5
役場,役所,0.986899,1
役場,労働省,0.931647,2
役場,行政,0.913439,3
役場,庁,0.90196,4
役場,市役所,0.895909,5
ロッテ,スターバックス,0.918391,1
ロッテ,オファー,0.9162,2
ロッテ,スタバ,0.913719,3
ロッテ,サントリー,0.907352,4
ロッテ,日産,0.90637,5
ビーム,部隊,0.863572,1
ビーム,電,0.861714,2
ビーム,シャフト,0.861185,3
ビーム,トラック,0.854401,4
ビーム,海軍,0.852968,5
飛び込む,飛び出す,0.94775,1
飛び込む,ジャンプ,0.931959,2
飛び込む,飛ばす,0.911218,3
飛び込む,キック,0.884329,4
飛び込む,弾く,0.871521,5
御当地,郷土,0.938507,1
御当地,茶色,0.918029,2
御当地,当たり前,0.917641,3
御当地,境内,0.917404,4
御当地,地元,0.912982,5
粥,素麺,0.961244,1
粥,そば,0.944098,2
粥,甘酒,0.941943,3
粥,フェルト,0.941126,4
粥,団子,0.941048,5
火傷,痛み,0.915285,1
火傷,熱中,0.915002,2
火傷,熱中症,0.9117,3
火傷,危険性,0.899486,4
火傷,炎症,0.895994,5
文具,ペン,0.979649,1
文具,筆,0.974888,2
文具,ボールペン,0.967895,3
文具,手帳,0.96058,4
文具,シューズ,0.958,5
マイ,み,0.97913,1
マイ,付き,0.975629,2
マイ,き,0.973862,3
マイ,l,0.973724,4
マイ,準,0.973112,5
