concept,pleasant,strong,active,familiar,safe,warm,simple,natural,valuable,beautiful,large,common,intelligent,modern,social,honest,reliable,fair,healthy,clean,orderly,useful,creative,serious,calm,hopeful,personal,stable,expensive,powerful
猫,0.9584993124008179,-0.5573747754096985,0.7327685356140137,1.0764193534851074,1.461723804473877,1.3474078178405762,1.5491347312927246,2.573702812194824,0.7931957840919495,1.3600244522094727,-1.6448055505752563,2.3630313873291016,0.7884666919708252,0.44444477558135986,-0.5678341388702393,0.4398270845413208,-0.5627065300941467,0.2861423194408417,1.0805785655975342,0.6492063403129578,0.2810412645339966,-0.3202967345714569,-0.18617257475852966,0.0420483835041523,1.6753259897232056,0.09984446316957474,0.13418588042259216,1.377327799797058,-0.34624436497688293,-0.4049687683582306
犬,1.3360873460769653,0.3147387206554413,1.2836006879806519,1.7213027477264404,1.640224575996399,1.5192437171936035,1.6799079179763794,2.5230355262756348,1.3319287300109863,0.9013838171958923,-0.6214213967323303,2.5467476844787598,0.2870320975780487,0.4622803032398224,1.5473533868789673,1.074590802192688,0.9204742908477783,0.3239035904407501,1.0015830993652344,0.36364516615867615,0.3900659680366516,0.9998459219932556,-0.5550156235694885,0.3711432218551636,1.4523340463638306,0.46331286430358887,0.6023299098014832,1.532166600227356,-0.486979216337204,0.6684360504150391
馬,0.47883155941963196,1.3397120237350464,0.7305409908294678,1.039755940437317,1.033776879310608,0.7955188751220703,1.454714059829712,2.519151210784912,0.5664964914321899,1.0089412927627563,1.12582266330719,1.7732492685317993,-0.1693868786096573,-1.4618700742721558,0.17080993950366974,0.8046606779098511,0.26832085847854614,0.19272910058498383,1.075214147567749,0.6472950577735901,0.5304352045059204,0.4081069827079773,-0.8151445388793945,0.5800155997276306,1.374016284942627,0.21909953653812408,-0.06110271438956261,1.4112566709518433,0.4238249957561493,1.724216341972351
鳥,0.4046739637851715,-0.5091937780380249,1.4805347919464111,1.1089435815811157,0.8287264108657837,-0.2583709955215454,1.3636839389801025,2.5729494094848633,0.0743621438741684,1.0962073802947998,-1.2891429662704468,1.9725903272628784,-0.033938825130462646,-0.5481950044631958,-0.12079954892396927,0.5306262969970703,-0.1798618733882904,0.18652555346488953,0.9438675045967102,0.7744573950767517,0.32128527760505676,-0.012437901459634304,-0.2458043396472931,0.15250931680202484,1.2010432481765747,0.4567505121231079,-0.9098113179206848,0.12006863206624985,-0.5581480860710144,0.14701205492019653
魚,0.3414703905582428,-0.8471867442131042,0.5037631392478943,0.9494246244430542,0.9791390895843506,-1.2065534591674805,1.3687365055084229,2.4296529293060303,0.016214920207858086,0.37691283226013184,-0.8535069823265076,2.138946533203125,-0.577319860458374,-0.12439718842506409,-0.4457499384880066,0.21887090802192688,-0.31887751817703247,0.14515885710716248,1.6758391857147217,0.4452076256275177,0.20293259620666504,0.5560561418533325,-0.6781841516494751,0.09730048477649689,0.8576070666313171,0.017202887684106827,-1.0607497692108154,0.8612353801727295,-0.777462899684906,-0.4976385235786438
花,1.8446927070617676,-0.5511212348937988,-1.2648396492004395,1.6851379871368408,1.3621946573257446,0.1059696152806282,1.491148829460144,2.4436633586883545,0.7983121275901794,1.9403116703033447,-0.40844908356666565,1.826346516609192,-0.030977759510278702,-0.4263661503791809,-0.2822796106338501,0.6363456845283508,0.23244749009609222,0.22675393521785736,1.738406777381897,1.5013149976730347,0.5428566336631775,0.2587486803531647,0.2046758383512497,0.2207416296005249,1.5582756996154785,1.4422308206558228,0.30493423342704773,1.2019017934799194,-0.4490591585636139,-0.30658021569252014
木,0.4138855040073395,0.7253900170326233,-1.6974446773529053,0.9142574667930603,1.3152836561203003,0.4233851730823517,1.2748167514801025,2.482466697692871,1.176427960395813,0.8718717694282532,0.9302599430084229,2.2166354656219482,0.04722223058342934,-0.8585891127586365,-0.7755515575408936,0.9542225003242493,0.8655099868774414,0.2969934046268463,1.6522119045257568,0.894716739654541,0.7890353798866272,2.083850860595703,-0.6009570360183716,0.8641330599784851,1.182492733001709,0.5958132147789001,-0.37762802839279175,2.0886247158050537,-0.19028185307979584,1.5787276029586792
山,0.32865050435066223,0.8315227627754211,-1.5772426128387451,0.21339315176010132,0.11890802532434464,-1.4979979991912842,1.0609080791473389,2.7192366123199463,0.4023016393184662,1.3173688650131226,1.8873538970947266,1.7345190048217773,0.04577866196632385,-1.122828483581543,-1.6538445949554443,0.46368643641471863,0.4353106617927551,0.2152189314365387,0.6645550727844238,0.7711048722267151,0.579619288444519,0.771950364112854,-0.7633553147315979,1.1506125926971436,0.8452755808830261,0.326351523399353,-1.525141716003418,1.895744800567627,-0.04176512733101845,1.7505426406860352
海,0.430583119392395,0.9008562564849854,0.4168725311756134,0.7591030597686768,0.0485655814409256,-0.7571666836738586,0.4124135971069336,2.6734778881073,0.7505313158035278,1.4267219305038452,2.5898070335388184,2.1249096393585205,0.33611154556274414,-0.2591478228569031,-0.5298767685890198,0.32043302059173584,0.3344423770904541,0.3365032374858856,0.9928454160690308,0.8530749678611755,-0.2828635573387146,1.2427092790603638,-0.309346079826355,0.8204067349433899,0.7739762663841248,0.32575884461402893,-1.9157719612121582,1.7992035150527954,-0.2299255132675171,1.9870625734329224
川,0.30576035380363464,0.21464133262634277,0.11920542269945145,1.0189416408538818,0.3357760012149811,-0.5769839286804199,1.07803213596344,2.586359977722168,-0.004049716982990503,0.9121395945549011,0.6241635084152222,2.1750049591064453,0.12698417901992798,-0.7014113068580627,-0.386260062456131,0.39916107058525085,0.19287797808647156,0.25473302602767944,0.5029540657997131,0.2900031805038452,0.5739879608154297,1.3517175912857056,-0.4516565799713135,0.8946335315704346,1.0304503440856934,0.2940095365047455,-1.7459481954574585,1.4674466848373413,-0.4259779751300812,1.5160095691680908
雨,-0.9053089022636414,-0.47086286544799805,0.7112587690353394,0.6269087195396423,0.37716519832611084,-1.6556023359298706,1.7280278205871582,2.644878625869751,-1.0843164920806885,0.3057296872138977,0.236772358417511,2.374966621398926,-0.2589232623577118,-0.14539217948913574,-0.4797179400920868,0.08491626381874084,-0.8359781503677368,-0.09660816937685013,0.08047401905059814,0.363328754901886,-0.302773118019104,-0.6460404992103577,-0.5135201215744019,0.8400506973266602,0.6928430199623108,-0.21827217936515808,-1.5022882223129272,-0.861555814743042,-0.5134360790252686,0.35741665959358215
雪,-0.7250905632972717,-0.30143794417381287,-1.939658761024475,-0.1584499180316925,-0.019502930343151093,-2.7053143978118896,1.461739182472229,2.5573437213897705,-0.9449138641357422,1.1331325769424438,0.6487651467323303,0.44271543622016907,-0.2667212188243866,-0.854482114315033,-1.5165212154388428,0.09174160659313202,-0.866140604019165,-0.04397362843155861,-0.24430689215660095,1.3849040269851685,0.4533390700817108,-1.382736325263977,-0.592313289642334,0.8553308844566345,0.8855157494544983,-0.03605007752776146,-1.3944929838180542,-0.6132645606994629,-0.5653343200683594,-0.5074506998062134
太陽,1.3022345304489136,2.2573912143707275,1.4660130739212036,1.3690686225891113,1.165650725364685,2.287893056869507,1.5443307161331177,2.7417800426483154,2.0081655979156494,1.535478115081787,2.4768519401550293,2.252753257751465,0.6141594648361206,-0.4702448546886444,-0.9500100016593933,1.0151984691619873,1.7206337451934814,0.5005180239677429,1.5534955263137817,1.486750841140747,1.2922407388687134,2.418367862701416,-0.3761235475540161,1.115850567817688,0.8247312307357788,1.8020884990692139,-2.068885087966919,2.228278160095215,-0.3688710033893585,2.298396587371826
月,-0.021971022710204124,-0.09893887490034103,-1.5852327346801758,0.031735263764858246,0.5569252967834473,-1.7105880975723267,1.239890217781067,2.5998764038085938,0.13050715625286102,0.9821982979774475,1.5578383207321167,1.8231759071350098,0.11086244881153107,-0.519719660282135,-1.5821201801300049,0.32675138115882874,0.020921282470226288,0.2901916801929474,0.028421597555279732,0.5174918174743652,0.8784177303314209,0.39326557517051697,-0.45440956950187683,0.4081268906593323,0.963354766368866,0.41772207617759705,-1.6946837902069092,1.8356785774230957,-0.08539111912250519,0.8734612464904785
星,0.11091256141662598,1.2214680910110474,-0.8608221411705017,-0.663361132144928,0.37070026993751526,-1.0462381839752197,0.6963106989860535,2.549004316329956,0.6275761127471924,1.411008596420288,1.6354695558547974,-0.0412740595638752,0.29454895853996277,-0.4809909760951996,-1.6417919397354126,0.499748170375824,0.3593541383743286,0.23185251653194427,0.029429633170366287,0.632084846496582,0.7766780853271484,0.3219216763973236,-0.28651198744773865,0.43432554602622986,0.7099922895431519,0.8125479817390442,-1.514015793800354,1.7686586380004883,0.531841516494751,1.6078797578811646
家,1.4447224140167236,0.27812862396240234,-1.1207574605941772,1.6989178657531738,2.1863327026367188,1.5627868175506592,1.4489690065383911,1.278696060180664,2.2751264572143555,0.382880300283432,0.15305273234844208,2.3141748905181885,-0.008750207722187042,0.42315664887428284,-0.4402998089790344,0.9377884864807129,1.8080915212631226,0.3855322301387787,0.9146339893341064,0.7655715942382812,0.9993687272071838,2.4185078144073486,-0.7022835612297058,1.1481825113296509,1.5474109649658203,0.692331850528717,2.1463236808776855,2.1061103343963623,0.0957631766796112,0.20921018719673157
学校,0.17836788296699524,0.10217461735010147,1.0730572938919067,0.8204371929168701,1.582718014717102,0.427506685256958,0.7542537450790405,-1.3344690799713135,1.8280706405639648,0.1867413967847824,1.1139276027679443,2.3396222591400146,1.0547224283218384,0.6196147799491882,1.5190762281417847,0.959498941898346,1.3337171077728271,0.6089004278182983,0.44804561138153076,0.8082216382026672,1.340857982635498,2.210179567337036,-0.7194488048553467,1.6233104467391968,1.2562874555587769,0.9119334816932678,-1.6695220470428467,1.873055338859558,0.17595835030078888,0.3420898914337158
病院,-1.4065910577774048,0.2591446340084076,1.320683240890503,-0.4990413784980774,1.2488211393356323,-0.9012599587440491,-0.37762901186943054,-1.729127049446106,1.244847297668457,-0.5004401803016663,1.6403104066848755,2.137662410736084,0.6580483317375183,1.0950592756271362,-0.7972376346588135,0.9111146330833435,1.4838457107543945,0.30478590726852417,0.01410622987896204,1.5033783912658691,1.1517417430877686,2.3001770973205566,-1.3155837059020996,1.9106258153915405,1.0990161895751953,0.35075893998146057,-1.8196325302124023,1.646064043045044,1.6874066591262817,0.45155763626098633
会社,-0.02696041762828827,0.4466574788093567,1.0194149017333984,0.060007382184267044,0.9485450387001038,-0.3119545578956604,-0.0037285122089087963,-1.1088131666183472,0.7745521664619446,0.038275010883808136,0.8861357569694519,2.077633857727051,0.39826083183288574,0.9520513415336609,0.6954348683357239,0.38924938440322876,0.7266765236854553,0.3079126179218292,0.010170026682317257,0.40151533484458923,1.0908145904541016,1.2686982154846191,-0.6895800828933716,1.4180539846420288,0.7734247446060181,0.17591147124767303,-1.6135492324829102,1.550349235534668,0.1368841528892517,1.0201804637908936
駅,-0.18474529683589935,0.17807403206825256,1.2220326662063599,0.25545457005500793,1.2457329034805298,-0.8800143599510193,0.5333738923072815,-1.6914963722229004,0.6570991277694702,0.01972506381571293,0.9420436024665833,2.315277576446533,0.013417789712548256,0.7556060552597046,1.0223746299743652,0.4419541656970978,1.0957757234573364,0.30231422185897827,-0.1447000503540039,0.5759549140930176,1.0203206539154053,2.3301916122436523,-0.814010500907898,1.242387294769287,0.6147943735122681,0.08515140414237976,-2.1914258003234863,1.7738418579101562,-0.019579866901040077,0.16915149986743927
本,0.1980435699224472,0.2917248010635376,-1.3417892456054688,0.49385103583335876,0.7964524030685425,0.026464566588401794,1.2031151056289673,0.5819674134254456,0.6139194369316101,0.37035977840423584,0.22801224887371063,1.7935435771942139,0.16982075572013855,-0.01195188332349062,-0.4658666253089905,0.6912336945533752,0.5027775168418884,0.3374822437763214,0.5681563019752502,0.7241399884223938,1.070124864578247,1.2342109680175781,-0.4283013343811035,0.8545230031013489,1.025445818901062,0.42234453558921814,0.5370429158210754,1.3995516300201416,0.07123202830553055,0.365280419588089
映画,0.5213742256164551,0.09605041891336441,0.5086827278137207,0.9010369777679443,1.0191330909729004,0.049669429659843445,0.29267263412475586,-1.4070234298706055,0.6390097737312317,0.31129470467567444,0.7878842353820801,1.6396938562393188,0.1847609430551529,0.770753800868988,0.12049456685781479,0.38256025314331055,0.3961685001850128,0.2970370650291443,-0.09810426831245422,0.48390576243400574,0.7819583415985107,0.48410898447036743,1.234691858291626,0.5160318613052368,0.6938093900680542,0.18965139985084534,-1.4062293767929077,1.1711875200271606,0.29953670501708984,0.5828850269317627
音楽,0.4528975784778595,0.049943264573812485,0.827552855014801,1.211408257484436,0.8968425989151001,0.38567936420440674,0.13075178861618042,0.15489211678504944,1.3108510971069336,0.5241264700889587,0.03551820293068886,1.7956706285476685,0.45938754081726074,0.31003060936927795,0.5295296311378479,0.38754114508628845,0.3544165790081024,0.24173520505428314,0.4094740152359009,0.7465999722480774,0.5666130781173706,0.6794549822807312,1.5107430219650269,0.5435649752616882,0.5558828115463257,0.23113203048706055,0.09894616901874542,0.8589661717414856,-0.12458402663469315,0.23644429445266724
料理,1.3466134071350098,-0.18381941318511963,1.2880098819732666,1.0080851316452026,0.8256683349609375,0.990720808506012,0.2709924876689911,0.9264378547668457,1.0369844436645508,0.43139293789863586,-0.07338253408670425,1.9009038209915161,0.3316670060157776,0.20660096406936646,0.4331936240196228,0.6621367335319519,0.774298906326294,0.3826834261417389,0.02595876343548298,0.5124830007553101,0.7640249133110046,1.882551908493042,0.34706175327301025,1.0552647113800049,0.6803562045097351,0.37665531039237976,0.7018885016441345,1.2688064575195312,-0.18375128507614136,-0.033842816948890686
旅行,1.1224613189697266,0.037688396871089935,1.5233798027038574,0.5974401831626892,0.5954588651657104,0.28037363290786743,0.5641342997550964,1.2204240560531616,1.3000524044036865,0.5116640329360962,0.794364333152771,1.7788678407669067,0.011439541354775429,1.2396748065948486,0.541104257106781,0.27395397424697876,0.4828946590423584,0.1655915230512619,0.11914601922035217,0.22570405900478363,0.5489047169685364,1.2842270135879517,-0.13595257699489594,0.6833289265632629,0.7905785441398621,0.9476958513259888,1.6234513521194458,0.5237188339233398,0.24032358825206757,0.022032445296645164
仕事,-0.3999500572681427,0.5422114133834839,1.4113104343414307,0.1710415482521057,0.8453062176704407,-0.7236905097961426,0.10439632833003998,-0.900054395198822,1.1064635515213013,-0.022420452907681465,0.5039268136024475,2.220074415206909,0.44469255208969116,1.3430815935134888,-0.01743702031672001,0.47016146779060364,0.5447813272476196,0.0654272735118866,-0.22178414463996887,0.23413850367069244,0.8496881127357483,1.6201187372207642,-0.7205001711845398,1.4111924171447754,0.7304916381835938,0.07196460664272308,-1.1492843627929688,0.9496184587478638,0.3669309616088867,0.24179156124591827
友達,1.2282962799072266,0.38228800892829895,0.3598044514656067,1.3762288093566895,1.631165862083435,1.5793954133987427,1.6109309196472168,1.9518884420394897,2.0289547443389893,0.08307260274887085,-0.06254453212022781,2.2085325717926025,0.08267559111118317,0.7119343876838684,1.5736820697784424,0.8227736353874207,1.0875440835952759,0.4670291244983673,0.8609491586685181,0.7137867212295532,0.44087234139442444,1.8369261026382446,-0.32192495465278625,0.6559718251228333,1.3819470405578613,0.6051551699638367,1.885819673538208,1.4034260511398315,-0.3410123586654663,0.04165465757250786
家族,0.8823204040527344,1.0760778188705444,0.2655947804450989,1.329330325126648,1.7520253658294678,1.8427417278289795,0.8234136700630188,2.244433641433716,2.3587112426757812,0.3096613585948944,0.7599803805351257,2.322566509246826,-0.024411914870142937,0.44743677973747253,0.7169591188430786,0.8531503677368164,1.4715408086776733,0.42012983560562134,1.0285069942474365,0.5272013545036316,0.8713618516921997,2.0757741928100586,-0.6097973585128784,1.134666085243225,1.3735829591751099,0.715230405330658,1.8856006860733032,1.6970748901367188,-0.02492322213947773,0.5377358198165894
先生,0.01885947957634926,0.6470871567726135,-0.3779180943965912,0.3801255524158478,1.2526520490646362,0.3502505123615265,1.189963936805725,1.3832871913909912,1.2782880067825317,0.01939057745039463,0.4033419191837311,1.9010447263717651,0.7723893523216248,0.2400026023387909,0.6272203922271729,1.01467764377594,1.3420085906982422,0.3595696985721588,0.1449584662914276,0.7925432324409485,0.9341921806335449,1.2728644609451294,-0.8331223130226135,1.4849064350128174,1.2870327234268188,0.15396393835544586,-0.6431102156639099,1.654666781425476,0.1052398681640625,0.48963233828544617
子ども,0.6277042627334595,-1.3571592569351196,1.153267502784729,1.347550630569458,0.43620020151138306,1.5002402067184448,1.4427825212478638,1.9861890077590942,2.4166595935821533,0.7742139101028442,-2.2975735664367676,2.1947848796844482,-0.07493129372596741,0.4501369297504425,0.8366802930831909,0.7914414405822754,-1.1720789670944214,0.3142412006855011,0.5973700881004333,0.2944180965423584,0.10748448222875595,1.1086182594299316,-0.11718841642141342,0.016929347068071365,1.3089301586151123,1.2903212308883667,0.8893712162971497,0.7222110629081726,0.23990267515182495,-1.1382195949554443
大人,-0.04638181999325752,0.6842150092124939,0.6686491966247559,0.37670934200286865,1.2184638977050781,0.1726631224155426,0.8994905948638916,1.8576793670654297,1.463597059249878,0.016768239438533783,1.096887230873108,2.202241897583008,0.5029147863388062,0.7129057049751282,0.7459829449653625,0.7152526378631592,1.103937029838562,0.5141001343727112,0.11744840443134308,0.5115997195243835,0.9416747689247131,1.069316029548645,-0.38923320174217224,1.0522537231445312,0.8881676197052002,0.2523331940174103,0.35876742005348206,1.6320159435272217,0.20667411386966705,0.6883602738380432
科学,0.07935816794633865,0.7671676278114319,1.3059920072555542,0.3668043613433838,0.39354047179222107,-0.35633882880210876,-0.3448638319969177,1.5348172187805176,1.9151241779327393,0.207346111536026,0.3458332121372223,1.3249545097351074,1.0894232988357544,1.1343110799789429,-0.3101033568382263,1.1416831016540527,1.6846762895584106,0.585345983505249,0.4650537669658661,0.4594053030014038,1.1991740465164185,2.0076920986175537,0.29238060116767883,1.6087027788162231,0.861724853515625,0.5009557008743286,-1.7778650522232056,1.6317143440246582,0.14829401671886444,1.154594898223877
技術,0.17535628378391266,0.8023834824562073,0.7178168892860413,0.35589125752449036,0.26904168725013733,-0.7646523118019104,-0.24729187786579132,-1.612290620803833,1.2023108005523682,0.0544869564473629,0.16934920847415924,1.6554287672042847,0.6790457367897034,1.497140884399414,-0.3424871265888214,0.5009438395500183,0.6880574226379395,0.3226867914199829,0.12783339619636536,0.4058390259742737,0.8453453779220581,1.897254467010498,0.16949525475502014,1.2192891836166382,0.591446578502655,0.22977086901664734,-1.0421589612960815,1.0673726797103882,0.24350982904434204,0.8164415955543518
人工知能,0.12108571827411652,-0.27531740069389343,1.5029104948043823,-0.09996860474348068,0.07227016240358353,-1.0627801418304443,-1.381363868713379,-0.9084355235099792,1.363547444343567,0.02305649034678936,1.4197793006896973,1.1260011196136475,0.8973838686943054,2.1878299713134766,-0.4206840395927429,0.3719679117202759,-0.0796755999326706,0.18702206015586853,0.10611509531736374,0.5285276770591736,0.7760971188545227,1.7713578939437866,0.6653366684913635,1.3170497417449951,0.7445014715194702,1.1096291542053223,-0.9446654319763184,0.8114138841629028,1.2089320421218872,1.4555021524429321
ロボット,0.003120395354926586,0.06504078209400177,1.334023118019104,-0.7571538090705872,0.011695053428411484,-1.542921781539917,-0.9259069561958313,-1.7688418626785278,0.36459487676620483,-0.3715954124927521,0.2904963493347168,0.15088479220867157,-0.08483918011188507,1.6038492918014526,-0.37753698229789734,0.1781814843416214,-0.40555277466773987,0.22547683119773865,-0.1297670602798462,0.8197117447853088,1.0494122505187988,0.8756618499755859,-0.2455904334783554,0.6656283736228943,0.6811608672142029,0.5285144448280334,-0.28339433670043945,0.993905246257782,1.5849896669387817,1.117507815361023
コンピュータ,0.13221648335456848,0.9177488088607788,0.4467250108718872,0.5345039963722229,0.5128985643386841,-1.247644305229187,-0.9581654667854309,-2.089554786682129,1.8984832763671875,-0.06772924959659576,0.7712202072143555,2.3844120502471924,0.7289866209030151,1.746312141418457,-0.8441518545150757,0.6448745131492615,1.1598423719406128,0.5021998882293701,-0.03233184665441513,0.6571939587593079,1.01832914352417,2.5865001678466797,-0.47058969736099243,1.1598721742630005,0.6833310127258301,0.23343698680400848,0.8276929259300232,1.752119541168213,0.8369295001029968,1.3238394260406494
スマートフォン,0.7725895047187805,0.3838765323162079,0.8412513136863708,1.9604183435440063,0.33305925130844116,-1.0971121788024902,-1.0843160152435303,-1.8756344318389893,2.232616901397705,0.17906847596168518,-1.4101382493972778,2.6423845291137695,0.9922878742218018,2.481330633163452,1.225226640701294,0.5204259753227234,0.9006885886192322,0.6307217478752136,-0.34049269556999207,0.47984039783477783,0.6524707078933716,2.656400203704834,0.153273805975914,0.7667087316513062,0.6736521124839783,0.3543769419193268,2.0804049968719482,1.505933165550232,0.9249329566955566,0.7303268909454346
インターネット,0.33670058846473694,1.263344407081604,2.115307092666626,0.8657441139221191,-0.14362147450447083,-0.8447799682617188,-1.1385747194290161,-1.815039038658142,1.954479694366455,0.0020249777007848024,2.4353771209716797,2.539310932159424,1.1037801504135132,2.264986753463745,1.206805944442749,0.3918292820453644,0.5903677344322205,0.4638631045818329,-0.0006914614350534976,0.13479067385196686,-0.6156911849975586,2.451389789581299,0.7723934650421143,1.2069525718688965,0.6938233971595764,0.7948667407035828,-1.5839916467666626,1.650943636894226,-0.7026963233947754,1.7399234771728516
お金,0.16643837094306946,0.8503699898719788,0.625641942024231,0.6423206329345703,0.3284038007259369,-1.4696848392486572,0.795082151889801,-1.3492389917373657,1.6622503995895386,-0.17610400915145874,0.3855867087841034,2.341038227081299,-0.15489046275615692,1.6630113124847412,0.5378009676933289,0.18067491054534912,0.23380731046199799,-0.1861523538827896,0.008814874105155468,0.11422761529684067,0.26598939299583435,2.1148793697357178,-0.6210991144180298,0.9877536296844482,0.5952159762382507,0.11110439151525497,1.1643147468566895,0.42495930194854736,-0.034455541521310806,1.4758578538894653
自由,0.5183631181716919,0.6409496068954468,0.6634530425071716,0.22375385463237762,0.2733537256717682,0.23574303090572357,0.9437898397445679,1.312024712562561,2.1349105834960938,0.32919538021087646,0.19492502510547638,1.4802680015563965,0.014510623179376125,0.9559471011161804,0.022791801020503044,0.5243399739265442,0.05806535482406616,0.23330479860305786,0.4833565950393677,0.4427015483379364,-0.32092297077178955,0.8405096530914307,0.6969958543777466,0.6304470896720886,0.6853076219558716,0.9169226884841919,1.4827429056167603,-0.2459486573934555,0.026349669322371483,0.5487756133079529
平和,0.494669646024704,-0.48541533946990967,-1.2855653762817383,0.6031859517097473,1.4636350870132446,0.26636916399002075,1.477278709411621,1.6211999654769897,2.1568522453308105,0.6693925857543945,0.14493435621261597,1.8452746868133545,0.08634517341852188,0.34519898891448975,0.09811848402023315,0.4175572395324707,0.528231143951416,0.29091447591781616,1.124341607093811,0.841835081577301,0.9783700108528137,1.6097424030303955,-0.2684319019317627,0.8516392707824707,1.8187016248703003,0.8247848749160767,-1.130578875541687,1.4056134223937988,-0.26048949360847473,-0.3501736521720886
戦争,-2.489783525466919,1.5474343299865723,2.085446357727051,-0.8953918814659119,-2.4929986000061035,-1.1965571641921997,-1.5095618963241577,-1.4025532007217407,-1.5509514808654785,-2.0931615829467773,1.8528399467468262,1.3114638328552246,-0.03333338722586632,0.748076319694519,-0.03881778195500374,-0.027388598769903183,-0.8982890248298645,-1.381476640701294,-2.4654135704040527,-1.9881130456924438,-1.349308967590332,-2.0022213459014893,-0.5934910178184509,1.6879860162734985,-2.090914487838745,-1.8029342889785767,-2.08597993850708,-1.949313759803772,1.6360349655151367,1.6713582277297974
希望,0.9789841771125793,0.21449469029903412,0.12786951661109924,0.8038503527641296,0.7159116864204407,1.338499903678894,1.801931381225586,1.7237303256988525,1.930875301361084,0.675169825553894,0.011490533128380775,1.7970244884490967,0.014873557724058628,0.23154759407043457,-0.11364251375198364,0.4159252941608429,0.10181330889463425,0.1379423886537552,1.4026821851730347,0.6982536911964417,0.29529672861099243,1.5229910612106323,0.12407038360834122,1.180912971496582,1.3239755630493164,1.3800395727157593,1.6898672580718994,0.32443350553512573,-0.33939915895462036,0.12223340570926666
不安,-2.144725799560547,-0.05403972417116165,0.9053131341934204,-0.9933462142944336,-0.9805463552474976,-0.9829949140548706,0.8540862798690796,1.5639512538909912,-1.1740351915359497,-0.533972442150116,0.1623280793428421,1.809463381767273,-0.43936479091644287,1.1496994495391846,-0.19285567104816437,-0.10412653535604477,-1.369840145111084,-0.2819478511810303,-1.239249587059021,-0.4984830319881439,-1.6250566244125366,-1.038554072380066,-0.42352229356765747,0.3823770582675934,-0.7665444016456604,-1.294360876083374,1.718306064605713,-1.9221454858779907,-0.23931631445884705,-0.9395782351493835
愛,1.7675427198410034,1.3235654830932617,0.25203412771224976,1.0444087982177734,0.9901630878448486,2.029951810836792,0.14876267313957214,1.8830695152282715,2.4130122661590576,1.583810806274414,0.8351590037345886,1.7738286256790161,0.24470318853855133,0.3457493185997009,0.23923443257808685,0.8687763810157776,0.4426177442073822,0.2447534203529358,1.3780312538146973,1.094543218612671,0.1985560804605484,1.4543386697769165,0.46623122692108154,1.4136403799057007,1.4810497760772705,1.1278165578842163,2.0824239253997803,1.2587270736694336,0.5499243140220642,0.826024055480957
怒り,-2.597951889038086,1.6438313722610474,1.3838824033737183,-0.8160161375999451,-0.9166890382766724,0.7424683570861816,1.211566686630249,2.090932607650757,-1.3610461950302124,-1.98896324634552,0.7555878162384033,2.1712446212768555,-0.4512718617916107,0.7793870568275452,-0.1370924711227417,-0.14934119582176208,-1.427618384361267,-1.4254354238510132,-1.749781847000122,-0.7838312983512878,-1.3015028238296509,-1.2545896768569946,-0.7389999032020569,0.8556099534034729,-1.8978530168533325,-1.2267494201660156,1.8732084035873413,-1.5928844213485718,-0.007248494308441877,1.2238138914108276
悲しみ,-2.490018367767334,0.46454277634620667,-1.1474487781524658,-0.03931965306401253,0.26004475355148315,-1.8267945051193237,1.1266093254089355,2.199413299560547,-1.625619888305664,-0.991335391998291,0.09986518323421478,2.086413621902466,-0.1825307160615921,0.3257494568824768,-1.3426053524017334,0.0927889496088028,-0.5532487034797668,-0.3273380994796753,-1.0275367498397827,-0.6687644720077515,-0.660791277885437,-1.342576265335083,-0.4587593972682953,1.6189323663711548,0.7795987725257874,-2.1774086952209473,1.9360978603363037,-0.10511631518602371,-0.20495152473449707,-0.8113093376159668
喜び,2.200486421585083,0.797181248664856,0.6171149015426636,1.1748106479644775,0.7493072748184204,1.8008276224136353,1.8825275897979736,1.8434451818466187,2.0268497467041016,1.349952220916748,0.2590639293193817,1.6391339302062988,-0.047259848564863205,0.6039037704467773,0.5374059677124023,0.04819905012845993,-0.11837649345397949,0.061218585819005966,0.5924325585365295,0.3675738275051117,0.511428713798523,0.963956892490387,0.08926383405923843,0.28394758701324463,1.1804927587509155,1.7055163383483887,1.8619418144226074,0.5754309296607971,-0.12543855607509613,0.3298484683036804
成功,1.5052443742752075,1.4684298038482666,0.7645366191864014,0.6842681169509888,0.7951014637947083,1.0883723497390747,0.5767728686332703,1.0121877193450928,2.2459702491760254,0.7026992440223694,1.1891467571258545,1.3338265419006348,0.5660547614097595,1.066872477531433,0.2971755862236023,0.7700477242469788,1.2819722890853882,0.3183889091014862,0.9147499799728394,0.8173360228538513,1.245142936706543,1.5974433422088623,-0.07174989581108093,1.031912922859192,0.8155877590179443,1.7738161087036133,1.2034790515899658,1.2553380727767944,0.5186246037483215,1.3157615661621094
失敗,-2.095539093017578,-0.48155471682548523,-0.2481798529624939,-0.5796062350273132,-0.7011013031005859,-1.2465248107910156,1.1718789339065552,1.0571105480194092,-1.9751222133636475,-1.6145715713500977,-0.7633330225944519,1.902931571006775,-0.41392210125923157,0.2502997815608978,-0.4663105309009552,-0.11941853910684586,-1.7203946113586426,-0.7271502017974854,-1.8241404294967651,-1.35137140750885,-1.4313368797302246,-1.7675977945327759,-0.9807748198509216,0.8138112425804138,0.09257848560810089,-1.6805781126022339,0.73432457447052,-1.608003854751587,-0.2234785407781601,-1.4198968410491943
未来,0.09095503389835358,0.41767194867134094,1.116654396057129,-0.4996697008609772,0.17617051303386688,-0.09197042137384415,-0.5066525340080261,0.1484137624502182,0.6174025535583496,0.19662372767925262,1.757197618484497,0.31715551018714905,0.4488711357116699,1.5882315635681152,0.07822544127702713,0.19821280241012573,0.04303324967622757,0.12017451971769333,0.17404328286647797,0.4636058807373047,0.3331913352012634,0.1357690691947937,1.2760125398635864,0.9623060822486877,0.7529948949813843,0.6834878921508789,-0.9594510197639465,0.04136605188250542,0.5647633671760559,0.5564656257629395
過去,-0.10264088213443756,-0.3760015666484833,-1.5062509775161743,0.045234084129333496,0.22587600350379944,-0.13700488209724426,0.7510424852371216,1.5684670209884644,-0.09022621810436249,0.017337698489427567,-0.058033138513565063,1.4707019329071045,-0.2166541963815689,-1.8346834182739258,-0.4407014548778534,0.23113930225372314,0.04875212162733078,0.04474138841032982,-0.20582635700702667,-0.09264262020587921,0.25259703397750854,-0.013672104105353355,-1.0636403560638428,0.6747640371322632,0.7805174589157104,-0.18232466280460358,-0.02394048683345318,0.987683117389679,-0.25972670316696167,-0.3150987923145294
現在,-0.011966172605752945,0.01363441813737154,0.4255596995353699,0.43302616477012634,0.42210066318511963,0.012119489721953869,0.9346927404403687,1.2333388328552246,-0.011936904862523079,0.03888128325343132,-0.0028667154256254435,1.7769746780395508,0.04429192468523979,1.3811454772949219,0.08361711353063583,0.3315185308456421,0.4397866427898407,0.23335281014442444,0.05732265114784241,0.2671244740486145,0.5927366018295288,0.34057366847991943,-0.296385258436203,0.5131105184555054,0.7426025867462158,0.10597491264343262,-0.8126334547996521,0.7037107944488525,-0.05684409663081169,0.008843434043228626
時間,-0.08004414290189743,0.24939796328544617,-0.11043861508369446,0.2262447327375412,0.14836370944976807,-0.2535012364387512,0.9451480507850647,1.9531391859054565,0.7821592092514038,0.06987439841032028,0.3026248812675476,2.2206838130950928,0.21414853632450104,0.406609445810318,-0.2153218388557434,0.17472302913665771,0.5429473519325256,0.19834162294864655,-0.020856712013483047,0.038097281008958817,0.8069812655448914,1.598037600517273,-0.43619823455810547,1.0028712749481201,0.5676488876342773,0.02227972261607647,-0.4133729636669159,1.200948715209961,-0.054238393902778625,0.02512340620160103
空間,-0.007997024804353714,-0.05091364309191704,-0.7400374412536621,0.05920012295246124,0.35810503363609314,-0.2723892331123352,0.5864995121955872,1.0488930940628052,-0.023801814764738083,0.06437784433364868,0.266838014125824,1.7730940580368042,0.01810598373413086,0.5831392407417297,-0.25814288854599,0.16838037967681885,0.36984896659851074,0.3450143039226532,0.15576477348804474,0.23863475024700165,0.45039302110671997,1.0974026918411255,-0.1835232377052307,0.5659558773040771,0.6111835241317749,-0.015258886851370335,-0.6969881653785706,0.9834092855453491,-0.1515072137117386,0.010305162519216537
世界,0.002962073776870966,0.191298708319664,-0.3315071761608124,0.2005203366279602,0.3592127859592438,-0.09372838586568832,-0.7984558343887329,1.9403653144836426,1.4045532941818237,0.29638415575027466,2.5190041065216064,1.849510908126831,0.697554349899292,0.4374035894870758,0.2627379298210144,0.4046587646007538,0.7371123433113098,0.4399149417877197,0.14122578501701355,0.2848574221134186,0.6469715237617493,0.8811880946159363,-0.07162592560052872,1.5237690210342407,0.5958433151245117,0.42293214797973633,-2.1637661457061768,1.4270527362823486,-0.0025753637310117483,1.3939253091812134
日本,0.3599913418292999,0.6050856113433838,1.08025324344635,0.6767380237579346,1.7204647064208984,0.24037304520606995,-0.2149873822927475,1.0838978290557861,1.57687509059906,1.2957066297531128,0.3608081638813019,1.5114437341690063,0.9291422963142395,1.0293880701065063,0.4717133939266205,1.1180386543273926,1.3704679012298584,0.5906122326850891,0.7575135827064514,1.9157321453094482,1.6535756587982178,1.22650146484375,-0.31678029894828796,1.3884432315826416,1.1854196786880493,0.7292696833610535,-1.6897298097610474,1.994441032409668,0.6767310500144958,0.8248041272163391
東京,0.6322141885757446,0.8950155377388,2.1708827018737793,0.9814509153366089,1.6817882061004639,-0.12377035617828369,-0.29347535967826843,0.13838902115821838,1.8127638101577759,1.4015437364578247,2.1375732421875,1.7140742540359497,1.4183403253555298,1.8400719165802002,2.000948905944824,0.6645091772079468,1.449035882949829,0.48274126648902893,0.23424509167671204,2.0239152908325195,1.6055989265441895,1.4532470703125,-0.0925695151090622,1.0482921600341797,0.9196639060974121,0.9101595282554626,-1.9097579717636108,2.1451447010040283,1.6432476043701172,1.5330711603164673
地域,-0.06558764725923538,-0.09384379535913467,-0.874129056930542,0.5011864304542542,0.3571043908596039,0.01548392977565527,1.0720750093460083,1.6266270875930786,-0.009605975821614265,0.03848794847726822,0.07423315197229385,1.5640696287155151,-0.15385502576828003,-0.0856231302022934,-0.04299330711364746,0.1409289836883545,0.22375541925430298,0.2732486426830292,0.048309311270713806,0.09260734170675278,0.6009078025817871,1.121462345123291,-0.6059125661849976,0.6566816568374634,0.7278143763542175,-0.04243452847003937,-1.470428705215454,1.1009713411331177,-0.18731790781021118,-0.06173044070601463
社会,-0.06197820603847504,0.6772437691688538,1.2460474967956543,0.2036411166191101,0.5226814150810242,0.23628012835979462,-1.0119612216949463,1.3900893926620483,1.266996145248413,0.047832291573286057,1.3097025156021118,2.0873055458068848,0.01728101819753647,1.1410154104232788,0.7265159487724304,0.2538836598396301,0.38929006457328796,0.1215645968914032,0.16035069525241852,0.13408681750297546,0.7896609902381897,1.05122971534729,-0.10465497523546219,0.8774283528327942,0.9465924501419067,0.18304845690727234,-1.797177791595459,0.9662010073661804,-0.0694684311747551,0.7645604610443115
文化,0.08377505838871002,0.5183907151222229,0.7641891241073608,0.5049362182617188,0.6202777028083801,0.5838606357574463,-0.2623245418071747,1.2928272485733032,1.2773939371109009,0.1252029985189438,0.22644029557704926,1.4196503162384033,0.29594314098358154,-0.04869237542152405,0.8105695247650146,0.2722533047199249,0.43152275681495667,0.30533695220947266,0.07166016101837158,0.14685340225696564,0.5876162052154541,0.5962138772010803,0.4438958168029785,0.7963652610778809,0.974385678768158,0.23327778279781342,-1.2587381601333618,1.3532955646514893,-0.01913643069565296,0.5005403161048889
歴史,-0.08566845208406448,0.2665806710720062,-0.7342024445533752,0.3598245084285736,0.4064400792121887,-0.3128155767917633,-0.5050791501998901,1.461305856704712,1.6509531736373901,0.057716626673936844,1.1720333099365234,1.465778112411499,0.5412766337394714,-1.3456523418426514,-0.13435184955596924,0.6077528595924377,0.7532023787498474,0.32097601890563965,-0.05605959892272949,0.05445502698421478,0.7466928958892822,1.2296136617660522,-0.9181445240974426,1.6110270023345947,0.754507303237915,0.17070434987545013,-1.9936223030090332,1.2258341312408447,-0.09037879854440689,0.6798900365829468
政治,-0.29678675532341003,0.5339297652244568,1.536602258682251,-0.2494034618139267,0.21578694880008698,-0.538985550403595,-1.3543726205825806,-0.6887592673301697,0.6154192090034485,-0.13219155371189117,1.414638876914978,1.6512458324432373,0.17154887318611145,1.205457091331482,0.4068310260772705,0.12264257669448853,0.026624511927366257,0.09687972813844681,-0.21747389435768127,-0.05930432304739952,0.3589964509010315,0.29908305406570435,-0.2848333716392517,1.3684314489364624,0.7469261884689331,0.024124544113874435,-2.1227023601531982,0.38441526889801025,0.027939235791563988,0.9244815111160278
経済,-0.042035412043333054,0.09555359929800034,1.226984977722168,0.33265894651412964,0.4357869625091553,-0.36970803141593933,-0.6676788330078125,-0.599571704864502,0.6502470970153809,0.01840159296989441,0.4858195185661316,2.056932210922241,0.05380431190133095,1.431464433670044,0.05594908818602562,0.35161635279655457,0.569795548915863,0.12144505232572556,0.23049135506153107,0.13850495219230652,0.7011882662773132,1.0942938327789307,-0.4757733941078186,1.3436803817749023,0.7501496076583862,0.04259047284722328,-1.118044376373291,0.5304139852523804,0.010434206575155258,0.48887011408805847
法律,-0.2309032827615738,0.6118268966674805,0.08097505569458008,-0.13810373842716217,0.46823298931121826,-0.535723865032196,-1.3733364343643188,-1.3492319583892822,1.157443881034851,0.01060632336884737,0.7691746950149536,1.620470643043518,0.8007129430770874,0.7916222810745239,0.050359345972537994,0.8013584017753601,1.1509581804275513,0.708740770816803,0.059393540024757385,0.3724708557128906,1.3085856437683105,1.1391868591308594,-0.8049992322921753,1.7197744846343994,0.8896960020065308,0.008332126773893833,-1.637956976890564,1.7896238565444946,0.4662027359008789,1.0925743579864502
教育,0.19992981851100922,0.35546547174453735,0.9199745655059814,0.687012791633606,1.0317622423171997,0.06828061491250992,0.5815408229827881,0.34043845534324646,2.2384555339813232,0.1056395098567009,0.18605074286460876,1.9917762279510498,0.41148102283477783,0.7134014964103699,0.5291284918785095,0.8840276002883911,1.2233091592788696,0.7579273581504822,0.8973872065544128,0.47883886098861694,1.0561957359313965,2.2044312953948975,-0.28983035683631897,1.4175047874450684,1.0664538145065308,0.7684324979782104,-0.42346999049186707,1.7502697706222534,0.17965812981128693,0.40095165371894836
医療,-0.395384281873703,0.19651634991168976,0.5413452386856079,0.37994489073753357,0.9666764140129089,-0.44726017117500305,-0.3707275390625,0.5995126962661743,2.161876916885376,0.001349975704215467,0.24750858545303345,1.9009578227996826,0.6298460364341736,1.2122923135757446,-0.23356255888938904,0.8650572299957275,1.383057951927185,0.4135436415672302,0.28029075264930725,0.7494955062866211,0.8945378065109253,2.1911098957061768,-0.7598333954811096,1.8242472410202026,0.93540358543396,0.4904070496559143,0.40405428409576416,1.4479517936706543,1.3567289113998413,0.07796309143304825
環境,-0.030257482081651688,-0.07373902201652527,-0.4092148244380951,0.20774288475513458,0.47332897782325745,-0.2161426544189453,0.08916907757520676,1.6227481365203857,1.2261900901794434,0.22023983299732208,0.7683656811714172,1.8271268606185913,0.08467019349336624,0.7236862778663635,-0.33460262417793274,0.3690250813961029,0.427798330783844,0.268902450799942,0.2800755202770233,0.33162879943847656,0.5087843537330627,0.5659870505332947,-0.3178274631500244,1.1222445964813232,0.8652380108833313,0.0938451737165451,-1.6243715286254883,0.7715997695922852,-0.061998236924409866,0.39437761902809143
自然,0.8224174380302429,-0.08543659746646881,-0.816222608089447,1.215745449066162,0.8425344824790955,-0.011138572357594967,0.8361745476722717,2.0968878269195557,1.6181048154830933,1.044486165046692,1.6033966541290283,1.7364915609359741,0.11548195779323578,-0.4100917875766754,-0.7136794328689575,0.9149265885353088,0.8963597416877747,0.3496674597263336,1.871574878692627,1.284597635269165,0.1730826497077942,1.184634804725647,0.026730617508292198,1.147222876548767,1.1181174516677856,0.48381707072257996,-1.0554178953170776,1.5124045610427856,-0.24903170764446259,1.1709697246551514
都市,0.10671204328536987,0.7679939270019531,1.8760935068130493,0.4481673836708069,0.6191010475158691,-0.057504571974277496,-0.7928469181060791,-1.7879905700683594,0.7938458323478699,0.26166677474975586,1.4639227390289307,2.010941743850708,0.6434543132781982,1.5676562786102295,1.8087785243988037,0.389854371547699,0.4097994267940521,0.27569708228111267,-0.2142270803451538,0.30812403559684753,1.3108625411987305,1.367293119430542,0.22207021713256836,1.0587694644927979,0.6217776536941528,0.2966228425502777,-1.8448642492294312,1.47527015209198,0.750780463218689,1.3447751998901367
田舎,0.3944157660007477,-0.733668327331543,-1.4543858766555786,0.6585202813148499,1.027896523475647,0.7215073704719543,1.4494532346725464,2.172365665435791,-0.1296011358499527,0.6720899939537048,-1.4122874736785889,1.257820725440979,-0.29802432656288147,-2.0093119144439697,-1.3890477418899536,1.0006821155548096,0.2519729733467102,0.2379201501607895,0.9926636219024658,0.5232518911361694,-0.12436734884977341,-0.2207881212234497,-1.2321569919586182,0.5502522587776184,1.4487820863723755,0.04605286940932274,0.21769298613071442,1.3122237920761108,-1.3473352193832397,-0.3871639668941498
公園,1.5755268335342407,-0.42944830656051636,0.5137720704078674,1.6147445440292358,1.6974666118621826,0.41229215264320374,1.2449619770050049,0.8545854687690735,1.4125388860702515,1.2038397789001465,0.9595425724983215,2.1762630939483643,0.01362570933997631,0.3503873646259308,1.2501975297927856,0.5811786651611328,0.8932581543922424,0.8444273471832275,1.8742377758026123,1.3130484819412231,1.1947288513183594,2.1287569999694824,-0.4504983425140381,0.5302363038063049,1.6495819091796875,1.1855220794677734,-2.1792991161346436,1.6947418451309204,-0.46076202392578125,-0.2374686747789383
道路,-0.1268320232629776,0.06812472641468048,-0.8487780094146729,0.37168020009994507,0.47028210759162903,-0.46220290660858154,1.1207019090652466,-1.534837245941162,-0.0908946767449379,-0.045445166528224945,1.0659133195877075,2.4812121391296387,-0.11245577037334442,0.9061017632484436,-0.21379125118255615,0.34429359436035156,0.8167690634727478,0.5075215697288513,0.039028435945510864,0.22377406060695648,1.3042421340942383,2.295745372772217,-0.9792993068695068,1.2208772897720337,0.6311492323875427,-0.06280741840600967,-2.0893754959106445,1.857132911682129,-0.27388978004455566,0.39058205485343933
鉄道,-0.04859044402837753,0.560440182685852,0.7900919318199158,0.8467625379562378,1.5719715356826782,-0.9136543869972229,-0.2841165363788605,-1.8713284730911255,1.0716389417648315,0.10096365213394165,1.5076143741607666,2.2342851161956787,0.11536931246519089,1.0066637992858887,-0.2216067761182785,0.8019532561302185,1.7653156518936157,0.35105615854263306,-0.033515144139528275,0.48964688181877136,1.6825543642044067,2.3659327030181885,-0.9567506909370422,1.3224766254425049,1.0060175657272339,0.1313515454530716,-2.019214153289795,2.119591236114502,0.5720487833023071,1.329444169998169
飛行機,0.5543161034584045,0.9689450860023499,1.6083433628082275,0.823634147644043,0.9085764288902283,-0.8900430202484131,-1.0087614059448242,-2.223757028579712,0.9293695092201233,0.40749701857566833,1.983177661895752,1.7975881099700928,0.3124871850013733,2.0219459533691406,-0.00517231272533536,0.3272622525691986,1.1471123695373535,0.26081010699272156,-0.4288318157196045,0.42621758580207825,1.0890302658081055,2.2411928176879883,-0.4814101457595825,0.8794710040092468,0.689211905002594,0.6488178968429565,-1.1053165197372437,1.0640040636062622,1.728154182434082,1.7578550577163696
自動車,0.4664212763309479,0.6242966651916504,1.2096662521362305,1.2698745727539062,0.23646946251392365,-0.7502762079238892,-0.6884415149688721,-1.8379334211349487,1.6512119770050049,0.09144294261932373,0.5613243579864502,2.4671273231506348,-0.034123606979846954,1.444718599319458,-0.3305429518222809,0.4331168532371521,0.8810567259788513,0.3570255637168884,-0.44488853216171265,0.14017724990844727,0.9050305485725403,2.398125648498535,-0.684883713722229,0.8706839084625244,0.654979944229126,0.1113225519657135,1.5208396911621094,1.6670652627944946,0.7398590445518494,1.1715587377548218
自転車,0.825813889503479,-0.8102748990058899,0.9867358207702637,1.7459006309509277,0.1604146957397461,-0.3404588997364044,1.689069390296936,-0.8365970849990845,0.636748194694519,0.3010281026363373,-1.1735838651657104,2.3907766342163086,-0.0558299645781517,0.5281596779823303,-0.4978993833065033,0.674690842628479,1.1291416883468628,0.6415501236915588,1.9234362840652466,0.6099924445152283,0.5517299771308899,2.0860941410064697,-0.8190664052963257,0.6443511843681335,1.3191418647766113,0.020477985963225365,1.6000062227249146,-0.0005600377335213125,-0.6537294387817383,-0.5150769352912903
船,0.3485930263996124,0.22371923923492432,0.2842535078525543,0.3759106993675232,0.128315269947052,-0.6985533237457275,0.45351311564445496,-0.8659685850143433,0.4025084674358368,0.5271633863449097,0.7836381196975708,1.6628167629241943,-0.14530114829540253,0.21298129856586456,-0.34960833191871643,0.34791719913482666,0.2993173897266388,0.22390195727348328,-0.17865832149982452,0.0722477063536644,0.8729944825172424,1.8381273746490479,-0.6751002073287964,0.798026978969574,0.5135928988456726,0.2118309736251831,-0.8109820485115051,0.24046409130096436,0.6627925634384155,1.0209441184997559
食べ物,0.8416506052017212,-0.2625322639942169,-0.6482908725738525,1.2937383651733398,1.281058669090271,0.18850979208946228,0.6964560747146606,1.179089069366455,0.9150164127349854,0.5236017107963562,-0.042197614908218384,1.9458742141723633,-0.15761154890060425,0.35338467359542847,0.7469493746757507,0.47119027376174927,0.7571570873260498,0.43655258417129517,0.06162510812282562,0.6344130039215088,0.4640299379825592,2.1268303394317627,-0.2928052842617035,0.6346991062164307,0.6156052350997925,0.2363254576921463,0.5218520164489746,1.4057579040527344,-0.2956811785697937,-0.03179062530398369
水,0.26977336406707764,-0.1384958028793335,-0.5164017677307129,1.599737524986267,1.2383900880813599,-0.5710301995277405,1.7882457971572876,2.3943543434143066,1.131113886833191,0.835500180721283,0.8910247683525085,2.53613543510437,0.06880788505077362,-0.04861589893698692,-0.3457740843296051,0.4370613098144531,0.783112108707428,0.457872599363327,2.0359854698181152,0.9855454564094543,0.3159354329109192,2.4805288314819336,-0.33986034989356995,0.8553666472434998,1.0766425132751465,0.2659493386745453,-1.0638148784637451,1.700138807296753,-1.0328505039215088,1.1649022102355957
コーヒー,1.7080743312835693,0.5517334342002869,0.1299818605184555,1.6738709211349487,1.596157431602478,1.671808123588562,1.5386909246444702,1.2316992282867432,1.3897901773452759,0.2806103527545929,-0.20524458587169647,2.5277140140533447,0.24816694855690002,1.205298662185669,1.3308919668197632,0.31450366973876953,0.5108867287635803,0.38922104239463806,-0.36556488275527954,0.789555013179779,0.5537175536155701,1.6333975791931152,-0.44495871663093567,0.6183284521102905,1.0143457651138306,0.28066202998161316,1.5143885612487793,1.5958521366119385,0.05763361603021622,0.8541145324707031
お茶,1.48660147190094,-0.8222665786743164,-1.412744402885437,1.7172582149505615,2.070281982421875,1.2056255340576172,1.708174228668213,1.9004560708999634,0.8235846757888794,0.49138009548187256,-0.34795355796813965,2.437997579574585,0.09719862043857574,-0.46001526713371277,0.7981826066970825,0.36820241808891296,0.9231940507888794,0.404491662979126,1.9685629606246948,1.173699140548706,0.6155229806900024,1.7833116054534912,-0.8451379537582397,0.6121761798858643,1.6210650205612183,0.19792582094669342,1.1495274305343628,1.7901134490966797,-0.5385988354682922,-0.517407238483429
酒,1.4080559015274048,0.8733041882514954,-0.4067176282405853,0.6635338664054871,0.18283279240131378,-0.2714524567127228,0.743460476398468,0.46936899423599243,1.2756373882293701,0.11416575312614441,0.22365102171897888,2.0009877681732178,-0.044780611991882324,0.2983568012714386,1.7695016860961914,0.1336858719587326,-0.3875291645526886,0.14231130480766296,-1.8934299945831299,0.23059172928333282,0.347577840089798,0.02745004929602146,-0.49525806307792664,0.2913537621498108,0.6186181902885437,0.05333699285984039,0.845947265625,1.2562832832336426,0.35276782512664795,0.9487207531929016
果物,2.075533151626587,-0.6820318102836609,-1.7752463817596436,1.9702417850494385,2.1970155239105225,-0.8737258911132812,1.9366990327835083,2.5779452323913574,0.6503918766975403,0.9776468276977539,-0.28523898124694824,2.1560420989990234,-0.12775282561779022,-0.06694313883781433,-0.3623705208301544,0.24664217233657837,0.48716235160827637,0.32628101110458374,2.444392681121826,1.449413537979126,0.33064305782318115,2.107314109802246,-0.824790894985199,0.37708142399787903,1.16341233253479,0.5852879881858826,-0.20678624510765076,1.4931154251098633,-1.0237728357315063,-0.6139447093009949
野菜,0.5620733499526978,-0.7690603733062744,-1.727606177330017,1.403969168663025,2.3590452671051025,-1.077584981918335,1.8213087320327759,2.5387325286865234,0.4822406768798828,0.09469037503004074,-0.30673903226852417,2.2813050746917725,-0.07215490192174911,-0.049582526087760925,-0.5647996664047241,0.4254290461540222,0.9934749007225037,0.48683738708496094,2.575256109237671,1.539870262145996,0.5175493359565735,2.301605224609375,-0.8899314999580383,0.8511650562286377,0.9691089987754822,0.06998761743307114,-0.42713743448257446,1.8901779651641846,-1.307530164718628,-0.4811989665031433
肉,0.828311562538147,0.13611337542533875,-1.3388550281524658,0.713130533695221,0.9693540930747986,0.973321259021759,1.3740119934082031,2.022108316421509,0.8514962792396545,-0.6388898491859436,0.06694501638412476,2.338209390640259,-0.507351815700531,-0.022569643333554268,-0.3488211929798126,0.29505664110183716,-0.03705016151070595,0.2662929594516754,-0.35925114154815674,-0.1885709911584854,0.23992548882961273,2.048511266708374,-0.8640261292457581,0.6296257972717285,0.34109511971473694,-0.155368834733963,-0.1559743881225586,1.1933759450912476,-0.37103569507598877,0.007700067944824696
魚料理,1.5106719732284546,-0.4275878667831421,-0.5514726042747498,1.2664062976837158,1.3035615682601929,0.3706499934196472,0.7334213852882385,2.10064959526062,1.0080105066299438,0.47417187690734863,0.0434102937579155,2.063727617263794,-0.057421453297138214,0.033934686332941055,0.2565578520298004,0.4445970952510834,0.5773375630378723,0.3213352859020233,1.330259084701538,0.8181161880493164,0.5125361680984497,1.0486692190170288,-0.29126521944999695,0.5796575546264648,0.6990135312080383,0.2772029638290405,-0.542144775390625,1.3706423044204712,-0.02410617098212242,-0.34031787514686584
パン,1.7206517457962036,-0.46451592445373535,-1.4702372550964355,1.9859868288040161,1.963941216468811,1.1229768991470337,1.9927265644073486,1.1111241579055786,0.66724693775177,0.11530625075101852,-0.15527400374412537,2.6243443489074707,-0.22674445807933807,0.010948414914309978,0.12259119749069214,0.4085503816604614,0.9895424246788025,0.47461241483688354,-0.3999433219432831,1.1537203788757324,0.7377541661262512,2.2342042922973633,-0.9997857809066772,0.8983080983161926,0.9784185886383057,0.1384546458721161,1.049817681312561,1.7147448062896729,-1.259342908859253,-0.41561660170555115
米,0.6295368671417236,-0.36796581745147705,-1.4231443405151367,1.3348302841186523,1.902451992034912,-0.03341812640428543,1.8122819662094116,2.218277931213379,0.5105597376823425,-0.04209526255726814,-0.23348172008991241,2.4977033138275146,-0.22257478535175323,-0.1791892796754837,-0.1402813196182251,0.47640755772590637,0.7198015451431274,0.5526556968688965,1.8914611339569092,0.8675857186317444,0.990654706954956,2.4716358184814453,-1.1306535005569458,0.7696474194526672,0.9087640047073364,0.2705405354499817,-0.9222908020019531,1.8865299224853516,-1.2762902975082397,-0.311739444732666
家族,0.8823204040527344,1.0760778188705444,0.2655947804450989,1.329330325126648,1.7520253658294678,1.8427417278289795,0.8234136700630188,2.244433641433716,2.3587112426757812,0.3096613585948944,0.7599803805351257,2.322566509246826,-0.024411914870142937,0.44743677973747253,0.7169591188430786,0.8531503677368164,1.4715408086776733,0.42012983560562134,1.0285069942474365,0.5272013545036316,0.8713618516921997,2.0757741928100586,-0.6097973585128784,1.134666085243225,1.3735829591751099,0.715230405330658,1.8856006860733032,1.6970748901367188,-0.02492322213947773,0.5377358198165894
結婚,0.7554432153701782,0.31104031205177307,-0.0840764194726944,0.4600675106048584,1.056243658065796,0.9904152154922485,-0.608418881893158,0.04650001972913742,1.5607962608337402,0.4090404808521271,0.12220460176467896,2.150470018386841,-0.11952073127031326,0.6222679615020752,1.1243289709091187,0.7217719554901123,0.6869383454322815,0.41395750641822815,0.6751410365104675,0.8683697581291199,0.9274956583976746,0.9750919342041016,-1.1010686159133911,1.6312342882156372,1.0495514869689941,1.406429648399353,1.109594702720642,1.8204103708267212,0.998289942741394,0.052678432315588
恋愛,1.2237414121627808,0.4914698004722595,0.9167552590370178,0.47598597407341003,0.6566680073738098,1.497667908668518,-0.7329184412956238,1.3753718137741089,1.2929314374923706,0.8493452668190002,0.07371189445257187,1.8881298303604126,-0.15378664433956146,0.764064371585846,0.3976050019264221,0.49177035689353943,0.26420482993125916,0.24865825474262238,0.6281003952026367,0.8112896680831909,0.0638200044631958,0.2708817720413208,0.12505777180194855,0.9540310502052307,1.1367223262786865,1.0020209550857544,1.9893252849578857,0.15894648432731628,0.14164000749588013,0.3133433163166046
友情,1.6271034479141235,0.9561775922775269,0.5845464468002319,1.3674110174179077,1.5437599420547485,1.8292231559753418,0.9511326551437378,2.0469470024108887,2.3534135818481445,0.8498844504356384,0.08246152848005295,2.0950968265533447,-0.015250461176037788,0.6722776293754578,1.0531814098358154,1.1976603269577026,1.508961796760559,0.44235655665397644,1.8317636251449585,1.095371961593628,0.5748670101165771,1.7870805263519287,-0.12741754949092865,1.071282148361206,1.523460030555725,0.847356379032135,2.1350789070129395,1.654727578163147,-0.29727277159690857,0.2598901093006134
信頼,0.3190447986125946,0.638549268245697,-0.2387477606534958,0.4988497495651245,1.167090654373169,0.8523240685462952,1.3771610260009766,1.297467827796936,1.7265039682388306,0.08097279816865921,0.038325466215610504,1.9160221815109253,-0.027243228629231453,0.4484063684940338,0.23484264314174652,1.1066539287567139,0.897130012512207,0.48701801896095276,1.0092412233352661,0.6337393522262573,0.7510623931884766,1.3873701095581055,-0.6245875358581543,1.0176297426223755,1.110399842262268,0.2973402738571167,1.284659743309021,1.3489227294921875,-0.04264453798532486,0.28508543968200684
責任,-0.27676069736480713,0.4924684762954712,0.5173622965812683,0.08385679125785828,0.241166353225708,-0.07498425990343094,0.5585036873817444,0.8634265065193176,0.8507048487663269,-0.07238702476024628,0.3126588463783264,1.9581758975982666,-0.026604104787111282,0.7010518908500671,-0.029675345867872238,0.7206943035125732,0.6941421627998352,0.3676062822341919,0.09766827523708344,0.14849205315113068,0.6021578311920166,0.5901045799255371,-0.6872339844703674,1.236128807067871,0.7720287442207336,-0.08724430203437805,0.7551693916320801,0.9149048328399658,0.1316240429878235,0.16214095056056976
権利,0.041538409888744354,0.3070858120918274,0.060775041580200195,0.1680593192577362,0.4284614324569702,-0.10419899970293045,0.6255831718444824,1.1585052013397217,1.6176390647888184,0.019179975613951683,0.05991065129637718,1.797325611114502,-0.12412328273057938,0.9160448908805847,0.12237534672021866,0.5776957273483276,0.40288981795310974,0.6442751884460449,0.3007253110408783,0.34761932492256165,0.7023290395736694,1.1485646963119507,-0.4038103520870209,1.2985596656799316,0.8898521065711975,0.24901841580867767,0.8615109324455261,1.1882960796356201,-0.013752253726124763,0.3213602602481842
義務,-0.4373205006122589,0.9851292371749878,0.11255590617656708,-0.1694488823413849,0.1472385823726654,-0.1387649029493332,0.6891489624977112,0.36716771125793457,0.6924455761909485,-0.08204861730337143,0.09238104522228241,1.8570404052734375,-0.08492160588502884,0.19829733669757843,0.20007355511188507,0.6962995529174805,0.35116827487945557,0.3431740403175354,-0.025130417197942734,0.03996047377586365,0.6878908276557922,0.2870047092437744,-1.2950502634048462,1.3744847774505615,0.6593256592750549,-0.0802568569779396,-0.05302757769823074,1.291390061378479,0.019782572984695435,0.47934678196907043
正義,0.0036583736073225737,0.339734822511673,0.1617727428674698,0.09327651560306549,0.5277127623558044,-0.3428039848804474,-0.2729707360267639,0.817759096622467,1.9205125570297241,0.16337896883487701,0.14292369782924652,1.6718287467956543,0.1712760329246521,0.5819818377494812,0.3453958332538605,1.200683355331421,0.8090800046920776,1.350596308708191,0.7259097695350647,0.6869922876358032,1.0134745836257935,1.0912742614746094,-0.2921389043331146,1.4707988500595093,0.7779987454414368,0.40709447860717773,-1.1933493614196777,1.3393573760986328,0.08527391403913498,0.2562255561351776
自由,0.5183631181716919,0.6409496068954468,0.6634530425071716,0.22375385463237762,0.2733537256717682,0.23574303090572357,0.9437898397445679,1.312024712562561,2.1349105834960938,0.32919538021087646,0.19492502510547638,1.4802680015563965,0.014510623179376125,0.9559471011161804,0.022791801020503044,0.5243399739265442,0.05806535482406616,0.23330479860305786,0.4833565950393677,0.4427015483379364,-0.32092297077178955,0.8405096530914307,0.6969958543777466,0.6304470896720886,0.6853076219558716,0.9169226884841919,1.4827429056167603,-0.2459486573934555,0.026349669322371483,0.5487756133079529
安全,-0.005098278634250164,0.5395433306694031,-0.3438457250595093,0.037711452692747116,0.9522910118103027,-0.4290432631969452,1.0344736576080322,0.32678118348121643,1.701877474784851,0.0339706689119339,-0.06843674927949905,1.8334918022155762,-0.02097863145172596,0.9367990493774414,-0.2530844807624817,0.6780973672866821,1.0186171531677246,0.1267717331647873,0.48671361804008484,0.5980513095855713,0.9023030400276184,1.7212018966674805,-0.9583106637001038,1.0781710147857666,0.9782997369766235,0.0220632366836071,0.47216859459877014,1.1945290565490723,0.25359049439430237,0.34879961609840393
危険,-2.113510847091675,1.253798484802246,0.3592248857021332,-1.0596544742584229,-1.6766886711120605,0.0843924731016159,1.0690189599990845,0.8759991526603699,-1.325454592704773,-1.5131434202194214,0.1372184306383133,0.6809755563735962,-0.23377318680286407,0.5168096423149109,-0.6727203130722046,-0.26236242055892944,-1.5643868446350098,-0.1947181522846222,-1.9420218467712402,-1.057639718055725,-1.2961467504501343,-1.3489184379577637,-0.4260721802711487,1.1600395441055298,-1.1750699281692505,-1.9438058137893677,0.03146082162857056,-1.6301876306533813,-0.1879206746816635,0.8339136242866516
健康,0.3360713720321655,0.3826916515827179,0.38280901312828064,0.7348830699920654,1.1791009902954102,-0.021789953112602234,0.8586609959602356,1.3894460201263428,2.226820468902588,0.19683393836021423,0.08100030571222305,2.153160810470581,0.035237882286310196,1.0312418937683105,-0.08416629582643509,0.47039303183555603,0.9426171183586121,0.3830527365207672,0.2945684492588043,0.8157491087913513,0.7185215353965759,2.0560624599456787,-0.42340877652168274,1.29971182346344,1.0723693370819092,0.4586169719696045,1.3569166660308838,1.3856502771377563,0.37787064909935,0.3151412308216095
病気,-2.3856427669525146,0.4092760980129242,0.09354113042354584,-0.2910252809524536,-1.806598424911499,-0.5147268176078796,0.40366148948669434,1.6601840257644653,-1.6028131246566772,-1.6256991624832153,-0.09466953575611115,1.844832181930542,-0.6092314124107361,0.39388978481292725,-0.9186118841171265,-0.05260045453906059,-1.2332844734191895,-0.14718759059906006,-2.245694637298584,-1.3628238439559937,-0.8464533686637878,-1.9307674169540405,-0.9639988541603088,1.4654350280761719,0.40871700644493103,-1.465311050415039,0.6250855922698975,-0.392762154340744,0.6717132329940796,-0.9853728413581848
幸福,1.7734636068344116,0.19321756064891815,0.03497505187988281,1.0691426992416382,0.9382410049438477,1.7626627683639526,1.0046683549880981,1.7098876237869263,2.3023691177368164,0.845672070980072,0.26503270864486694,1.906484842300415,0.04092846438288689,0.8313333988189697,0.5248895883560181,0.17636016011238098,0.16846682131290436,0.21626342833042145,0.5800267457962036,0.6651464700698853,0.712798535823822,1.2971478700637817,-0.12625828385353088,0.405062735080719,1.51991868019104,1.5769785642623901,1.9938442707061768,1.1282232999801636,-0.06983326375484467,0.01357416994869709
孤独,-2.0478086471557617,0.24831247329711914,-1.7914308309555054,-1.7680613994598389,-0.11985068023204803,-1.8546358346939087,0.6347892880439758,1.5441319942474365,-1.108648419380188,-0.16925086081027985,-0.8355790972709656,1.8716638088226318,-0.17133250832557678,0.9251415729522705,-1.7037174701690674,0.033069826662540436,-0.9066576361656189,-0.188083216547966,-1.4448007345199585,-0.1464272290468216,-0.0114945899695158,-1.4661377668380737,-0.21793563663959503,1.2832915782928467,0.7714672684669495,-1.8735491037368774,2.2511043548583984,-0.03241938725113869,-0.0776410922408104,-1.1413192749023438
恐怖,-2.3731727600097656,1.416407823562622,0.7209858298301697,-1.0092962980270386,-2.1700544357299805,-1.9726322889328003,1.0549907684326172,0.6023378968238831,-1.3814088106155396,-1.4903178215026855,-0.12982304394245148,0.6594573259353638,0.03052433580160141,0.6210284233093262,-0.5063619613647461,-0.11697641760110855,-1.6810072660446167,-0.09959667176008224,-1.6508079767227173,-1.390894889831543,-1.5480111837387085,-1.222432255744934,0.33071285486221313,1.2103912830352783,-1.5167309045791626,-2.525891065597534,0.9758476614952087,-1.1791181564331055,-0.2928791046142578,0.1647232621908188
怒り,-2.597951889038086,1.6438313722610474,1.3838824033737183,-0.8160161375999451,-0.9166890382766724,0.7424683570861816,1.211566686630249,2.090932607650757,-1.3610461950302124,-1.98896324634552,0.7555878162384033,2.1712446212768555,-0.4512718617916107,0.7793870568275452,-0.1370924711227417,-0.14934119582176208,-1.427618384361267,-1.4254354238510132,-1.749781847000122,-0.7838312983512878,-1.3015028238296509,-1.2545896768569946,-0.7389999032020569,0.8556099534034729,-1.8978530168533325,-1.2267494201660156,1.8732084035873413,-1.5928844213485718,-0.007248494308441877,1.2238138914108276
感謝,1.1219017505645752,0.2373908907175064,0.10397461801767349,0.7945998907089233,0.9584575295448303,1.5612932443618774,1.802573800086975,1.7239022254943848,1.5746961832046509,0.2748562693595886,0.0035124733112752438,1.9856630563735962,-0.02056003175675869,0.3694642186164856,0.49998873472213745,0.9203310608863831,0.1910737007856369,0.14561781287193298,0.960112452507019,0.44224756956100464,0.4948217272758484,1.014505386352539,-0.6420014500617981,1.245898962020874,1.4864771366119385,0.2587752342224121,1.460764765739441,1.3904931545257568,-0.20093122124671936,0.1917433738708496
驚き,0.7050977945327759,0.6186158061027527,0.5839894413948059,-0.321909636259079,-0.44800013303756714,-0.12443536520004272,1.3327399492263794,0.9531644582748413,-0.14304375648498535,0.10259103029966354,-0.018385838717222214,-1.5883808135986328,-0.15211406350135803,0.12990598380565643,-0.29710349440574646,-0.04491710662841797,-1.34064781665802,-0.30838266015052795,-0.22181212902069092,-0.17555847764015198,-1.6342904567718506,-0.3592102527618408,-0.08632373809814453,-0.804172933101654,-0.5484753251075745,-0.08290987461805344,0.9302355647087097,-1.8894487619400024,-0.3117079436779022,0.15027253329753876
好奇心,1.0913565158843994,0.6483038067817688,1.4332338571548462,0.41359373927116394,0.46377310156822205,0.6038322448730469,1.4573715925216675,2.19187331199646,1.7345689535140991,0.0004604607238434255,-0.0578339546918869,1.6495107412338257,0.5868303179740906,0.1548239290714264,-0.29329562187194824,0.13889268040657043,-0.3280431032180786,0.14442886412143707,1.8088961839675903,0.15451982617378235,-0.07083091139793396,1.8604029417037964,0.6233822107315063,0.3658501207828522,0.9232701063156128,0.27079543471336365,1.5959289073944092,0.711993932723999,-0.3106845021247864,0.515154242515564
記憶,-0.07427503913640976,0.446176677942276,0.2569514811038971,0.565686821937561,0.508427083492279,0.18735559284687042,0.42669886350631714,2.0878450870513916,1.3064196109771729,-0.007423460017889738,0.26306456327438354,1.9695827960968018,0.21103733777999878,-0.16589556634426117,-0.6019611358642578,0.3817540407180786,0.011517108418047428,0.2623436748981476,0.3694170117378235,0.203460693359375,0.3369273841381073,1.5246670246124268,-0.6853664517402649,0.9291855692863464,0.9401336312294006,0.030862798914313316,1.8698595762252808,1.1691339015960693,-0.014900379814207554,0.23926180601119995
夢,0.13971835374832153,0.018656862899661064,0.7966083288192749,-0.12832896411418915,0.2374558001756668,0.23398888111114502,-0.32140448689460754,1.5707677602767944,-0.06025802716612816,0.3708272874355316,0.4861938953399658,0.8695308566093445,-0.08629490435123444,-0.23883283138275146,-1.573384404182434,0.07090246677398682,-0.8364500403404236,0.12323322892189026,0.1334139108657837,0.1385621428489685,-1.3653945922851562,-0.23888184130191803,1.3322504758834839,-0.1235007643699646,0.9749765396118164,0.14125338196754456,2.132486343383789,-1.4540828466415405,-0.19122014939785004,-0.22249500453472137
睡眠,0.40199804306030273,-0.17369921505451202,-2.00642991065979,0.7943984866142273,1.0671451091766357,0.08709188550710678,1.1149638891220093,2.1166720390319824,0.9473564624786377,0.13027448952198029,-0.015609328635036945,2.476166248321533,-0.07788677513599396,0.3030599355697632,-1.7702910900115967,0.19643186032772064,0.16716507077217102,0.2018902748823166,1.0924357175827026,0.2696574628353119,0.37051475048065186,1.939638614654541,-0.45650607347488403,0.580385684967041,1.576172947883606,-0.060511790215969086,1.9933695793151855,0.9339013695716858,-0.4354735016822815,-1.1082253456115723
言葉,-0.0036014453507959843,-0.032316748052835464,0.3921232521533966,0.6089714169502258,0.5914810299873352,-0.061747051775455475,1.212604284286499,1.2027816772460938,0.5203744173049927,0.05458348989486694,-0.045842889696359634,1.8584455251693726,0.16914603114128113,0.17407597601413727,0.5575714707374573,0.3845438063144684,0.4837128221988678,0.5124745965003967,0.2947111129760742,0.4619401693344116,0.6173773407936096,1.445048213005066,-0.24145974218845367,0.35703644156455994,0.6882436871528625,0.1376902312040329,-0.0935031846165657,1.4121060371398926,-0.25758054852485657,0.18611930310726166
会話,0.09111525863409042,0.0898771658539772,1.2828969955444336,0.46758344769477844,0.991828441619873,0.2522152066230774,0.9568542242050171,1.432737946510315,0.53111332654953,0.028681596741080284,0.013594347052276134,1.993586540222168,0.2163725644350052,0.8856374621391296,0.7955920696258545,0.46512043476104736,0.48662784695625305,0.4731416702270508,0.2570469081401825,0.3503093123435974,0.5972716212272644,0.7627615332603455,-0.3708574175834656,0.6656661033630371,0.8883002996444702,0.060090482234954834,0.2234024852514267,0.9725438356399536,-0.17668244242668152,-0.0651528388261795
文章,0.05796990171074867,0.04609355330467224,-0.1087249219417572,0.7401362061500549,0.6606990694999695,0.05740312114357948,0.8177887797355652,1.0798853635787964,0.450215607881546,0.12523657083511353,0.08333617448806763,1.618584156036377,0.2857705056667328,0.6495090126991272,0.2642904222011566,0.6307460069656372,0.7003821134567261,0.5901798009872437,0.043204668909311295,0.43436360359191895,0.8006793260574341,0.3614045977592468,-0.18514913320541382,0.912631094455719,0.8928772807121277,0.24854137003421783,-0.6695646643638611,1.009582281112671,-0.14889751374721527,0.416891485452652
絵,0.2049064189195633,-0.22968202829360962,-1.6887738704681396,0.5766847133636475,0.48808765411376953,-0.1930771768093109,0.5506083369255066,0.08425576239824295,0.3143542408943176,0.0597376711666584,-0.08426360785961151,1.415320873260498,0.051876250654459,-0.04317259043455124,-0.4858674108982086,0.28974124789237976,0.21680809557437897,0.20809008181095123,0.03716176003217697,0.6726391315460205,0.6071925163269043,0.36315327882766724,0.3718373477458954,0.4534495770931244,0.8397334814071655,0.18630993366241455,-0.06692208349704742,1.2244058847427368,-0.1905103325843811,-0.0683109313249588
写真,0.1387828141450882,-0.09541326016187668,-1.8801143169403076,0.4636668860912323,0.5736276507377625,-0.268525093793869,1.0440376996994019,0.53743976354599,0.33423030376434326,0.058627914637327194,0.0283921230584383,1.7624893188476562,-0.10604826360940933,0.6688164472579956,-0.18010957539081573,1.0707861185073853,0.40435320138931274,0.4836384356021881,-0.01588520221412182,0.8230065107345581,0.6069594025611877,1.0302530527114868,-0.22399474680423737,0.4381558299064636,0.6999355554580688,0.10399813950061798,0.35830381512641907,1.4697233438491821,-0.20840585231781006,-0.10264758765697479
ゲーム,1.5905847549438477,0.6342467069625854,1.654170274734497,0.7865933179855347,0.6789369583129883,-0.02326544187963009,0.24444033205509186,-1.6953353881835938,1.0550755262374878,0.18633738160133362,0.30036601424217224,1.7919368743896484,0.26420730352401733,1.6174675226211548,0.13159355521202087,0.35622939467430115,0.29567450284957886,0.36563438177108765,-0.27277907729148865,0.4355235993862152,0.7176849246025085,-0.09214013814926147,0.6920977830886841,0.14895586669445038,0.6702253222465515,0.6246680617332458,0.2867714464664459,0.6662986874580383,0.14474785327911377,0.8204606771469116
スポーツ,1.0212156772613525,0.9534296989440918,2.157111167907715,1.117487907409668,0.17375627160072327,0.047133032232522964,0.3380028009414673,0.5044004321098328,1.6340296268463135,0.41060519218444824,0.6335511207580566,1.9745261669158936,-0.07782191783189774,1.5281805992126465,0.9634684324264526,0.5461219549179077,0.43475621938705444,0.6786087155342102,1.6183319091796875,0.5781529545783997,0.8593193888664246,0.9292469024658203,-0.4179786741733551,1.2537275552749634,0.046407170593738556,0.23701660335063934,-0.6990575194358826,1.1226614713668823,0.16033218801021576,1.1930400133132935
野球,1.195859432220459,0.73204505443573,2.0717923641204834,1.6782704591751099,0.7717698812484741,0.09567199647426605,0.3309856951236725,-0.5593084692955017,1.2858437299728394,0.4357426166534424,0.14968329668045044,2.081882953643799,-0.022812869399785995,1.579828143119812,0.9782838821411133,0.45967814326286316,0.3455261290073395,0.936604917049408,0.9465495944023132,0.5173038244247437,1.081963062286377,0.35385581851005554,-0.525908887386322,1.0123205184936523,-0.0018070711521431804,0.20360709726810455,-1.4290528297424316,0.9958579540252686,-0.13661076128482819,1.1242098808288574
サッカー,1.3918901681900024,1.0869582891464233,2.2781434059143066,1.6005370616912842,0.5983209609985352,0.14959408342838287,0.18409790098667145,-0.22495251893997192,1.6943702697753906,0.6168086528778076,0.638094961643219,2.128978967666626,-0.045935895293951035,1.995654582977295,1.410853624343872,0.35427016019821167,0.28198033571243286,0.9449055790901184,1.0861762762069702,0.43487265706062317,0.01104347687214613,0.3034747838973999,-0.26102790236473083,1.0234661102294922,-0.3109113276004791,0.2667875289916992,-1.6287866830825806,1.0179431438446045,0.12380048632621765,1.3149369955062866
音,-0.07951236516237259,-0.09789378941059113,0.5273626446723938,0.22738465666770935,0.06987195461988449,-0.22518914937973022,1.2554197311401367,1.1820098161697388,-0.3085750937461853,0.06097356230020523,0.12636713683605194,1.8424038887023926,-0.2429330199956894,0.026355460286140442,-0.2046862095594406,0.0966855064034462,-0.02336111292243004,0.10046226531267166,0.12109533697366714,0.22353743016719818,0.1661350578069687,0.7112337350845337,-0.3710091710090637,0.225362628698349,0.6664291620254517,0.03762203827500343,-0.3631460964679718,0.6200603246688843,-0.22165867686271667,0.24724499881267548
静けさ,0.5115085244178772,-1.1915209293365479,-2.036539077758789,0.07249481976032257,1.0086169242858887,-0.30358999967575073,1.4292947053909302,1.9959595203399658,0.7539685964584351,0.5642663836479187,-0.3826533257961273,1.618200421333313,0.0032567994203418493,0.07236402481794357,-1.1963293552398682,0.09851402044296265,0.11184988915920258,0.08593304455280304,0.8526320457458496,0.3743780553340912,0.6937927603721619,0.5739021301269531,-0.32783985137939453,0.3177405595779419,1.9444104433059692,-0.06169143691658974,1.0390437841415405,1.5427089929580688,-0.2647119462490082,-0.7744050025939941
光,1.0769881010055542,0.9855105876922607,0.3050438463687897,0.6645480394363403,0.5512152910232544,-0.4270689785480499,1.531156301498413,2.0967841148376465,0.792616069316864,1.2955437898635864,0.3083493709564209,2.3372111320495605,0.19921553134918213,0.3030799925327301,-0.42364954948425293,0.6172115206718445,0.5840256810188293,0.29885774850845337,1.099873661994934,1.1200263500213623,0.6032795310020447,2.1070189476013184,0.18734507262706757,0.6499595642089844,1.1041823625564575,0.9814215302467346,-1.174552083015442,1.436394453048706,-0.23588499426841736,0.8493420481681824
影,-0.9316971302032471,-0.323839396238327,-1.7353516817092896,-0.9940531849861145,-0.4790540039539337,-1.613080382347107,1.2567529678344727,1.6462386846542358,-1.1434563398361206,-0.1814325749874115,-0.15984569489955902,1.694238543510437,-0.4933894872665405,-0.3779943287372589,-1.6955753564834595,-0.08486998826265335,-0.9619207382202148,-0.10344517976045609,-0.5873677134513855,-0.3000960350036621,-0.04375322535634041,-0.4783772826194763,-0.43639108538627625,-0.005334337707608938,0.700800895690918,-0.584825336933136,-0.09937428683042526,0.4332526922225952,-0.24926243722438812,-0.4086833596229553
色,0.051285482943058014,-0.12051118910312653,-0.18024921417236328,0.31314605474472046,0.1589912474155426,0.16471493244171143,1.6273868083953857,1.2046315670013428,-0.19459667801856995,0.04353170096874237,-0.15815386176109314,1.5945709943771362,-0.1671028584241867,0.11357700824737549,-0.2688619792461395,0.18182319402694702,0.04099519923329353,0.3117295801639557,0.12877312302589417,0.38991740345954895,0.25239071249961853,0.9076592922210693,-0.14057013392448425,0.22343778610229492,0.9142643213272095,0.16992522776126862,-0.7487103343009949,1.4562886953353882,-0.16710114479064941,-0.03261185437440872
赤,0.07252054661512375,1.0096650123596191,0.6851193308830261,0.061823658645153046,-0.4668348729610443,1.0147624015808105,1.4768781661987305,1.4181244373321533,0.1068938821554184,0.563083291053772,-0.031932443380355835,1.6312168836593628,-0.46820417046546936,0.18034207820892334,0.0662170797586441,0.3740493655204773,-0.2630819082260132,0.06469115614891052,-0.25148245692253113,-0.06993161886930466,0.4077145755290985,0.08121170848608017,-0.20415902137756348,0.5758846402168274,0.4131872057914734,0.5127385258674622,-0.6162741780281067,0.8891324400901794,0.3234897255897522,1.126415491104126
青,-0.0070042056031525135,-0.04331172630190849,-0.4926230013370514,-0.0028543537482619286,0.4652358889579773,-1.0685107707977295,1.096921682357788,1.1621674299240112,-0.23002611100673676,0.5759245157241821,-0.403415322303772,1.3001691102981567,-0.3923032581806183,0.21974711120128632,-0.030224163085222244,0.4308266043663025,-0.06280246376991272,0.28724372386932373,0.4465688169002533,0.7189639806747437,0.6164133548736572,0.06861379742622375,-0.15608350932598114,0.4904496967792511,1.202921748161316,0.5331905484199524,0.028728114441037178,0.8227697014808655,-0.03681175783276558,0.19302687048912048
白,0.16402266919612885,-0.03635689988732338,-1.3106105327606201,-0.1545172929763794,0.8243150115013123,-1.3614718914031982,1.458203673362732,1.220098614692688,-0.16502220928668976,0.4953644871711731,-0.1666034460067749,1.7067195177078247,-0.1692209392786026,0.29043298959732056,-0.4787946045398712,0.5293921828269958,0.26148512959480286,0.4994591772556305,0.6915448307991028,1.5030828714370728,0.8147182464599609,0.23849758505821228,-0.4370041489601135,0.5876309275627136,1.3076813220977783,0.2718577980995178,-0.6270909905433655,1.1253232955932617,-0.12125565111637115,-0.06065066531300545
黒,-0.8045169711112976,0.39069467782974243,-1.7063156366348267,-0.7933735251426697,0.13376961648464203,-1.8042428493499756,1.2864811420440674,1.3633488416671753,-0.39826205372810364,0.06852684170007706,-0.28316837549209595,1.9551643133163452,-0.3569069802761078,0.12364155054092407,-1.5452519655227661,0.29614192247390747,-0.07642567902803421,0.12006973475217819,-0.2911900579929352,-0.19364574551582336,0.39412921667099,0.10191815346479416,-0.7298288941383362,0.7560204863548279,0.6214210391044617,-0.9540348649024963,-0.6959583163261414,1.2113491296768188,-0.09158024191856384,0.4579356610774994
美しさ,1.8530066013336182,0.178742915391922,-1.1306681632995605,0.8756807446479797,0.6981233358383179,0.8049004077911377,0.7851999402046204,1.4114766120910645,1.7025212049484253,0.733098030090332,-0.07229937613010406,0.6558198928833008,0.03614291176199913,0.5148820281028748,0.0791926458477974,0.11237182468175888,-0.054702211171388626,0.25737640261650085,0.249485582113266,0.6638438701629639,0.8002806305885315,-0.03157656639814377,0.4839860498905182,0.31232723593711853,1.403012752532959,0.4893605411052704,1.38383948802948,1.155613899230957,0.06591026484966278,-0.002887418493628502
醜さ,-2.0912327766418457,0.013742235489189625,-1.1217730045318604,-1.7564798593521118,0.23250485956668854,-1.5666285753250122,1.2571643590927124,0.6184171438217163,-2.001835584640503,-1.7332308292388916,-0.2875003516674042,1.3001617193222046,-0.9523025155067444,0.3054008185863495,-0.8313261866569519,-0.4725549817085266,-1.3740476369857788,-0.19035400450229645,-1.498942494392395,-1.2502487897872925,-1.4301567077636719,-1.9006727933883667,-1.1176855564117432,-0.02175552025437355,-0.9722089767456055,-1.758432149887085,0.9184328317642212,-0.0866212248802185,-0.4449511766433716,-1.139819860458374
大きさ,-0.14091743528842926,-0.1286909580230713,-1.2282172441482544,0.1861092448234558,0.0987270176410675,-0.13529032468795776,1.5492805242538452,1.1133610010147095,-0.17116035521030426,-0.06984356790781021,0.784637987613678,1.5708119869232178,-0.253465473651886,0.14326362311840057,-0.14841827750205994,0.021844688802957535,-0.01385174598544836,0.3099859058856964,-0.056382860988378525,0.00650766072794795,0.21077682077884674,0.841033935546875,-0.5820968151092529,0.2141798734664917,0.5704975724220276,-0.10681245476007462,-0.08443769067525864,0.9141288995742798,-0.23974300920963287,0.017489798367023468
小ささ,0.25693967938423157,-1.5817921161651611,-1.2074180841445923,0.6512982845306396,0.4207637906074524,-0.07785143703222275,1.3243815898895264,0.9518232345581055,-0.21571968495845795,0.15838952362537384,-1.9517980813980103,1.2556560039520264,-0.4374503493309021,-0.00844021886587143,-0.3038647770881653,0.19950275123119354,-0.28511151671409607,0.03843599930405617,-0.11420804262161255,0.01948302984237671,0.1543044000864029,-0.028629397973418236,-0.4517735540866852,-0.3021058738231659,1.0846983194351196,-0.06405723094940186,0.8996652364730835,-0.19065672159194946,-1.4174937009811401,-1.2535055875778198
速さ,1.102542757987976,0.8390629291534424,1.667765498161316,-0.030506139621138573,-0.2975815236568451,-0.02550549991428852,1.3452726602554321,0.7691435813903809,0.43428364396095276,-0.03870543837547302,0.8018272519111633,1.9658948183059692,-0.09498681128025055,1.1982284784317017,-0.3146847188472748,-0.02961389347910881,-0.015426579862833023,0.034789588302373886,-0.252261221408844,-0.08389821648597717,0.3346153795719147,1.3249075412750244,-0.38270315527915955,0.3320939540863037,-0.07740990072488785,-0.0987391397356987,0.8444704413414001,0.260154128074646,-0.2613449990749359,1.0794804096221924
遅さ,-1.7835782766342163,-0.5584596991539001,-1.5814332962036133,-0.6008170247077942,-0.10427555441856384,-0.862848162651062,1.3130543231964111,0.9570024013519287,-1.5797359943389893,-0.8576815128326416,-0.3943587839603424,1.8939390182495117,-0.6309418082237244,-0.17205680906772614,-0.3989870548248291,-0.07642809301614761,-1.81682550907135,-0.28172770142555237,-0.8131442070007324,-0.4566766917705536,-0.6231971979141235,-1.6877049207687378,-1.4349838495254517,0.295881062746048,1.0292199850082397,-1.1715205907821655,0.8696777820587158,0.45774614810943604,-0.3475860357284546,-1.3742847442626953
重さ,-0.7451823949813843,0.21044589579105377,-1.3547483682632446,-0.01619085855782032,0.1311369389295578,-0.5508831143379211,1.6441447734832764,1.2520524263381958,-0.31824883818626404,-0.12728659808635712,0.047880448400974274,2.107243061065674,-0.19548898935317993,0.1072385385632515,-0.49747759103775024,-0.0019291284261271358,0.02376610040664673,0.2718578577041626,-0.25446078181266785,-0.06958868354558945,0.16888675093650818,0.44799065589904785,-0.7163469195365906,0.7519228458404541,0.6515369415283203,-0.25983500480651855,0.5031797289848328,0.9644622206687927,-0.25782638788223267,0.38812750577926636
軽さ,1.1396589279174805,-1.3937406539916992,-0.3550487458705902,0.2268044799566269,0.2652837336063385,-0.3398025333881378,1.23824942111969,1.1912087202072144,-0.21186286211013794,0.3540947139263153,-1.8590028285980225,1.7718948125839233,-0.2599591016769409,0.6632067561149597,-0.2653895616531372,0.02477535605430603,-0.3080305755138397,0.10544822365045547,0.4616885781288147,0.19776731729507446,0.1955184042453766,0.6106323599815369,-0.31242451071739197,-0.06521596759557724,1.1734799146652222,0.248133584856987,0.8448038101196289,-0.5231438279151917,-0.3961261808872223,-0.6475092768669128
熱,-0.7022304534912109,0.6488522291183472,0.6889169812202454,-0.0400727279484272,-1.2122465372085571,0.8606860637664795,1.5712445974349976,1.5944548845291138,-0.5969104766845703,-0.525729238986969,0.45734551548957825,1.9843090772628784,-0.5745233297348022,-0.11701816320419312,-0.40077418088912964,-0.02481742762029171,-0.6511942744255066,-0.04711487889289856,-1.0076618194580078,-0.31945571303367615,-0.36743059754371643,0.0791001170873642,-0.543601393699646,0.4478451907634735,0.4207482933998108,-0.04396155849099159,0.4214061200618744,0.17377585172653198,0.006578960455954075,1.057895541191101
冷たさ,-1.5057454109191895,0.38249126076698303,-1.7372679710388184,-1.5857691764831543,-0.0687830001115799,-2.24422550201416,1.485573649406433,1.576338529586792,-0.9835525751113892,-0.20250265300273895,-0.2789706885814667,1.7381727695465088,-0.2794162631034851,0.3682700991630554,-1.6731778383255005,0.048620887100696564,-0.44675523042678833,-0.0616067536175251,-0.362278550863266,0.17069697380065918,0.16018472611904144,-0.7504854202270508,-0.37868764996528625,0.24115407466888428,-0.05626080930233002,-0.8257870674133301,0.6769738793373108,0.6036587357521057,-0.3564739227294922,-0.28340035676956177
明るさ,0.6361994743347168,0.6441012620925903,0.5216109156608582,0.4430367946624756,0.7567743062973022,-0.21824979782104492,1.5882316827774048,1.0164517164230347,0.06860072910785675,0.3301132321357727,0.9520598649978638,1.8048505783081055,-0.16088953614234924,0.4870203137397766,-0.059710416942834854,0.020216548815369606,-0.030157940462231636,0.2553520202636719,0.21486949920654297,0.10723785310983658,0.26312294602394104,1.3409613370895386,-0.36746662855148315,0.17303836345672607,0.8089902997016907,0.24566367268562317,-0.545133650302887,0.7512403726577759,-0.2077917754650116,0.5619848966598511
暗さ,-1.4999115467071533,-0.8864021897315979,-1.8541021347045898,-1.2748854160308838,-1.26614511013031,-1.8341689109802246,1.3091756105422974,1.4566047191619873,-1.5491828918457031,-0.39729422330856323,-1.2150189876556396,1.8629295825958252,-0.478720486164093,-0.3054731786251068,-2.252399206161499,-0.08781711012125015,-1.1985516548156738,-0.23358185589313507,-1.1558736562728882,-0.6714828014373779,-0.9519003033638,-1.3225312232971191,-0.45651975274086,0.07757342606782913,0.33121880888938904,-1.8454679250717163,0.08858821541070938,0.17953623831272125,-0.41485530138015747,-1.316147804260254
新しさ,1.0849995613098145,0.4401223063468933,0.9081209897994995,-0.16736404597759247,0.05088939145207405,0.15522311627864838,0.954618513584137,0.12795954942703247,0.7326561212539673,0.3690146803855896,-0.10403989255428314,-1.2764489650726318,-0.04756871983408928,1.3422455787658691,-0.05628572031855583,0.0005063001299276948,-0.38532334566116333,-0.01809520460665226,-0.05496186763048172,0.5292686820030212,-0.1574988216161728,0.08258137851953506,0.9312129616737366,0.10208560526371002,0.6383309364318848,0.8737819790840149,-0.27949148416519165,-0.6600528359413147,-0.050131093710660934,0.32288259267807007
古さ,0.006488549057394266,0.3861790895462036,-1.8358505964279175,0.5841788053512573,0.3466653525829315,-0.07234000414609909,1.0392582416534424,1.6658835411071777,1.3029077053070068,0.16726791858673096,0.43433859944343567,1.1702373027801514,-0.04100674390792847,-1.9603348970413208,-0.5084725618362427,0.3030393719673157,0.5948589444160461,0.21411985158920288,0.08922025561332703,0.13560225069522858,0.6281498670578003,0.14392712712287903,-1.7184457778930664,0.7315667271614075,0.9963173270225525,-0.08850601315498352,-0.9768317937850952,1.842282772064209,0.37817713618278503,0.6462122201919556
便利さ,1.5081571340560913,0.7740270495414734,-0.1082691103219986,0.7603064179420471,0.2760477364063263,0.05970236286520958,1.4087783098220825,0.17784252762794495,1.6587129831314087,-0.05606843903660774,-0.1956591010093689,1.8798878192901611,-0.13823266327381134,1.724948763847351,-0.20339131355285645,0.08294734358787537,0.6528904438018799,0.0753406286239624,-0.10401573777198792,0.1735001504421234,0.663428008556366,1.9156159162521362,-0.4641832411289215,0.6747119426727295,1.0229321718215942,0.05057678744196892,0.9325539469718933,0.6801777482032776,-0.4128122329711914,0.3403160572052002
不便さ,-1.8725100755691528,-0.20057018101215363,-0.28336963057518005,-1.3452870845794678,-0.09970606118440628,-1.2238483428955078,0.9613349437713623,0.41594138741493225,-1.6726619005203247,-1.3792601823806763,-0.08392786979675293,1.6172024011611938,-0.4352041184902191,0.7616549134254456,-0.43389612436294556,-0.14803870022296906,-1.2361558675765991,-0.4019443988800049,-0.5081413388252258,-0.5872976779937744,-1.4404661655426025,-2.0667004585266113,-0.8601510524749756,0.3290875256061554,-0.2129516750574112,-1.485917329788208,1.295105218887329,-0.658094048500061,-0.37912678718566895,-0.8144944310188293
問題,-0.353743314743042,0.001378866145387292,-0.10691706091165543,0.1594325304031372,0.1991184949874878,0.1095772236585617,0.7953429222106934,0.7060832977294922,-0.2665870189666748,-0.11041991412639618,0.05932497978210449,1.3500851392745972,-0.22549058496952057,0.27409499883651733,0.1241624504327774,0.41110941767692566,-0.19117099046707153,0.23667427897453308,-0.1573641151189804,0.1684650182723999,0.39065712690353394,-0.04416677728295326,-0.5616152286529541,0.5371666550636292,0.7865374088287354,0.09646867215633392,0.21553362905979156,0.3015282452106476,0.02661021612584591,0.2593277394771576
答え,0.16377677023410797,0.35642606019973755,-0.0499899797141552,0.6924920082092285,0.735397219657898,0.1763312816619873,1.1718544960021973,0.8500566482543945,0.24718345701694489,0.153284952044487,0.1607566624879837,1.522372841835022,0.051279909908771515,0.6168443560600281,0.33248090744018555,0.631502091884613,0.6813565492630005,0.5695499777793884,0.1771058887243271,0.604098916053772,0.8831998109817505,0.3616446554660797,-0.3120713233947754,0.6861988306045532,1.1261982917785645,0.5322612524032593,0.36016684770584106,0.794297993183136,0.06973150372505188,0.5993219017982483
質問,-0.012571999803185463,0.07920312881469727,0.14620661735534668,0.37651702761650085,0.41650390625,-0.020370613783597946,1.4369981288909912,1.0627409219741821,0.0105118528008461,-0.010503160767257214,-0.11563169956207275,1.484249234199524,0.014172929339110851,0.4573288559913635,0.09343042224645615,0.47935983538627625,0.2815130650997162,0.32060644030570984,-0.03617532178759575,0.26836538314819336,0.41885244846343994,1.0315601825714111,-0.5131927728652954,0.40028372406959534,0.7936140894889832,0.19237098097801208,-0.11671334505081177,0.54640132188797,-0.18997499346733093,0.020861461758613586
知識,0.05277525633573532,0.8291370272636414,-0.46668675541877747,0.5834203362464905,0.5403149724006653,-0.15599381923675537,0.5411792993545532,1.36141836643219,2.0056397914886475,0.017144937068223953,0.1938251554965973,1.5906349420547485,0.28148847818374634,0.35930517315864563,-0.298175185918808,0.6241804957389832,0.8816321492195129,0.6179989576339722,0.3813210129737854,0.3517643213272095,0.8858234286308289,1.8596880435943604,-0.43830606341362,1.125123381614685,0.8332278728485107,0.18769170343875885,-0.3542395532131195,1.7874197959899902,0.007722045294940472,0.3974602520465851
知恵,0.07685963809490204,1.044959545135498,-0.3552369177341461,0.4361311197280884,0.6541193127632141,0.14330404996871948,0.7146564722061157,1.633142352104187,2.192507743835449,0.3534660339355469,0.9335487484931946,1.270260214805603,1.6006267070770264,-0.9129725098609924,-0.18445855379104614,0.9110472798347473,0.7775940895080566,0.5672529339790344,0.8275759220123291,0.7647755146026611,1.032888650894165,1.8977727890014648,-0.25955167412757874,1.45987069606781,1.400732159614563,0.42420822381973267,1.5529990196228027,1.8031466007232666,0.6076372265815735,0.3816315233707428
情報,-0.03632243350148201,0.1389450579881668,-0.32218408584594727,0.33565032482147217,0.4042971134185791,-0.2639148235321045,0.9530502557754517,0.49385079741477966,0.9975070357322693,0.01961388997733593,-0.0018383526476100087,1.826428771018982,0.12717857956886292,0.9890203475952148,-0.11956272274255753,0.4065106213092804,0.338746577501297,0.422291100025177,0.22157609462738037,0.3855050504207611,0.5417190790176392,1.1076698303222656,-0.39885351061820984,0.9050989747047424,0.6909782290458679,0.01045139692723751,-0.8031864166259766,1.2273852825164795,-0.19308914244174957,0.11443839967250824
データ,-0.09280677884817123,0.2481350302696228,-0.587420642375946,0.2077171802520752,0.38233718276023865,-0.4206739366054535,0.6366656422615051,-0.6925543546676636,1.2368496656417847,0.018537752330303192,0.11675287038087845,1.838792324066162,0.14990434050559998,1.6038211584091187,-0.37415462732315063,0.5171090960502625,0.402639776468277,0.37845921516418457,0.0932999700307846,0.5573652386665344,0.689315676689148,1.4172395467758179,-0.6358307600021362,1.166361927986145,0.6913577914237976,-0.027584591880440712,-0.9151817560195923,0.994817316532135,-0.17964240908622742,0.2306622415781021
真実,-0.06472966820001602,0.47217699885368347,-0.9861999750137329,0.12439334392547607,0.5092535614967346,-0.1451520025730133,0.688950777053833,1.4236150979995728,1.9989509582519531,0.03153696283698082,-0.03592434525489807,1.5099883079528809,0.23673871159553528,0.07406889647245407,-0.27119582891464233,1.233551263809204,0.8241878151893616,0.5019060969352722,0.5319790840148926,0.7184600830078125,0.5683279633522034,1.2725920677185059,-0.36475303769111633,0.9649303555488586,0.6240091919898987,0.040029823780059814,-0.21749049425125122,1.5640619993209839,-0.029114646837115288,0.14766262471675873
嘘,-1.312696933746338,0.164536252617836,-0.34730765223503113,-0.8762320876121521,-0.9261428713798523,-1.4074500799179077,1.6445695161819458,-0.455386757850647,-1.8809185028076172,-1.2374897003173828,-0.9266835451126099,2.0464189052581787,-0.5510666966438293,-0.19440174102783203,-0.004906062036752701,-2.400407314300537,-2.3026442527770996,-0.762368381023407,-1.7600551843643188,-0.8736400604248047,-0.5234193205833435,-1.7222256660461426,-0.8515322804450989,-0.3335646986961365,-0.1323155164718628,-0.9515060186386108,0.34448176622390747,-0.7524895668029785,-0.5626940727233887,-0.4934285283088684
計画,0.05942586436867714,0.2722703516483307,0.5985455513000488,0.22416409850120544,0.4513956308364868,-0.06251586973667145,0.4105144739151001,-0.22716067731380463,0.5737156271934509,0.02154698595404625,0.20051023364067078,1.736491084098816,0.3907904028892517,0.5095511674880981,-0.10988515615463257,0.4094522297382355,0.5544536709785461,0.25855734944343567,0.17021308839321136,0.28631263971328735,1.2186753749847412,1.342043399810791,-0.3076119124889374,1.2111914157867432,0.7550562024116516,0.4167672097682953,0.3807074725627899,0.7186548113822937,-0.07558942586183548,0.13107655942440033
偶然,-0.07530868798494339,-0.5951504111289978,-0.8194848299026489,-0.25515055656433105,-0.04031005874276161,-0.13765113055706024,1.2769056558609009,1.538018822669983,-0.40150684118270874,-0.07142619788646698,-0.4985279142856598,0.27640673518180847,-0.24319596588611603,0.10422995686531067,-0.33194130659103394,-0.06315295398235321,-1.503226399421692,-0.04379698634147644,-0.215666264295578,-0.1385231912136078,-1.5629371404647827,-0.2593061625957489,-0.2892157733440399,-0.3479023277759552,0.327830970287323,-0.15458545088768005,0.32909640669822693,-2.1204452514648438,-0.3944411873817444,-0.7566921710968018
秩序,0.2670096158981323,0.5569742918014526,-0.736173152923584,0.35534611344337463,1.084343433380127,-0.15608015656471252,1.1078269481658936,0.9350528120994568,1.021536111831665,0.4194737672805786,0.015292739495635033,1.7413502931594849,0.27264878153800964,0.30547967553138733,0.24063841998577118,0.8154918551445007,0.9211021065711975,0.6685316562652588,0.6458088755607605,0.7269448637962341,1.5557645559310913,1.411026120185852,-1.0859981775283813,1.2165074348449707,1.2981723546981812,0.16929538547992706,-0.993502676486969,1.5712785720825195,-0.02652142196893692,0.3494034707546234
混乱,-1.8815855979919434,1.0767937898635864,1.3687456846237183,-0.9042903184890747,-1.2091983556747437,-0.2208513617515564,-0.6202656030654907,1.060148000717163,-1.852974534034729,-1.22200608253479,1.0157586336135864,0.9296178221702576,-0.2907605469226837,0.8213985562324524,0.2543940544128418,-0.2637617886066437,-1.891634464263916,-0.6847558617591858,-1.8632029294967651,-1.6890723705291748,-2.066267251968384,-1.8359767198562622,0.10755595564842224,-1.4533759355545044,-1.7020076513290405,-1.8612334728240967,-0.6859854459762573,-2.267125368118286,-0.28910455107688904,0.37299302220344543
規則,-0.09546422958374023,0.3792446255683899,-1.110953688621521,0.18998761475086212,0.34173670411109924,-0.03994644060730934,0.835139811038971,-0.2876407504081726,0.12871645390987396,-0.03221289440989494,-0.046455997973680496,1.6312527656555176,0.17220760881900787,0.15494658052921295,0.0544293187558651,0.6809853315353394,0.550790011882782,0.5020219683647156,0.053277987986803055,0.3839366137981415,1.0488202571868896,0.778874933719635,-1.2982022762298584,0.769875705242157,0.7328333854675293,0.06540514528751373,-1.1195052862167358,1.290737271308899,-0.07223905622959137,0.17703667283058167
変化,-0.1656610369682312,0.26972347497940063,0.8055869936943054,0.10322302579879761,-0.06893467903137207,-0.09000637382268906,0.6081299185752869,1.6696901321411133,-0.10562961548566818,-0.019899897277355194,-0.1274387687444687,1.4172728061676025,0.08065031468868256,0.7183972597122192,-0.009941241703927517,0.13357724249362946,-0.10383610427379608,-0.06068273261189461,-0.06141369417309761,-0.13367636501789093,-0.3788517415523529,0.12229970842599869,0.12966197729110718,0.6097694635391235,0.6695894598960876,0.15559476613998413,0.44258248805999756,-1.071873664855957,-0.18452738225460052,0.4271070957183838
成長,0.8963881731033325,0.6976609826087952,1.1917117834091187,0.5581774711608887,0.5652353167533875,0.8823750615119934,0.7161737084388733,1.7500396966934204,1.553518295288086,0.6233072280883789,0.7069549560546875,1.5773718357086182,0.5759788155555725,0.5711584687232971,-0.02315104380249977,0.42862626910209656,0.5190880298614502,0.2871111333370209,1.365860939025879,0.3542099893093109,0.6437130570411682,1.575926423072815,0.5295711755752563,0.960167646408081,1.085313081741333,1.3370141983032227,1.6517294645309448,0.7114537954330444,0.043825939297676086,0.9923748970031738
老化,-1.737127661705017,-0.708294153213501,-1.735607385635376,0.04177327826619148,0.13598120212554932,-0.7475120425224304,-0.25159046053886414,2.3090827465057373,-0.6713289618492126,-0.6051153540611267,-0.08228587359189987,2.2722837924957275,-0.48099812865257263,-0.3905206620693207,-0.44364339113235474,0.19429847598075867,-0.623498260974884,0.21348373591899872,-1.2777806520462036,-0.48570117354393005,-0.746371328830719,-1.0835944414138794,-1.4177558422088623,1.0862956047058105,1.0314849615097046,-1.1120543479919434,0.9982697367668152,0.9344894886016846,0.12321484088897705,-1.3965386152267456
始まり,-0.03431156277656555,-0.5289188623428345,-0.566077470779419,0.13630086183547974,0.22999586164951324,-0.08582622557878494,1.0334868431091309,0.7641105651855469,-0.17990833520889282,0.046993691474199295,-0.8094974756240845,1.3341730833053589,-0.26195138692855835,-0.5862609148025513,-0.2559627890586853,0.28898221254348755,0.18392935395240784,0.1825273483991623,0.012110541574656963,0.12099036574363708,0.2788570523262024,0.10736909508705139,-0.6148253083229065,0.425924688577652,0.705376148223877,0.35882338881492615,-0.20775674283504486,-0.08420867472887039,-0.3445272743701935,-0.3426045775413513
終わり,-0.15409056842327118,0.028919093310832977,-1.3495367765426636,-0.3328857421875,0.2323591262102127,-0.41466590762138367,1.0565434694290161,1.1779390573501587,-0.3158471882343292,0.043756116181612015,0.2556762993335724,1.506208896636963,-0.1714160293340683,-0.12214020639657974,-0.4946228563785553,0.20716871321201324,-0.16186682879924774,0.010457892902195454,-0.3401429057121277,0.043164387345314026,0.46356168389320374,-0.09376498311758041,-0.7606387138366699,0.7150529026985168,0.7955554127693176,-0.507540225982666,-0.5282401442527771,0.6069193482398987,-0.18382951617240906,-0.06121710315346718
誕生,1.1306666135787964,-0.23314404487609863,-0.3632217347621918,0.5031065344810486,0.6997084021568298,1.0264830589294434,1.1735082864761353,1.7761304378509521,1.5913344621658325,0.7247899174690247,-0.5519686341285706,1.4987242221832275,-0.3140234053134918,-0.3548661768436432,-0.469339519739151,0.35029202699661255,0.059276681393384933,0.2302534580230713,0.9172372817993164,0.6165615320205688,0.19511117041110992,0.4432958662509918,-0.2603845000267029,0.6425548195838928,1.1491382122039795,1.608253002166748,1.2143301963806152,0.31397026777267456,-0.04480578750371933,-0.022938590496778488
死,-2.14786958694458,0.24538594484329224,-2.1958200931549072,-1.0618373155593872,-1.0578805208206177,-1.569766879081726,0.834790050983429,1.5753034353256226,-1.6714738607406616,-0.8503377437591553,-0.1365385800600052,1.6444164514541626,-0.20592911541461945,-0.38789400458335876,-1.9767353534698486,0.00472278194501996,-1.196435570716858,-0.07481865584850311,-2.350604772567749,-1.1059271097183228,-0.20650041103363037,-1.7549724578857422,-1.0565805435180664,1.3355469703674316,0.35628482699394226,-2.1453588008880615,0.36202293634414673,0.7125453352928162,-0.38174206018447876,-1.053798794746399
生命,0.03218066692352295,0.3891134560108185,1.214460849761963,0.805334746837616,0.5033425688743591,0.34533435106277466,-0.06844697892665863,2.1462647914886475,2.0882160663604736,0.32179731130599976,0.6410870552062988,1.9388874769210815,0.15584035217761993,-0.13869227468967438,0.06807361543178558,0.5498749017715454,0.48217496275901794,0.3157510757446289,0.24803540110588074,0.23172365128993988,0.34877535700798035,1.679579734802246,0.04686959832906723,1.4198644161224365,0.8330772519111633,0.49535688757896423,0.15058168768882751,1.2133272886276245,0.221877321600914,0.43897080421447754
機械,-0.07026015967130661,0.524535596370697,0.6781347393989563,0.010496251285076141,0.20684047043323517,-0.6311238408088684,-0.12762556970119476,-2.110166549682617,0.31730449199676514,-0.051768697798252106,0.5358052849769592,1.8218488693237305,0.05598314478993416,1.0015513896942139,-1.183076024055481,0.3769257366657257,0.44015297293663025,0.24774816632270813,-0.1618456244468689,0.30280542373657227,1.197701096534729,1.8387048244476318,-0.7148278951644897,0.9974390268325806,0.603253185749054,0.011331362649798393,-0.8752995133399963,1.2801986932754517,0.5859161019325256,1.1216751337051392
電気,-0.10513243079185486,0.475924551486969,1.0016824007034302,0.608798623085022,0.007999898865818977,-0.40711554884910583,0.7581160068511963,-1.657772183418274,0.8608024716377258,-0.10627205669879913,0.050122927874326706,2.40165114402771,0.05986742675304413,1.6186327934265137,-0.4957791864871979,0.25959068536758423,0.8874093890190125,0.2699330747127533,0.24518266320228577,0.8872330188751221,0.709703803062439,2.3880224227905273,-0.5226714015007019,0.9647263884544373,0.7506130933761597,0.10218227654695511,-0.6296802759170532,1.4778231382369995,0.07203567028045654,0.963441789150238
エネルギー,-0.16729961335659027,0.8905375599861145,1.121262788772583,0.5355496406555176,-0.0002864756970666349,-0.006950284820050001,-0.021623674780130386,1.1046924591064453,1.5997745990753174,-0.012697144411504269,1.3362927436828613,2.0375003814697266,0.319621205329895,1.199019432067871,-0.4015103280544281,0.240690216422081,0.24331501126289368,0.19844941794872284,0.2762022018432617,0.17706352472305298,0.474921852350235,2.1333372592926025,-0.19731643795967102,1.4309027194976807,0.5295420289039612,0.24574004113674164,-1.3564975261688232,0.8948113918304443,0.42032986879348755,1.317705750465393
宇宙,0.0968361645936966,0.6828113794326782,0.705024778842926,-1.222802996635437,-0.2322281002998352,-1.4199299812316895,-1.7161155939102173,2.417083978652954,0.726298451423645,1.408857822418213,2.706815004348755,-0.4075133204460144,1.0373859405517578,1.0352890491485596,-1.7667275667190552,0.2488030642271042,0.3247746527194977,0.22698616981506348,0.03618328645825386,0.4733436703681946,0.08835644274950027,0.10789331793785095,0.7359254956245422,1.67904531955719,0.37075933814048767,0.5201911330223083,-2.3247079849243164,1.2869453430175781,-0.07630231231451035,1.7195863723754883
地球,0.02728823758661747,0.22062407433986664,-0.771210789680481,1.347396969795227,1.3267186880111694,-0.030835185199975967,0.6180397272109985,2.5967249870300293,1.7367533445358276,0.8245562314987183,2.436706304550171,2.195941209793091,0.6064000725746155,0.16626504063606262,-0.8273199796676636,0.5699403882026672,1.264496088027954,0.4990658164024353,0.9146466255187988,0.5772782564163208,0.9621425271034241,2.110860824584961,-0.5801753401756287,1.4850116968154907,0.7767241597175598,0.40565192699432373,-2.2569668292999268,2.02156400680542,-0.20750956237316132,1.5968049764633179
動物,0.17178788781166077,-0.12350506335496902,0.9254755973815918,1.0694868564605713,0.5900740027427673,0.7969975471496582,1.0071691274642944,2.3042593002319336,0.454059362411499,0.2357703298330307,-0.1299748420715332,1.8044960498809814,-0.054088443517684937,-0.37528881430625916,0.7317959666252136,0.33168473839759827,0.10196484625339508,0.18891403079032898,0.4288517236709595,0.13652801513671875,0.3217034339904785,0.25690364837646484,-0.4926658272743225,0.5475644469261169,0.605215311050415,0.13054603338241577,-0.7221246957778931,1.5258100032806396,-0.18140149116516113,0.22874993085861206
植物,0.5118066072463989,-0.7636227011680603,-1.448883295059204,1.326404094696045,1.6314828395843506,-0.1617826670408249,1.137939691543579,2.471562623977661,0.5075761079788208,0.7178072333335876,0.07848738133907318,2.070580005645752,-0.22021406888961792,-0.5308321714401245,-0.9019151329994202,0.7303695678710938,0.694589376449585,0.2726306915283203,1.9952269792556763,1.2585848569869995,0.3258189260959625,1.729205846786499,-0.6514499187469482,0.5494934320449829,1.1903491020202637,0.4198741316795349,-0.7220019698143005,1.99122953414917,-0.618958055973053,-0.5112344622612
微生物,-1.3711885213851929,-1.0910204648971558,1.6804563999176025,-1.0833494663238525,-0.1796218305826187,-0.28970444202423096,0.9885613918304443,2.1009652614593506,-0.7358558177947998,-1.067518949508667,-2.7238821983337402,1.6269117593765259,-0.72358238697052,0.10278499871492386,-0.19604280591011047,-0.0051688640378415585,-0.9088537693023682,0.21149523556232452,-0.5281595587730408,-1.5950061082839966,-1.4822684526443481,0.6489193439483643,-0.8489906787872314,0.5438222885131836,0.2141404151916504,-0.1234806627035141,-1.5122077465057373,-0.3873271346092224,-1.2754766941070557,-1.1310646533966064
薬,-0.34122079610824585,0.4722161591053009,0.2900458872318268,0.10156063735485077,0.15360623598098755,-0.2899521291255951,0.3630702495574951,-0.4685167968273163,1.0461159944534302,-0.21311761438846588,-0.2808838486671448,1.7480823993682861,0.14776834845542908,0.7933894991874695,-0.3119141757488251,0.5394629240036011,0.42928600311279297,0.2489352971315384,0.0758213922381401,0.35901957750320435,0.7192155718803406,1.4929401874542236,-0.7983683943748474,1.1279919147491455,0.5885400176048279,0.30784550309181213,1.1036052703857422,1.1337323188781738,0.4898456335067749,0.7589100003242493
手術,-1.7516905069351196,0.8413146734237671,1.4712282419204712,-0.8054622411727905,-0.4867069721221924,-0.9591225981712341,-1.170306921005249,-1.55365788936615,0.6586375832557678,-0.9556112289428711,0.25155091285705566,1.181959629058838,0.25953713059425354,1.1097800731658936,-1.2139006853103638,0.5630372762680054,0.8656834363937378,0.12805868685245514,-0.5492385625839233,1.185866117477417,0.524596095085144,1.8774327039718628,-1.217167615890503,1.7576403617858887,-0.6658082008361816,0.4613499939441681,0.5466691851615906,0.6920919418334961,1.7997390031814575,0.5840311646461487
研究,0.009179381653666496,0.27162832021713257,1.1317906379699707,0.3151325583457947,0.4407992959022522,-0.17425322532653809,0.034589748829603195,0.3953360915184021,1.0344462394714355,0.045653026551008224,0.10962343961000443,1.224478006362915,0.6222705841064453,0.49733027815818787,-0.5262578725814819,0.7462403178215027,0.6344788074493408,0.48962661623954773,0.23529712855815887,0.3781611919403076,0.8336545825004578,1.1186707019805908,-0.3528696596622467,1.5431013107299805,0.8195343613624573,0.22090516984462738,-0.9791209101676941,0.8308159708976746,0.10537077486515045,0.26974037289619446
発明,0.44589924812316895,0.30631178617477417,1.0711710453033447,0.3501562476158142,0.31930869817733765,-0.27310892939567566,0.1432723104953766,-1.774694800376892,1.4136347770690918,0.0931205227971077,-0.11560272425413132,0.3074329197406769,1.1803314685821533,0.4163254499435425,-0.4907749891281128,0.8372672200202942,0.5652571320533752,0.25670820474624634,0.0868389755487442,0.27353352308273315,0.7658889293670654,1.681032419204712,1.2659022808074951,1.3770440816879272,0.5844541788101196,1.1354870796203613,-0.8435913324356079,1.1145215034484863,0.28631848096847534,0.44466832280158997
芸術,0.5689587593078613,0.3482571840286255,0.995722234249115,0.3445020020008087,0.8543675541877747,0.23678575456142426,-0.011679559014737606,-0.4516209661960602,1.3567689657211304,0.27953144907951355,0.10775911808013916,0.994615375995636,1.0299831628799438,0.1004071980714798,0.1118917241692543,0.5702882409095764,0.2738497257232666,0.4119488298892975,0.3626371920108795,0.5653272271156311,0.2114824801683426,-0.040267463773489,1.9052009582519531,0.9203565716743469,0.7519590854644775,0.46448615193367004,0.569900631904602,0.9406338930130005,0.40487799048423767,0.4516999125480652
宗教,-0.06538631021976471,0.6940872669219971,0.874921441078186,0.22635649144649506,0.5454855561256409,0.6460627317428589,-0.9318315386772156,0.5574301481246948,0.9022766947746277,0.13940593600273132,1.0059864521026611,1.6052842140197754,0.18777060508728027,-0.9279366731643677,0.6013259887695312,0.4616911709308624,0.22697782516479492,0.24983936548233032,0.058850064873695374,0.13480748236179352,0.8355554938316345,0.42757803201675415,-0.523106038570404,1.336153268814087,0.8815931677818298,0.6743122935295105,0.664387047290802,1.4683536291122437,-0.17924761772155762,0.8726230263710022
祭り,1.723257064819336,0.5823563933372498,1.915895938873291,1.055850625038147,0.7300233244895935,0.9958363175392151,0.5169343948364258,0.8027050495147705,1.3853570222854614,1.2953710556030273,0.9134631752967834,1.288081407546997,0.016276489943265915,-0.8444011807441711,1.9625766277313232,0.417823851108551,0.05675358325242996,0.10310676693916321,0.03553798422217369,0.3820588290691376,0.8974239230155945,0.5841519832611084,-0.14504387974739075,0.8602669835090637,1.0882322788238525,1.2558262348175049,-2.0201988220214844,0.9816179871559143,-0.13849928975105286,0.9999220371246338
会社員,-0.1728852242231369,0.12109678983688354,0.7191235423088074,0.3066059350967407,0.8655244708061218,-0.3640567660331726,0.9918823838233948,0.5568987131118774,0.5776615738868713,-0.04547703266143799,-0.007584743667393923,2.3126251697540283,0.2606581151485443,1.3981517553329468,0.4058592617511749,0.5551310181617737,0.8805766105651855,0.32698625326156616,-0.029997676610946655,0.5805051922798157,1.0059961080551147,0.9589164853096008,-0.9871978759765625,1.4667737483978271,0.875688910484314,0.06497044116258621,-0.7310280799865723,1.6381633281707764,0.12180270999670029,0.06640046089887619
農家,0.25087589025497437,-0.11148945987224579,1.3202176094055176,0.8680148124694824,0.9168654084205627,0.7941051721572876,1.3041878938674927,1.9166330099105835,0.6522064805030823,0.24747499823570251,-0.6186687350273132,1.7562731504440308,-0.026385100558400154,-1.3743481636047363,-0.8508641719818115,1.3109233379364014,1.2497406005859375,0.31121155619621277,1.102300763130188,0.4373714327812195,0.7803733348846436,1.655211091041565,-1.227283239364624,1.3323043584823608,1.1511539220809937,0.41480734944343567,0.7248948216438293,1.3673616647720337,-0.36713510751724243,0.5448150038719177
医師,-0.1710689812898636,0.7560204267501831,0.8381549715995789,-0.222585529088974,1.1939023733139038,-0.7059787511825562,0.41963139176368713,0.8844070434570312,2.2455976009368896,-0.004304397385567427,-0.1151818186044693,1.7966984510421753,1.7457314729690552,1.1861860752105713,-0.35753902792930603,1.7135348320007324,2.415586233139038,0.6170790791511536,1.320451021194458,1.618088722229004,0.938687801361084,2.4054126739501953,-0.9760026931762695,1.8822673559188843,1.0064177513122559,0.543803870677948,-1.146520972251892,1.704717755317688,1.23599374294281,1.1674684286117554
看護師,0.1787901669740677,0.3466677665710449,1.5927578210830688,0.7908318638801575,1.2870115041732788,1.2373204231262207,0.35367757081985474,0.7795055508613586,2.1408677101135254,0.21816962957382202,-0.528076171875,2.056364059448242,1.2062708139419556,0.9938865303993225,1.1409837007522583,1.7883965969085693,2.332141876220703,0.7342280745506287,1.3430968523025513,2.0478832721710205,1.0583713054656982,2.5344130992889404,-0.8179599642753601,1.926267147064209,1.8260843753814697,0.8915748596191406,-0.736137866973877,1.4341250658035278,0.2470581978559494,0.13693901896476746
警察,-0.9028651714324951,1.3973894119262695,1.281906008720398,-0.8550812602043152,0.5134135484695435,-1.241669774055481,0.7422412037849426,-0.9030165076255798,0.5183204412460327,-0.29734355211257935,0.3430136442184448,1.8453282117843628,0.4358351528644562,1.4106560945510864,-0.16549167037010193,1.0574214458465576,0.8666285276412964,0.5365796685218811,-0.1693512350320816,0.6976653933525085,0.959331750869751,1.2113313674926758,-1.2128565311431885,1.7979443073272705,0.7580221891403198,-0.06713347136974335,-1.8894519805908203,1.4740846157073975,0.18543361127376556,1.772923231124878
消防士,-0.2576994001865387,1.595100998878479,1.8751888275146484,0.2698778510093689,-0.6425901651382446,-0.11681656539440155,0.840444803237915,-0.4876440465450287,2.1273140907287598,-0.10706406086683273,0.0162709541618824,1.3912502527236938,0.795269787311554,1.4308632612228394,-0.20162226259708405,2.0472843647003174,2.4999852180480957,0.6252743601799011,0.5553498268127441,1.2526025772094727,0.7840526103973389,2.6633594036102295,-1.009371280670166,1.9627150297164917,0.017602888867259026,1.0965449810028076,-1.7500840425491333,1.2652336359024048,0.6786507964134216,2.0387024879455566
裁判官,-0.2419930100440979,0.7390342354774475,0.06298442929983139,-0.5649380683898926,0.6923916339874268,-0.9542393088340759,0.44873368740081787,-0.08759506791830063,0.6937984228134155,-0.04644690454006195,0.2336675226688385,1.4283702373504639,0.7790394425392151,-0.06788379698991776,-1.2984498739242554,1.6802555322647095,1.668402075767517,1.5199944972991943,-0.016105355694890022,0.7616937756538391,1.0568389892578125,1.147705078125,-0.8760078549385071,1.7975413799285889,0.7320488095283508,-0.09531115740537643,-1.767683982849121,1.5007721185684204,0.1745140105485916,0.914362370967865
政治家,-0.36935603618621826,0.5641754269599915,1.4604729413986206,-0.17383186519145966,0.45848506689071655,-0.5593324303627014,0.2368202954530716,-0.02148550935089588,0.04934142529964447,-0.07890710979700089,0.8045764565467834,1.5093494653701782,0.3166222870349884,1.2189432382583618,0.7907048463821411,0.046784695237874985,-0.03154749795794487,0.22014035284519196,-0.1892179548740387,-0.1857185810804367,0.6186861991882324,-0.020233435556292534,-0.3834168016910553,1.044019341468811,0.8230602145195007,0.21313263475894928,-1.9850430488586426,0.9842318892478943,0.3412114381790161,1.120349645614624
学生,-0.0378793403506279,-0.2742493450641632,0.7500907778739929,0.7006938457489014,0.9263460636138916,0.22038882970809937,1.0804375410079956,1.269569754600525,1.1590319871902466,0.035388994961977005,-0.5703997015953064,2.197385549545288,0.35202786326408386,1.0524399280548096,0.7095842957496643,0.7306968569755554,0.35703691840171814,0.4807528257369995,0.11630424112081528,0.4840381443500519,0.5656690001487732,1.0002491474151611,-0.2432277947664261,0.8965861201286316,0.9446486234664917,0.6071069836616516,0.3797111213207245,0.8899564146995544,-0.2636062204837799,-0.3190447986125946
先生,0.01885947957634926,0.6470871567726135,-0.3779180943965912,0.3801255524158478,1.2526520490646362,0.3502505123615265,1.189963936805725,1.3832871913909912,1.2782880067825317,0.01939057745039463,0.4033419191837311,1.9010447263717651,0.7723893523216248,0.2400026023387909,0.6272203922271729,1.01467764377594,1.3420085906982422,0.3595696985721588,0.1449584662914276,0.7925432324409485,0.9341921806335449,1.2728644609451294,-0.8331223130226135,1.4849064350128174,1.2870327234268188,0.15396393835544586,-0.6431102156639099,1.654666781425476,0.1052398681640625,0.48963233828544617
親,0.9135786294937134,0.8395631909370422,-0.2365962415933609,1.1193796396255493,1.6383100748062134,1.7800358533859253,1.699478268623352,1.8668100833892822,2.404927968978882,0.18382351100444794,0.1666058748960495,2.0778584480285645,-0.11049804091453552,-0.10654234141111374,0.21243344247341156,1.1341959238052368,1.5680609941482544,0.42761996388435364,0.7243208289146423,0.5403310656547546,0.6272074580192566,2.125072479248047,-0.9523548483848572,0.7306028008460999,1.4775152206420898,0.7248888611793518,1.8528456687927246,1.9973453283309937,-0.15307648479938507,0.34391576051712036
子,0.07783204317092896,-0.6156834363937378,-0.473969966173172,0.39546358585357666,0.5509445667266846,0.48487749695777893,1.6301629543304443,1.4047390222549438,-0.12506334483623505,0.1299615055322647,-1.9831271171569824,1.6306174993515015,-0.9326401948928833,-0.19324083626270294,0.21754753589630127,0.5015028715133667,-0.41592347621917725,0.14186489582061768,0.34141334891319275,0.24483324587345123,0.3337891399860382,0.2487669736146927,-0.7035545110702515,0.2042941153049469,1.1308809518814087,0.5081591010093689,0.9800010919570923,0.8725170493125916,-0.21215958893299103,-0.7282037734985352
老人,-0.08824224770069122,-1.330670952796936,-1.0925731658935547,0.5194679498672485,0.7118393182754517,0.7900314927101135,1.1501973867416382,2.0549917221069336,1.3038833141326904,0.0623021125793457,-0.277491956949234,2.189380168914795,0.2060936689376831,-0.9242717623710632,-0.22151024639606476,0.9742604494094849,1.015949010848999,0.4265596866607666,-0.14493390917778015,0.3358110189437866,0.4343470633029938,0.4638543725013733,-1.4302467107772827,0.8966333866119385,1.5629175901412964,0.11072579026222229,0.26321110129356384,1.5434218645095825,-0.14555804431438446,-1.2227956056594849
観光客,0.4384879171848297,-0.36498668789863586,1.4785155057907104,-0.10905203968286514,0.5060104131698608,0.5107319355010986,1.1548811197280884,0.7184338569641113,-0.1563541293144226,0.03780230134725571,-0.2292908877134323,1.3959311246871948,-0.315381795167923,1.4788846969604492,0.5517114400863647,0.3839842677116394,-0.13353629410266876,0.27801966667175293,-0.1329907774925232,0.16378366947174072,0.1505265086889267,0.003581407479941845,-0.43962210416793823,0.33313611149787903,0.9062516093254089,0.6108115315437317,-0.05354788899421692,0.5897789597511292,0.42760658264160156,-0.5168542861938477
隣人,-0.14006178081035614,-0.3925401270389557,-0.8240839242935181,0.32979437708854675,0.8797100782394409,0.15168842673301697,1.649364948272705,1.961190104484558,0.03994492441415787,-0.03412935882806778,-0.5555676817893982,2.221238136291504,-0.1490226835012436,0.33969709277153015,0.7147404551506042,0.3180112838745117,0.3526501953601837,0.2576656639575958,0.12640918791294098,0.1467503309249878,0.5383166074752808,0.08851383626461029,-0.6834201812744141,0.553828239440918,0.9855952262878418,0.0024723391979932785,0.9946976900100708,1.2538882493972778,-0.2690538465976715,-0.5467016100883484
指導者,0.11615393310785294,1.186384916305542,0.5530835390090942,0.4250298738479614,0.9552705883979797,0.5965960025787354,0.7926608920097351,0.8270940780639648,1.4958382844924927,0.07165972888469696,1.0690051317214966,1.5171984434127808,0.898974597454071,0.24579517543315887,0.7280202507972717,0.9676238894462585,1.5108346939086914,0.575364351272583,0.35643085837364197,0.5431841015815735,1.0749638080596924,1.4174587726593018,-0.5334964990615845,1.4169121980667114,1.1008405685424805,0.8057567477226257,-0.5623078346252441,1.4392424821853638,0.31276077032089233,1.1909719705581665
