selected_rank,chive_rank,word,filter_reason
1,9,為る,
2,17,居る,
3,19,御,
4,20,有る,
5,28,成る,
6,29,か,
7,33,言う,
8,35,出来る,
9,37,無い,
10,39,ず,
11,41,見る,
12,43,方,
13,45,思う,
14,46,良い,
15,47,行く,
16,48,人,
17,49,其の,
18,50,ね,
19,52,年,
20,53,此の,
21,54,日,
22,55,さん,
23,56,下さる,
24,61,為,
25,62,時,
26,63,ば,
27,64,物,
28,65,来る,
29,67,月,
30,68,頂く,
31,69,場合,
32,70,中,
33,71,使う,
34,74,つく,
35,75,よる,
36,76,此れ,
37,77,何,
38,79,てる,
39,80,又,
40,81,よ,
41,84,仕舞う,
42,86,其れ,
43,88,自分,
44,90,私,
45,94,時間,
46,96,後,
47,97,等,
48,99,円,
49,100,たり,
50,101,様,
51,102,つ,
52,103,おる,
53,104,多い,
54,106,って,
55,107,情報,
56,108,者,
57,109,必要,
58,110,さ,
59,111,紹介,
60,112,行う,
61,113,的,
62,114,な,
63,115,日本,
64,116,所,
65,117,前,
66,118,おく,
67,119,第,
68,121,分かる,
69,122,他,
70,123,方法,
71,124,持つ,
72,125,取る,
73,127,けれど,
74,128,作る,
75,129,分,
76,130,商品,
77,131,考える,
78,132,呉れる,
79,133,出る,
80,134,使用,
81,135,目,
82,136,気,
83,137,遣る,
84,138,易い,
85,140,可能,
86,141,此方,
87,142,利用,
88,143,どう,
89,144,事,
90,145,高い,
91,146,今回,
92,147,皆,
93,149,上,
94,150,今,
95,151,会社,
96,152,致す,
97,153,ながら,
98,154,御座る,
99,155,回,
100,156,購入,
101,158,達,
102,159,本,
103,160,入る,
104,161,仕事,
105,162,子供,
106,163,知る,
107,164,し,
108,165,話,
109,166,以上,
110,167,無料,
111,168,用,
112,169,店,
113,171,確認,
114,172,サービス,
115,173,貰う,
116,174,感じる,
117,176,記事,
118,179,食べる,
119,180,サイト,
120,181,受ける,
121,183,対応,
122,184,迚も,
123,185,少し,
124,186,此処,
125,187,入れる,
126,188,ポイント,
127,189,そんな,
128,190,書く,
129,192,出す,
130,193,くらい,
131,194,写真,
132,195,聞く,
133,196,内容,
134,197,人気,
135,198,性,
136,199,楽しむ,
137,200,問題,
138,202,関する,
139,204,読む,
140,205,知れる,
141,206,数,
142,207,貴方,
143,208,大,
144,209,同じ,
145,210,市,
146,211,次,
147,212,状態,
148,213,世界,
149,214,相談,
150,215,全て,
151,216,本当,
152,217,効果,
153,218,選ぶ,
154,219,買う,
155,220,女性,
156,222,セット,
157,223,上げる,
158,224,サイズ,
159,225,会,
160,227,是非,
161,228,付く,
162,230,点,
163,231,好き,
164,232,もう,
165,233,良く,
166,234,然し,
167,235,場所,
168,236,今日,
169,237,内,
170,238,色,
171,239,御勧め,
172,240,簡単,
173,241,力,
174,242,掛かる,
175,244,度,
176,245,デザイン,
177,246,始める,
178,247,家,
179,248,参加,
180,249,対する,
181,251,ブログ,
182,252,以下,
183,253,際,
184,254,開催,
185,255,カード,
186,256,生活,
187,257,過ぎる,
188,259,大きい,
189,260,現在,
190,261,先ず,
191,262,販売,
192,263,沢山,
193,264,手,
194,265,更に,
195,266,名,
196,267,企業,
197,268,動画,
198,269,合わせる,
199,270,結果,
200,271,東京,
201,273,訳,
202,274,楽しい,
203,275,理由,
204,277,車,
205,278,味,
206,279,間,
207,280,確り,
208,281,約,
209,282,感じ,
210,284,地域,
211,285,感,
212,286,かける,
213,287,強い,
214,288,実際,
215,289,違う,
216,290,心,
217,291,美味しい,
218,292,にて,
219,293,機能,
220,294,直ぐ,
221,295,有り難う,
222,296,一寸,
223,297,願う,
224,298,変わる,
225,299,登録,
226,300,ちゃん,
227,301,対策,
228,302,歳,
229,303,様々,
230,304,笑い,
231,305,管理,
232,306,通り,
233,307,環境,
234,308,関係,
235,309,品,
236,311,ゲーム,
237,312,特に,
238,313,事業,
239,314,見える,
240,315,ページ,
241,316,こんな,
242,317,大学,
243,318,予約,
244,319,活動,
245,320,少ない,
246,321,部分,
247,323,県,
248,324,のみ,
249,325,提供,
250,326,設定,
251,328,イベント,
252,329,体,
253,330,経験,
254,331,安心,
255,332,欲しい,
256,334,御客様,
257,337,駅,
258,338,つける,
259,339,続ける,
260,340,化,
261,341,べし,
262,342,気持ち,
263,343,価格,
264,344,状況,
265,345,注意,
266,346,箇月,
267,348,アップ,
268,349,変更,
269,351,一番,
270,352,どんな,
271,353,勿論,
272,354,タイプ,
273,355,一緒,
274,356,可愛い,
275,357,種類,
276,358,意味,
277,359,色々,
278,360,水,
279,361,型,
280,362,代,
281,363,僕,
282,364,系,
283,365,長い,
284,367,学校,
285,368,金,
286,370,表示,
287,372,個人,
288,373,付き,
289,374,誰,
290,375,大切,
291,376,得る,
292,377,解説,
293,378,新しい,
294,379,作品,
295,380,メール,
296,381,説明,
297,382,どこ,
298,383,部,
299,384,可成,
300,385,未だ,
301,386,奇麗,
302,387,下,
303,388,多く,
304,389,データ,
305,390,唯,
306,391,期間,
307,392,余り,
308,393,先生,
309,394,こう,
310,395,電話,
311,396,作業,
312,397,一人,
313,398,以外,
314,399,治療,
315,400,家族,
316,401,別,
317,403,発送,
318,404,凄い,
319,405,画像,
320,406,合う,
321,407,大きな,
322,408,矢張り,
323,409,形,
324,410,特徴,
325,411,体験,
326,412,時代,
327,415,生,
328,416,伝える,
329,417,料理,
330,418,最近,
331,419,程度,
332,420,支援,
333,421,先,
334,422,法,
335,423,悪い,
336,424,探す,
337,425,り,
338,426,a,
339,427,言葉,
340,428,枚,
341,430,初めて,
342,431,CM,
343,432,予定,
344,433,頃,
345,434,早い,
346,435,最後,
347,436,飲む,
348,437,チェック,
349,438,含む,
350,439,相手,
351,440,子,
352,441,原因,
353,442,元,
354,443,システム,
355,444,カラー,
356,445,今年,
357,446,注文,
358,447,肌,
359,448,作成,
360,449,オンライン,
361,450,映画,
362,451,希望,
363,452,スタッフ,
364,453,実,
365,454,続く,
366,455,嬉しい,
367,456,限定,
368,457,サポート,
369,458,待つ,
370,459,いつ,
371,460,増える,
372,461,送料,
373,462,理解,
374,463,安い,
375,464,働く,
376,465,健康,
377,466,新,
378,467,いつも,
379,468,選手,
380,469,話す,
381,470,毎日,
382,471,ネット,
383,472,彼,
384,473,料金,
385,474,式,
386,475,営業,
387,476,評価,
388,477,センター,
389,478,技術,
390,479,自然,
391,480,店舗,
392,481,撮影,
393,482,連絡,
394,483,何故,
395,484,アプリ,
396,485,社会,
397,486,m,
398,487,コロナ,
399,488,難しい,
400,489,調査,
401,490,上がる,
402,491,施設,
403,492,重要,
404,493,素材,
405,494,イメージ,
406,495,難い,
407,496,どの,
408,497,コース,
409,498,選択,
410,499,株式,
411,500,うち,
412,502,ケース,
413,503,勉強,
414,504,対象,
415,505,英語,
416,506,みたい,
417,507,学ぶ,
418,508,男性,
419,509,纏める,
420,510,部屋,
421,511,最初,
422,512,夏,
423,513,旨い,
424,514,研究,
425,515,開発,
426,516,付ける,
427,517,結婚,
428,518,声,
429,519,負担,
430,520,交換,
431,521,客,
432,522,なし,
433,523,影響,
434,524,保険,
435,525,業務,
436,527,乗る,
437,528,各,
438,529,今後,
439,530,二人,
440,531,一覧,
441,532,ホテル,
442,533,参考,
443,534,教える,
444,535,線,
445,536,大変,
446,537,なんて,
447,538,口コミ,
448,539,足,
449,540,詳細,
450,541,号,
451,542,花,
452,543,改善,
453,544,君,
454,545,活用,
455,546,実施,
456,547,g,
457,548,国,
458,549,場,
459,550,一,
460,551,投資,
461,552,目的,
462,553,位,
463,554,其々,
464,555,個,
465,556,風,
466,557,海外,
467,558,契約,
468,559,御洒落,
469,560,発生,
470,561,呼ぶ,
471,562,問い合わせ,
472,563,工事,
473,564,版,
474,565,開始,
475,566,一度,
476,567,詳しい,
477,568,時期,
478,569,非常,
479,570,もっと,
480,571,ちゃう,
481,572,高,
482,573,人間,
483,574,基本,
484,575,頑張る,
485,576,掲載,
486,577,向け,
487,578,医療,
488,579,らしい,
489,580,可能性,
490,581,必ず,
491,582,モデル,
492,583,関連,
493,584,殆ど,
494,585,大阪,
495,586,異なる,
496,587,御覧,
497,588,メリット,
498,589,顔,
499,590,ビジネス,
500,591,存在,
501,592,過ごす,
502,593,公開,
503,594,終わる,
504,595,引く,
505,596,とも,
506,597,買い取り,
507,598,有り,
508,599,業,
509,600,便利,
510,601,共,
511,602,比較,
512,603,ブランド,
513,604,条件,
514,605,切る,
515,606,込む,
516,607,中々,
517,608,侭,
518,609,発表,
519,610,目指す,
520,611,追加,
521,612,メニュー,
522,613,すすめ,
523,614,安全,
524,615,検索,
525,616,製品,
526,617,配信,
527,618,病院,
528,619,公式,
529,620,纏め,
530,621,氏,
531,622,置く,
532,623,決める,
533,624,登場,
534,625,名前,
535,626,大人,
536,627,質問,
537,628,シリーズ,
538,629,若し,
539,630,違い,
540,631,台,
541,633,超,
542,634,求める,
543,635,量,
544,636,専用,
545,637,アイテム,
546,639,スマホ,
547,640,用意,
548,641,会員,
549,642,期待,
550,643,全国,
551,644,ばかり,
552,645,更新,
553,646,専門,
554,647,住宅,
555,648,意識,
556,649,送る,
557,650,教育,
558,651,変化,
559,652,生きる,
560,653,変える,
561,654,中心,
562,655,全,
563,656,メーカー,
564,657,費用,
565,658,プレゼント,
566,659,気軽,
567,660,普通,
568,661,転職,
569,662,案内,
570,663,全く,
571,664,徒歩,
572,666,ウェブ,
573,667,一般,
574,668,終了,
575,669,過去,
576,670,食事,
577,671,人生,
578,672,オススメ,
579,673,光,
580,674,依頼,
581,675,ー,
582,676,面白い,
583,677,社,
584,678,一部,
585,679,s,
586,680,こそ,
587,681,準備,
588,682,年間,
589,683,プラン,
590,684,求人,
591,685,OK,
592,686,不安,
593,687,スポーツ,
594,689,行動,
595,690,筈,
596,691,旅行,
597,692,画面,
598,693,レベル,
599,694,得,
600,695,書,
601,696,運営,
602,698,魅力,
603,699,朝,
604,700,グループ,
605,701,進む,
606,702,感染,
607,703,ランキング,
608,704,自身,
609,705,特別,
610,707,会う,
611,708,テレビ,
612,709,成長,
613,710,チーム,
614,711,年度,
615,712,最大,
616,713,申し込み,
617,714,大会,
618,715,最新,
619,716,頭,
620,718,繋がる,
621,719,猫,
622,720,当たる,
623,721,始まる,
624,722,近く,
625,723,最高,
626,724,通常,
627,725,機,
628,727,例えば,
629,728,採用,
630,729,御店,
631,730,高校,
632,731,側,
633,732,思い,
634,733,道,
635,734,描く,
636,735,与える,
637,737,感想,
638,738,身体,
639,739,完全,
640,740,辛い,
641,741,収納,
642,742,クリック,
643,743,知識,
644,744,設置,
645,745,募集,
646,746,エリア,
647,747,宜しく,
648,748,試験,
649,749,美しい,
650,750,音,
651,751,興味,
652,752,調べる,
653,753,外,
654,754,雰囲気,
655,755,ユーザー,
656,756,介護,
657,759,ショップ,
658,760,取得,
659,761,下記,
660,762,見付ける,
661,763,制度,
662,764,立つ,
663,765,届く,
664,766,当社,
665,767,投稿,
666,768,教室,
667,769,地,
668,770,学習,
669,771,全体,
670,772,遊ぶ,
671,773,音楽,
672,774,夢,
673,775,山,
674,776,歩く,
675,777,週間,
676,778,講座,
677,779,レッスン,
678,780,物件,
679,781,十分,
680,783,W,
681,784,配送,
682,785,印象,
683,786,夜,
684,788,以前,
685,789,入り,
686,790,指定,
687,791,中国,
688,792,バッグ,
689,793,運動,
690,794,b,
691,795,法人,
692,796,調整,
693,797,屋,
694,798,料,
695,799,ドラマ,
696,800,口,
697,801,届ける,
698,802,練習,
699,803,越える,
700,804,アクセス,
701,805,キャンペーン,
702,806,担当,
703,807,毎,
704,808,不動産,
705,809,ブラック,
706,811,検査,
707,812,すすめる,
708,813,向ける,
709,814,本日,
710,815,シンプル,
711,816,症状,
712,817,どれ,
713,818,活躍,
714,819,入力,
715,820,或る,
716,821,代表,
717,822,取り引き,
718,823,自由,
719,824,検討,
720,825,野菜,
721,826,資格,
722,827,スタイル,
723,828,最も,
724,829,判断,
725,830,悩み,
726,831,初,
727,832,比べる,
728,833,残る,
729,834,解決,
730,835,お金,
731,836,小さい,
732,837,プロ,
733,838,面,
734,839,関わる,
735,840,作り,
736,841,テーマ,
737,842,ホーム,
738,843,今日は,
739,844,金額,
740,845,当,
741,846,試す,
742,847,移動,
743,848,スキル,
744,849,結構,
745,850,開く,
746,851,深い,
747,852,町,
748,853,スタート,
749,854,区,
750,856,素敵,
751,857,周辺,
752,858,オープン,
753,859,手続き,
754,860,市場,
755,861,大事,
756,862,漫画,
757,863,機会,
758,864,美容,
759,866,報告,
760,867,因み,
761,868,自宅,
762,869,展開,
763,870,香り,
764,871,発売,
765,872,コメント,
766,873,コーヒー,
767,874,友達,
768,875,経営,
769,876,普段,
770,877,既に,
771,878,計画,
772,879,有名,
773,880,カメラ,
774,881,位置,
775,882,様子,
776,883,守る,
777,884,率,
778,885,例,
779,886,但し,
780,887,落ちる,
781,888,平成,
782,889,ウイルス,
783,890,姿,
784,891,なり,
785,892,身,
786,893,動く,
787,894,了承,
788,895,周り,
789,896,加える,
790,897,曲,
791,898,指導,
792,899,公園,
793,900,海,
794,901,忘れる,
795,902,ファン,
796,903,役,
797,904,記載,
798,905,実現,
799,906,階,
800,907,戻る,
801,908,春,
802,909,選,
803,910,制作,
804,911,稼ぐ,
805,912,上記,
806,913,注目,
807,914,メンバー,
808,915,通販,
809,916,付け,
810,917,番,
811,918,放送,
812,920,そのまま,
813,921,どちら,
814,922,成分,
815,924,決定,
816,925,事前,
817,926,木,
818,927,件,
819,928,患者,
820,930,スペース,
821,931,彼女,
822,932,学生,
823,933,トップ,
824,934,アメリカ,
825,935,売る,
826,936,種,
827,937,新品,
828,938,生まれる,
829,939,予想,
830,940,導入,
831,941,d,
832,942,マンション,
833,943,mm,
834,944,クラブ,
835,945,編,
836,946,長,
837,947,トレーニング,
838,948,オリジナル,
839,949,秋,
840,950,新た,
841,951,ホームページ,
842,952,猶,
843,953,カバー,
844,954,ダイエット,
845,955,障害,
846,956,見せる,
847,957,成功,
848,958,保護,
849,959,企画,
850,960,文字,
851,961,大丈夫,
852,962,一日,
853,963,気付く,
854,964,c,
855,966,流れ,
856,967,話題,
857,968,ライブ,
858,969,韓国,
859,970,温泉,
860,971,バランス,
861,972,押さえる,
862,973,表現,
863,974,処理,
864,976,館,
865,977,カフェ,
866,978,ご利用,
867,979,観光,
868,980,私達,
869,981,広告,
870,982,期,
871,984,悩む,
872,985,季節,
873,986,優しい,
874,987,新型,
875,988,帰る,
876,989,進める,
877,990,スーパー,
878,991,丁寧,
879,992,ボタン,
880,994,日々,
881,995,小,
882,996,自動,
883,997,脱毛,
884,998,心配,
885,999,パソコン,
886,1000,冬,
887,1001,防止,
888,1002,バス,
889,1003,自己,
890,1004,京都,
891,1005,近い,
892,1006,令和,
893,1007,不,
894,1008,低い,
895,1009,北海道,
896,1010,絶対,
897,1011,家庭,
898,1012,記念,
899,1013,ライン,
900,1014,士,
901,1015,幸せ,
902,1016,走る,
903,1017,ずっと,
904,1018,覚える,
905,1019,ずつ,
906,1020,楽,
907,1021,評判,
908,1023,目標,
909,1024,文化,
910,1025,つつ,
911,1026,痛い,
912,1027,以降,
913,1028,協力,
914,1029,セミナー,
915,1030,張る,
916,1031,価値,
917,1032,提案,
918,1033,豊富,
919,1034,起きる,
920,1035,能力,
921,1036,広い,
922,1037,保存,
923,1038,お知らせ,
924,1039,小さな,
925,1040,昨日,
926,1041,軽い,
927,1042,アニメ,
928,1043,設計,
929,1044,め,
930,1045,クラス,
931,1046,昔,
932,1047,詰まり,
933,1048,施術,
934,1049,再,
935,1051,歴史,
936,1052,同時,
937,1053,犬,
938,1054,会場,
939,1055,メッセージ,
940,1056,年齢,
941,1057,満足,
942,1058,リスク,
943,1059,食,
944,1060,製,
945,1061,出演,
946,1062,加工,
947,1063,完成,
948,1064,ほぼ,
949,1065,まあ,
950,1066,直接,
951,1067,銀行,
952,1069,複数,
953,1070,神,
954,1071,雨,
955,1072,撮る,
956,1073,事務,
957,1074,マスク,
958,1075,リンク,
959,1076,当日,
960,1077,通う,
961,1078,黒,
962,1079,楽天,
963,1080,現場,
964,1081,倍,
965,1082,シート,
966,1083,レビュー,
967,1084,ストレス,
968,1085,予防,
969,1086,プレー,
970,1087,カット,
971,1088,値段,
972,1089,向かう,
973,1090,未,
974,1091,娘,
975,1092,申請,
976,1093,完了,
977,1095,空間,
978,1096,受け付け,
979,1097,レディース,
980,1098,如何,
981,1099,明日,
982,1100,着る,
983,1101,l,
984,1102,ニュース,
985,1103,院,
986,1104,一杯,
987,1105,決まる,
988,1106,住む,
989,1107,酒,
990,1108,応援,
991,1110,正しい,
992,1111,元気,
993,1112,以内,
994,1113,桜,
995,1114,男,
996,1115,コード,
997,1116,ファイル,
998,1117,電子,
999,1118,社員,
1000,1119,旅,
1001,1120,起こる,
1002,1121,症,
1003,1122,メンズ,
1004,1123,未来,
1005,1124,研修,
1006,1125,メイン,
1007,1126,修理,
1008,1127,クリーム,
1009,1128,失敗,
1010,1129,御飯,
1011,1130,サロン,
1012,1131,出品,
1013,1132,感謝,
1014,1133,国際,
1015,1134,素晴らしい,
1016,1135,困る,
1017,1136,使い方,
1018,1137,事故,
1019,1138,電気,
1020,1139,制限,
1021,1140,薬,
1022,1141,わ,
1023,1142,プログラム,
1024,1143,街,
1025,1145,戦,
1026,1146,確か,
1027,1147,ては,
1028,1148,彼の,
1029,1149,割,
1030,1150,一方,
1031,1151,グッズ,
1032,1152,クリニック,
1033,1153,最適,
1034,1154,食品,
1035,1155,逆,
1036,1156,バイク,
1037,1157,生かす,
1038,1158,番号,
1039,1159,通す,
1040,1160,ギフト,
1041,1161,最終,
1042,1162,国内,
1043,1164,額,
1044,1165,拡大,
1045,1166,総合,
1046,1167,先日,
1047,1168,プロジェクト,
1048,1169,キッチン,
1049,1170,器,
1050,1171,ソフト,
1051,1172,汚れ,
1052,1173,室,
1053,1174,白,
1054,1175,親,
1055,1176,レンタル,
1056,1177,レシピ,
1057,1178,島,
1058,1179,大好き,
1059,1180,組む,
1060,1181,仕様,
1061,1182,意見,
1062,1183,機関,
1063,1184,限り,
1064,1185,界,
1065,1186,当時,
1066,1187,実績,
1067,1188,扠,
1068,1189,寝る,
1069,1190,支払い,
1070,1191,課題,
1071,1192,デメリット,
1072,1193,塗装,
1073,1194,答える,
1074,1195,フリー,
1075,1196,インターネット,
1076,1197,続き,
1077,1198,基準,
1078,1199,ツール,
1079,1200,動物,
1080,1201,無理,
1081,1202,差,
1082,1203,ライト,
1083,1204,勝ち,
1084,1205,神社,
1085,1206,バック,
1086,1207,女子,
1087,1208,プラス,
1088,1209,取れる,
1089,1210,安定,
1090,1211,向上,
1091,1212,講師,
1092,1213,経済,
1093,1214,分析,
1094,1215,授業,
1095,1216,特定,
1096,1217,本人,
1097,1218,土,
1098,1219,歯,
1099,1220,充実,
1100,1221,生地,
1101,1222,ぴったり,
1102,1223,範囲,
1103,1225,試合,
1104,1226,ホワイト,
1105,1227,トラブル,
1106,1228,米,
1107,1229,服,
1108,1230,保証,
1109,1231,整理,
1110,1232,記録,
1111,1233,自動車,
1112,1234,迎える,
1113,1235,甘い,
1114,1236,カテゴリー,
1115,1237,有効,
1116,1238,間違い,
1117,1239,肉,
1118,1240,限る,
1119,1241,残す,
1120,1242,ケア,
1121,1243,御願い,
1122,1244,快適,
1123,1245,便,
1124,1246,レース,
1125,1247,エネルギー,
1126,1248,色んな,
1127,1249,タイミング,
1128,1250,徹底,
1129,1251,ダウンロード,
1130,1252,然も,
1131,1253,製造,
1132,1254,筋肉,
1133,1255,審査,
1134,1256,パン,
1135,1257,いらっしゃる,
1136,1258,明るい,
1137,1259,スポット,
1138,1260,今迄,
1139,1261,祭,
1140,1262,ラーメン,
1141,1263,番組,
1142,1264,継続,
1143,1265,アマゾン,
1144,1266,シーン,
1145,1268,ハウス,
1146,1269,語,
1147,1270,常,
1148,1271,沖縄,
1149,1272,条,
1150,1273,テスト,
1151,1274,シーズン,
1152,1275,f,
1153,1276,ぽい,
1154,1277,傷,
1155,1278,自体,
1156,1279,視聴,
1157,1280,楽しみ,
1158,1281,語る,
1159,1282,応募,
1160,1283,どのような,
1161,1284,含める,
1162,1285,ボックス,
1163,1287,距離,
1164,1288,通信,
1165,1289,応じる,
1166,1290,パワー,
1167,1291,感覚,
1168,1292,オイル,
1169,1293,押す,
1170,1294,ファッション,
1171,1295,俺,
1172,1296,はじめ,
1173,1297,ブルー,
1174,1298,園,
1175,1299,訪問,
1176,1300,無,
1177,1301,動き,
1178,1302,k,
1179,1303,受験,
1180,1304,監督,
1181,1305,振り,
1182,1306,新規,
1183,1307,請求,
1184,1308,なくなる,
1185,1309,トイレ,
1186,1310,認める,
1187,1311,生徒,
1188,1312,寺,
1189,1313,暑い,
1190,1314,操作,
1191,1315,辺り,
1192,1316,髪,
1193,1317,テーブル,
1194,1318,弊社,
1195,1319,あっ,
1196,1320,集める,
1197,1321,掃除,
1198,1322,寒い,
1199,1323,ベスト,
1200,1324,生産,
1201,1325,認定,
1202,1326,施工,
1203,1327,同様,
1204,1328,紙,
1205,1330,箇所,
1206,1331,取り扱い,
1207,1332,支払う,
1208,1333,運用,
1209,1334,ママ,
1210,1335,似る,
1211,1336,地方,
1212,1337,多数,
1213,1338,キャラクター,
1214,1339,PC,
1215,1340,問う,
1216,1341,基礎,
1217,1342,勧める,
1218,1343,q,
1219,1344,業者,
1220,1345,駄目,
1221,1346,勤務,
1222,1347,資料,
1223,1348,幅,
1224,1350,袋,
1225,1351,値,
1226,1352,コンテンツ,
1227,1353,伴う,
1228,1354,なれる,
1229,1355,週,
1230,1356,基本的,
1231,1357,中央,
1232,1358,喜ぶ,
1233,1359,事務所,
1234,1360,ベース,
1235,1361,責任,
1236,1362,予め,
1237,1363,キャンプ,
1238,1364,建物,
1239,1367,平均,
1240,1368,日常,
1241,1369,初心者,
1242,1370,買い物,
1243,1372,前回,
1244,1373,クリア,
1245,1374,事件,
1246,1375,表,
1247,1376,意外,
1248,1377,基づく,
1249,1378,広がる,
1250,1379,計算,
1251,1380,スクール,
1252,1381,病気,
1253,1382,員,
1254,1383,母,
1255,1384,株式会社,
1256,1385,壁,
1257,1386,途中,
1258,1387,日間,
1259,1388,若い,
1260,1389,x,
1261,1390,友人,
1262,1391,行為,
1263,1392,学,
1264,1393,箱,
1265,1395,会話,
1266,1396,残念,
1267,1397,高級,
1268,1398,どうぞ,
1269,1399,森,
1270,1400,ペット,
1271,1401,書類,
1272,1402,気分,
1273,1403,込み,
1274,1404,発行,
1275,1406,ボール,
1276,1407,打つ,
1277,1408,合格,
1278,1409,不要,
1279,1410,渡る,
1280,1411,診断,
1281,1412,映像,
1282,1413,乾燥,
1283,1414,痛み,
1284,1415,兎に角,
1285,1416,設備,
1286,1417,クリスマス,
1287,1418,攻撃,
1288,1419,実践,
1289,1420,構成,
1290,1421,赤ちゃん,
1291,1422,栄養,
1292,1423,ピンク,
1293,1424,抑,
1294,1425,事例,
1295,1426,方々,
1296,1427,パンツ,
1297,1428,切っ掛け,
1298,1429,ベッド,
1299,1430,ガラス,
1300,1431,フォーム,
1301,1432,魚,
1302,1433,タイム,
1303,1434,未だ未だ,
1304,1435,到着,
1305,1436,可,
1306,1438,リフォーム,
1307,1439,乗せる,
1308,1440,利益,
1309,1441,反応,
1310,1442,獲得,
1311,1443,まー,
1312,1445,ゆっくり,
1313,1446,土地,
1314,1447,挑戦,
1315,1448,笑顔,
1316,1449,職場,
1317,1450,資金,
1318,1451,福祉,
1319,1452,相場,
1320,1453,仲間,
1321,1454,組織,
1322,1455,用いる,
1323,1456,増やす,
1324,1457,運転,
1325,1458,苦手,
1326,1459,全部,
1327,1460,王,
1328,1461,コミュニケーション,
1329,1462,構造,
1330,1463,誕生,
1331,1464,星,
1332,1465,チケット,
1333,1466,示す,
1334,1467,ぞ,
1335,1468,ワイン,
1336,1469,避ける,
1337,1470,中古,
1338,1471,オフィス,
1339,1472,扱う,
1340,1473,協会,
1341,1474,イラスト,
1342,1475,質,
1343,1476,愛,
1344,1477,産,
1345,1478,ツアー,
1346,1480,嫌,
1347,1481,発見,
1348,1482,品質,
1349,1483,交通,
1350,1484,収入,
1351,1485,段階,
1352,1486,切れる,
1353,1488,固定,
1354,1489,豊か,
1355,1490,起こす,
1356,1491,各種,
1357,1492,恋愛,
1358,1493,自転車,
1359,1494,且つ,
1360,1495,団体,
1361,1496,時点,
1362,1497,集まる,
1363,1498,地元,
1364,1499,どんどん,
1365,1500,パーティー,
1366,1501,たっぷり,
1367,1502,レストラン,
1368,1503,茶,
1369,1504,費,
1370,1505,材料,
1371,1506,優れる,
1372,1507,こつ,
1373,1508,在庫,
1374,1509,川,
1375,1510,アカウント,
1376,1511,巻,
1377,1512,デジタル,
1378,1513,本体,
1379,1514,減る,
1380,1515,金融,
1381,1516,メディア,
1382,1517,ちゃんと,
1383,1518,次第,
1384,1519,相続,
1385,1520,当店,
1386,1521,資産,
1387,1522,医師,
1388,1523,建築,
1389,1524,落とす,
1390,1525,パック,
1391,1526,編集,
1392,1527,要素,
1393,1528,厳しい,
1394,1529,夫,
1395,1530,消費,
1396,1531,向く,
1397,1532,分ける,
1398,1533,怖い,
1399,1534,火,
1400,1535,ローン,
1401,1536,労働,
1402,1537,アート,
1403,1538,立てる,
1404,1539,済み,
1405,1540,t,
1406,1541,歌,
1407,1542,不足,
1408,1544,ボディー,
1409,1545,工場,
1410,1546,柄,
1411,1547,強化,
1412,1548,住所,
1413,1549,受講,
1414,1550,ランチ,
1415,1551,特典,
1416,1552,確保,
1417,1553,賞,
1418,1554,幅広い,
1419,1555,脳,
1420,1556,LINE,
1421,1557,防ぐ,
1422,1558,卒業,
1423,1559,項目,
1424,1560,若しくは,
1425,1561,横,
1426,1562,借りる,
1427,1563,Twitter,
1428,1564,キャリア,
1429,1565,横浜,
1430,1566,天然,
1431,1567,JR,
1432,1568,ワーク,
1433,1569,返す,
1434,1570,グリーン,
1435,1571,歯科,
1436,1572,元々,
1437,1573,神経,
1438,1574,機器,
1439,1575,r,
1440,1576,割り引き,
1441,1577,風呂,
1442,1578,通じる,
1443,1579,危険,
1444,1581,維持,
1445,1582,息子,
1446,1583,着用,
1447,1584,当然,
1448,1585,サーバー,
1449,1587,絵,
1450,1588,再生,
1451,1589,高める,
1452,1590,会議,
1453,1591,止める,
1454,1592,育てる,
1455,1593,植物,
1456,1594,回復,
1457,1595,好み,
1458,1596,適用,
1459,1597,目立つ,
1460,1598,非,
1461,1599,ルール,
1462,1600,昨年,
1463,1601,一切,
1464,1602,毎年,
1465,1603,決済,
1466,1604,分野,
1467,1605,空気,
1468,1606,訪れる,
1469,1607,願い,
1470,1608,フード,
1471,1609,カレー,
1472,1610,方向,
1473,1611,大手,
1474,1612,自信,
1475,1613,勝つ,
1476,1614,法律,
1477,1615,レポート,
1478,1616,子育て,
1479,1617,ザ,
1480,1618,姿勢,
1481,1619,必須,
1482,1620,メーク,
1483,1621,連携,
1484,1622,マッサージ,
1485,1623,師,
1486,1624,コート,
1487,1625,触れる,
1488,1626,洗う,
1489,1627,クーポン,
1490,1628,慣れる,
1491,1629,接続,
1492,1630,賃貸,
1493,1631,細かい,
1494,1632,効率,
1495,1633,オプション,
1496,1634,携帯,
1497,1635,村,
1498,1636,湯,
1499,1637,SNS,
1500,1638,パーツ,
1501,1639,すっきり,
1502,1640,キャラ,
1503,1641,全員,
1504,1642,いずれ,
1505,1643,ゴールド,
1506,1644,短い,
1507,1645,保育,
1508,1646,提出,
1509,1647,級,
1510,1648,席,
1511,1649,引っ越し,
1512,1650,ジャケット,
1513,1651,時計,
1514,1652,クレジット,
1515,1653,傾向,
1516,1654,タイトル,
1517,1655,除く,
1518,1656,解消,
1519,1657,口座,
1520,1658,飛ぶ,
1521,1659,過ぎ,
1522,1660,科,
1523,1661,性能,
1524,1662,信頼,
1525,1663,ゴルフ,
1526,1664,売却,
1527,1665,石,
1528,1666,見積もり,
1529,1667,見付かる,
1530,1668,剤,
1531,1669,定期,
1532,1670,展示,
1533,1671,集中,
1534,1672,事項,
1535,1673,ドル,
1536,1674,物語,
1537,1675,面接,
1538,1676,ケーキ,
1539,1678,考え,
1540,1679,仕組み,
1541,1680,申す,
1542,1681,古い,
1543,1682,共有,
1544,1683,名古屋,
1545,1684,来店,
1546,1685,回る,
1547,1687,やめる,
1548,1688,焼く,
1549,1689,丁度,
1550,1690,人々,
1551,1691,一般的,
1552,1692,食材,
1553,1693,取り組む,
1554,1694,忙しい,
1555,1695,キャンセル,
1556,1696,査定,
1557,1697,馬,
1558,1698,前後,
1559,1699,組,
1560,1700,ロック,
1561,1701,都市,
1562,1702,全然,
1563,1703,独自,
1564,1704,将来,
1565,1705,被害,
1566,1706,結局,
1567,1707,駐車場,
1568,1708,薄い,
1569,1709,きっと,
1570,1710,リアル,
1571,1711,チャレンジ,
1572,1712,釣り,
1573,1713,赤,
1574,1714,午後,
1575,1715,愛する,
1576,1716,同,
1577,1717,産業,
1578,1718,裏,
1579,1719,ナンバー,
1580,1720,役立つ,
1581,1721,家具,
1582,1722,上昇,
1583,1723,ブロック,
1584,1724,コイン,
1585,1725,p,
1586,1726,プロフィール,
1587,1727,卵,
1588,1728,開ける,
1589,1729,参る,
1590,1730,耳,
1591,1732,何度,
1592,1733,新聞,
1593,1734,カップ,
1594,1735,パターン,
1595,1736,整備,
1596,1737,類,
1597,1738,確定,
1598,1739,左,
1599,1740,女の子,
1600,1741,迷う,
1601,1742,歌う,
1602,1743,福岡,
1603,1744,こだわり,
1604,1745,驚く,
1605,1746,生じる,
1606,1747,株,
1607,1748,当たり,
1608,1749,モード,
1609,1750,並ぶ,
1610,1751,野球,
1611,1752,e,
1612,1753,コスト,
1613,1754,宿泊,
1614,1755,診療,
1615,1756,適切,
1616,1757,就職,
1617,1758,遅い,
1618,1759,手術,
1619,1760,社長,
1620,1761,靴,
1621,1762,整える,
1622,1763,顧客,
1623,1764,幾ら,
1624,1765,ダメージ,
1625,1766,職員,
1626,1767,オフ,
1627,1768,リング,
1628,1769,塾,
1629,1770,最,
1630,1771,想像,
1631,1772,低,
1632,1773,戦略,
1633,1774,リスト,
1634,1775,ポケット,
1635,1776,取り組み,
1636,1777,推進,
1637,1778,取り敢えず,
1638,1779,ライフ,
1639,1780,玩具,
1640,1781,連続,
1641,1782,達成,
1642,1783,出会い,
1643,1784,昭和,
1644,1785,日本人,
1645,1786,出会う,
1646,1787,機械,
1647,1788,実行,
1648,1789,歓迎,
1649,1790,外す,
1650,1791,現状,
1651,1792,税込み,
1652,1793,矯正,
1653,1794,暮らし,
1654,1795,きちんと,
1655,1796,ねたばれ,
1656,1797,いま,
1657,1798,主に,
1658,1799,休み,
1659,1800,次回,
1660,1801,記憶,
1661,1803,売り上げ,
1662,1804,正直,
1663,1805,インテリア,
1664,1806,急,
1665,1807,FX,
1666,1808,越す,
1667,1809,財布,
1668,1810,世代,
1669,1811,本来,
1670,1812,狙う,
1671,1813,見学,
1672,1814,具体的,
1673,1815,妻,
1674,1816,ワンピース,
1675,1817,父,
1676,1818,溢れる,
1677,1819,日数,
1678,1820,定番,
1679,1821,アドバイス,
1680,1823,女,
1681,1824,右,
1682,1825,ロング,
1683,1826,緑,
1684,1827,感情,
1685,1828,努力,
1686,1829,趣味,
1687,1830,固い,
1688,1831,従う,
1689,1832,毎月,
1690,1833,半,
1691,1834,定める,
1692,1835,屋根,
1693,1836,暫く,
1694,1837,スピード,
1695,1838,動かす,
1696,1839,看護,
1697,1840,サッカー,
1698,1841,回収,
1699,1842,南,
1700,1843,拘る,
1701,1844,大型,
1702,1846,保管,
1703,1847,柔らかい,
1704,1848,習慣,
1705,1849,御腹,
1706,1850,空港,
1707,1851,汗,
1708,1852,夫婦,
1709,1853,V,
1710,1854,秒,
1711,1856,舞台,
1712,1857,発信,
1713,1858,ルーム,
1714,1859,疑問,
1715,1860,天気,
1716,1861,回答,
1717,1862,酸,
1718,1863,IT,
1719,1864,味わう,
1720,1865,奴,
1721,1866,そば,
1722,1867,ストーリー,
1723,1868,交流,
1724,1869,下がる,
1725,1870,東,
1726,1871,接種,
1727,1872,抜く,
1728,1873,H,
1729,1874,事実,
1730,1875,塗る,
1731,1876,参照,
1732,1877,製作,
1733,1878,椅子,
1734,1879,個別,
1735,1880,中学,
1736,1881,ドレス,
1737,1882,スタジオ,
1738,1883,疲れる,
1739,1884,年収,
1740,1885,券,
1741,1886,規定,
1742,1887,白い,
1743,1888,窓,
1744,1889,現地,
1745,1890,弁当,
1746,1891,流石,
1747,1892,手作り,
1748,1893,印刷,
1749,1894,丸,
1750,1895,洗濯,
1751,1896,ステップ,
1752,1897,通貨,
1753,1898,離れる,
1754,1899,明らか,
1755,1900,スムーズ,
1756,1901,ステージ,
1757,1902,我が家,
1758,1903,幾つ,
1759,1904,周年,
1760,1905,恋,
1761,1906,末,
1762,1907,お家,
1763,1908,Google,
1764,1909,日本語,
1765,1910,一体,
1766,1911,HP,
1767,1912,用品,
1768,1913,互い,
1769,1914,城,
1770,1915,ガイド,
1771,1916,ダンス,
1772,1917,有料,
1773,1918,役割,
1774,1919,文章,
1775,1920,込める,
1776,1921,確実,
1777,1922,チャンス,
1778,1923,図,
1779,1924,不可,
1780,1925,フランス,
1781,1926,保つ,
1782,1927,流れる,
1783,1928,表面,
1784,1929,余裕,
1785,1930,業界,
1786,1931,構築,
1787,1932,早速,
1788,1933,政府,
1789,1934,首,
1790,1935,処分,
1791,1936,ネットワーク,
1792,1937,認識,
1793,1938,当てる,
1794,1939,エアコン,
1795,1940,容量,
1796,1941,ワクチン,
1797,1943,暮らす,
1798,1944,抜群,
1799,1945,把握,
1800,1946,いえる,
1801,1947,久し振り,
1802,1948,性格,
1803,1949,当たり前,
1804,1950,規模,
1805,1951,人物,
1806,1952,手順,
1807,1953,セール,
1808,1954,弱い,
1809,1955,改めて,
1810,1956,抜ける,
1811,1957,着,
1812,1958,知らせ,
1813,1959,人材,
1814,1960,ホール,
1815,1961,長期,
1816,1962,初期,
1817,1963,多少,
1818,1964,任せる,
1819,1965,格好,
1820,1966,メンテナンス,
1821,1967,伝わる,
1822,1968,払う,
1823,1969,瞬間,
1824,1970,特集,
1825,1971,オーダー,
1826,1972,体調,
1827,1973,校,
1828,1974,ソース,
1829,1975,マット,
1830,1976,カジノ,
1831,1977,足りる,
1832,1978,実感,
1833,1979,プレミアム,
1834,1980,コンビニ,
1835,1981,振る,
1836,1982,ビール,
1837,1983,攻略,
1838,1984,兼ねる,
1839,1985,現代,
1840,1986,御陰,
1841,1987,現実,
1842,1988,正に,
1843,1989,さえ,
1844,1990,刺激,
1845,1991,制,
1846,1992,科学,
1847,1993,出身,
1848,1994,雪,
1849,1995,道路,
1850,1996,信じる,
1851,1997,コンパクト,
1852,1998,税,
1853,1999,証明,
1854,2000,ピアノ,
1855,2001,通知,
1856,2002,納得,
1857,2003,せい,
1858,2004,レンズ,
1859,2005,スープ,
1860,2006,電車,
1861,2007,無事,
1862,2008,概要,
1863,2009,経つ,
1864,2010,市民,
1865,2011,動作,
1866,2012,精神,
1867,2013,丁目,
1868,2014,局,
1869,2015,搭載,
1870,2016,不思議,
1871,2017,増加,
1872,2018,死ぬ,
1873,2019,タグ,
1874,2020,都,
1875,2021,温度,
1876,2022,旧,
1877,2023,着く,
1878,2024,中止,
1879,2025,予算,
1880,2026,付属,
1881,2027,コーナー,
1882,2028,空,
1883,2029,修正,
1884,2030,アルバイト,
1885,2031,穴,
1886,2032,重ねる,
1887,2033,災害,
1888,2035,数字,
1889,2036,地区,
1890,2037,ダウン,
1891,2038,済む,
1892,2039,削除,
1893,2040,問い合わせる,
1894,2041,チャンネル,
1895,2042,ガス,
1896,2043,出張,
1897,2044,肩,
1898,2045,調理,
1899,2046,利く,
1900,2047,マーケティング,
1901,2048,建設,
1902,2049,伺う,
1903,2050,シャンプー,
1904,2051,派遣,
1905,2052,許可,
1906,2053,上る,
1907,2054,YouTube,
1908,2055,キッズ,
1909,2056,休日,
1910,2057,売れる,
1911,2058,タオル,
1912,2059,作用,
1913,2060,占い,
1914,2061,通る,
1915,2062,Tシャツ,
1916,2063,選び,
1917,2064,否,
1918,2065,支える,
1919,2066,報酬,
1920,2067,伸びる,
1921,2068,パッケージ,
1922,2069,車両,
1923,2070,挨拶,
1924,2072,充電,
1925,2073,負ける,
1926,2074,熱,
1927,2075,感動,
1928,2076,背景,
1929,2077,セキュリティー,
1930,2078,書籍,
1931,2079,期限,
1932,2080,至る,
1933,2081,運ぶ,
1934,2082,弾,
1935,2083,北,
1936,2084,命,
1937,2085,フレーム,
1938,2086,焼き,
1939,2087,演出,
1940,2088,要望,
1941,2089,弁護士,
1942,2090,大量,
1943,2091,やら,
1944,2092,シューズ,
1945,2093,腰,
1946,2094,自社,
1947,2095,人数,
1948,2096,返品,
1949,2097,塩,
1950,2098,現れる,
1951,2099,マーク,
1952,2100,補助,
1953,2101,演奏,
1954,2102,おー,
1955,2103,kg,
1956,2104,入手,
1957,2105,ビタミン,
1958,2106,メルカリ,
1959,2107,理想,
1960,2108,荷物,
1961,2109,着物,
1962,2110,水分,
1963,2111,エンジニア,
1964,2112,主,
1965,2113,アクセサリー,
1966,2114,揃う,
1967,2115,捨てる,
1968,2116,ボーナス,
1969,2117,枠,
1970,2118,回数,
1971,2119,年生,
1972,2120,抱える,
1973,2121,同士,
1974,2122,育成,
1975,2123,自ら,
1976,2124,びっくり,
1977,2125,得意,
1978,2126,離婚,
1979,2127,掛ける,
1980,2128,バッテリー,
1981,2129,板,
1982,2130,渡す,
1983,2131,スタンド,
1984,2132,禁止,
1985,2133,パート,
1986,2134,利用者,
1987,2135,東京都,
1988,2136,ベビー,
1989,2137,千葉,
1990,2138,左右,
1991,2139,病,
1992,2140,腕,
1993,2141,成果,
1994,2142,地球,
1995,2143,スケジュール,
1996,2144,インタビュー,
1997,2145,アドレス,
1998,2146,コラボ,
1999,2147,直す,
2000,2148,チーズ,
2001,2149,一気,
2002,2150,サイド,
2003,2151,追う,
2004,2152,加入,
2005,2153,層,
2006,2154,副業,
2007,2155,男女,
2008,2156,トレンド,
2009,2157,ギョーザ,
2010,2158,目安,
2011,2159,備える,
2012,2160,飽くまで,
2013,2161,チェーン,
2014,2162,発,
2015,2163,お気に入り,
2016,2164,ml,
2017,2165,減らす,
2018,2166,出産,
2019,2167,新作,
2020,2168,やや,
2021,2169,パーク,
2022,2170,iPhone,
2023,2171,上手,
2024,2172,テキスト,
2025,2173,キーワード,
2026,2174,広島,
2027,2175,体制,
2028,2176,ネイル,
2029,2177,座る,
2030,2178,委員,
2031,2179,バイト,
2032,2181,緊急,
2033,2182,放題,
2034,2183,面倒,
2035,2184,駐車,
2036,2185,繰り返す,
2037,2186,あー,
2038,2187,ワン,
2039,2188,宇宙,
2040,2189,案件,
2041,2190,通勤,
2042,2191,折角,
2043,2192,味噌,
2044,2193,工夫,
2045,2194,皮膚,
2046,2195,クロス,
2047,2196,記入,
2048,2197,菓子,
2049,2198,笑う,
2050,2199,散歩,
2051,2201,当院,
2052,2202,睡眠,
2053,2203,シルバー,
2054,2204,レザー,
2055,2205,或いは,
2056,2206,共通,
2057,2207,停止,
2058,2208,部品,
2059,2209,敵,
2060,2210,重い,
2061,2211,グレー,
2062,2212,優勝,
2063,2213,配合,
2064,2214,住まい,
2065,2215,伸ばす,
2066,2216,室内,
2067,2217,床,
2068,2218,冊,
2069,2219,太陽,
2070,2220,幸い,
2071,2221,不明,
2072,2222,解約,
2073,2223,咲く,
2074,2224,事情,
2075,2225,日程,
2076,2226,先輩,
2077,2227,手数料,
2078,2228,所属,
2079,2229,バンド,
2080,2230,なんか,
2081,2231,思い出,
2082,2232,検証,
2083,2233,形式,
2084,2234,外壁,
2085,2235,療法,
2086,2236,入荷,
2087,2237,デート,
2088,2238,妊娠,
2089,2239,米国,
2090,2240,体重,
2091,2241,装備,
2092,2242,鍋,
2093,2243,相当,
2094,2244,個人的,
2095,2245,油,
2096,2246,珍しい,
2097,2247,冷凍,
2098,2248,相性,
2099,2249,マップ,
2100,2250,西,
2101,2251,スイーツ,
2102,2252,仕方,
2103,2253,エンジン,
2104,2254,ジャパン,
2105,2255,恐らく,
2106,2256,止まる,
2107,2257,留学,
2108,2258,カジュアル,
2109,2259,衣装,
2110,2260,無駄,
2111,2261,諦める,
2112,2262,手軽,
2113,2263,粗筋,
2114,2264,低下,
2115,2266,軽減,
2116,2267,送信,
2117,2268,ショート,
2118,2269,いー,
2119,2270,リリース,
2120,2271,詰まる,
2121,2272,神戸,
2122,2273,後半,
2123,2274,全身,
2124,2275,材,
2125,2276,設立,
2126,2277,シャツ,
2127,2278,終わり,
2128,2280,モニター,
2129,2281,代わり,
2130,2282,集,
2131,2283,モバイル,
2132,2284,脂肪,
2133,2285,該当,
2134,2286,場面,
2135,2287,申し込む,
2136,2288,退職,
2137,2289,辞める,
2138,2290,重,
2139,2291,経過,
2140,2292,戻す,
2141,2293,クリーニング,
2142,2294,グルメ,
2143,2295,失う,
2144,2296,地図,
2145,2297,入金,
2146,2299,日記,
2147,2300,関西,
2148,2301,タイヤ,
2149,2302,ナチュラル,
2150,2303,国民,
2151,2304,布団,
2152,2305,ビル,
2153,2306,スマートフォン,
2154,2307,突然,
2155,2308,アイス,
2156,2309,パネル,
2157,2310,プリント,
2158,2311,小学校,
2159,2312,文,
2160,2313,骨,
2161,2314,共同,
2162,2315,ノート,
2163,2316,細胞,
2164,2317,奥,
2165,2318,ああ,
2166,2319,申し上げる,
2167,2320,ダブル,
2168,2322,昼,
2169,2323,スター,
2170,2324,落ち着く,
2171,2325,一時,
2172,2326,初回,
2173,2327,満たす,
2174,2328,飾る,
2175,2329,雑誌,
2176,2330,札幌,
2177,2331,戦う,
2178,2332,字,
2179,2333,最低,
2180,2334,ボード,
2181,2335,派,
2182,2336,視点,
2183,2337,プログラミング,
2184,2338,シングル,
2185,2339,別途,
2186,2340,防水,
2187,2341,明確,
2188,2342,その後,
2189,2343,葉,
2190,2344,食べ物,
2191,2345,模様,
2192,2346,カウンセリング,
2193,2347,大体,
2194,2348,困難,
2195,2349,年金,
2196,2350,デビュー,
2197,2351,遂に,
2198,2352,タイ,
2199,2353,流す,
2200,2354,作,
2201,2355,液,
2202,2356,半分,
2203,2357,エージェント,
2204,2358,鍵,
2205,2359,酷い,
2206,2360,受賞,
2207,2361,はっきり,
2208,2362,ポリシー,
2209,2363,最強,
2210,2364,特殊,
2211,2365,プライバシー,
2212,2366,状,
2213,2367,コントロール,
2214,2368,プレーヤー,
2215,2369,玄関,
2216,2370,指,
2217,2371,展,
2218,2372,収集,
2219,2373,言語,
2220,2374,重視,
2221,2375,ログイン,
2222,2376,今度,
2223,2377,空く,
2224,2378,秘密,
2225,2379,周囲,
2226,2380,スーツ,
2227,2381,u,
2228,2382,台風,
2229,2383,フラワー,
2230,2384,店内,
2231,2385,為さる,
2232,2386,オレンジ,
2233,2387,迷惑,
2234,2389,開設,
2235,2390,杯,
2236,2391,内部,
2237,2392,仕上げる,
2238,2393,速度,
2239,2394,麺,
2240,2395,職人,
2241,2396,隣,
2242,2397,技,
2243,2398,臭い,
2244,2399,平日,
2245,2400,要,
2246,2401,魔法,
2247,2402,祝い,
2248,2403,国産,
2249,2404,給与,
2250,2405,嵌まる,
2251,2406,雇用,
2252,2407,アイデア,
2253,2408,大分,
2254,2409,装置,
2255,2410,履く,
2256,2411,外部,
2257,2412,ドリンク,
2258,2413,クラウド,
2259,2414,権,
2260,2415,イオン,
2261,2416,電源,
2262,2417,心理,
2263,2418,章,
2264,2419,発展,
2265,2420,サイン,
2266,2421,縁,
2267,2422,化粧,
2268,2423,コピー,
2269,2424,道具,
2270,2425,アジア,
2271,2426,ベルト,
2272,2427,術,
2273,2428,今週,
2274,2429,リビング,
2275,2430,入学,
2276,2431,主な,
2277,2432,ストレッチ,
2278,2433,都合,
2279,2434,青,
2280,2435,ショッピング,
2281,2436,癖,
2282,2437,配置,
2283,2438,他人,
2284,2439,鬼,
2285,2440,終える,
2286,2441,部門,
2287,2442,アウトドア,
2288,2443,積もり,
2289,2444,発揮,
2290,2445,消える,
2291,2446,一定,
2292,2447,受け取る,
2293,2448,寄せる,
2294,2449,インストール,
2295,2450,チョコレート,
2296,2451,ゼロ,
2297,2452,土産,
2298,2453,摂取,
2299,2454,庭,
2300,2455,優先,
2301,2456,探し,
2302,2457,認証,
2303,2458,ドライバー,
2304,2459,地震,
2305,2460,有り難い,
2306,2461,回転,
2307,2462,年末,
2308,2463,帯,
2309,2464,降る,
2310,2465,両方,
2311,2466,エントリー,
2312,2467,多分,
2313,2468,休む,
2314,2469,赤い,
2315,2470,戦争,
2316,2471,初心,
2317,2472,方針,
2318,2473,ワールド,
2319,2474,広げる,
2320,2475,シェア,
2321,2476,段,
2322,2477,大きさ,
2323,2478,ニュー,
2324,2479,き,
2325,2480,表す,
2326,2481,TV,
2327,2482,AI,
2328,2483,金属,
2329,2484,正確,
2330,2485,栽培,
2331,2486,思考,
2332,2487,あらゆる,
2333,2488,リラックス,
2334,2489,格安,
2335,2490,出場,
2336,2491,ブラウン,
2337,2492,新築,
2338,2493,考え方,
2339,2494,由来,
2340,2495,下げる,
2341,2496,フロント,
2342,2498,レッド,
2343,2499,未使用,
2344,2500,関東,
2345,2501,若干,
2346,2502,味わい,
2347,2503,手間,
2348,2504,アイドル,
2349,2505,アレルギー,
2350,2506,真,
2351,2507,中身,
2352,2508,誠,
2353,2509,頼む,
2354,2510,溜まる,
2355,2511,組み合わせ,
2356,2512,子供達,
2357,2513,緊張,
2358,2514,スイッチ,
2359,2515,異常,
2360,2516,愈,
2361,2517,楽々,
2362,2518,土日,
2363,2519,マスター,
2364,2520,DVD,
2365,2521,ディズニー,
2366,2522,プライベート,
2367,2523,午前,
2368,2524,繋ぐ,
2369,2525,j,
2370,2526,伝統,
2371,2527,パフォーマンス,
2372,2528,効果的,
2373,2529,行政,
2374,2530,早め,
2375,2531,財産,
2376,2532,ドイツ,
2377,2533,合計,
2378,2534,彼氏,
2379,2535,測定,
2380,2536,胸,
2381,2537,単位,
2382,2538,アンケート,
2383,2539,遊び,
2384,2540,独立,
2385,2541,o,
2386,2542,取り入れる,
2387,2543,表情,
2388,2544,高まる,
2389,2545,入会,
2390,2546,噂,
2391,2547,関節,
2392,2548,台湾,
2393,2549,標準,
2394,2550,濃い,
2395,2551,高速,
2396,2552,好評,
2397,2553,申告,
2398,2554,ジャンル,
2399,2555,ケーブル,
2400,2556,暖かい,
2401,2557,金利,
2402,2558,手法,
2403,2559,再び,
2404,2560,巡る,
2405,2561,僅か,
2406,2562,会計,
2407,2563,スマート,
2408,2564,順,
2409,2565,混ぜる,
2410,2566,怪我,
2411,2567,偶に,
2412,2568,創業,
2413,2569,対処,
2414,2570,入り口,
2415,2571,減少,
2416,2572,男子,
2417,2573,原則,
2418,2575,トラック,
2419,2576,公演,
2420,2577,親子,
2421,2578,アクション,
2422,2579,エステ,
2423,2580,牛,
2424,2581,軽量,
2425,2582,農業,
2426,2583,残り,
2427,2584,宿,
2428,2585,支給,
2429,2586,貢献,
2430,2587,気温,
2431,2588,ウェア,
2432,2589,九州,
2433,2590,進化,
2434,2591,誕生日,
2435,2592,キャスト,
2436,2593,アルコール,
2437,2594,来年,
2438,2595,用途,
2439,2596,手段,
2440,2597,答え,
2441,2598,カロリー,
2442,2599,回す,
2443,2600,高額,
2444,2601,アフィリエイト,
2445,2602,項,
2446,2603,ルート,
2447,2604,心掛ける,
2448,2605,波,
2449,2606,小説,
2450,2607,厚い,
2451,2608,和,
2452,2609,反対,
2453,2610,ボリューム,
2454,2611,ビデオ,
2455,2613,考慮,
2456,2614,LED,
2457,2615,醤油,
2458,2616,豆,
2459,2617,毎回,
2460,2618,熱い,
2461,2619,お子様,
2462,2620,鉄道,
2463,2621,教材,
2464,2622,ファミリー,
2465,2623,成績,
2466,2624,照明,
2467,2625,手数,
2468,2626,婚活,
2469,2627,返済,
2470,2628,有,
2471,2629,パートナー,
2472,2630,売買,
2473,2631,一人一人,
2474,2632,解除,
2475,2633,ロシア,
2476,2634,権利,
2477,2635,隠す,
2478,2636,正規,
2479,2637,ゲスト,
2480,2638,背中,
2481,2640,眼鏡,
2482,2641,リーグ,
2483,2642,コレクション,
2484,2643,融資,
2485,2644,実験,
2486,2645,少年,
2487,2646,バージョン,
2488,2647,旦那,
2489,2648,省,
2490,2649,近付く,
2491,2650,総,
2492,2651,歩,
2493,2652,がん,
2494,2653,外国,
2495,2654,巻く,
2496,2655,促進,
2497,2656,リーダー,
2498,2657,手入れ,
2499,2658,丸で,
2500,2659,イタリア,
2501,2660,テープ,
2502,2661,上位,
2503,2662,付近,
2504,2663,ゆったり,
2505,2664,無し,
2506,2665,美,
2507,2666,フルーツ,
2508,2667,遺産,
2509,2668,絵本,
2510,2669,承る,
2511,2670,手伝い,
2512,2671,呼吸,
2513,2672,ポケモン,
2514,2673,事態,
2515,2674,一生,
2516,2675,開業,
2517,2676,替える,
2518,2677,設ける,
2519,2678,オーナー,
2520,2679,風景,
2521,2680,アレンジ,
2522,2681,cm,
2523,2682,トレード,
2524,2683,控える,
2525,2684,厳選,
2526,2685,小物,
2527,2686,痩せる,
2528,2687,窓口,
2529,2689,物質,
2530,2690,航空,
2531,2691,取り付け,
2532,2692,ストア,
2533,2693,延長,
2534,2694,どういう,
2535,2695,吸収,
2536,2696,キット,
2537,2697,決して,
2538,2698,聞こえる,
2539,2699,断る,
2540,2700,現金,
2541,2701,勝利,
2542,2702,宣言,
2543,2703,主催,
2544,2704,適する,
2545,2705,翌日,
2546,2706,わくわく,
2547,2707,欠かす,
2548,2708,交渉,
2549,2709,整体,
2550,2710,新宿,
2551,2711,謎,
2552,2712,I,
2553,2713,CD,
2554,2714,眠る,
2555,2715,ど,
2556,2716,発言,
2557,2717,出版,
2558,2718,保湿,
2559,2719,すむ,
2560,2720,表記,
2561,2721,世の中,
2562,2722,結論,
2563,2723,苺,
2564,2724,癒す,
2565,2725,代行,
2566,2726,がる,
2567,2727,職業,
2568,2728,児童,
2569,2729,狭い,
2570,2730,具合,
2571,2731,膝,
2572,2732,やさしい,
2573,2733,サラダ,
2574,2734,フォト,
2575,2735,彼れ,
2576,2736,登山,
2577,2737,家電,
2578,2738,もん,
2579,2739,育児,
2580,2740,多,
2581,2741,確率,
2582,2742,インチ,
2583,2743,アプローチ,
2584,2744,再開,
2585,2745,注意点,
2586,2746,チョコ,
2587,2747,オール,
2588,2748,候補,
2589,2749,ヨーガ,
2590,2750,日時,
2591,2751,助ける,
2592,2752,内側,
2593,2753,消す,
2594,2754,信用,
2595,2755,後ろ,
2596,2756,腰痛,
2597,2757,図る,
2598,2758,当該,
2599,2759,スカート,
2600,2761,実家,
2601,2762,ロード,
2602,2763,洗浄,
2603,2764,シール,
2604,2765,フォロー,
2605,2766,寿司,
2606,2767,立,
2607,2768,貴重,
2608,2769,外科,
2609,2770,泣く,
2610,2771,拠点,
2611,2772,包む,
2612,2773,入院,
2613,2774,km,
2614,2775,端末,
2615,2776,はい,
2616,2777,所謂,
2617,2778,成る可く,
2618,2779,ID,
2619,2780,ミルク,
2620,2781,免許,
2621,2782,在宅,
2622,2783,上司,
2623,2784,カウンター,
2624,2785,蓋,
2625,2786,証券,
2626,2787,規制,
2627,2788,母親,
2628,2790,毛,
2629,2791,以来,
2630,2792,掴む,
2631,2793,たまる,
2632,2794,勝手,
2633,2795,埼玉,
2634,2796,大幅,
2635,2797,述べる,
2636,2798,トーク,
2637,2799,許す,
2638,2800,委員会,
2639,2801,立場,
2640,2802,先程,
2641,2803,規約,
2642,2804,揃える,
2643,2805,配布,
2644,2806,ロボット,
2645,2807,パスワード,
2646,2808,個性,
2647,2809,望む,
2648,2810,船,
2649,2811,玉,
2650,2812,衝撃,
2651,2813,プール,
2652,2814,育つ,
2653,2815,義務,
2654,2816,当初,
2655,2817,ソファー,
2656,2819,音声,
2657,2820,想定,
2658,2821,武器,
2659,2822,申し訳,
2660,2823,ガーデン,
2661,2824,激しい,
2662,2825,取材,
2663,2826,政策,
2664,2827,相,
2665,2828,ニーズ,
2666,2829,花火,
2667,2830,進行,
2668,2831,連れる,
2669,2832,熟す,
2670,2833,寄る,
2671,2834,筋,
2672,2835,形状,
2673,2836,景色,
2674,2837,コンセプト,
2675,2838,機種,
2676,2839,化学,
2677,2840,泊,
2678,2841,タップ,
2679,2842,運,
2680,2843,ドライブ,
2681,2845,ニット,
2682,2846,唯一,
2683,2847,銘柄,
2684,2848,結ぶ,
2685,2849,分割,
2686,2850,月額,
2687,2851,堂,
2688,2852,結婚式,
2689,2853,講演,
2690,2854,引用,
2691,2855,疾患,
2692,2856,装着,
2693,2857,看板,
2694,2858,クッション,
2695,2859,輝く,
2696,2860,遣り方,
2697,2861,目茶,
2698,2862,俳優,
2699,2863,我が,
2700,2864,主人,
2701,2865,階段,
2702,2866,ブラシ,
2703,2867,経る,
2704,2868,近年,
2705,2869,繊維,
2706,2870,同意,
2707,2871,リゾート,
2708,2872,トマト,
2709,2873,ギター,
2710,2874,一言,
2711,2876,半年,
2712,2877,社内,
2713,2878,女優,
2714,2879,ヘッド,
2715,2880,節約,
2716,2881,雑貨,
2717,2882,入社,
2718,2883,コミュニティー,
2719,2884,サンプル,
2720,2885,工業,
2721,2886,細い,
2722,2887,今月,
2723,2888,流行,
2724,2889,生む,
2725,2891,従来,
2726,2892,復活,
2727,2893,助かる,
2728,2894,医学,
2729,2895,宅配,
2730,2896,ショー,
2731,2897,教授,
2732,2898,厚生,
2733,2899,橋,
2734,2900,作り方,
2735,2901,放置,
2736,2902,マイナス,
2737,2903,劇場,
2738,2904,身長,
2739,2905,前日,
2740,2906,訓練,
2741,2907,ねた,
2742,2908,優秀,
2743,2909,すら,
2744,2910,競馬,
2745,2911,少女,
2746,2912,仮想,
2747,2913,漸と,
2748,2914,む,
2749,2915,チェア,
2750,2916,割合,
2751,2917,コーデ,
2752,2918,積極的,
2753,2919,モンスター,
2754,2920,ペース,
2755,2921,休業,
2756,2922,ゴール,
2757,2923,家事,
2758,2924,万,
2759,2925,国家,
2760,2926,もと,
2761,2927,ラジオ,
2762,2928,看護師,
2763,2929,演じる,
2764,2930,振り込み,
2765,2931,変動,
2766,2932,タブレット,
2767,2933,保有,
2768,2934,饂飩,
2769,2935,梱包,
2770,2936,建てる,
2771,2937,頭皮,
2772,2938,イギリス,
2773,2939,学会,
2774,2940,江戸,
2775,2941,未満,
2776,2942,スペシャル,
2777,2943,キャッシュ,
2778,2944,積む,
2779,2945,誇る,
2780,2946,代金,
2781,2947,徐々,
2782,2948,報道,
2783,2949,棚,
2784,2950,絞る,
2785,2951,爽やか,
2786,2952,アーチスト,
2787,2953,残業,
2788,2954,筋トレ,
2789,2955,生命,
2790,2956,思い出す,
2791,2957,週末,
2792,2958,対,
2793,2959,形成,
2794,2960,キー,
2795,2961,使い,
2796,2962,未経験,
2797,2963,ネックレス,
2798,2964,改正,
2799,2965,単純,
2800,2966,ワークショップ,
2801,2967,観察,
2802,2968,フィット,
2803,2969,アパート,
2804,2970,アルバム,
2805,2971,我々,
2806,2972,間違う,
2807,2973,返信,
2808,2974,警察,
2809,2975,両親,
2810,2976,新鮮,
2811,2977,亡くなる,
2812,2978,明治,
2813,2979,上品,
2814,2980,逃げる,
2815,2981,デッキ,
2816,2982,兄弟,
2817,2983,具体,
2818,2984,必見,
2819,2985,風味,
2820,2987,教師,
2821,2988,清掃,
2822,2989,競技,
2823,2990,寧ろ,
2824,2991,林檎,
2825,2992,疲れ,
2826,2993,紅葉,
2827,2994,嫌い,
2828,2995,下りる,
2829,2996,仮,
2830,2997,参加者,
2831,2998,収穫,
2832,2999,マルチ,
2833,3000,(株),
2834,3001,夏休み,
2835,3003,御菓子,
2836,3004,本格,
2837,3005,輸入,
2838,3006,ホルモン,
2839,3007,ロゴ,
2840,3008,ドア,
2841,3009,トリートメント,
2842,3010,透明,
2843,3011,遣り取り,
2844,3012,おめでとう,
2845,3013,Wi-Fi,
2846,3014,レモン,
2847,3015,デザイナー,
2848,3016,鏡,
2849,3017,炎,
2850,3018,キロ,
2851,3019,方式,
2852,3020,電池,
2853,3021,回線,
2854,3022,プレート,
2855,3023,仕上げ,
2856,3024,オリンピック,
2857,3025,返金,
2858,3026,案,
2859,3028,ランク,
2860,3029,ティー,
2861,3030,純正,
2862,3031,軸,
2863,3032,職,
2864,3033,フィルム,
2865,3034,涙,
2866,3035,指示,
2867,3036,比較的,
2868,3037,い,
2869,3038,ダイヤモンド,
2870,3040,っ,
2871,3041,眺める,
2872,3042,えー,
2873,3043,軍,
2874,3044,開封,
2875,3045,提示,
2876,3046,贅沢,
2877,3047,インド,
2878,3048,リニューアル,
2879,3049,配慮,
2880,3050,保育園,
2881,3052,如何に,
2882,3053,新潟,
2883,3054,戦い,
2884,3055,TOP,
2885,3056,静か,
2886,3057,予測,
2887,3058,値下げ,
2888,3059,特化,
2889,3060,豪華,
2890,3061,レンジ,
2891,3062,其方,
2892,3063,遅れる,
2893,3064,高齢,
2894,3065,鼻,
2895,3066,電力,
2896,3067,恐れ,
2897,3068,不良,
2898,3069,目茶苦茶,
2899,3070,働き,
2900,3071,証,
2901,3072,マネージメント,
2902,3073,神奈川,
2903,3074,フィルター,
2904,3075,政治,
2905,3076,人口,
2906,3077,務める,
2907,3078,給料,
2908,3079,漸く,
2909,3080,行成,
2910,3081,作家,
2911,3082,計,
2912,3083,近所,
2913,3084,指摘,
2914,3085,身近,
2915,3086,導く,
2916,3087,ステンレス,
2917,3088,捲る,
2918,3089,本物,
2919,3090,果たす,
2920,3091,小学生,
2921,3092,防災,
2922,3093,起業,
2923,3094,旬,
2924,3095,施す,
2925,3096,うー,
2926,3097,ゴム,
2927,3098,コスメ,
2928,3099,マシン,
2929,3100,幾,
2930,3101,変,
2931,3102,ビット,
2932,3103,本気,
2933,3104,大人気,
2934,3105,糸,
2935,3106,組合,
2936,3107,東北,
2937,3108,コーディネート,
2938,3109,繰る,
2939,3110,お出掛け,
2940,3111,ゴミ,
2941,3112,再度,
2942,3113,複雑,
2943,3115,フル,
2944,3116,馴染む,
2945,3117,集客,
2946,3118,ボランティア,
2947,3119,贈る,
2948,3121,探偵,
2949,3122,骨盤,
2950,3123,粉,
2951,3124,需要,
2952,3125,消毒,
2953,3126,発達,
2954,3127,収益,
2955,3128,借金,
2956,3129,選挙,
2957,3130,ノウハウ,
2958,3131,食感,
2959,3132,売り,
2960,3133,仕上がり,
2961,3134,天,
2962,3135,ホルダー,
2963,3136,上下,
2964,3137,事業者,
2965,3138,原作,
2966,3139,缶,
2967,3140,苦労,
2968,3141,措置,
2969,3142,速い,
2970,3143,出来事,
2971,3144,領域,
2972,3145,出荷,
2973,3146,楽器,
2974,3147,成す,
2975,3148,朝食,
2976,3149,要因,
2977,3150,考察,
2978,3151,職種,
2979,3152,遠慮,
2980,3153,倒す,
2981,3154,プラスチック,
2982,3155,in,
2983,3156,バター,
2984,3157,天井,
2985,3158,主婦,
2986,3159,ハート,
2987,3160,取り付ける,
2988,3161,死,
2989,3162,バトル,
2990,3163,テント,
2991,3164,約束,
2992,3165,美術,
2993,3166,コスパ,
2994,3167,やばい,
2995,3168,田中,
2996,3169,浮気,
2997,3170,多様,
2998,3171,主義,
2999,3172,主張,
3000,3173,菌,
3001,3174,議員,
3002,3175,インナー,
3003,3176,走行,
3004,3177,ジム,
3005,3178,静岡,
3006,3179,佐藤,
3007,3180,角,
3008,3181,滞在,
3009,3182,外出,
3010,3183,配達,
3011,3184,行,
3012,3185,数値,
3013,3186,セッション,
3014,3187,糖質,
3015,3188,父親,
3016,3189,只,
3017,3190,鳥,
3018,3191,専門店,
3019,3192,ゲット,
3020,3193,生まれ,
3021,3195,ミス,
3022,3196,郡,
3023,3197,各地,
3024,3198,特性,
3025,3199,きつい,
3026,3200,銀座,
3027,3201,住民,
3028,3202,ミニ,
3029,3203,数多く,
3030,3204,店頭,
3031,3205,負う,
3032,3206,小学,
3033,3207,読書,
3034,3208,ホット,
3035,3209,喜び,
3036,3210,感染症,
3037,3211,推奨,
3038,3212,クライアント,
3039,3213,コラム,
3040,3214,有する,
3041,3215,隊,
3042,3216,アップデート,
3043,3217,分類,
3044,3218,所得,
3045,3219,匹,
3046,3220,濃厚,
3047,3221,デスク,
3048,3222,個人情報,
3049,3223,入試,
3050,3224,鈴木,
3051,3225,ドライ,
3052,3226,調子,
3053,3227,皮,
3054,3228,移行,
3055,3229,じっくり,
3056,3230,強力,
3057,3231,閲覧,
3058,3232,チャット,
3059,3233,アロマ,
3060,3234,認知,
3061,3235,可笑しい,
3062,3236,休憩,
3063,3237,小型,
3064,3238,学園,
3065,3239,ヨーロッパ,
3066,3240,重量,
3067,3241,隙間,
3068,3242,芸術,
3069,3243,短期,
3070,3244,収録,
3071,3245,後悔,
3072,3246,ハード,
3073,3247,竜,
3074,3248,港,
3075,3249,コーティング,
3076,3250,手当て,
3077,3251,科目,
3078,3252,広場,
3079,3253,調節,
3080,3254,開示,
3081,3255,伝説,
3082,3256,高齢者,
3083,3257,税金,
3084,3258,プロセス,
3085,3259,前提,
3086,3260,出発,
3087,3261,ユニット,
3088,3262,所有,
3089,3263,定義,
3090,3264,そろそろ,
3091,3265,丈,
3092,3266,組み立て,
3093,3267,府,
3094,3268,齎す,
3095,3269,抱く,
3096,3270,とれる,
3097,3271,配送料,
3098,3272,渋谷,
3099,3273,パパ,
3100,3274,世,
3101,3275,ハロウィーン,
3102,3276,熊本,
3103,3277,溜める,
3104,3278,あの,
3105,3279,御存知,
3106,3280,洋服,
3107,3281,ボトル,
3108,3282,寄付,
3109,3283,夕方,
3110,3284,課,
3111,3285,損害,
3112,3286,定期的,
3113,3287,メモ,
3114,3288,どっち,
3115,3289,同じく,
3116,3290,他社,
3117,3291,こ,
3118,3292,副,
3119,3293,死亡,
3120,3295,エピソード,
3121,3296,カスタム,
3122,3297,違反,
3123,3298,コーチ,
3124,3299,ビッグ,
3125,3300,普及,
3126,3301,アウト,
3127,3302,服装,
3128,3303,鑑定,
3129,3304,著,
3130,3305,タワー,
3131,3306,単語,
3132,3307,日頃,
3133,3308,カレンダー,
3134,3309,再現,
3135,3310,嘗て,
3136,3311,オート,
3137,3312,タッチ,
3138,3313,グローバル,
3139,3314,集団,
3140,3315,郵便,
3141,3316,シャワー,
3142,3317,正,
3143,3318,木製,
3144,3319,遣る気,
3145,3320,ディスプレー,
3146,3322,男の子,
3147,3323,ドメイン,
3148,3324,記,
3149,3325,ブック,
3150,3326,飲食,
3151,3328,沿う,
3152,3329,まさか,
3153,3330,コンサート,
3154,3331,帰り,
3155,3332,刺繍,
3156,3333,ナイト,
3157,3335,壊れる,
3158,3336,順番,
3159,3337,ドラゴン,
3160,3338,タクシー,
3161,3339,医,
3162,3340,NHK,
3163,3341,公共,
3164,3343,内科,
3165,3344,染み,
3166,3345,コットン,
3167,3346,ジェル,
3168,3347,センチ,
3169,3348,インスタ,
3170,3349,トレーナー,
3171,3350,電動,
3172,3351,アイコン,
3173,3352,フェイス,
3174,3353,起動,
3175,3354,涼しい,
3176,3355,ポジション,
3177,3356,御自身,
3178,3358,黒い,
3179,3359,ビーチ,
3180,3360,クール,
3181,3361,体力,
3182,3362,分解,
3183,3363,美品,
3184,3364,名称,
3185,3365,除去,
3186,3366,スタンプ,
3187,3367,要件,
3188,3368,中華,
3189,3369,完璧,
3190,3370,我慢,
3191,3371,衛生,
3192,3372,ハワイ,
3193,3373,正面,
3194,3374,世紀,
3195,3375,平和,
3196,3376,座,
3197,3377,踏まえる,
3198,3378,センサー,
3199,3379,ソフトウェア,
3200,3380,毎週,
3201,3381,担当者,
3202,3382,ウェブサイト,
3203,3383,古里,
3204,3384,アピール,
3205,3385,読者,
3206,3386,一括,
3207,3387,出力,
3208,3388,酸素,
3209,3389,発電,
3210,3390,英,
3211,3391,里,
3212,3392,N,
3213,3393,本店,
3214,3394,欄,
3215,3395,福島,
3216,3396,冷たい,
3217,3397,皺,
3218,3398,増す,
3219,3399,暗い,
3220,3400,奈良,
3221,3401,公表,
3222,3402,フィギュア,
3223,3403,工程,
3224,3404,布,
3225,3405,清潔,
3226,3406,長年,
3227,3407,踏む,
3228,3408,遠い,
3229,3409,ストーン,
3230,3410,囲む,
3231,3411,時々,
3232,3412,休暇,
3233,3413,無くなる,
3234,3414,鍛える,
3235,3415,承認,
3236,3416,弁護,
3237,3417,ラック,
3238,3418,レーザー,
3239,3419,主演,
3240,3420,勝手に,
3241,3421,既存,
3242,3422,外国人,
3243,3423,公,
3244,3424,テクニック,
3245,3425,好,
3246,3426,見事,
3247,3427,消費者,
3248,3428,食う,
3249,3429,ハンド,
3250,3430,去年,
3251,3431,回避,
3252,3432,嫁,
3253,3433,群,
3254,3434,会長,
3255,3435,人工,
3256,3436,血液,
3257,3437,コンピューター,
3258,3438,屋外,
3259,3439,指輪,
3260,3440,頻度,
3261,3441,タバコ,
3262,3442,工房,
3263,3443,任意,
3264,3444,検定,
3265,3445,葬儀,
3266,3446,裁判,
3267,3447,心地良い,
3268,3448,URL,
3269,3449,迫る,
3270,3450,主要,
3271,3452,両,
3272,3453,勝負,
3273,3454,仙台,
3274,3455,混雑,
3275,3456,生物,
3276,3457,努める,
3277,3458,毛穴,
3278,3459,デバイス,
3279,3460,捉える,
3280,3461,削減,
3281,3462,入場,
3282,3463,愛用,
3283,3464,魅力的,
3284,3465,シルエット,
3285,3466,パスタ,
3286,3467,詐欺,
3287,3468,御世話,
3288,3469,盛る,
3289,3470,行事,
3290,3471,堪能,
3291,3472,頭痛,
3292,3473,皿,
3293,3474,日曜,
3294,3475,疲労,
3295,3476,変換,
3296,3477,リボン,
3297,3478,華やか,
3298,3479,オーバー,
3299,3481,ピアス,
3300,3482,パーソナル,
3301,3483,鶏,
3302,3484,外観,
3303,3485,分かれる,
3304,3486,指す,
3305,3487,ネック,
3306,3488,リサイクル,
3307,3489,太い,
3308,3490,砂糖,
3309,3491,磨く,
3310,3492,投票,
3311,3493,引き続く,
3312,3494,理論,
3313,3495,従業員,
3314,3497,独特,
3315,3498,怒る,
3316,3499,モダン,
3317,3500,経歴,
3318,3501,制御,
3319,3502,容器,
3320,3503,ビンテージ,
3321,3504,墓,
3322,3505,点検,
3323,3506,御八つ,
3324,3507,ん,
3325,3508,散らし,
3326,3509,刃,
3327,3510,触る,
3328,3511,風邪,
3329,3512,講習,
3330,3514,劣化,
3331,3515,老人,
3332,3516,付き合う,
3333,3517,机,
3334,3518,選び方,
3335,3519,マッチング,
3336,3520,部位,
3337,3521,現象,
3338,3522,魂,
3339,3523,シティー,
3340,3525,御前,
3341,3526,英会話,
3342,3527,提携,
3343,3528,粒,
3344,3529,畑,
3345,3530,整う,
3346,3531,温かい,
3347,3532,具,
3348,3533,悪化,
3349,3534,縦,
3350,3535,コンサルティング,
3351,3536,高校生,
3352,3537,見掛ける,
3353,3538,PDF,
3354,3539,納税,
3355,3540,解析,
3356,3541,マーケット,
3357,3542,エラー,
3358,3543,初め,
3359,3544,キャップ,
3360,3545,クッキー,
3361,3546,VS,
3362,3547,マッチ,
3363,3548,ヒット,
3364,3550,建て,
3365,3551,関心,
3366,3552,現役,
3367,3553,正月,
3368,3554,前半,
3369,3555,直後,
3370,3556,要求,
3371,3557,かしら,
3372,3558,y,
3373,3559,アンティーク,
3374,3560,寂しい,
3375,3561,ターン,
3376,3562,消化,
3377,3563,グラス,
3378,3564,器具,
3379,3565,若者,
3380,3566,主人公,
3381,3567,虫,
3382,3568,恋人,
3383,3569,オブ,
3384,3570,ハンドル,
3385,3571,ウエスト,
3386,3572,キャンパス,
3387,3573,医院,
3388,3574,ストレート,
3389,3575,富士,
3390,3576,マニュアル,
3391,3577,解く,
3392,3578,委託,
3393,3579,ネクスト,
3394,3580,アルミ,
3395,3581,豚,
3396,3582,反映,
3397,3583,嘘,
3398,3584,食器,
3399,3585,カップル,
3400,3586,癒し,
3401,3587,直前,
3402,3588,愛知,
3403,3589,原,
3404,3590,限界,
3405,3591,ブーツ,
3406,3592,意思,
3407,3593,懐かしい,
3408,3594,出店,
3409,3595,マウス,
3410,3596,イン,
3411,3597,勇気,
3412,3598,姫,
3413,3599,悲しい,
3414,3600,輪,
3415,3601,湖,
3416,3602,マナー,
3417,3603,並べる,
3418,3604,ライター,
3419,3605,け,
3420,3606,成立,
3421,3607,革,
3422,3608,ラインアップ,
3423,3609,方面,
3424,3610,選択肢,
3425,3611,デニム,
3426,3612,披露,
3427,3613,角度,
3428,3614,岡山,
3429,3615,属性,
3430,3616,証拠,
3431,3617,肩凝り,
3432,3618,繋がり,
3433,3619,薬局,
3434,3620,帽子,
3435,3621,ビュー,
3436,3622,つう,
3437,3624,仕上がる,
3438,3625,ポスト,
3439,3626,フロア,
3440,3627,講義,
3441,3628,えっ,
3442,3629,物凄い,
3443,3631,可愛らしい,
3444,3632,還元,
3445,3633,梅,
3446,3634,実力,
3447,3635,国立,
3448,3636,USB,
3449,3637,ハーブ,
3450,3638,即,
3451,3639,論,
3452,3640,振り返る,
3453,3641,ロール,
3454,3643,祝,
3455,3644,ジュエリー,
3456,3645,カーテン,
3457,3646,スプレー,
3458,3647,株価,
3459,3648,ショック,
3460,3649,たつ,
3461,3650,パッド,
3462,3651,翻訳,
3463,3652,綿,
3464,3653,上限,
3465,3654,声優,
3466,3655,ウォーター,
3467,3656,扉,
3468,3657,幼稚園,
3469,3658,ベージュ,
3470,3659,吹く,
3471,3660,間違える,
3472,3661,み,
3473,3662,クラシック,
3474,3663,故障,
3475,3664,補償,
3476,3665,プレス,
3477,3666,繋げる,
3478,3667,抵抗,
3479,3668,コンサルタント,
3480,3669,人形,
3481,3670,扱い,
3482,3671,スタンダード,
3483,3672,日焼け,
3484,3673,張り,
3485,3674,一応,
3486,3675,テニス,
3487,3676,巨大,
3488,3677,芸能,
3489,3678,鉄,
3490,3679,マネージャー,
3491,3680,ペーパー,
3492,3681,不正,
3493,3682,ミックス,
3494,3683,正解,
3495,3684,手帳,
3496,3685,出掛ける,
3497,3686,持続,
3498,3687,故,
3499,3688,焼き肉,
3500,3689,ウェディング,
3501,3690,誘う,
3502,3691,sim,
3503,3692,z,
3504,3693,団,
3505,3694,習得,
3506,3695,専門家,
3507,3696,駅前,
3508,3697,逃す,
3509,3698,即日,
3510,3699,保健,
3511,3700,接客,
3512,3701,棟,
3513,3702,Instagram,
3514,3703,勿体,
3515,3704,掛け,
3516,3705,機構,
3517,3706,馴染み,
3518,3707,宮,
3519,3708,かく,
3520,3709,お子さん,
3521,3710,本社,
3522,3711,リズム,
3523,3712,ポスター,
3524,3713,ゆう,
3525,3714,連載,
3526,3715,ヒント,
3527,3716,モチベーション,
3528,3717,ランニング,
3529,3718,構う,
3530,3719,エアー,
3531,3720,治る,
3532,3721,打ち合わせ,
3533,3722,オーガニック,
3534,3723,都道府県,
3535,3724,随時,
3536,3725,手掛ける,
3537,3726,抽選,
3538,3727,過程,
3539,3728,臨床,
3540,3729,列,
3541,3730,優待,
3542,3731,返る,
3543,3732,PR,
3544,3733,見逃す,
3545,3734,頼る,
3546,3735,髪の毛,
3547,3736,フィールド,
3548,3737,内装,
3549,3738,像,
3550,3739,吸う,
3551,3740,レトロ,
3552,3741,畳,
3553,3742,モチーフ,
3554,3743,カスタマイズ,
3555,3744,活,
3556,3746,敢えて,
3557,3747,払い,
3558,3748,連,
3559,3749,真剣,
3560,3750,受診,
3561,3751,株主,
3562,3752,掲げる,
3563,3753,世帯,
3564,3754,近隣,
3565,3755,保護者,
3566,3756,受け入れる,
3567,3757,被る,
3568,3758,先週,
3569,3759,爪,
3570,3760,避難,
3571,3761,経由,
3572,3762,大統領,
3573,3763,児,
3574,3764,市販,
3575,3765,早期,
3576,3766,柱,
3577,3767,祝日,
3578,3768,プラットフォーム,
3579,3769,不倫,
3580,3770,お母さん,
3581,3771,とく,
3582,3772,解放,
3583,3773,目線,
3584,3774,全般,
3585,3775,葡萄,
3586,3776,当選,
3587,3777,履歴,
3588,3778,不満,
3589,3779,圧倒的,
3590,3780,迅速,
3591,3781,パウダー,
3592,3782,完備,
3593,3783,在住,
3594,3784,ワイド,
3595,3785,緩和,
3596,3786,進学,
3597,3787,個室,
3598,3788,挟む,
3599,3789,クオリティー,
3600,3790,期間中,
3601,3791,匂い,
3602,3792,山口,
3603,3793,草,
3604,3794,本格的,
3605,3795,マラソン,
3606,3796,豆腐,
3607,3797,一旦,
3608,3798,フェア,
3609,3799,付与,
3610,3800,驚き,
3611,3801,つき,
3612,3802,業種,
3613,3803,体感,
3614,3804,つい,
3615,3805,取り扱う,
3616,3806,勢い,
3617,3807,有無,
3618,3808,止め,
3619,3809,汚れる,
3620,3810,チキン,
3621,3811,スニーカー,
3622,3812,合成,
3623,3813,面積,
3624,3814,装飾,
3625,3815,チャート,
3626,3816,立地,
3627,3817,滑らか,
3628,3818,形態,
3629,3819,周,
3630,3820,ハーフ,
3631,3821,コロナ禍,
3632,3822,解体,
3633,3823,地下,
3634,3824,学び,
3635,3825,サプリ,
3636,3826,フリーランス,
3637,3827,議論,
3638,3828,受注,
3639,3829,破壊,
3640,3830,味方,
3641,3831,組み合わせる,
3642,3832,土曜,
3643,3833,現,
3644,3834,塗料,
3645,3835,邪魔,
3646,3836,品種,
3647,3837,ラスト,
3648,3838,ゴールデン,
3649,3839,筆者,
3650,3841,温める,
3651,3842,居酒屋,
3652,3843,統一,
3653,3844,全力,
3654,3845,ダイニング,
3655,3846,有機,
3656,3847,片付け,
3657,3848,血,
3658,3849,福袋,
3659,3850,北欧,
3660,3851,微妙,
3661,3853,対面,
3662,3854,長野,
3663,3855,噛む,
3664,3856,予告,
3665,3857,段々,
3666,3858,ランド,
3667,3859,独り暮らし,
3668,3860,中村,
3669,3861,苦しい,
3670,3862,選考,
3671,3863,ハッピー,
3672,3864,タウン,
3673,3865,順位,
3674,3866,クエスト,
3675,3867,モール,
3676,3868,蝦,
3677,3869,移住,
3678,3870,ファースト,
3679,3871,代謝,
3680,3872,青い,
3681,3873,適正,
3682,3874,美人,
3683,3875,底,
3684,3876,ターゲット,
3685,3877,就活,
3686,3878,ワード,
3687,3879,高橋,
3688,3880,テンプレート,
3689,3881,セルフ,
3690,3882,教会,
3691,3883,ピックアップ,
3692,3884,食堂,
3693,3885,仕方無い,
3694,3886,促す,
3695,3887,法令,
3696,3888,スペック,
3697,3889,サークル,
3698,3890,しも,
3699,3891,サイクル,
3700,3892,歴,
3701,3893,飽きる,
3702,3894,連休,
3703,3895,トヨタ,
3704,3896,酵素,
3705,3897,スキンケア,
3706,3898,外れる,
3707,3899,イエロー,
3708,3900,倉庫,
3709,3901,今晩は,
3710,3902,改革,
3711,3903,贈り物,
3712,3904,出現,
3713,3905,復帰,
3714,3906,アプリケーション,
3715,3907,樹脂,
3716,3908,薬剤,
3717,3909,兎,
3718,3910,尽くす,
3719,3911,ジャンプ,
3720,3912,登記,
3721,3913,債務,
3722,3914,規則,
3723,3915,長崎,
3724,3916,家賃,
3725,3917,要する,
3726,3918,書士,
3727,3919,益々,
3728,3920,ポーチ,
3729,3921,協議,
3730,3922,破損,
3731,3923,移転,
3732,3924,チップ,
3733,3925,良好,
3734,3926,先行,
3735,3927,党,
3736,3928,ホイール,
3737,3929,玉葱,
3738,3930,発酵,
3739,3931,詰める,
3740,3932,入浴,
3741,3933,生み出す,
3742,3935,まち,
3743,3937,否定,
3744,3938,スピーカー,
3745,3939,高度,
3746,3940,票,
3747,3941,ま,
3748,3942,叩く,
3749,3944,ミッション,
3750,3945,お客さん,
3751,3946,観点,
3752,3947,朝日,
3753,3948,シフト,
3754,3949,時給,
3755,3950,匿名,
3756,3951,貸す,
3757,3952,どころ,
3758,3953,ブラウザ,
3759,3954,用語,
3760,3955,携わる,
3761,3956,供給,
3762,3957,管,
3763,3958,日本製,
3764,3959,艶,
3765,3960,集合,
3766,3961,遺言,
3767,3962,ローズ,
3768,3963,銀,
3769,3964,隠れる,
3770,3965,っこ,
3771,3966,ストラップ,
3772,3967,路線,
3773,3968,太る,
3774,3969,試し,
3775,3970,のんびり,
3776,3971,キーボード,
3777,3972,史,
3778,3973,節,
3779,3974,受け取り,
3780,3975,山田,
3781,3976,奪う,
3782,3977,牛乳,
3783,3978,飲み物,
3784,3979,人事,
3785,3980,判明,
3786,3981,飛行,
3787,3982,入居,
3788,3983,ジュニア,
3789,3984,辺,
3790,3985,ハイ,
3791,3986,証明書,
3792,3987,観,
3793,3988,ラウンド,
3794,3990,げ,
3795,3991,旨,
3796,3992,実装,
3797,3993,旅館,
3798,3994,メートル,
3799,3995,生成,
3800,3996,接する,
3801,3997,別れる,
3802,3998,保障,
3803,3999,整形,
3804,4000,接触,
3805,4001,メルマガ,
3806,4002,オーストラリア,
3807,4004,ジュース,
3808,4005,自慢,
3809,4006,見た目,
3810,4007,地下鉄,
3811,4008,すっかり,
3812,4009,梅雨,
3813,4010,生える,
3814,4011,鍼灸,
3815,4012,冷蔵庫,
3816,4013,本部,
3817,4014,ぱっ,
3818,4015,飲食店,
3819,4016,柔軟,
3820,4017,一瞬,
3821,4018,カタログ,
3822,4019,強度,
3823,4020,最短,
3824,4021,併用,
3825,4022,フラット,
3826,4023,始め,
3827,4024,素,
3828,4026,餌,
3829,4027,褒める,
3830,4029,役員,
3831,4030,適当,
3832,4031,アフター,
3833,4032,漢字,
3834,4033,戦闘,
3835,4034,パール,
3836,4035,ブレーキ,
3837,4036,説,
3838,4037,世界中,
3839,4038,時間帯,
3840,4039,見所,
3841,4040,ウッド,
3842,4042,丼,
3843,4043,向き,
3844,4044,ミネラル,
3845,4046,エキス,
3846,4048,控除,
3847,4049,いざ,
3848,4050,二,
3849,4051,高等,
3850,4052,長袖,
3851,4053,穏やか,
3852,4054,いけメン,
3853,4055,泊まる,
3854,4056,郵送,
3855,4057,新幹線,
3856,4058,真ん中,
3857,4059,数々,
3858,4060,循環,
3859,4061,ハンドメイド,
3860,4062,キング,
3861,4063,比,
3862,4064,密着,
3863,4065,大豆,
3864,4066,危機,
3865,4067,グランド,
3866,4068,在籍,
3867,4069,ショット,
3868,4070,手紙,
3869,4071,学院,
3870,4072,社会人,
3871,4073,Facebook,
3872,4074,ドコモ,
3873,4075,サウンド,
3874,4076,面皰,
3875,4077,無地,
3876,4078,官,
3877,4079,デー,
3878,4080,松本,
3879,4081,始まり,
3880,4082,天皇,
3881,4083,文書,
3882,4084,借り入れ,
3883,4085,有利,
3884,4086,化粧品,
3885,4087,資源,
3886,4089,ライダー,
3887,4090,or,
3888,4091,妹,
3889,4092,UV,
3890,4093,著者,
3891,4094,受信,
3892,4095,展望,
3893,4096,負荷,
3894,4097,トップス,
3895,4099,弾く,
3896,4100,割と,
3897,4101,深夜,
3898,4102,創造,
3899,4103,帰宅,
3900,4104,万が一,
3901,4105,テラス,
3902,4106,水道,
3903,4107,流,
3904,4108,神奈川県,
3905,4109,救う,
3906,4110,祈る,
3907,4111,ツイート,
3908,4112,兵庫,
3909,4113,恥ずかしい,
3910,4114,踊る,
3911,4115,応用,
3912,4116,論文,
3913,4117,グラフ,
3914,4118,メード,
3915,4119,削る,
3916,4120,数量,
3917,4121,活性,
3918,4122,鹿児島,
3919,4123,ゾーン,
3920,4124,叶える,
3921,4125,耐える,
3922,4126,アドバイザー,
3923,4127,不調,
3924,4128,ち,
3925,4129,新型コロナウイルス,
3926,4130,正式,
3927,4131,診察,
3928,4132,圏,
3929,4133,満載,
3930,4134,批判,
3931,4135,世話,
3932,4136,簡易,
3933,4137,インパクト,
3934,4138,都内,
3935,4139,老舗,
3936,4140,敏感,
3937,4141,ライフスタイル,
3938,4142,配当,
3939,4143,クレジットカード,
3940,4144,サプリメント,
3941,4145,山本,
3942,4146,防犯,
3943,4147,しっとり,
3944,4148,ガード,
3945,4149,閉じる,
3946,4150,SEO,
3947,4151,頻繁,
3948,4152,養成,
3949,4153,飼育,
3950,4154,com,
3951,4155,ランプ,
3952,4156,招く,
3953,4157,高価,
3954,4158,冷蔵,
3955,4159,宮崎,
3956,4160,突破,
3957,4161,中学校,
3958,4162,DIY,
3959,4163,洗顔,
3960,4164,とこ,
3961,4165,楽曲,
3962,4166,リモート,
3963,4167,埼玉県,
3964,4168,NG,
3965,4169,大蒜,
3966,4170,選定,
3967,4171,マイク,
3968,4172,日中,
3969,4173,カスタマー,
3970,4174,スキー,
3971,4175,経費,
3972,4177,記述,
3973,4178,中小,
3974,4179,クラフト,
3975,4180,添える,
3976,4181,体内,
3977,4182,かっこいい,
3978,4183,紅茶,
3979,4184,面談,
3980,4185,滑る,
3981,4186,担う,
3982,4187,見直し,
3983,4188,余計,
3984,4189,少々,
3985,4190,判定,
3986,4191,源,
3987,4192,年始,
3988,4193,損,
3989,4194,バー,
3990,4195,追求,
3991,4196,雲,
3992,4197,名刺,
3993,4198,来場,
3994,4199,重さ,
3995,4200,希少,
3996,4203,築く,
3997,4204,数学,
3998,4205,蛋白質,
3999,4206,性質,
4000,4207,無視,
4001,4208,深める,
4002,4209,列車,
4003,4210,上部,
4004,4211,アクセント,
4005,4212,水着,
4006,4213,仮面,
4007,4214,御祝い,
4008,4215,素直,
4009,4216,リード,
4010,4217,婆,
4011,4218,怪しい,
4012,4219,策,
4013,4220,ステーション,
4014,4221,幼児,
4015,4222,コンクリート,
4016,4223,緩い,
4017,4224,美術館,
4018,4225,測る,
4019,4226,調,
4020,4227,包装,
4021,4228,タイル,
4022,4229,マイル,
4023,4230,逮捕,
4024,4232,支持,
4025,4233,原料,
4026,4234,決算,
4027,4235,推移,
4028,4236,折る,
4029,4238,浸透,
4030,4239,司法,
4031,4240,鑑賞,
4032,4241,通過,
4033,4242,異,
4034,4243,手元,
4035,4244,向き合う,
4036,4245,店員,
4037,4246,浮かぶ,
4038,4247,運命,
4039,4248,特許,
4040,4249,精度,
4041,4250,演技,
4042,4251,関係者,
4043,4252,ギャラリー,
4044,4253,ぜ,
4045,4254,引き出す,
4046,4255,民間,
4047,4256,処方,
4048,4257,ショルダー,
4049,4258,まじ,
4050,4259,自立,
4051,4260,中学生,
4052,4261,ラウンジ,
4053,4262,食物,
4054,4264,技能,
4055,4265,投げる,
4056,4266,助成,
4057,4267,ユ,
4058,4268,加熱,
4059,4269,世間,
4060,4270,単価,
4061,4271,枕,
4062,4272,じ,
4063,4273,統計,
4064,4274,池,
4065,4276,デザート,
4066,4277,稼働,
4067,4278,ラベル,
4068,4279,沿い,
4069,4280,体験談,
4070,4281,態度,
4071,4282,寿命,
4072,4283,きらきら,
4073,4284,ウォッチ,
4074,4285,出金,
4075,4286,夕食,
4076,4287,正常,
4077,4288,商店,
4078,4289,新人,
4079,4290,記者,
4080,4291,色合い,
4081,4292,外側,
4082,4293,研究所,
4083,4294,大阪府,
4084,4295,ベトナム,
4085,4296,殺す,
4086,4297,スペイン,
4087,4298,虫歯,
4088,4299,譲渡,
4089,4300,画,
4090,4301,伊藤,
4091,4302,au,
4092,4303,ミラー,
4093,4304,愛知県,
4094,4305,統合,
4095,4306,免疫,
4096,4307,持参,
4097,4308,商業,
4098,4309,シミュレーション,
4099,4310,体操,
4100,4311,恐怖,
4101,4312,パーマ,
4102,4313,発症,
4103,4314,最終的,
4104,4315,体質,
4105,4316,理事,
4106,4317,黄,
4107,4318,飼い主,
4108,4319,血管,
4109,4320,来院,
4110,4321,安倍,
4111,4322,ド,
4112,4323,リクエスト,
4113,4324,息,
4114,4325,付き合い,
4115,4326,割る,
4116,4327,限,
4117,4328,ネービー,
4118,4329,敷く,
4119,4330,トータル,
4120,4331,小林,
4121,4332,軒,
4122,4333,ばら,
4123,4334,センス,
4124,4335,経営者,
4125,4337,ぃ,
4126,4338,一回,
4127,4340,貯金,
4128,4341,洗剤,
4129,4342,満喫,
4130,4343,あう,
4131,4344,注,
4132,4345,メンタル,
4133,4346,正社員,
4134,4347,久々,
4135,4348,質感,
4136,4349,インフルエンザ,
4137,4350,速報,
4138,4351,ビザ,
4139,4352,炎症,
4140,4353,石鹸,
4141,4354,手前,
4142,4355,先端,
4143,4356,大臣,
4144,4357,岐阜,
4145,4358,調達,
4146,4359,買い,
4147,4360,脇,
4148,4361,排出,
4149,4362,PS,
4150,4363,苛々,
4151,4364,本番,
4152,4365,きり,
4153,4366,マイクロ,
4154,4367,仰る,
4155,4368,広報,
4156,4369,痛む,
4157,4370,取り上げる,
4158,4371,Zoom,
4159,4372,サラリーマン,
4160,4373,鞄,
4161,4374,被,
4162,4375,書店,
4163,4376,監視,
4164,4377,自治体,
4165,4378,宣伝,
4166,4379,受け付ける,
4167,4380,レア,
4168,4381,ソフトバンク,
4169,4382,実務,
4170,4383,果物,
4171,4384,入門,
4172,4385,積極,
4173,4386,自律,
4174,4387,更なる,
4175,4388,指標,
4176,4389,さっぱり,
4177,4390,中間,
4178,4391,歪み,
4179,4392,車検,
4180,4393,千葉県,
4181,4394,スライド,
4182,4395,解釈,
4183,4396,色味,
4184,4397,通学,
4185,4398,入れ,
4186,4399,飼う,
4187,4400,突く,
4188,4401,崩れる,
4189,4402,預かる,
4190,4403,飯,
4191,4405,ゴー,
4192,4406,跡,
4193,4407,態々,
4194,4409,じゃん,
4195,4410,DX,
4196,4411,整骨,
4197,4412,兄,
4198,4413,着ける,
4199,4414,ふわふわ,
4200,4415,素早い,
4201,4416,ダーク,
4202,4417,アクリル,
4203,4418,程,
4204,4419,取り寄せる,
4205,4420,ヨーグルト,
4206,4421,耐久性,
4207,4422,産後,
4208,4423,キープ,
4209,4424,スクリーン,
4210,4425,におい,
4211,4426,復縁,
4212,4428,共感,
4213,4429,代引き,
4214,4430,御負け,
4215,4431,競争,
4216,4432,ディスク,
4217,4433,真実,
4218,4434,教員,
4219,4435,図書館,
4220,4436,コスプレ,
4221,4437,御免,
4222,4438,信託,
4223,4439,ライセンス,
4224,4440,摘み,
4225,4441,人参,
4226,4442,プラチナ,
4227,4443,夜間,
4228,4444,宗教,
4229,4445,歌詞,
4230,4446,陣,
4231,4447,ポール,
4232,4448,気味,
4233,4449,召し上がる,
4234,4450,初日,
4235,4451,待ち,
4236,4452,補給,
4237,4453,庁,
4238,4454,加速,
4239,4455,フック,
4240,4456,鎌倉,
4241,4457,仲良く,
4242,4458,出勤,
4243,4459,もてる,
4244,4460,達する,
4245,4461,カナダ,
4246,4462,美肌,
4247,4463,事業所,
4248,4464,土曜日,
4249,4465,バックアップ,
4250,4466,ポリエステル,
4251,4467,袖,
4252,4468,面倒臭い,
4253,4469,取り,
4254,4470,治す,
4255,4471,ウォーキング,
4256,4472,メッシュ,
4257,4474,新卒,
4258,4476,間取り,
4259,4477,傘,
4260,4478,マジック,
4261,4479,抑制,
4262,4480,志望,
4263,4481,実習,
4264,4482,コンテスト,
4265,4483,氷,
4266,4484,スコア,
4267,4485,ビジョン,
4268,4486,マネー,
4269,4487,常識,
4270,4488,埋める,
4271,4489,サンド,
4272,4490,スリム,
4273,4491,闇,
4274,4492,姉,
4275,4493,うん,
4276,4494,丈夫,
4277,4495,州,
4278,4496,ソウル,
4279,4497,冒険,
4280,4498,by,
4281,4499,レコード,
4282,4500,対戦,
4283,4501,店長,
4284,4502,植える,
4285,4503,農家,
4286,4504,博士,
4287,4505,吉田,
4288,4507,切り替える,
4289,4508,抹茶,
4290,4509,対処法,
4291,4510,孫,
4292,4511,さあ,
4293,4512,補修,
4294,4513,拒否,
4295,4514,日曜日,
4296,4515,紐,
4297,4516,長時間,
4298,4517,九,
4299,4518,気候,
4300,4519,冷やす,
4301,4520,容易,
4302,4521,仲,
4303,4522,髪型,
4304,4524,リサーチ,
4305,4525,てく,
4306,4526,テレワーク,
4307,4527,川崎,
4308,4528,ブース,
4309,4529,換気,
4310,4530,グレード,
4311,4531,ペア,
4312,4532,真面目,
4313,4533,慎重,
4314,4534,拡張,
4315,4535,シニア,
4316,4536,アウター,
4317,4537,差す,
4318,4538,概念,
4319,4539,黴,
4320,4540,戸建て,
4321,4541,ペン,
4322,4542,サンダル,
4323,4543,マットレス,
4324,4544,投手,
4325,4545,蜂蜜,
4326,4546,医者,
4327,4547,爺,
4328,4548,開放,
4329,4549,滝,
4330,4550,法則,
4331,4552,交際,
4332,4553,フライパン,
4333,4554,狙い,
4334,4555,後日,
4335,4556,下落,
4336,4557,右側,
4337,4558,タンク,
4338,4559,犯罪,
4339,4560,前向き,
4340,4561,ツリー,
4341,4562,ふと,
4342,4563,最悪,
4343,4564,バリエーション,
4344,4565,大根,
4345,4566,上場,
4346,4567,香港,
4347,4568,締める,
4348,4569,生姜,
4349,4570,一層,
4350,4571,弟,
4351,4572,カラフル,
4352,4573,放し,
4353,4574,握る,
4354,4575,旨み,
4355,4576,素人,
4356,4577,真っ直ぐ,
4357,4578,リハビリ,
4358,4579,程良い,
4359,4580,じゃ,
4360,4581,テクノロジー,
4361,4582,物事,
4362,4583,才能,
4363,4584,片付ける,
4364,4585,図書,
4365,4586,通話,
4366,4587,浅い,
4367,4588,剣,
4368,4589,螺子,
4369,4590,コミック,
4370,4591,喉,
4371,4592,インク,
4372,4593,ミュージック,
4373,4594,首相,
4374,4595,課金,
4375,4596,放つ,
4376,4597,Windows,
4377,4598,イヤホン,
4378,4599,働き方,
4379,4600,ボート,
4380,4601,入札,
4381,4602,とる,
4382,4603,返事,
4383,4604,基,
4384,4605,ファンド,
4385,4606,ダイビング,
4386,4607,光る,
4387,4608,若手,
4388,4609,レイアウト,
4389,4610,ニューヨーク,
4390,4611,合同,
4391,4613,田舎,
4392,4614,桃,
4393,4615,補正,
4394,4616,ガチャ,
4395,4617,出席,
4396,4618,腸,
4397,4619,蟹,
4398,4620,オリーブ,
4399,4621,重なる,
4400,4622,新年,
4401,4623,加わる,
4402,4624,総会,
4403,4625,側面,
4404,4626,お疲れ様,
4405,4627,値引き,
4406,4628,花粉,
4407,4629,短,
4408,4630,心身,
4409,4631,オーディオ,
4410,4633,学年,
4411,4634,ヒーロー,
4412,4635,パス,
4413,4636,ナビ,
4414,4637,作戦,
4415,4638,溶ける,
4416,4639,生理,
4417,4640,ダンボール,
4418,4641,データベース,
4419,4642,浴びる,
4420,4643,強み,
4421,4644,ウエー,
4422,4645,院長,
4423,4646,同一,
4424,4647,崩す,
4425,4648,代理,
4426,4649,ブレスレット,
4427,4650,一目,
4428,4651,離島,
4429,4652,最寄り,
4430,4653,最早,
4431,4654,盆,
4432,4655,全額,
4433,4656,発音,
4434,4657,定員,
4435,4658,ポップ,
4436,4659,聖,
4437,4660,ラッキー,
4438,4661,柔らか,
4439,4662,好む,
4440,4663,臨時,
4441,4664,不便,
4442,4665,計測,
4443,4666,水槽,
4444,4667,ぎりぎり,
4445,4668,編成,
4446,4669,短縮,
4447,4670,ばっちり,
4448,4672,パリ,
4449,4673,食欲,
4450,4674,盛り上がる,
4451,4675,ごみ,
4452,4676,抽出,
4453,4677,圧倒,
4454,4678,課税,
4455,4679,引退,
4456,4680,丸い,
4457,4681,ブレンド,
4458,4682,納期,
4459,4683,バナナ,
4460,4684,似合う,
4461,4686,飾り,
4462,4687,スカイ,
4463,4688,心臓,
4464,4689,繊細,
4465,4690,税理士,
4466,4691,スロット,
4467,4692,小麦,
4468,4693,針,
4469,4694,役所,
4470,4695,覚悟,
4471,4696,耐久,
4472,4697,セレクト,
4473,4698,違和感,
4474,4699,おじ,
4475,4700,次元,
4476,4701,天候,
4477,4702,リーズナブル,
4478,4703,のり,
4479,4704,給付,
4480,4705,憧れ,
4481,4706,強制,
4482,4707,次々,
4483,4708,釣れる,
4484,4709,出口,
4485,4710,アンテナ,
4486,4711,ソリューション,
4487,4713,ばれる,
4488,4714,一見,
4489,4715,両立,
4490,4717,焦る,
4491,4718,庫,
4492,4719,だらけ,
4493,4720,浮く,
4494,4721,障害者,
4495,4722,執筆,
4496,4723,占める,
4497,4724,茸,
4498,4725,飛ばす,
4499,4726,単に,
4500,4727,どきどき,
4501,4728,築,
4502,4729,適合,
4503,4731,グリップ,
4504,4732,高品質,
4505,4733,優良,
4506,4734,依存,
4507,4735,転換,
4508,4736,軽,
4509,4737,ポーズ,
4510,4738,林,
4511,4739,施策,
4512,4740,全体的,
4513,4741,乾く,
4514,4742,無線,
4515,4743,切り替え,
4516,4744,浴室,
4517,4745,要請,
4518,4746,安値,
4519,4747,去る,
4520,4748,チャージ,
4521,4749,足元,
4522,4750,例文,
4523,4751,同社,
4524,4752,阪神,
4525,4753,テークアウト,
4526,4754,上質,
4527,4755,除菌,
4528,4756,生き物,
4529,4757,疑う,
4530,4758,見直す,
4531,4759,石川,
4532,4760,薬剤師,
4533,4761,火災,
4534,4762,信号,
4535,4763,友,
4536,4764,工具,
4537,4765,ハイブリッド,
4538,4766,補助金,
4539,4767,半袖,
4540,4768,学科,
4541,4769,印,
4542,4770,止む,
4543,4771,バレンタイン,
4544,4772,根,
4545,4774,テンション,
4546,4775,ドローン,
4547,4776,芸人,
4548,4777,コンセント,
4549,4778,決意,
4550,4779,交付,
4551,4780,大学生,
4552,4781,シルク,
4553,4782,愛犬,
4554,4783,送付,
4555,4784,注ぐ,
4556,4785,クレンジング,
4557,4786,寺院,
4558,4787,分泌,
4559,4788,ガンダム,
4560,4789,日経,
4561,4790,縫い包み,
4562,4791,規格,
4563,4792,告知,
4564,4793,間に合う,
4565,4794,響く,
4566,4795,招待,
4567,4796,ネガティブ,
4568,4797,自粛,
4569,4798,何とぞ,
4570,4799,なくす,
4571,4800,決勝,
4572,4801,文庫,
4573,4802,支店,
4574,4803,ラッピング,
4575,4804,親切,
4576,4805,体温,
4577,4806,ヘア,
4578,4807,稀,
4579,4808,社団,
4580,4809,動向,
4581,4810,切れ,
4582,4811,美味しさ,
4583,4812,恵まれる,
4584,4813,奥行き,
4585,4814,フィリピン,
4586,4815,定着,
4587,4816,蛋白,
4588,4817,断熱,
4589,4818,フォルダー,
4590,4819,施行,
4591,4820,切り,
4592,4821,決断,
4593,4822,邸,
4594,4823,サウナ,
4595,4824,ワイヤ,
4596,4825,デ,
4597,4826,政権,
4598,4827,フレンチ,
4599,4828,納品,
4600,4829,喋る,
4601,4830,クリップ,
4602,4831,体育,
4603,4832,陥る,
4604,4833,カラオケ,
4605,4834,難易度,
4606,4835,イ,
4607,4836,体型,
4608,4837,マガジン,
4609,4838,睫,
4610,4839,アリ,
4611,4840,今一,
4612,4841,流通,
4613,4842,影,
4614,4843,清水,
4615,4844,宜しい,
4616,4845,クイズ,
4617,4846,エンド,
4618,4847,秋田,
4619,4848,名物,
4620,4849,ビューティー,
4621,4850,ステーキ,
4622,4851,アカデミー,
4623,4852,四季,
4624,4853,ダイヤ,
4625,4854,保持,
4626,4855,纏まる,
4627,4856,髭,
4628,4857,随分,
4629,4858,リフト,
4630,4859,海岸,
4631,4860,ウクライナ,
4632,4861,春夏,
4633,4862,ストリート,
4634,4863,根拠,
4635,4864,議会,
4636,4865,生涯,
4637,4866,ピザ,
4638,4867,ビニール,
4639,4868,泡,
4640,4869,氏名,
4641,4870,山形,
4642,4871,棒,
4643,4872,闇金,
4644,4873,水準,
4645,4874,自治,
4646,4875,本の,
4647,4876,割れる,
4648,4877,くま,
4649,4878,東海,
4650,4879,セットアップ,
4651,4880,カリキュラム,
4652,4881,家作り,
4653,4882,発想,
4654,4883,外来,
4655,4884,リノベーション,
4656,4885,カート,
4657,4886,日付け,
4658,4887,紛失,
4659,4888,富山,
4660,4889,出来るだけ,
4661,4890,金沢,
4662,4891,ずれる,
4663,4892,誘導,
4664,4893,ドクター,
4665,4894,坂,
4666,4895,延期,
4667,4896,支部,
4668,4897,業績,
4669,4898,ラップ,
4670,4900,覆う,
4671,4901,序で,
4672,4902,届け出,
4673,4903,絵画,
4674,4904,勝,
4675,4905,EC,
4676,4906,リップ,
4677,4907,極く,
4678,4908,日光,
4679,4909,誌,
4680,4910,実態,
4681,4911,録画,
4682,4912,無効,
4683,4913,関数,
4684,4914,加藤,
4685,4915,偶々,
4686,4916,宝,
4687,4917,留まる,
4688,4918,下手,
4689,4919,一致,
4690,4920,きく,
4691,4921,リュック,
4692,4922,ペンダント,
4693,4923,効率的,
4694,4924,蔵,
4695,4925,得点,
4696,4926,急ぐ,
4697,4927,ポット,
4698,4928,喧嘩,
4699,4929,汁,
4700,4930,ウイーク,
4701,4931,酸味,
4702,4932,左側,
4703,4933,区分,
4704,4934,特有,
4705,4935,便秘,
4706,4936,プリン,
4707,4937,持ち運び,
4708,4938,ファスナー,
4709,4939,下地,
4710,4940,及ぶ,
4711,4942,手洗い,
4712,4943,ばか,
4713,4944,潤い,
4714,4945,来週,
4715,4946,秋冬,
4716,4947,均,
4717,4948,レギュラー,
4718,4949,英国,
4719,4950,メジャー,
4720,4951,損失,
4721,4952,反射,
4722,4953,一同,
4723,4954,届け,
4724,4955,違法,
4725,4956,辿る,
4726,4957,抗菌,
4727,4958,飛行機,
4728,4959,プラザ,
4729,4960,経緯,
4730,4961,クリスタル,
4731,4962,ピース,
4732,4963,暇,
4733,4964,スパイス,
4734,4965,理念,
4735,4966,予選,
4736,4967,セラピスト,
4737,4968,実質,
4738,4969,コール,
4739,4970,トライアル,
4740,4971,WWW,
4741,4972,改修,
4742,4973,御早う,
4743,4974,本作,
4744,4975,長男,
4745,4976,恐れる,
4746,4977,条例,
4747,4978,古代,
4748,4979,廃止,
4749,4980,ステータス,
4750,4981,怒り,
4751,4982,おっ,
4752,4983,手頃,
4753,4984,晴れる,
4754,4985,重宝,
4755,4987,ガイドライン,
4756,4988,プロモーション,
4757,4989,激安,
4758,4990,総額,
4759,4991,ドロップ,
4760,4992,成人,
4761,4993,輸送,
4762,4994,愛情,
4763,4995,ユニーク,
4764,4996,適度,
4765,4997,添付,
4766,4998,兵庫県,
4767,4999,vol.,
4768,5000,基盤,
4769,5001,門,
4770,5002,注射,
4771,5003,ほっと,
4772,5004,糖,
4773,5005,下旬,
4774,5006,刑事,
4775,5007,手放す,
4776,5008,滅,
4777,5009,尋ねる,
4778,5010,リフレッシュ,
4779,5011,学歴,
4780,5012,説明会,
4781,5013,叶う,
4782,5014,タレント,
4783,5015,進出,
4784,5016,挑む,
4785,5017,物理,
4786,5018,勧め,
4787,5019,端,
4788,5020,炒める,
4789,5021,地上,
4790,5022,ロイヤル,
4791,5023,濡れる,
4792,5024,時刻,
4793,5025,姉妹,
4794,5026,工学,
4795,5027,分間,
4796,5028,紫,
4797,5029,上達,
4798,5030,訴える,
4799,5031,手配,
4800,5032,大きめ,
4801,5033,オン,
4802,5034,安価,
4803,5035,だし,
4804,5036,監修,
4805,5037,パチンコ,
4806,5038,表紙,
4807,5039,ソーシャル,
4808,5040,不具合,
4809,5041,プライム,
4810,5042,只管,
4811,5043,立派,
4812,5044,壺,
4813,5045,木材,
4814,5046,発動,
4815,5047,シリコン,
4816,5048,フレーズ,
4817,5049,濃度,
4818,5050,鮮やか,
4819,5051,薄毛,
4820,5052,釣る,
4821,5053,立体,
4822,5054,活性化,
4823,5055,罪,
4824,5056,博多,
4825,5057,冒頭,
4826,5058,ぐっ,
4827,5059,排水,
4828,5060,ロンドン,
4829,5061,池袋,
4830,5062,仕入れる,
4831,5063,柚子,
4832,5064,インプラント,
4833,5065,引き,
4834,5066,敷地,
4835,5067,フォー,
4836,5068,コーチング,
4837,5069,爆発,
4838,5070,漂う,
4839,5071,変形,
4840,5072,過剰,
4841,5073,町作り,
4842,5074,乗車,
4843,5075,安全性,
4844,5076,基地,
4845,5077,GW,
4846,5078,青森,
4847,5079,平,
4848,5080,日帰り,
4849,5081,ドーム,
4850,5082,干す,
4851,5083,発熱,
4852,5084,モーター,
4853,5085,物作り,
4854,5086,本線,
4855,5087,談,
4856,5088,送迎,
4857,5089,リース,
4858,5090,完売,
4859,5091,習う,
4860,5092,和食,
4861,5093,セカンド,
4862,5094,認知症,
4863,5095,完結,
4864,5096,レール,
4865,5097,ハードル,
4866,5098,キャッチ,
4867,5099,コマンド,
4868,5100,果たして,
4869,5101,修復,
4870,5102,選手権,
4871,5103,本質,
4872,5104,告白,
4873,5105,んっ,
4874,5106,支配,
4875,5107,奇跡,
4876,5108,ポンプ,
4877,5109,国道,
4878,5110,分散,
4879,5111,人類,
4880,5113,遥か,
4881,5114,知り合い,
4882,5115,そこそこ,
4883,5116,ベンチ,
4884,5117,美容室,
4885,5118,追記,
4886,5119,今朝,
4887,5120,おお,
4888,5121,何回,
4889,5122,悪,
4890,5123,発注,
4891,5124,件数,
4892,5125,閉店,
4893,5126,視野,
4894,5127,絆,
4895,5128,改良,
4896,5129,本音,
4897,5130,懸命,
4898,5131,シェフ,
4899,5132,炭酸,
4900,5133,ストップ,
4901,5134,早朝,
4902,5135,スタイリッシュ,
4903,5136,単,
4904,5137,通院,
4905,5138,振動,
4906,5139,蜜柑,
4907,5140,探る,
4908,5141,財団,
4909,5142,御数,
4910,5143,虎,
4911,5144,同僚,
4912,5145,キャベツ,
4913,5146,意図,
4914,5147,材質,
4915,5148,反省,
4916,5149,ナイロン,
4917,5150,ローカル,
4918,5151,原発,
4919,5152,中旬,
4920,5153,時短,
4921,5154,壊す,
4922,5155,プリンター,
4923,5156,霊,
4924,5157,絶品,
4925,5158,ゲート,
4926,5159,プラグイン,
4927,5160,酢,
4928,5161,スチール,
4929,5162,移す,
4930,5163,離す,
4931,5164,究極,
4932,5165,鰻,
4933,5166,靴下,
4934,5167,巨人,
4935,5168,セブン‐イレブン,
4936,5169,キャッシング,
4937,5170,青年,
4938,5171,グローブ,
4939,5172,ライティング,
4940,5173,液晶,
4941,5174,しょう,
4942,5175,ipad,
4943,5176,工作,
4944,5177,拭く,
4945,5178,到達,
4946,5179,ドッグ,
4947,5180,退会,
4948,5181,カボチャ,
4949,5182,両面,
4950,5183,メソッド,
4951,5184,盛り,
4952,5185,順調,
4953,5186,こく,
4954,5187,上野,
4955,5188,服用,
4956,5189,根本,
4957,5190,畳む,
4958,5191,さっ,
4959,5192,私自身,
4960,5193,グッド,
4961,5194,ポジティブ,
4962,5195,ピーク,
4963,5196,及ぼす,
4964,5197,カー,
4965,5198,満点,
4966,5199,和風,
4967,5200,適応,
4968,5201,味付け,
4969,5202,Gb,
4970,5203,燃料,
4971,5204,四国,
4972,5205,胃,
4973,5206,折り畳む,
4974,5207,復興,
4975,5208,極めて,
4976,5209,ストック,
4977,5210,お任せ,
4978,5211,保育士,
4979,5212,点数,
4980,5213,名義,
4981,5214,引っ越す,
4982,5215,アクティブ,
4983,5216,ライバル,
4984,5217,確立,
4985,5218,禁煙,
4986,5219,弱,
4987,5220,散策,
4988,5221,バスト,
4989,5222,絶妙,
4990,5223,構える,
4991,5224,ベーシック,
4992,5225,発明,
4993,5226,スクエア,
4994,5227,供養,
4995,5228,遠く,
4996,5229,価値観,
4997,5230,持ち,
4998,5231,勘違い,
4999,5232,茨城,
5000,5233,ワックス,
5001,5234,同期,
5002,5235,肘,
5003,5236,幼稚,
5004,5237,背,
5005,5238,バラエティー,
5006,5239,創作,
5007,5240,半額,
5008,5241,巡り,
5009,5242,必死,
5010,5243,同梱,
5011,5244,凡そ,
5012,5245,録音,
5013,5246,ふんわり,
5014,5247,成る程,
5015,5248,ラブ,
5016,5249,クリエーター,
5017,5251,座席,
5018,5253,フロー,
5019,5254,太郎,
5020,5255,開花,
5021,5256,上級,
5022,5257,教科,
5023,5258,塔,
5024,5259,変身,
5025,5260,バレエ,
5026,5261,茹でる,
5027,5262,加算,
5028,5263,車種,
5029,5264,換える,
5030,5265,賠償,
5031,5266,預ける,
5032,5267,血圧,
5033,5268,湧く,
5034,5269,年数,
5035,5270,メダル,
5036,5271,拾う,
5037,5272,泳ぐ,
5038,5273,天使,
5039,5274,ブライダル,
5040,5275,n,
5041,5276,民,
5042,5277,運行,
5043,5278,キャンプ場,
5044,5279,黄色,
5045,5280,就業,
5046,5281,パンフレット,
5047,5282,各国,
5048,5283,ステッカー,
5049,5284,動機,
5050,5285,メタル,
5051,5286,クリエーティブ,
5052,5287,コンタクト,
5053,5288,一口,
5054,5289,絶景,
5055,5290,従業,
5056,5291,賃金,
5057,5292,SP,
5058,5293,部下,
5059,5294,予報,
5060,5295,プロテイン,
5061,5296,サマー,
5062,5297,県立,
5063,5298,帰国,
5064,5299,ラ,
5065,5300,アップロード,
5066,5301,取り出す,
5067,5302,ぁ,
5068,5303,蓄積,
5069,5304,チェンジ,
5070,5305,精神的,
5071,5306,後期,
5072,5307,IC,
5073,5308,幸福,
5074,5309,アミノ,
5075,5310,映る,
5076,5311,べい,
5077,5312,農園,
5078,5313,あける,
5079,5314,ブーム,
5080,5315,作者,
5081,5316,瓶,
5082,5317,痛,
5083,5318,絡む,
5084,5319,往復,
5085,5320,膨らむ,
5086,5321,例年,
5087,5322,アニメーション,
5088,5323,賞味,
5089,5324,ファンタジー,
5090,5325,税務,
5091,5326,投入,
5092,5327,紫外線,
5093,5328,リピート,
5094,5329,歯磨き,
5095,5330,調味料,
5096,5331,岩,
5097,5332,古,
5098,5333,ローソン,
5099,5334,ウインドー,
5100,5335,明かり,
5101,5336,レジャー,
5102,5337,仲介,
5103,5338,パーカ,
5104,5339,浮腫み,
5105,5340,諸,
5106,5341,レディー,
5107,5342,見守る,
5108,5343,事務局,
5109,5344,新着,
5110,5345,自作,
5111,5346,倒れる,
5112,5347,スティック,
5113,5348,振興,
5114,5349,ホワイトニング,
5115,5350,ファックス,
5116,5351,出展,
5117,5352,衣類,
5118,5354,ミーティング,
5119,5355,ポート,
5120,5356,嵐,
5121,5357,手袋,
5122,5358,博物館,
5123,5359,締結,
5124,5360,和歌山,
5125,5361,王子,
5126,5362,襲う,
5127,5363,冷静,
5128,5364,引っ張る,
5129,5365,つれる,
5130,5366,様式,
5131,5367,冷える,
5132,5368,相応しい,
5133,5369,さく,
5134,5370,高原,
5135,5371,性別,
5136,5372,大半,
5137,5373,出典,
5138,5374,大学院,
5139,5376,漬け,
5140,5377,収まる,
5141,5378,ハンバーグ,
5142,5379,礼,
5143,5380,偶然,
5144,5382,ベランダ,
5145,5383,丘,
5146,5384,並行,
5147,5385,ジャガ芋,
5148,5386,木村,
5149,5387,ブレーク,
5150,5388,スリーブ,
5151,5389,見なす,
5152,5390,会見,
5153,5391,一歩,
5154,5392,宮城,
5155,5393,ビーズ,
5156,5394,wordpress,
5157,5395,継ぐ,
5158,5396,洗濯機,
5159,5397,実物,
5160,5398,意欲,
5161,5399,暗号,
5162,5401,NO,
5163,5402,行き,
5164,5403,ついつい,
5165,5404,昼間,
5166,5405,無印,
5167,5406,中古車,
5168,5407,処置,
5169,5408,兼,
5170,5409,芯,
5171,5410,空揚げ,
5172,5411,パスポート,
5173,5412,年代,
5174,5413,アウトレット,
5175,5414,確かめる,
5176,5415,高知,
5177,5416,パナソニック,
5178,5417,ヒーター,
5179,5418,待機,
5180,5419,地面,
5181,5420,アンド,
5182,5421,虹,
5183,5422,アフリカ,
5184,5423,知恵,
5185,5424,投資家,
5186,5425,共演,
5187,5426,ハリ,
5188,5427,潰す,
5189,5428,群馬,
5190,5429,覚醒,
5191,5430,剥がす,
5192,5431,アイロン,
5193,5432,破産,
5194,5433,本件,
5195,5434,兼用,
5196,5435,失礼,
5197,5436,単品,
5198,5437,曲がる,
5199,5438,日本酒,
5200,5440,宝石,
5201,5441,アメリカン,
5202,5442,小児,
5203,5443,シンガポール,
5204,5444,アップル,
5205,5445,レジ,
5206,5446,EX,
5207,5447,大規模,
5208,5448,悪魔,
5209,5449,盤,
5210,5450,解す,
5211,5451,ジャズ,
5212,5452,存知,
5213,5454,カウンセラー,
5214,5455,占い師,
5215,5456,タスク,
5216,5457,瞑想,
5217,5458,相続人,
5218,5459,ガソリン,
5219,5460,市内,
5220,5461,恒例,
5221,5462,でかい,
5222,5463,インデックス,
5223,5464,金具,
5224,5465,嫌う,
5225,5466,葉書,
5226,5468,御自宅,
5227,5469,出来上がる,
5228,5470,間隔,
5229,5471,デイサービス,
5230,5472,就任,
5231,5473,此の頃,
5232,5474,豚肉,
5233,5475,ソニー,
5234,5476,よし,
5235,5477,パイプ,
5236,5478,産地,
5237,5479,反発,
5238,5480,問い,
5239,5481,改定,
5240,5482,全面,
5241,5483,白髪,
5242,5484,トライ,
5243,5485,遣り甲斐,
5244,5486,腹,
5245,5487,ログ,
5246,5488,SS,
5247,5489,天才,
5248,5490,トラベル,
5249,5491,彼方此方,
5250,5492,比率,
5251,5493,大抵,
5252,5494,コンビ,
5253,5495,クリーン,
5254,5496,餅,
5255,5497,経験者,
5256,5498,テック,
5257,5499,取り除く,
5258,5500,主役,
5259,5501,多々,
5260,5502,昨今,
5261,5504,知人,
5262,5505,内定,
5263,5506,メトロ,
5264,5507,多彩,
5265,5508,記す,
5266,5509,見込み,
5267,5510,コラーゲン,
5268,5511,スポンジ,
5269,5512,配る,
5270,5513,マインド,
5271,5514,象徴,
5272,5515,α,
5273,5516,インストラクター,
5274,5517,ごま,
5275,5518,バンク,
5276,5519,制服,
5277,5520,自動的,
5278,5521,湿度,
5279,5522,新車,
5280,5523,あんな,
5281,5524,フォーマル,
5282,5525,回り,
5283,5526,留める,
5284,5527,訴訟,
5285,5528,福井,
5286,5529,迫力,
5287,5530,念,
5288,5531,スイング,
5289,5532,裏側,
5290,5533,香水,
5291,5534,締め切り,
5292,5535,ボイス,
5293,5536,欧州,
5294,5537,立ち上げる,
5295,5538,侵入,
5296,5539,観戦,
5297,5540,訂正,
5298,5541,行列,
5299,5542,ヒーリング,
5300,5543,泉,
5301,5544,Apple,
5302,5545,フレッシュ,
5303,5546,落ち,
5304,5548,興奮,
5305,5549,ひく,
5306,5550,地獄,
5307,5551,文句,
5308,5552,奥さん,
5309,5553,直径,
5310,5554,マン,
5311,5555,細菌,
5312,5556,ダイソー,
5313,5557,歌手,
5314,5558,ボス,
5315,5559,w,
5316,5560,チューブ,
5317,5561,果実,
5318,5562,最中,
5319,5563,煮る,
5320,5564,指名,
5321,5565,寮,
5322,5566,某,
5323,5567,永遠,
5324,5568,突入,
5325,5570,NPO,
5326,5571,会館,
5327,5572,御握り,
5328,5573,ω,
5329,5574,トート,
5330,5575,五輪,
5331,5576,親しむ,
5332,5577,労働者,
5333,5578,相互,
5334,5579,ハンガー,
5335,5580,ネーティブ,
5336,5581,書き方,
5337,5582,折,
5338,5583,推薦,
5339,5584,刺す,
5340,5585,森林,
5341,5586,犯人,
5342,5587,崩壊,
5343,5588,ホース,
5344,5589,サポーター,
5345,5590,羽根,
5346,5592,インフラ,
5347,5593,リセット,
5348,5594,著作権,
5349,5595,克服,
5350,5596,壁紙,
5351,5597,ベリー,
5352,5598,電波,
5353,5599,on,
5354,5600,オーブン,
5355,5601,ディナー,
5356,5602,ドラム,
5357,5604,合意,
5358,5605,ふ,
5359,5606,寄り添う,
5360,5607,伊勢,
5361,5608,下部,
5362,5609,す,
5363,5610,はさみ,
5364,5611,我,
5365,5612,管理者,
5366,5613,ディーラー,
5367,5614,ビジュアル,
5368,5615,バーベキュー,
5369,5616,昼食,
5370,5617,砂,
5371,5618,読み,
5372,5619,自覚,
5373,5620,遅延,
5374,5622,引き出し,
5375,5623,恐ろしい,
5376,5624,辿り着く,
5377,5625,正体,
5378,5627,折れる,
5379,5628,渡辺,
5380,5629,狼,
5381,5630,経理,
5382,5631,岳,
5383,5632,駆除,
5384,5633,ダイレクト,
5385,5634,たとえ,
5386,5635,直,
5387,5636,肢,
5388,5637,掌,
5389,5638,極端,
5390,5639,紫外,
5391,5640,井上,
5392,5641,持ち込む,
5393,5642,ループ,
5394,5643,セールス,
5395,5644,乗り越える,
5396,5645,懸念,
5397,5646,賢い,
5398,5647,ブラウス,
5399,5648,皮脂,
5400,5649,物流,
5401,5650,妊婦,
5402,5651,エレベーター,
5403,5652,こつこつ,
5404,5653,イタリアン,
5405,5654,無限,
5406,5655,蕎麦,
5407,5656,帳,
5408,5657,湘南,
5409,5658,歩む,
5410,5659,執行,
5411,5660,並み,
5412,5661,良品,
5413,5663,救急,
5414,5664,スタイリング,
5415,5665,プロデュース,
5416,5666,三菱,
5417,5667,ウール,
5418,5668,三浦,
5419,5669,上回る,
5420,5670,エクササイズ,
5421,5671,定価,
5422,5672,ファンデーション,
5423,5673,開店,
5424,5674,秘訣,
5425,5676,表彰,
5426,5677,融合,
5427,5678,東洋,
5428,5679,移る,
5429,5680,アクア,
5430,5681,パズル,
5431,5682,的中,
5432,5683,修了,
5433,5684,高温,
5434,5685,覗く,
5435,5686,復旧,
5436,5687,庭園,
5437,5688,圧力,
5438,5689,育む,
5439,5690,芸能人,
5440,5691,アパレル,
5441,5692,熟成,
5442,5693,あん,
5443,5694,FC,
5444,5695,資本,
5445,5696,苦しむ,
5446,5697,選抜,
5447,5698,混乱,
5448,5699,機材,
5449,5700,いか,
5450,5701,不可欠,
5451,5702,ええ,
5452,5703,華,
5453,5705,検診,
5454,5706,スケール,
5455,5707,ハム,
5456,5708,強調,
5457,5709,予備,
5458,5710,騙す,
5459,5711,染め,
5460,5712,有限,
5461,5713,空き家,
5462,5714,指数,
5463,5715,染みる,
5464,5716,開幕,
5465,5717,ホンダ,
5466,5718,積み立て,
5467,5719,極める,
5468,5720,消臭,
5469,5721,ペットボトル,
5470,5722,落札,
5471,5723,阪急,
5472,5724,浴衣,
5473,5725,アナ,
5474,5726,獣,
5475,5727,商標,
5476,5728,派手,
5477,5729,枝,
5478,5730,強,
5479,5731,立て,
5480,5732,副作用,
5481,5733,スキン,
5482,5734,仏教,
5483,5735,竹,
5484,5736,業務用,
5485,5737,昆布,
5486,5738,顧問,
5487,5739,小屋,
5488,5740,従事,
5489,5741,ムーン,
5490,5742,屋内,
5491,5743,刻む,
5492,5744,半端,
5493,5745,症例,
5494,5746,上映,
5495,5747,写る,
5496,5748,策定,
5497,5749,数十,
5498,5750,地味,
5499,5751,お父さん,
5500,5752,極,
5501,5753,水素,
5502,5754,連合,
5503,5755,ユニホーム,
5504,5756,籠もる,
5505,5757,ジャック,
5506,5758,滋賀,
5507,5759,トッピング,
5508,5760,配線,
5509,5761,震災,
5510,5762,トンネル,
5511,5763,販売店,
5512,5764,とある,
5513,5765,立ち寄る,
5514,5766,ウイスキー,
5515,5767,翼,
5516,5768,流行る,
5517,5769,フィットネス,
5518,5770,フェスティバル,
5519,5771,鬱病,
5520,5772,車内,
5521,5773,家計,
5522,5774,花見,
5523,5775,財務,
5524,5776,最大限,
5525,5777,志,
5526,5778,明ける,
5527,5779,差別,
5528,5780,向日葵,
5529,5781,名所,
5530,5782,添加,
5531,5783,合宿,
5532,5784,引き起こす,
5533,5785,中継,
5534,5786,斜め,
5535,5787,復習,
5536,5788,作り出す,
5537,5789,スプーン,
5538,5790,栗,
5539,5791,控えめ,
5540,5792,福岡県,
5541,5793,ストーブ,
5542,5794,観測,
5543,5795,ツーリング,
5544,5796,消費税,
5545,5797,ルアー,
5546,5798,給食,
5547,5799,改造,
5548,5800,準,
5549,5801,取り戻す,
5550,5802,アトピー,
5551,5803,固まる,
5552,5804,栃木,
5553,5805,フライ,
5554,5806,肥料,
5555,5807,ヤフー,
5556,5808,苗,
5557,5809,液体,
5558,5810,ア,
5559,5811,m2,
5560,5812,大和,
5561,5813,就労,
5562,5814,フェス,
5563,5815,純粋,
5564,5816,甲,
5565,5817,ステー,
5566,5818,栄養素,
5567,5819,営業日,
5568,5820,手持ち,
5569,5821,気付き,
5570,5822,先月,
5571,5823,医薬品,
5572,5824,足す,
5573,5825,振り袖,
5574,5826,革命,
5575,5827,金曜,
5576,5828,部署,
5577,5829,核,
5578,5830,文学,
5579,5831,耐,
5580,5832,刺し身,
5581,5833,ミリ,
5582,5834,管理人,
5583,5835,禍,
5584,5836,支障,
5585,5837,慢性,
5586,5838,錠,
5587,5839,ホスト,
5588,5840,地点,
5589,5841,余る,
5590,5842,輝き,
5591,5843,主体,
5592,5844,青春,
5593,5845,プロダクト,
5594,5846,仕入れ,
5595,5847,憲法,
5596,5848,レート,
5597,5849,見方,
5598,5850,私立,
5599,5851,酸化,
5600,5852,お礼,
5601,5853,ジャニーズ,
5602,5854,エコ,
5603,5855,戦士,
5604,5856,メモリ,
5605,5857,参拝,
5606,5858,もち,
5607,5859,リンパ,
5608,5860,チョイス,
5609,5861,ボウル,
5610,5862,医薬,
5611,5863,稽古,
5612,5864,ロッド,
5613,5865,ラッシュ,
5614,5866,シナリオ,
5615,5867,月曜,
5616,5868,連動,
5617,5869,命令,
5618,5870,京,
5619,5871,ポテト,
5620,5872,掲示,
5621,5873,譲る,
5622,5874,都度,
5623,5875,入園,
5624,5876,憧れる,
5625,5877,母さん,
5626,5878,骨格,
5627,5879,オークション,
5628,5880,分離,
5629,5881,花柄,
5630,5882,掘る,
5631,5883,不可能,
5632,5884,焼酎,
5633,5885,数える,
5634,5886,全巻,
5635,5887,防寒,
5636,5888,スイート,
5637,5889,修行,
5638,5890,実用,
5639,5891,コンサル,
5640,5892,PV,
5641,5893,ワイヤレス,
5642,5894,活発,
5643,5895,並び,
5644,5896,化粧水,
5645,5897,継承,
5646,5898,別れ,
5647,5899,厚み,
5648,5900,客室,
5649,5901,どなた,
5650,5902,ガール,
5651,5903,一種,
5652,5904,市長,
5653,5905,三重,
5654,5906,芝,
5655,5907,ANA,
5656,5908,東急,
5657,5909,どうせ,
5658,5910,彼是,
5659,5911,農薬,
5660,5912,定食,
5661,5913,洗面,
5662,5914,公認,
5663,5915,喫煙,
5664,5916,潜在,
5665,5917,加減,
5666,5918,真似,
5667,5919,あたたかい,
5668,5920,本名,
5669,5921,損傷,
5670,5922,半島,
5671,5923,美白,
5672,5924,セリフ,
5673,5925,グラフィック,
5674,5926,肌触り,
5675,5927,やわらかい,
5676,5928,エンターテインメント,
5677,5929,直送,
5678,5930,意義,
5679,5931,報告書,
5680,5932,寝室,
5681,5933,口腔,
5682,5934,枚数,
5683,5935,ランダム,
5684,5936,閉鎖,
5685,5937,ライス,
5686,5938,ユーロ,
5687,5939,知事,
5688,5940,オブジェクト,
5689,5941,光沢,
5690,5942,高め,
5691,5943,本書,
5692,5944,焦点,
5693,5945,特長,
5694,5947,鳴る,
5695,5948,廃棄,
5696,5949,進路,
5697,5950,Q&A,
5698,5951,民族,
5699,5953,プロフェッショナル,
5700,5955,消防,
5701,5956,弛み,
5702,5957,ソール,
5703,5958,ティッシュ,
5704,5959,南部,
5705,5960,個々,
5706,5961,マフラー,
5707,5962,紫陽花,
5708,5963,梅田,
5709,5964,声掛け,
5710,5965,茄子,
5711,5966,只今,
5712,5967,山梨,
5713,5968,トランプ,
5714,5969,大地,
5715,5970,明かす,
5716,5971,黄金,
5717,5972,専攻,
5718,5973,付,
5719,5974,単独,
5720,5975,触れ合い,
5721,5976,下車,
5722,5977,エース,
5723,5978,ブラジル,
5724,5979,未定,
5725,5980,エレガント,
5726,5981,ゼリー,
5727,5982,CC,
5728,5983,勉強会,
5729,5984,内臓,
5730,5986,照射,
5731,5987,品物,
5732,5988,対話,
5733,5989,あっさり,
5734,5990,作曲,
5735,5991,内蔵,
5736,5992,テースト,
5737,5993,坪,
5738,5994,納豆,
5739,5995,純,
5740,5996,レンタカー,
5741,5997,万全,
5742,5998,引き換え,
5743,5999,お尻,
5744,6000,宅,
5745,6001,マグネット,
5746,6002,王国,
5747,6003,女王,
5748,6004,ターミナル,
5749,6005,混む,
5750,6006,臨む,
5751,6007,松,
5752,6008,勤める,
5753,6009,世界的,
5754,6010,長持ち,
5755,6011,慌てる,
5756,6013,保温,
5757,6014,トレー,
5758,6015,市町村,
5759,6016,ロケ,
5760,6017,監査,
5761,6018,セブン,
5762,6019,ATM,
5763,6020,午前中,
5764,6021,箇国,
5765,6022,今更,
5766,6023,ベット,
5767,6024,各社,
5768,6025,エイジング,
5769,6026,彩り,
5770,6027,炊く,
5771,6028,路,
5772,6029,返却,
5773,6030,下着,
5774,6031,トーン,
5775,6032,支出,
5776,6033,アダプター,
5777,6034,さら,
5778,6035,高値,
5779,6036,フォーラム,
5780,6037,国語,
5781,6038,ちっ,
5782,6039,ワゴン,
5783,6040,仕掛け,
5784,6041,しんどい,
5785,6042,リメーク,
5786,6043,鯖,
5787,6044,知的,
5788,6045,傷付ける,
5789,6046,遺伝,
5790,6047,脱出,
5791,6048,相談所,
5792,6049,順次,
5793,6050,為替,
5794,6051,少量,
5795,6052,三角,
5796,6053,夢中,
5797,6054,ぇ,
5798,6055,歴代,
5799,6056,バリア,
5800,6057,交通費,
5801,6058,ふわ,
5802,6059,逆転,
5803,6060,名言,
5804,6061,土台,
5805,6063,メールアドレス,
5806,6064,連盟,
5807,6065,仏,
5808,6066,とんでも,
5809,6067,チャンピオン,
5810,6068,陸上,
5811,6069,通,
5812,6070,TOEIC,
5813,6071,力強い,
5814,6072,著作,
5815,6074,キャスター,
5816,6075,ナッツ,
5817,6076,独学,
5818,6077,クルーズ,
5819,6078,出題,
5820,6079,芋,
5821,6080,腸内,
5822,6081,青山,
5823,6082,漢方,
5824,6083,グリル,
5825,6084,効能,
5826,6085,バイオ,
5827,6086,仮想通貨,
5828,6087,永久,
5829,6088,思想,
5830,6089,アーム,
5831,6090,大勢,
5832,6091,最低限,
5833,6092,包丁,
5834,6093,浄化,
5835,6094,右手,
5836,6095,備考,
5837,6096,ベテラン,
5838,6097,満足度,
5839,6098,併設,
5840,6099,帝国,
5841,6100,残高,
5842,6101,ざっくり,
5843,6102,筆,
5844,6103,薩摩芋,
5845,6104,ファーム,
5846,6105,日差し,
5847,6106,防衛,
5848,6107,撤去,
5849,6108,目次,
5850,6109,連れ,
5851,6110,ウォレット,
5852,6111,飲料,
5853,6112,信仰,
5854,6113,御襁褓,
5855,6114,プロデューサー,
5856,6115,万能,
5857,6116,浴,
5858,6117,シンボル,
5859,6118,休止,
5860,6119,後輩,
5861,6120,遺品,
5862,6121,哲学,
5863,6122,公益,
5864,6123,保全,
5865,6124,腕時計,
5866,6125,自分自身,
5867,6126,ナイキ,
5868,6127,対象外,
5869,6128,会費,
5870,6129,イエス,
5871,6130,サングラス,
5872,6131,西洋,
5873,6132,SDGs,
5874,6133,手伝う,
5875,6134,保険料,
5876,6135,桁,
5877,6136,リハビリテーション,
5878,6137,コマ,
5879,6138,リッチ,
5880,6139,即ち,
5881,6140,洋,
5882,6141,一貫,
5883,6142,前述,
5884,6144,成田,
5885,6145,付着,
5886,6146,補う,
5887,6147,洗練,
5888,6148,幼い,
5889,6149,関,
5890,6150,佐賀,
5891,6151,団子,
5892,6152,遭遇,
5893,6153,回路,
5894,6154,的確,
5895,6155,脂質,
5896,6156,一時的,
5897,6157,埃,
5898,6158,複合,
5899,6159,ウィズ,
5900,6160,取り外し,
5901,6161,IP,
5902,6162,VR,
5903,6163,取り締まり,
5904,6164,家庭用,
5905,6165,良質,
5906,6166,学術,
5907,6167,商工,
5908,6168,鶏肉,
5909,6169,金持ち,
5910,6170,イノベーション,
5911,6171,印象的,
5912,6172,転送,
5913,6173,番目,
5914,6174,ランナー,
5915,6175,警戒,
5916,6176,舌,
5917,6177,大阪市,
5918,6178,天麩羅,
5919,6179,出願,
5920,6180,思い切り,
5921,6181,カルシウム,
5922,6182,国会,
5923,6183,歩行,
5924,6184,圧迫,
5925,6185,捜査,
5926,6186,糖尿病,
5927,6187,ドラッグストアー,
5928,6188,工法,
5929,6189,理,
5930,6190,ジャム,
5931,6191,ウルトラ,
5932,6192,彫刻,
5933,6193,大賞,
5934,6195,飲み会,
5935,6196,中野,
5936,6197,宛て,
5937,6198,左手,
5938,6199,佐々木,
5939,6200,暖房,
5940,6201,JP,
5941,6202,胡瓜,
5942,6203,次ぐ,
5943,6204,さらさら,
5944,6205,三井,
5945,6206,ハンター,
5946,6207,オーディション,
5947,6208,預金,
5948,6209,瀬戸,
5949,6210,曜日,
5950,6211,小まめ,
5951,6212,鉢,
5952,6213,挿入,
5953,6214,スタジアム,
5954,6215,眼,
5955,6216,情熱,
5956,6217,カーペット,
5957,6218,揺れる,
5958,6219,発表会,
5959,6220,スノー,
5960,6221,置き,
5961,6223,ヒップ,
5962,6225,ウォール,
5963,6226,輸出,
5964,6227,単体,
5965,6228,観客,
5966,6229,合わせ,
5967,6230,抗,
5968,6231,防御,
5969,6232,筋力,
5970,6234,ルーター,
5971,6235,直線,
5972,6236,参戦,
5973,6237,両手,
5974,6238,細か,
5975,6239,漏れ,
5976,6240,フローリング,
5977,6241,絶賛,
5978,6242,しま,
5979,6243,本革,
5980,6244,フライト,
5981,6245,リターン,
5982,6246,協議会,
5983,6247,アンチ,
5984,6248,担保,
5985,6249,短時間,
5986,6250,カーディガン,
5987,6251,リモコン,
5988,6252,原材料,
5989,6253,贈与,
5990,6254,年中,
5991,6255,寸法,
5992,6256,玄米,
5993,6257,ボルト,
5994,6258,編む,
5995,6259,光景,
5996,6260,フォント,
5997,6261,デフォルト,
5998,6262,吐く,
5999,6263,コンディション,
6000,6264,がっつり,
6001,6265,育毛,
6002,6266,スウェット,
6003,6267,小規模,
6004,6268,徳島,
6005,6269,誤差,
6006,6270,陽性,
6007,6271,香川,
6008,6272,ピン,
6009,6273,食卓,
6010,6274,アスリート,
6011,6275,待遇,
6012,6276,都会,
6013,6277,BBQ,
6014,6278,速やか,
6015,6279,リール,
6016,6280,大正,
6017,6281,肝,
6018,6282,中部,
6019,6283,協定,
6020,6284,鮪,
6021,6285,教科書,
6022,6286,漏れる,
6023,6287,班,
6024,6288,セクシー,
6025,6290,ラグビー,
6026,6291,運送,
6027,6292,アクティビティー,
6028,6293,裁判所,
6029,6294,ナイフ,
6030,6295,ごとし,
6031,6296,被害者,
6032,6297,交える,
6033,6298,直近,
6034,6299,墓地,
6035,6300,交代,
6036,6302,侵害,
6037,6303,グランプリ,
6038,6304,前年,
6039,6305,ギャンブル,
6040,6306,一級,
6041,6307,ヤマト,
6042,6308,金曜日,
6043,6309,脚本,
6044,6310,転売,
6045,6311,花嫁,
6046,6312,ろ,
6047,6313,ジェット,
6048,6314,語学,
6049,6315,青空,
6050,6316,ファイア,
6051,6317,ディレクター,
6052,6318,バブル,
6053,6319,静岡県,
6054,6320,初代,
6055,6321,算出,
6056,6322,利回り,
6057,6323,ソックス,
6058,6324,自殺,
6059,6325,ドット,
6060,6326,遠方,
6061,6327,法定,
6062,6328,収める,
6063,6329,潜る,
6064,6330,危ない,
6065,6331,スピリチュアル,
6066,6332,勧誘,
6067,6333,WW,
6068,6334,コストコ,
6069,6335,認可,
6070,6336,ジョン,
6071,6337,当て嵌まる,
6072,6338,ムービー,
6073,6339,記念日,
6074,6340,広々,
6075,6341,署名,
6076,6342,痒い,
6077,6343,療養,
6078,6344,牛肉,
6079,6345,スイス,
6080,6346,橋本,
6081,6347,暴力,
6082,6348,メール便,
6083,6349,日産,
6084,6350,送金,
6085,6351,独身,
6086,6352,県民,
6087,6353,樹,
6088,6354,クレーム,
6089,6355,増し,
6090,6356,自家,
6091,6358,存分,
6092,6359,山崎,
6093,6360,老化,
6094,6361,偉い,
6095,6362,脂,
6096,6363,毒,
6097,6364,居住,
6098,6365,印鑑,
6099,6366,つる,
6100,6367,ドライヤー,
6101,6369,レバー,
6102,6370,ソング,
6103,6372,色素,
6104,6373,池田,
6105,6374,貸し切り,
6106,6375,返し,
6107,6376,モーニング,
6108,6377,ソープ,
6109,6378,福,
6110,6379,週刊,
6111,6380,名入れ,
6112,6381,パンダ,
6113,6382,カプセル,
6114,6383,チャーム,
6115,6384,サプライズ,
6116,6385,法的,
6117,6386,遺跡,
6118,6387,ネーム,
6119,6388,カーボン,
6120,6389,判決,
6121,6390,機能性,
6122,6391,さくさく,
6123,6392,OS,
6124,6393,染める,
6125,6394,谷,
6126,6395,売り場,
6127,6396,他者,
6128,6397,債権,
6129,6398,ローラー,
6130,6399,血流,
6131,6400,保守,
6132,6401,エクセル,
6133,6402,魔,
6134,6403,店主,
6135,6404,リーディング,
6136,6405,LDK,
6137,6406,文法,
6138,6408,オフィシャル,
6139,6409,入国,
6140,6410,多摩,
6141,6411,ヘルシー,
6142,6412,ボーカル,
6143,6413,不用品,
6144,6414,プチ,
6145,6415,主流,
6146,6416,片手,
6147,6417,ノイズ,
6148,6418,単なる,
6149,6419,鋼,
6150,6420,目元,
6151,6421,づける,
6152,6422,鍍金,
6153,6423,剥がれる,
6154,6424,商店街,
6155,6425,族,
6156,6426,殺人,
6157,6427,乗り,
6158,6428,纏わる,
6159,6430,停,
6160,6431,コンクール,
6161,6432,ヘルメット,
6162,6433,湿気,
6163,6434,フィードバック,
6164,6435,グラン,
6165,6436,寛ぐ,
6166,6437,晴れ,
6167,6438,抜き,
6168,6439,急激,
6169,6440,キリスト,
6170,6441,繰り返し,
6171,6442,作り上げる,
6172,6443,殿,
6173,6444,彩,
6174,6445,一面,
6175,6446,赤字,
6176,6447,瞳,
6177,6448,中途,
6178,6449,フォロワー,
6179,6450,代表的,
6180,6451,木目,
6181,6452,持ち込み,
6182,6453,町中,
6183,6454,補強,
6184,6455,函館,
6185,6456,授乳,
6186,6457,係,
6187,6458,雄,
6188,6459,網,
6189,6460,山頂,
6190,6461,CT,
6191,6462,ヒロイン,
6192,6463,尊重,
6193,6464,ヒール,
6194,6465,火力,
6195,6466,ディープ,
6196,6467,首都,
6197,6468,松山,
6198,6469,太腿,
6199,6470,外食,
6200,6471,接着,
6201,6472,かぎ,
6202,6473,掲示板,
6203,6474,集会,
6204,6475,シャッター,
6205,6476,深刻,
6206,6477,手動,
6207,6478,長野県,
6208,6479,土木,
6209,6481,背負う,
6210,6482,悔しい,
6211,6483,馬券,
6212,6484,ギャップ,
6213,6485,コントローラー,
6214,6486,ランドセル,
6215,6487,特例,
6216,6488,いや,
6217,6489,彩る,
6218,6490,アーカイブ,
6219,6491,ダム,
6220,6492,キス,
6221,6493,観光客,
6222,6494,自,
6223,6495,箸,
6224,6496,バーチャル,
6225,6497,直結,
6226,6498,唇,
6227,6499,代理店,
6228,6500,告げる,
6229,6501,アナログ,
6230,6502,受給,
6231,6503,ゲーミング,
6232,6504,衝突,
6233,6505,燃える,
6234,6506,カントリー,
6235,6508,攻める,
6236,6509,一押し,
6237,6510,村上,
6238,6511,火燵,
6239,6512,解散,
6240,6513,デモ,
6241,6514,オープニング,
6242,6515,連絡先,
6243,6516,見合い,
6244,6517,月曜日,
6245,6518,ローマ,
6246,6519,出血,
6247,6520,遊戯,
6248,6521,燃焼,
6249,6522,名作,
6250,6523,職務,
6251,6524,調和,
6252,6525,変わり,
6253,6526,満ちる,
6254,6527,奥様,
6255,6528,集計,
6256,6529,スタートアップ,
6257,6530,頂戴,
6258,6531,壁掛け,
6259,6532,メロン,
6260,6533,検出,
6261,6534,インドネシア,
6262,6535,元年,
6263,6536,エンジェル,
6264,6537,いち,
6265,6538,金銭,
6266,6539,学期,
6267,6540,撥水,
6268,6541,アイアン,
6269,6542,箱根,
6270,6543,時半,
6271,6544,大いに,
6272,6545,すっ,
6273,6546,はる,
6274,6547,麻酔,
6275,6548,北部,
6276,6549,レイン,
6277,6550,感染者,
6278,6551,杉,
6279,6552,賜る,
6280,6553,血行,
6281,6554,イヤー,
6282,6555,公的,
6283,6556,にこにこ,
6284,6557,加盟,
6285,6558,ツイン,
6286,6559,向こう,
6287,6560,薪,
6288,6561,誤る,
6289,6562,拝見,
6290,6563,急速,
6291,6564,点灯,
6292,6566,横浜市,
6293,6567,良し,
6294,6568,最小,
6295,6569,捕らえる,
6296,6570,成約,
6297,6571,放棄,
6298,6572,貿易,
6299,6573,滑り止め,
6300,6574,一戸建て,
6301,6575,太陽光,
6302,6576,続々,
6303,6577,製薬,
6304,6578,生き生き,
6305,6579,人権,
6306,6580,封筒,
6307,6581,骨折,
6308,6582,北朝鮮,
6309,6583,免除,
6310,6584,亭,
6311,6585,法務,
6312,6586,御節,
6313,6587,コンテナ,
6314,6588,自主,
6315,6589,部活,
6316,6590,大宮,
6317,6591,追跡,
6318,6592,美容師,
6319,6593,持ち帰る,
6320,6594,宿題,
6321,6595,順守,
6322,6596,クローゼット,
6323,6597,断,
6324,6598,誤解,
6325,6599,無くす,
6326,6600,持ち物,
6327,6601,ひ,
6328,6603,復元,
6329,6604,講演会,
6330,6605,小売り,
6331,6606,ミステリー,
6332,6607,空室,
6333,6608,修繕,
6334,6609,裏面,
6335,6611,クリーナー,
6336,6612,浜松,
6337,6613,系列,
6338,6614,ミント,
6339,6615,咳,
6340,6616,けん,
6341,6617,インター,
6342,6618,紅,
6343,6619,木造,
6344,6620,晩,
6345,6621,溝,
6346,6622,媒体,
6347,6623,圧縮,
6348,6624,経路,
6349,6625,常時,
6350,6626,和牛,
6351,6627,シャープ,
6352,6628,駆使,
6353,6629,存在感,
6354,6630,ファイナル,
6355,6631,権限,
6356,6632,造り,
6357,6633,一環,
6358,6634,目覚める,
6359,6636,縛る,
6360,6637,背面,
6361,6638,繁殖,
6362,6639,メディカル,
6363,6640,社会的,
6364,6641,イルミネーション,
6365,6642,見,
6366,6643,開閉,
6367,6644,役立てる,
6368,6645,苛め,
6369,6646,県内,
6370,6647,大谷,
6371,6648,親族,
6372,6649,確信,
6373,6650,ver,
6374,6651,AC,
6375,6652,特価,
6376,6653,増,
6377,6654,プレゼン,
6378,6655,町並み,
6379,6656,ワークス,
6380,6657,教,
6381,6658,香,
6382,6659,商材,
6383,6660,老後,
6384,6661,問,
6385,6662,エッセンス,
6386,6663,開運,
6387,6664,岩手,
6388,6665,クーラー,
6389,6666,擦る,
6390,6667,小顔,
6391,6668,バナー,
6392,6669,系統,
6393,6670,工芸,
6394,6671,武田,
6395,6672,古着,
6396,6673,商,
6397,6674,劇,
6398,6675,ぽち,
6399,6676,屋台,
6400,6677,解答,
6401,6678,甘み,
6402,6679,推測,
6403,6680,サイクリング,
6404,6681,炭,
6405,6682,ぴん,
6406,6683,ヒアリング,
6407,6684,多め,
6408,6685,美女,
6409,6686,演習,
6410,6687,見詰める,
6411,6688,シールド,
6412,6689,縮小,
6413,6690,鳥取,
6414,6691,クイーン,
6415,6692,夜中,
6416,6693,肌荒れ,
6417,6695,意志,
6418,6696,裾,
6419,6697,ううん,
6420,6698,バンコク,
6421,6699,富士山,
6422,6700,ストライプ,
6423,6701,間近,
6424,6702,欧米,
6425,6703,マリン,
6426,6704,情勢,
6427,6705,連結,
6428,6706,遅れ,
6429,6707,セラミック,
6430,6708,心理学,
6431,6709,課程,
6432,6710,画質,
6433,6711,必要性,
6434,6712,ペイント,
6435,6713,和室,
6436,6714,伝,
6437,6715,公務員,
6438,6716,不味い,
6439,6717,不快,
6440,6718,買い取る,
6441,6719,MT,
6442,6720,見通し,
6443,6721,ソロ,
6444,6722,灯,
6445,6723,具材,
6446,6724,ワイルド,
6447,6725,コーディネーター,
6448,6726,xl,
6449,6727,属する,
6450,6728,前編,
6451,6730,賞与,
6452,6731,原稿,
6453,6732,極上,
6454,6733,タブ,
6455,6734,ユニクロ,
6456,6735,争い,
6457,6736,民主,
6458,6737,経済的,
6459,6738,源泉,
6460,6739,祈り,
6461,6740,例外,
6462,6741,朝鮮,
6463,6742,召喚,
6464,6743,廃車,
6465,6744,安,
6466,6745,解禁,
6467,6746,マウント,
6468,6747,香料,
6469,6748,SD,
6470,6749,要る,
6471,6750,ネクタイ,
6472,6751,姫路,
6473,6752,叫ぶ,
6474,6753,アシスト,
6475,6754,倍率,
6476,6755,藤原,
6477,6756,ゆとり,
6478,6757,資材,
6479,6758,ベンチャー,
6480,6759,鍼,
6481,6760,ショコラ,
6482,6761,耐震,
6483,6762,詰め合わせ,
6484,6763,キャンドル,
6485,6764,愛媛,
6486,6765,コラボレーション,
6487,6766,芽,
6488,6767,お喋り,
6489,6768,際する,
6490,6769,ガールズ,
6491,6770,下ろす,
6492,6771,夜景,
6493,6772,妄想,
6494,6773,月間,
6495,6774,はてな,
6496,6775,渋滞,
6497,6776,アシスタント,
6498,6777,子宮,
6499,6778,古く,
6500,6779,上旬,
6501,6780,カール,
6502,6781,本文,
6503,6782,個体,
6504,6783,同等,
6505,6784,境内,
6506,6785,ルイヴィトン,
6507,6786,マイナンバー,
6508,6787,乳,
6509,6788,汚染,
6510,6789,スカウト,
6511,6790,開拓,
6512,6791,スピン,
6513,6792,ドリーム,
6514,6793,ミュージカル,
6515,6794,狩り,
6516,6795,プランナー,
6517,6796,牧場,
6518,6797,有給,
6519,6798,研究会,
6520,6799,説明書,
6521,6800,発する,
6522,6801,域,
6523,6802,レポ,
6524,6803,欠ける,
6525,6804,詩,
6526,6805,特徴的,
6527,6806,パープル,
6528,6807,視線,
6529,6809,後編,
6530,6810,照らす,
6531,6811,コーン,
6532,6812,魔女,
6533,6813,ノーマル,
6534,6814,実況,
6535,6815,甘味,
6536,6816,半ば,
6537,6817,学力,
6538,6818,省く,
6539,6819,隣接,
6540,6820,デスクトップ,
6541,6821,レイヤー,
6542,6822,拡散,
6543,6823,へん,
6544,6824,浅草,
6545,6825,逸品,
6546,6826,ダイヤル,
6547,6827,ブロガー,
6548,6828,塩分,
6549,6829,マタニティー,
6550,6830,余程,
6551,6831,重要性,
6552,6832,徹底的,
6553,6833,安心感,
6554,6834,転倒,
6555,6835,ラボ,
6556,6837,フレンド,
6557,6838,何事,
6558,6839,所定,
6559,6841,優,
6560,6842,通称,
6561,6843,マート,
6562,6844,精密,
6563,6845,乍ら,
6564,6846,見極める,
6565,6847,茨城県,
6566,6848,石油,
6567,6849,レター,
6568,6850,区域,
6569,6851,痛める,
6570,6852,所在地,
6571,6853,フォーク,
6572,6854,混合,
6573,6855,サーフィン,
6574,6856,習い事,
6575,6858,ゲージ,
6576,6859,対抗,
6577,6860,種目,
6578,6861,鉄板,
6579,6862,顎,
6580,6863,疑い,
6581,6864,此奴,
6582,6865,常温,
6583,6866,遺伝子,
6584,6867,羨ましい,
6585,6868,孤独,
6586,6869,切手,
6587,6870,新設,
6588,6871,片,
6589,6872,世界観,
6590,6873,ウイッグ,
6591,6874,ミュージアム,
6592,6875,沖,
6593,6876,スマイル,
6594,6877,晒す,
6595,6878,財政,
6596,6879,算数,
6597,6880,解凍,
6598,6881,視,
6599,6882,軈て,
6600,6883,儲かる,
6601,6884,さっき,
6602,6885,ピュア,
6603,6886,スタイリスト,
6604,6887,カウント,
6605,6888,豆乳,
6606,6889,明け,
6607,6890,取引所,
6608,6891,八幡,
6609,6892,フォーカス,
6610,6893,ずれ,
6611,6894,ジョブ,
6612,6895,一流,
6613,6896,伊豆,
6614,6897,洗い,
6615,6898,黄色い,
6616,6899,賑わう,
6617,6900,セラピー,
6618,6901,曖昧,
6619,6902,マンツーマン,
6620,6903,援助,
6621,6904,健診,
6622,6905,公立,
6623,6906,腹筋,
6624,6907,講じる,
6625,6908,冷却,
6626,6909,マレーシア,
6627,6910,ロープ,
6628,6911,近付ける,
6629,6912,再発,
6630,6913,警告,
6631,6914,モン,
6632,6915,入店,
6633,6916,クイック,
6634,6917,ウィキ,
6635,6918,チーズケーキ,
6636,6919,堂々,
6637,6920,過言,
6638,6921,訪ねる,
6639,6922,工,
6640,6923,バイナリー,
6641,6924,利点,
6642,6925,転勤,
6643,6926,髪質,
6644,6927,バリ,
6645,6928,折畳み,
6646,6929,明記,
6647,6930,音質,
6648,6931,球,
6649,6932,ヒアルロン,
6650,6933,対決,
6651,6934,キュート,
6652,6935,開催中,
6653,6936,排除,
6654,6937,スルー,
6655,6938,岡田,
6656,6939,バスケット,
6657,6940,RPG,
6658,6941,営む,
6659,6942,中山,
6660,6943,ユース,
6661,6944,褒美,
6662,6945,御守り,
6663,6946,不妊,
6664,6947,浜,
6665,6948,ミドル,
6666,6949,インターン,
6667,6950,きっちり,
6668,6951,PT,
6669,6952,呟く,
6670,6953,フレーバー,
6671,6954,スプリング,
6672,6955,親戚,
6673,6956,下す,
6674,6957,カーブ,
6675,6958,タロット,
6676,6959,ゼミ,
6677,6960,新型コロナウイルス感染症,
6678,6961,喫茶,
6679,6962,区別,
6680,6963,〇,
6681,6964,パジャマ,
6682,6965,神宮,
6683,6966,衣,
6684,6967,今季,
6685,6968,カルチャー,
6686,6969,書き込み,
6687,6970,プロバイダー,
6688,6971,将棋,
6689,6972,競合,
6690,6973,契約書,
6691,6974,巻き込む,
6692,6975,曲げる,
6693,6976,水中,
6694,6977,オファー,
6695,6978,麦,
6696,6979,手首,
6697,6980,張り付ける,
6698,6981,スポンサー,
6699,6982,優遇,
6700,6983,風合い,
6701,6984,不在,
6702,6985,デイリー,
6703,6986,公募,
6704,6987,捕らわれる,
6705,6988,書面,
6706,6989,ライブラリー,
6707,6991,新商品,
6708,6992,右上,
6709,6993,大橋,
6710,6994,ぐ,
6711,6995,特製,
6712,6996,無償,
6713,6997,雨漏り,
6714,6998,小遣い,
6715,6999,峠,
6716,7000,年々,
6717,7001,足場,
6718,7002,長女,
6719,7003,構想,
6720,7004,減,
6721,7005,仲良し,
6722,7006,ポータブル,
6723,7007,図鑑,
6724,7008,燃費,
6725,7009,実証,
6726,7010,東大,
6727,7011,移籍,
6728,7012,プレミア,
6729,7013,海鮮,
6730,7014,ドリル,
6731,7015,下る,
6732,7016,尊敬,
6733,7017,急ぎ,
6734,7018,培う,
6735,7019,商売,
6736,7020,代わる,
6737,7021,真相,
6738,7022,描写,
6739,7023,籤,
6740,7024,無難,
6741,7025,庵,
6742,7026,見解,
6743,7027,弱点,
6744,7028,バルコニー,
6745,7029,コップ,
6746,7030,要注意,
6747,7031,NFT,
6748,7032,裏技,
6749,7033,おば,
6750,7034,乗り換え,
6751,7035,ドラッグ,
6752,7036,双方,
6753,7037,フジテレビ,
6754,7038,数百,
6755,7039,所在,
6756,7040,微,
6757,7041,傷付く,
6758,7042,福利,
6759,7043,プチプラ,
6760,7044,リクルート,
6761,7045,ローション,
6762,7046,雷,
6763,7047,ズボン,
6764,7048,ジャージー,
6765,7049,花粉症,
6766,7050,眠い,
6767,7051,総菜,
6768,7052,サイバー,
6769,7053,キャラメル,
6770,7054,無添加,
6771,7055,MAX,
6772,7056,好く,
6773,7057,強烈,
6774,7058,上げ,
6775,7059,演劇,
6776,7060,西武,
6777,7061,題,
6778,7062,字幕,
6779,7063,度目,
6780,7064,募集中,
6781,7065,平野,
6782,7066,陶器,
6783,7067,綴る,
6784,7068,区間,
6785,7069,会社員,
6786,7070,水曜,
6787,7071,アナウンサー,
6788,7072,露天,
6789,7073,着心地,
6790,7074,走り,
6791,7075,院内,
6792,7076,トルコ,
6793,7077,刻印,
6794,7078,王道,
6795,7079,シック,
6796,7080,炎上,
6797,7081,陽,
6798,7082,反する,
6799,7083,映える,
6800,7084,景気,
6801,7085,リネン,
6802,7086,ホビー,
6803,7087,卒,
6804,7088,現時点,
6805,7089,関わり,
6806,7090,熱中症,
6807,7091,グラデーション,
6808,7092,原理,
6809,7093,ハット,
6810,7094,札,
6811,7095,落下,
6812,7096,幸,
6813,7097,中国語,
6814,7098,着こなし,
6815,7099,悩ます,
6816,7100,コナン,
6817,7101,乾かす,
6818,7102,分譲,
6819,7103,ウォーク,
6820,7104,胡椒,
6821,7105,今夜,
6822,7106,妙,
6823,7107,ストレージ,
6824,7108,HTML,
6825,7109,羊,
6826,7110,製法,
6827,7111,踵,
6828,7112,幻,
6829,7113,健全,
6830,7114,肝心,
6831,7115,空調,
6832,7116,メキシコ,
6833,7117,弁,
6834,7118,イヤリング,
6835,7119,戦国,
6836,7120,来月,
6837,7121,アウトプット,
6838,7122,硬化,
6839,7123,結成,
6840,7124,健,
6841,7125,葱,
6842,7126,代替,
6843,7127,ラバー,
6844,7128,出汁,
6845,7129,ペイ,
6846,7130,ヘルパー,
6847,7131,焼き鳥,
6848,7132,大島,
6849,7133,概ね,
6850,7134,わん,
6851,7135,塗布,
6852,7136,解ける,
6853,7137,丸ごと,
6854,7138,何気,
6855,7139,上海,
6856,7140,タレ,
6857,7141,端子,
6858,7142,推す,
6859,7143,結果的,
6860,7144,夏場,
6861,7145,プリンセス,
6862,7146,たって,
6863,7147,国内外,
6864,7148,藩,
6865,7149,北陸,
6866,7150,肉体,
6867,7151,手書き,
6868,7152,再会,
6869,7153,類似,
6870,7154,溶かす,
6871,7155,承諾,
6872,7156,Excel,
6873,7157,模型,
6874,7158,蝋燭,
6875,7159,荒れる,
6876,7160,テクニカル,
6877,7161,持て成し,
6878,7162,行方,
6879,7163,被災,
6880,7164,通行,
6881,7165,サンタ,
6882,7166,発祥,
6883,7167,to,
6884,7168,定額,
6885,7169,探索,
6886,7170,品川,
6887,7171,価,
6888,7172,景品,
6889,7173,編集部,
6890,7174,めざす,
6891,7175,運搬,
6892,7176,運気,
6893,7177,見頃,
6894,7178,たか,
6895,7179,欠き氷,
6896,7180,MC,
6897,7181,分子,
6898,7182,承継,
6899,7183,結末,
6900,7184,LV,
6901,7185,予感,
6902,7186,月収,
6903,7187,埋まる,
6904,7188,酒造,
6905,7189,水産,
6906,7190,此の世,
6907,7191,わし,
6908,7192,沖縄県,
6909,7193,戸,
6910,7194,電話番号,
6911,7195,合併,
6912,7196,図面,
6913,7197,中島,
6914,7198,前田,
6915,7199,標高,
6916,7200,ドーナツ,
6917,7201,ボーダー,
6918,7202,瓦,
6919,7203,JAL,
6920,7204,蒸す,
6921,7205,エッジ,
6922,7206,くすみ,
6923,7207,オランダ,
6924,7208,応答,
6925,7209,居心地,
6926,7210,収支,
6927,7211,人間関係,
6928,7212,戦後,
6929,7213,藤井,
6930,7214,累計,
6931,7215,焚き火,
6932,7216,宝塚,
6933,7217,都心,
6934,7218,移植,
6935,7219,金運,
6936,7220,ごと,
6937,7221,陰,
6938,7222,荘,
6939,7223,カクテル,
6940,7224,小川,
6941,7225,付属品,
6942,7226,識別,
6943,7227,値上げ,
6944,7228,アップグレード,
6945,7229,フラッシュ,
6946,7230,祈願,
6947,7231,大雨,
6948,7232,関係性,
6949,7233,海洋,
6950,7234,結合,
6951,7235,貸し出し,
6952,7236,ノース,
6953,7237,etc,
6954,7239,インターンシップ,
6955,7240,纏め買い,
6956,7241,現行,
6957,7242,夜勤,
6958,7243,転生,
6959,7244,ショーツ,
6960,7245,露出,
6961,7246,引き渡し,
6962,7247,カッター,
6963,7248,合間,
6964,7249,部隊,
6965,7250,盛ん,
6966,7251,ファイバー,
6967,7252,廊下,
6968,7253,遂げる,
6969,7254,表明,
6970,7255,相変わらず,
6971,7256,刀,
6972,7257,重大,
6973,7258,満開,
6974,7259,幕,
6975,7260,サイエンス,
6976,7261,勢力,
6977,7262,味噌汁,
6978,7263,襟,
6979,7264,特,
6980,7265,開講,
6981,7266,序盤,
6982,7267,当方,
6983,7268,地位,
6984,7269,税抜き,
6985,7270,煩い,
6986,7271,関税,
6987,7272,トーナメント,
6988,7273,淡路,
6989,7274,不安定,
6990,7275,利息,
6991,7276,同居,
6992,7277,アース,
6993,7278,謝罪,
6994,7279,香ばしい,
6995,7280,ガン,
6996,7281,ぷ,
6997,7282,発色,
6998,7283,ラリー,
6999,7284,一律,
7000,7285,並びに,
7001,7287,妊娠中,
7002,7288,さす,
7003,7289,天神,
7004,7290,っ子,
7005,7291,独占,
7006,7292,Yahoo!,
7007,7293,誠実,
7008,7294,反,
7009,7295,オーラ,
7010,7296,さり気無い,
7011,7297,カンパニー,
7012,7298,推定,
7013,7299,ラベンダー,
7014,7300,発覚,
7015,7301,注入,
7016,7302,しん,
7017,7303,メロディー,
7018,7304,総務,
7019,7305,バニラ,
7020,7306,中小企業,
7021,7307,早々,
7022,7308,キャンバス,
7023,7309,河川,
7024,7310,ぴっ,
7025,7311,異性,
7026,7312,入所,
7027,7314,気合い,
7028,7315,伸縮,
7029,7316,キム,
7030,7317,大戦,
7031,7318,卒業後,
7032,7319,参入,
7033,7320,税理,
7034,7321,アーモンド,
7035,7322,道場,
7036,7323,シンポジウム,
7037,7324,本場,
7038,7325,通気性,
7039,7326,固める,
7040,7327,音源,
7041,7328,弦,
7042,7329,日向,
7043,7330,鬱,
7044,7331,JA,
7045,7332,尽きる,
7046,7333,幸運,
7047,7334,沈む,
7048,7335,パンチ,
7049,7336,通路,
7050,7337,展示会,
7051,7338,前髪,
7052,7339,気象,
7053,7340,盗難,
7054,7341,蘇る,
7055,7342,ばらばら,
7056,7343,前期,
7057,7344,神話,
7058,7345,ホラー,
7059,7346,麻,
7060,7348,熱心,
7061,7349,病棟,
7062,7350,波動,
7063,7351,挫折,
7064,7352,薬用,
7065,7353,パニック,
7066,7354,内祝い,
7067,7355,ハイライト,
7068,7356,省エネ,
7069,7357,FP,
7070,7358,水漏れ,
7071,7359,ヘッドホン,
7072,7360,映え,
7073,7361,感性,
7074,7362,気配,
7075,7363,さび,
7076,7364,天板,
7077,7365,同行,
7078,7366,活躍中,
7079,7367,御祭り,
7080,7368,重点,
7081,7369,野生,
7082,7370,ダンジョン,
7083,7371,デビッド,
7084,7372,継続的,
7085,7373,シャネル,
7086,7374,続編,
7087,7375,選出,
7088,7376,好調,
7089,7377,台所,
7090,7378,疑惑,
7091,7379,フェイシャル,
7092,7380,発売日,
7093,7381,イチ,
7094,7382,温,
7095,7383,症候群,
7096,7384,鉛筆,
7097,7385,一斉,
7098,7386,mg,
7099,7387,ペダル,
7100,7388,伸び,
7101,7389,子連れ,
7102,7390,キャリー,
7103,7391,占う,
7104,7392,著書,
7105,7393,香る,
7106,7394,山下,
7107,7395,リソース,
7108,7396,徴収,
7109,7397,助成金,
7110,7398,ii,
7111,7399,嘗める,
7112,7400,凍結,
7113,7401,りん,
7114,7402,前面,
7115,7403,スロー,
7116,7404,シュート,
7117,7405,ねん,
7118,7406,びっ,
7119,7407,閉める,
7120,7408,シンク,
7121,7409,辞書,
7122,7410,カメラマン,
7123,7411,シェル,
7124,7412,仏壇,
7125,7413,モジュール,
7126,7414,バリュー,
7127,7415,AT,
7128,7416,バルーン,
7129,7417,穴場,
7130,7418,思い付く,
7131,7419,婦人,
7132,7420,はあ,
7133,7422,ブリッジ,
7134,7423,特急,
7135,7424,成型,
7136,7425,抜け毛,
7137,7426,デリバリー,
7138,7427,ヒート,
7139,7428,唐辛子,
7140,7429,遠隔,
7141,7430,専門医,
7142,7431,取り消し,
7143,7432,ブーケ,
7144,7433,生後,
7145,7434,啓発,
7146,7435,父さん,
7147,7436,ラン,
7148,7437,体系,
7149,7438,本業,
7150,7439,冠,
7151,7440,銅,
7152,7441,中川,
7153,7442,恐竜,
7154,7443,寝具,
7155,7444,人柄,
7156,7445,盛り上げる,
7157,7446,剪定,
7158,7447,水泳,
7159,7448,恵み,
7160,7449,ガレージ,
7161,7450,振り替え,
7162,7451,在,
7163,7452,競艇,
7164,7453,ウエート,
7165,7454,技法,
7166,7455,望ましい,
7167,7456,妖怪,
7168,7457,著しい,
7169,7458,太平洋,
7170,7459,ブランク,
7171,7460,観音,
7172,7461,余分,
7173,7462,セル,
7174,7463,ロビー,
7175,7464,練る,
7176,7465,本年,
7177,7466,乃木坂,
7178,7467,塗り,
7179,7468,最速,
7180,7469,くっ付く,
7181,7470,所持,
7182,7471,急性,
7183,7472,助け,
7184,7473,騎士,
7185,7474,リットル,
7186,7475,次世代,
7187,7476,スズキ,
7188,7477,祭る,
7189,7478,配管,
7190,7479,煙,
7191,7480,ぅ,
7192,7481,技師,
7193,7482,日本橋,
7194,7483,納車,
7195,7484,街道,
7196,7485,ウエット,
7197,7486,各自,
7198,7487,総合的,
7199,7488,限度,
7200,7489,賑やか,
7201,7490,月給,
7202,7491,精油,
7203,7492,アレ,
7204,7493,DS,
7205,7494,簿記,
7206,7495,ボーイ,
7207,7496,名誉,
7208,7497,中古品,
7209,7498,小倉,
7210,7499,女神,
7211,7500,総理,
7212,7501,講習会,
7213,7502,夏季,
7214,7503,マックス,
7215,7504,分布,
7216,7505,ios,
7217,7506,ソーラー,
7218,7507,視覚,
7219,7508,警備,
7220,7509,横断,
7221,7510,効率化,
7222,7511,知能,
7223,7512,温まる,
7224,7513,中毒,
7225,7514,中断,
7226,7515,違和,
7227,7516,請求書,
7228,7517,ブルーベリー,
7229,7518,指針,
7230,7519,マージャン,
7231,7520,集中力,
7232,7521,マイホーム,
7233,7522,如何なる,
7234,7523,関与,
7235,7524,地形,
7236,7525,たがる,
7237,7527,ふる,
7238,7528,運輸,
7239,7529,見込む,
7240,7530,宮城県,
7241,7531,双子,
7242,7532,三重県,
7243,7533,取締役,
7244,7534,来,
7245,7535,葉っぱ,
7246,7537,終盤,
7247,7538,売り切れ,
7248,7539,介助,
7249,7540,サンドイッチ,
7250,7541,アットホーム,
7251,7543,配偶者,
7252,7544,下痢,
7253,7545,責任者,
7254,7546,スピーディー,
7255,7547,巣,
7256,7548,羽田,
7257,7549,住友,
7258,7550,高騰,
7259,7551,卓球,
7260,7552,御馳走,
7261,7553,宇都宮,
7262,7554,ヤマハ,
7263,7555,サブ,
7264,7556,北京,
7265,7557,水族館,
7266,7558,出来上がり,
7267,7559,貸し,
7268,7560,角質,
7269,7561,短期間,
7270,7562,名古屋市,
7271,7563,オペレーター,
7272,7564,健やか,
7273,7565,話し合い,
7274,7566,師匠,
7275,7567,労務,
7276,7568,住居,
7277,7569,ヘアスタイル,
7278,7570,欲求,
7279,7571,卓上,
7280,7572,生息,
7281,7573,アトリエ,
7282,7574,溶接,
7283,7575,アトラクション,
7284,7576,常勤,
7285,7577,天国,
7286,7578,エプロン,
7287,7579,記号,
7288,7580,HDD,
7289,7581,ちょい,
7290,7582,指先,
7291,7583,登校,
7292,7584,食生活,
7293,7585,商談,
7294,7586,アンプ,
7295,7587,可動,
7296,7588,放射,
7297,7589,さいたま,
7298,7590,縮毛,
7299,7591,無理矢理,
7300,7592,打,
7301,7593,DM,
7302,7594,痺れ,
7303,7595,ジップ,
7304,7596,捨離,
7305,7597,景観,
7306,7598,パンケーキ,
7307,7599,酵母,
7308,7600,コア,
7309,7601,聖地,
7310,7602,もやもや,
7311,7603,技術者,
7312,7604,最終日,
7313,7605,インターフェース,
7314,7606,テール,
7315,7607,LAN,
7316,7608,明,
7317,7609,屋上,
7318,7610,幹部,
7319,7611,全話,
7320,7612,納付,
7321,7613,親父,
7322,7614,翔,
7323,7615,乗り換える,
7324,7617,フット,
7325,7618,ぶつかる,
7326,7619,養護,
7327,7620,かえる,
7328,7622,反面,
7329,7623,汚い,
7330,7624,CH,
7331,7625,シュー,
7332,7626,冷え,
7333,7627,aga,
7334,7628,国土,
7335,7629,アリーナ,
7336,7630,個性的,
7337,7631,ウェーブ,
7338,7632,淡い,
7339,7633,被告,
7340,7634,変色,
7341,7635,工務店,
7342,7636,任せ,
7343,7637,不幸,
7344,7638,アリス,
7345,7639,大陸,
7346,7640,峰,
7347,7641,ビーフ,
7348,7642,舞,
7349,7643,イラストレーター,
7350,7644,プッシュ,
7351,7645,牡蠣,
7352,7646,セーター,
7353,7647,密,
7354,7648,欠点,
7355,7649,近畿,
7356,7650,熱愛,
7357,7651,騎手,
7358,7652,近代,
7359,7653,ロケーション,
7360,7654,メーター,
7361,7655,キャット,
7362,7657,腫瘍,
7363,7658,広島県,
7364,7659,ぽん,
7365,7660,味覚,
7366,7661,使い道,
7367,7662,バースデー,
7368,7663,館内,
7369,7664,ファー,
7370,7665,抜粋,
7371,7666,正義,
7372,7667,水晶,
7373,7668,ライオン,
7374,7669,艦,
7375,7670,ニュアンス,
7376,7671,落ち込む,
7377,7672,投与,
7378,7673,太鼓,
7379,7674,肥満,
7380,7675,昼寝,
7381,7676,抱っこ,
7382,7677,岐阜県,
7383,7678,極力,
7384,7679,内閣,
7385,7680,芝生,
7386,7681,ギリシャ,
7387,7682,進捗,
7388,7683,檜,
7389,7684,真夏,
7390,7685,多種,
7391,7686,数カ月,
7392,7687,名付ける,
7393,7688,満,
7394,7689,スキャン,
7395,7690,アイ,
7396,7691,不問,
7397,7692,報じる,
7398,7693,町田,
7399,7694,水曜日,
7400,7696,英雄,
7401,7697,惑星,
7402,7698,石井,
7403,7699,トレーダー,
7404,7701,福島県,
7405,7702,悪質,
7406,7703,次男,
7407,7704,危険性,
7408,7705,枯れる,
7409,7706,歯周病,
7410,7707,手指,
7411,7708,坂本,
7412,7709,フォーマット,
7413,7710,神田,
7414,7711,付帯,
7415,7712,ライド,
7416,7713,半身,
7417,7714,養う,
7418,7715,オタク,
7419,7716,ウチ,
7420,7717,大した,
7421,7718,急遽,
7422,7719,円滑,
7423,7720,ロット,
7424,7721,少人数,
7425,7722,屡々,
7426,7723,籠,
7427,7724,難易,
7428,7725,ドール,
7429,7726,フォルム,
7430,7727,纏う,
7431,7728,マンゴー,
7432,7729,本田,
7433,7730,一連,
7434,7731,連日,
7435,7732,柔道,
7436,7733,深まる,
7437,7734,造形,
7438,7735,リーフ,
7439,7736,坊,
7440,7737,洗車,
7441,7738,凝り,
7442,7739,署,
7443,7740,外装,
7444,7741,調味,
7445,7742,スケート,
7446,7743,新潟県,
7447,7744,度々,
7448,7745,ロッカー,
7449,7746,相続税,
7450,7747,仕掛ける,
7451,7748,題する,
7452,7749,ガチ,
7453,7750,足首,
7454,7751,ル,
7455,7752,甲子園,
7456,7753,粉末,
7457,7754,代目,
7458,7755,ライトアップ,
7459,7756,ようこそ,
7460,7757,劇的,
7461,7758,裏地,
7462,7759,出費,
7463,7760,守備,
7464,7761,消滅,
7465,7762,プレッシャー,
7466,7763,デリケート,
7467,7764,帰省,
7468,7765,スタバ,
7469,7766,切断,
7470,7767,チタン,
7471,7768,SF,
7472,7769,食料,
7473,7770,PayPay,
7474,7771,もも,
7475,7772,添う,
7476,7773,実例,
7477,7774,履歴書,
7478,7775,スプレッド,
7479,7776,市区町村,
7480,7777,箪笥,
7481,7778,理科,
7482,7779,目眩,
7483,7780,劣る,
7484,7781,リピーター,
7485,7782,生前,
7486,7783,紛争,
7487,7784,専門学校,
7488,7785,NTT,
7489,7786,群馬県,
7490,7787,細部,
7491,7788,魅了,
7492,7789,生産性,
7493,7790,縫う,
7494,7791,蛇口,
7495,7792,昆虫,
7496,7793,検品,
7497,7794,さようなら,
7498,7795,リレー,
7499,7796,威力,
7500,7797,全日本,
7501,7798,花束,
7502,7799,入賞,
7503,7800,初級,
7504,7801,外構,
7505,7802,眠り,
7506,7804,補足,
7507,7805,片方,
7508,7806,視力,
7509,7807,京都府,
7510,7808,クラウン,
7511,7809,基調,
7512,7810,合,
7513,7811,スライス,
7514,7812,透明感,
7515,7813,着色,
7516,7814,西口,
7517,7815,思い切る,
7518,7816,ポートフォリオ,
7519,7817,インターナショナル,
7520,7818,バイオリン,
7521,7819,要領,
7522,7820,決まり,
7523,7821,六本木,
7524,7822,取り込む,
7525,7823,置き場,
7526,7824,通気,
7527,7825,バッジ,
7528,7826,出資,
7529,7827,星座,
7530,7828,侍,
7531,7829,前記,
7532,7831,ラグジュアリー,
7533,7832,無垢,
7534,7833,過度,
7535,7834,流出,
7536,7835,膜,
7537,7836,水回り,
7538,7837,試着,
7539,7838,薄手,
7540,7839,本編,
7541,7840,感触,
7542,7841,着付け,
7543,7842,調べ,
7544,7843,ランタン,
7545,7844,祖母,
7546,7845,伝統的,
7547,7846,土壌,
7548,7847,願望,
7549,7848,出入り,
7550,7849,受け入れ,
7551,7850,アドベンチャー,
7552,7851,有害,
7553,7852,塵箱,
7554,7853,年末年始,
7555,7854,財,
7556,7856,ぱちスロ,
7557,7857,交差点,
7558,7858,焜炉,
7559,7859,わあ,
7560,7860,しつこい,
7561,7861,パラメーター,
7562,7862,エール,
7563,7863,しめる,
7564,7864,沸騰,
7565,7865,BGM,
7566,7866,貝,
7567,7867,その,
7568,7868,打ち明ける,
7569,7869,外見,
7570,7870,目撃,
7571,7871,反響,
7572,7872,鼠,
7573,7873,前項,
7574,7874,審判,
7575,7875,犠牲,
7576,7876,楽譜,
7577,7877,心地,
7578,7878,ウレタン,
7579,7879,後方,
7580,7880,銃,
7581,7881,要項,
7582,7882,茎,
7583,7883,育休,
7584,7884,新型コロナ,
7585,7885,頬,
7586,7886,プラグ,
7587,7887,是,
7588,7888,蛙,
7589,7889,マニア,
7590,7890,キャプテン,
7591,7891,交わす,
7592,7892,縫製,
7593,7893,断然,
7594,7894,パーキング,
7595,7895,リスニング,
7596,7896,ベビーカー,
7597,7897,特色,
7598,7898,ニュージーランド,
7599,7899,トリミング,
7600,7900,交差,
7601,7901,スクロール,
7602,7902,上陸,
7603,7903,話し掛ける,
7604,7904,トースト,
7605,7905,予約制,
7606,7906,健康的,
7607,7907,つるつる,
7608,7908,八王子,
7609,7909,メカニズム,
7610,7910,省略,
7611,7911,ジーンズ,
7612,7912,バックパック,
7613,7913,ミスト,
7614,7914,ロケット,
7615,7915,TEL,
7616,7916,研磨,
7617,7917,辞典,
7618,7918,うう,
7619,7919,舎,
7620,7920,納める,
7621,7921,セッティング,
7622,7922,励む,
7623,7923,専属,
7624,7924,まい,
7625,7925,フィッシング,
7626,7926,低温,
7627,7927,白色,
7628,7928,学部,
7629,7929,公正,
7630,7930,話し合う,
7631,7931,パーフェクト,
7632,7932,伝授,
7633,7933,ルビー,
7634,7934,BB,
7635,7935,ブランディング,
7636,7936,ココ,
7637,7937,マーカー,
7638,7938,市役所,
7639,7939,ヘルス,
7640,7940,制定,
7641,7941,磨き,
7642,7942,電圧,
7643,7943,レバレッジ,
7644,7944,番地,
7645,7945,秋葉原,
7646,7946,宴会,
7647,7947,録,
7648,7948,シアター,
7649,7949,柏,
7650,7950,ビュッフェ,
7651,7951,愛顧,
7652,7952,申請書,
7653,7953,弄る,
7654,7954,フェンス,
7655,7955,ジューシー,
7656,7956,減額,
7657,7957,傾ける,
7658,7958,教わる,
7659,7959,離脱,
7660,7960,泥,
7661,7961,肝臓,
7662,7962,厚手,
7663,7963,方向性,
7664,7964,月々,
7665,7965,太田,
7666,7966,一昨,
7667,7967,搭乗,
7668,7968,言い訳,
7669,7969,等級,
7670,7970,板金,
7671,7971,正しく,
7672,7972,少,
7673,7973,称する,
7674,7974,湾,
7675,7975,摩擦,
7676,7976,返還,
7677,7977,乱れる,
7678,7978,面会,
7679,7979,スタディー,
7680,7980,指導者,
7681,7981,モットー,
7682,7982,区画,
7683,7983,菠薐草,
7684,7984,ユニバーサル,
7685,7985,頼り,
7686,7986,際立つ,
7687,7987,ベーコン,
7688,7988,又々,
7689,7989,たん,
7690,7990,豪,
7691,7991,改訂,
7692,7992,接近,
7693,7993,ゆき,
7694,7994,鹿,
7695,7995,耐性,
7696,7996,対立,
7697,7997,車体,
7698,7998,薬物,
7699,7999,加齢,
7700,8001,あご,
7701,8002,金庫,
7702,8003,大工,
7703,8004,台数,
7704,8005,椎茸,
7705,8006,使い捨て,
7706,8007,マルシェ,
7707,8008,割れ,
7708,8009,痒み,
7709,8010,真っ白,
7710,8011,高圧,
7711,8012,解雇,
7712,8013,信州,
7713,8014,到来,
7714,8015,博物,
7715,8016,口臭,
7716,8017,ドラクエ,
7717,8018,朝御飯,
7718,8019,専門的,
7719,8020,マイページ,
7720,8021,返送,
7721,8022,通用,
7722,8023,POP,
7723,8024,広大,
7724,8025,軍事,
7725,8026,翌年,
7726,8027,もちもち,
7727,8028,通訳,
7728,8029,殺菌,
7729,8030,尻,
7730,8031,近鉄,
7731,8032,日当たり,
7732,8033,焙煎,
7733,8034,ドキュメント,
7734,8035,体幹,
7735,8036,ポータル,
7736,8037,怠い,
7737,8038,市川,
7738,8039,エンディング,
7739,8040,参画,
7740,8041,カートリッジ,
7741,8042,周知,
7742,8043,マスコミ,
7743,8044,号線,
7744,8045,マクドナルド,
7745,8046,購入者,
7746,8047,エルメス,
7747,8048,市営,
7748,8049,先頭,
7749,8050,欲,
7750,8051,肯定,
7751,8052,軌道,
7752,8053,節税,
7753,8054,試行,
7754,8055,優雅,
7755,8056,FF,
7756,8057,折り紙,
7757,8058,マス,
7758,8059,スナック,
7759,8060,好感,
7760,8061,アルファ,
7761,8062,社外,
7762,8063,脱,
7763,8064,近郊,
7764,8065,変数,
7765,8066,東武,
7766,8067,過,
7767,8068,挙式,
7768,8069,申し立て,
7769,8070,フィンランド,
7770,8071,最大級,
7771,8072,リキッド,
7772,8073,使命,
7773,8074,膨大,
7774,8075,M&A,
7775,8076,アタック,
7776,8077,意,
7777,8078,ミッキー,
7778,8079,コイル,
7779,8080,皮膚科,
7780,8081,証書,
7781,8082,精,
7782,8084,覚める,
7783,8085,シーツ,
7784,8086,免疫力,
7785,8087,素麺,
7786,8088,ドレッシング,
7787,8089,煉瓦,
7788,8090,トークン,
7789,8091,密度,
7790,8092,曰く,
7791,8093,シロップ,
7792,8094,シャフト,
7793,8095,地盤,
7794,8096,ミシン,
7795,8097,火曜,
7796,8098,クラスター,
7797,8099,買い付け,
7798,8100,あさ,
7799,8101,婚約,
7800,8102,斎藤,
7801,8103,仕立て,
7802,8104,追い掛ける,
7803,8105,海上,
7804,8106,破る,
7805,8107,園芸,
7806,8108,定休,
7807,8109,ウイング,
7808,8110,SE,
7809,8111,剛,
7810,8112,苦痛,
7811,8114,上がり,
7812,8115,日常生活,
7813,8116,大胆,
7814,8117,会議室,
7815,8118,理学,
7816,8119,Webサイト,
7817,8120,伝達,
7818,8121,周期,
7819,8122,案外,
7820,8123,音量,
7821,8124,配色,
7822,8125,慰謝料,
7823,8126,ふっくら,
7824,8127,郵便局,
7825,8128,パッチ,
7826,8129,年会費,
7827,8130,自在,
7828,8131,蛇,
7829,8132,薄型,
7830,8133,恩恵,
7831,8134,介する,
7832,8135,受験生,
7833,8136,グラム,
7834,8137,騒ぐ,
7835,8138,黒ずみ,
7836,8139,サン,
7837,8140,コネクター,
7838,8141,洞窟,
7839,8142,何人,
7840,8143,マリオ,
7841,8144,浸ける,
7842,8145,受け止める,
7843,8146,さくら,
7844,8147,ほんのり,
7845,8148,KG,
7846,8149,等々,
7847,8150,動脈,
7848,8151,ヘッドライト,
7849,8152,海水,
7850,8153,年次,
7851,8154,郷土,
7852,8155,令,
7853,8157,御参り,
7854,8158,バルブ,
7855,8159,ケージ,
7856,8160,御迎え,
7857,8161,本数,
7858,8162,どん,
7859,8163,食後,
7860,8164,冷める,
7861,8165,許容,
7862,8166,ココナッツ,
7863,8168,胃腸,
7864,8169,合い,
7865,8170,寸,
7866,8171,曇り,
7867,8172,名乗る,
7868,8173,つめる,
7869,8174,スチーム,
7870,8175,津波,
7871,8176,不利,
7872,8177,先着,
7873,8178,盗む,
7874,8179,北九州,
7875,8180,種別,
7876,8181,前作,
7877,8182,毎朝,
7878,8183,研究者,
7879,8184,圧,
7880,8185,LP,
7881,8186,GT,
7882,8187,NY,
7883,8188,給付金,
7884,8189,観光地,
7885,8190,プロポーズ,
7886,8191,容赦,
7887,8192,献立,
7888,8193,ベル,
7889,8194,煮,
7890,8195,停電,
7891,8196,難,
7892,8197,柿,
7893,8198,栃木県,
7894,8199,見出だす,
7895,8200,創出,
7896,8201,漏洩,
7897,8202,式場,
7898,8203,書き,
7899,8204,本命,
7900,8205,響き,
7901,8206,指揮,
7902,8207,本校,
7903,8208,背骨,
7904,8209,キムチ,
7905,8210,入居者,
7906,8211,TBS,
7907,8212,重たい,
7908,8213,バドミントン,
7909,8214,経,
7910,8215,言動,
7911,8216,撃つ,
7912,8217,炭素,
7913,8218,Android,
7914,8219,焼ける,
7915,8221,馬場,
7916,8222,堺,
7917,8223,東日本,
7918,8224,狐,
7919,8225,常連,
7920,8226,脅威,
7921,8227,パイ,
7922,8228,引き継ぐ,
7923,8229,遂行,
7924,8230,レジン,
7925,8231,上田,
7926,8232,荷重,
7927,8233,バスケットボール,
7928,8234,物価,
7929,8235,裏切る,
7930,8236,遊,
7931,8237,キャンデー,
7932,8238,花弁,
7933,8239,恵比寿,
7934,8241,阿部,
7935,8242,苦笑,
7936,8243,ハイキング,
7937,8244,NISA,
7938,8245,司会,
7939,8246,無意識,
7940,8247,通報,
7941,8248,ふるさと納税,
7942,8249,建つ,
7943,8250,テクスチャー,
7944,8251,兎も角,
7945,8252,見出し,
7946,8253,アンダー,
7947,8254,身分,
7948,8255,可哀想,
7949,8256,暗記,
7950,8257,休診,
7951,8258,造,
7952,8259,自力,
7953,8260,緩める,
7954,8261,買収,
7955,8262,領収書,
7956,8263,負け,
7957,8264,早稲田,
7958,8265,DC,
7959,8266,キック,
7960,8267,期日,
7961,8268,聖書,
7962,8269,対談,
7963,8270,代用,
7964,8271,別々,
7965,8272,マクロ,
7966,8273,志向,
7967,8274,せめて,
7968,8275,水平,
7969,8276,境界,
7970,8277,ハンカチ,
7971,8278,収容,
7972,8279,本棚,
7973,8280,目当て,
7974,8281,騒音,
7975,8282,歌声,
7976,8283,パンプス,
7977,8284,HD,
7978,8285,川越,
7979,8286,匠,
7980,8287,就寝,
7981,8289,相撲,
7982,8290,歩道,
7983,8291,読み取る,
7984,8292,IoT,
7985,8293,出演者,
7986,8294,本舗,
7987,8295,除外,
7988,8296,一通り,
7989,8297,ショールーム,
7990,8298,拳,
7991,8299,自家製,
7992,8300,医学部,
7993,8301,CPU,
7994,8302,検温,
7995,8303,色彩,
7996,8304,弾力,
7997,8305,故郷,
7998,8306,アディダス,
7999,8307,灰,
8000,8308,消耗,
8001,8309,切ない,
8002,8310,タルト,
8003,8311,ぉ,
8004,8312,出し,
8005,8313,フレア,
8006,8314,視界,
8007,8315,貨物,
8008,8316,倒産,
8009,8317,年賀状,
8010,8318,御陰様,
8011,8319,何処,
8012,8320,今年度,
8013,8321,ダイナミック,
8014,8322,マウンテン,
8015,8323,立川,
8016,8324,結晶,
8017,8325,歪む,
8018,8326,チャイルド,
8019,8327,条約,
8020,8328,意匠,
8021,8329,ハニー,
8022,8330,趣旨,
8023,8331,弟子,
8024,8332,目黒,
8025,8333,取引先,
8026,8334,サーモン,
8027,8335,マイナー,
8028,8336,鮭,
8029,8337,英文,
8030,8338,スイカ,
8031,8339,粘土,
8032,8340,なおす,
8033,8341,住宅ローン,
8034,8342,模試,
8035,8343,百貨店,
8036,8344,くるみ,
8037,8345,ホップ,
8038,8346,持ち主,
8039,8347,風水,
8040,8348,脱ぐ,
8041,8349,リラクセーション,
8042,8350,虐待,
8043,8351,うそ,
8044,8352,雑談,
8045,8353,スリッパ,
8046,8354,本屋,
8047,8355,藤田,
8048,8356,get,
8049,8357,返礼,
8050,8358,スウェーデン,
8051,8359,調停,
8052,8360,吉,
8053,8361,フェリー,
8054,8362,GPS,
8055,8363,小さめ,
8056,8364,アドセンス,
8057,8365,両者,
8058,8366,ナース,
8059,8367,高山,
8060,8368,フェスタ,
8061,8369,股関節,
8062,8370,緩やか,
8063,8371,暴露,
8064,8372,委員長,
8065,8373,固まり,
8066,8374,異動,
8067,8375,馬鹿,
8068,8376,真珠,
8069,8377,テンポ,
8070,8378,始動,
8071,8379,厄介,
8072,8380,縁起,
8073,8381,わく,
8074,8382,満月,
8075,8383,言及,
8076,8384,キャッシュレス,
8077,8385,経年,
8078,8386,遊具,
8079,8387,配列,
8080,8388,奇妙,
8081,8389,張り替え,
8082,8390,合金,
8083,8391,ファクトリー,
8084,8392,機体,
8085,8393,エリート,
8086,8394,滋賀県,
8087,8395,叱る,
8088,8396,熱中,
8089,8397,小豆,
8090,8398,頑丈,
8091,8399,網羅,
8092,8400,共済,
8093,8401,国連,
8094,8402,組み立てる,
8095,8403,平安,
8096,8404,歳児,
8097,8405,三,
8098,8406,変革,
8099,8407,ガーデニング,
8100,8408,インプット,
8101,8409,星野,
8102,8410,根元,
8103,8411,当事者,
8104,8412,ETF,
8105,8413,解明,
8106,8414,福山,
8107,8415,医療費,
8108,8416,パケット,
8109,8417,低価格,
8110,8418,補充,
8111,8419,ウェルカム,
8112,8420,重複,
8113,8421,騒動,
8114,8422,億,
8115,8423,クッキング,
8116,8424,処,
8117,8425,醸造,
8118,8426,大塚,
8119,8427,実施中,
8120,8428,長寿,
8121,8429,真空,
8122,8430,股,
8123,8431,卒業式,
8124,8432,管轄,
8125,8433,前方,
8126,8434,そっくり,
8127,8435,算定,
8128,8436,滴,
8129,8437,フリーター,
8130,8438,婚,
8131,8439,Bluetooth,
8132,8440,電,
8133,8441,検知,
8134,8442,最適化,
8135,8443,無断,
8136,8444,発掘,
8137,8445,中央区,
8138,8446,鳴らす,
8139,8447,ボールペン,
8140,8448,ヘルニア,
8141,8449,教え,
8142,8450,木曜,
8143,8451,吸引,
8144,8452,田圃,
8145,8453,リペアー,
8146,8454,途端,
8147,8455,建設業,
8148,8456,罠,
8149,8457,麻痺,
8150,8458,明細,
8151,8459,事由,
8152,8460,プレゼンテーション,
8153,8461,部会,
8154,8462,全長,
8155,8463,入れ歯,
8156,8464,川口,
8157,8465,中日,
8158,8466,周回,
8159,8467,鋭い,
8160,8468,運動会,
8161,8469,岡崎,
8162,8470,引っ掛かる,
8163,8471,速,
8164,8472,シネマ,
8165,8473,訳有り,
8166,8474,金魚,
8167,8475,ハローワーク,
8168,8476,苦味,
8169,8477,ビトン,
8170,8478,干し,
8171,8479,例える,
8172,8480,眼科,
8173,8481,英検,
8174,8482,膳,
8175,8483,元彼,
8176,8485,マイナビ,
8177,8486,貯蓄,
8178,8487,ぼろぼろ,
8179,8488,少額,
8180,8489,大まか,
8181,8490,乙女,
8182,8491,問題点,
8183,8492,竹内,
8184,8493,ブロッコリー,
8185,8494,火曜日,
8186,8495,泣き,
8187,8497,低減,
8188,8498,ドラえもん,
8189,8499,歯医者,
8190,8500,肺,
8191,8501,ホールディングス,
8192,8502,親指,
8193,8503,魔王,
8194,8504,打撃,
8195,8505,チャーハン,
8196,8506,視聴者,
8197,8507,運勢,
8198,8508,戸籍,
8199,8509,PM,
8200,8510,弾ける,
8201,8511,松田,
8202,8512,手足,
8203,8513,役者,
8204,8514,人体,
8205,8515,寄与,
8206,8516,イングリッシュ,
8207,8517,歯周,
8208,8518,教養,
8209,8519,専業,
8210,8520,間接,
8211,8521,壁蝨,
8212,8522,日和,
8213,8523,利便性,
8214,8524,がっかり,
8215,8525,咲き,
8216,8526,爪先,
8217,8527,ヘアケア,
8218,8528,陸,
8219,8529,ムード,
8220,8530,勇者,
8221,8531,ヒューマン,
8222,8532,APP,
8223,8533,巻き,
8224,8534,シークレット,
8225,8535,デッド,
8226,8536,一家,
8227,8537,合流,
8228,8538,個人差,
8229,8539,営業所,
8230,8540,タイマー,
8231,8541,放出,
8232,8542,壁面,
8233,8543,スクリプト,
8234,8544,ロースト,
8235,8545,何十,
8236,8546,ピンチ,
8237,8547,税別,
8238,8548,尻尾,
8239,8549,スピーチ,
8240,8550,電流,
8241,8551,信長,
8242,8552,機動,
8243,8553,医療機関,
8244,8554,定年,
8245,8555,少なめ,
8246,8556,キューブ,
8247,8557,マザー,
8248,8558,国籍,
8249,8559,奈良県,
8250,8560,広める,
8251,8561,スパ,
8252,8562,採取,
8253,8563,連邦,
8254,8564,火葬,
8255,8565,直面,
8256,8566,アニマル,
8257,8567,文明,
8258,8568,CSS,
8259,8569,オーシャン,
8260,8570,偏差値,
8261,8571,呪い,
8262,8572,祖父,
8263,8573,改札,
8264,8574,宝籤,
8265,8575,混ざる,
8266,8576,換金,
8267,8577,掃除機,
8268,8578,ロー,
8269,8579,しなやか,
8270,8580,客観的,
8271,8581,打ち,
8272,8582,PIC,
8273,8583,シチュエーション,
8274,8584,改装,
8275,8585,花言葉,
8276,8586,取り外す,
8277,8587,猫背,
8278,8588,不能,
8279,8589,彼方,
8280,8590,先進,
8281,8591,御朱印,
8282,8592,進歩,
8283,8593,基金,
8284,8594,全域,
8285,8595,円やか,
8286,8596,踊り,
8287,8597,スナップ,
8288,8598,レコーダー,
8289,8599,公務,
8290,8600,うっかり,
8291,8601,製造業,
8292,8602,替え,
8293,8603,豪雨,
8294,8605,EU,
8295,8606,画家,
8296,8607,かなう,
8297,8608,腐る,
8298,8609,付加,
8299,8610,原告,
8300,8611,見分ける,
8301,8612,目玉,
8302,8613,木工,
8303,8614,夕日,
8304,8615,着丈,
8305,8616,パンク,
8306,8617,フィッシュ,
8307,8618,最善,
8308,8619,特設,
8309,8620,星空,
8310,8621,革新,
8311,8622,田,
8312,8623,ハンバーガー,
8313,8625,乗り物,
8314,8626,セレブ,
8315,8627,奮闘,
8316,8628,速乾,
8317,8629,フォース,
8318,8630,楽ちん,
8319,8631,複製,
8320,8632,じっと,
8321,8633,玉蜀黍,
8322,8634,動物園,
8323,8635,出雲,
8324,8636,バーガー,
8325,8637,急増,
8326,8638,扶養,
8327,8639,д,
8328,8640,ガーゼ,
8329,8641,高性能,
8330,8642,団地,
8331,8643,長期的,
8332,8644,広まる,
8333,8645,捕まえる,
8334,8646,スレ,
8335,8647,紅白,
8336,8648,スペシャリスト,
8337,8649,音色,
8338,8650,現実的,
8339,8651,事業主,
8340,8652,空手,
8341,8653,メス,
8342,8654,模索,
8343,8655,平等,
8344,8656,包括,
8345,8657,仮名,
8346,8658,決め手,
8347,8659,エクスプレス,
8348,8661,メゾン,
8349,8662,誇り,
8350,8663,飲酒,
8351,8664,航空券,
8352,8665,以後,
8353,8666,水栓,
8354,8667,存ずる,
8355,8668,備わる,
8356,8669,デコレーション,
8357,8670,樹木,
8358,8671,太,
8359,8672,道程,
8360,8673,駆ける,
8361,8674,格闘,
8362,8675,和菓子,
8363,8676,冷え性,
8364,8677,到頭,
8365,8678,制約,
8366,8679,竹の子,
8367,8680,費やす,
8368,8681,品目,
8369,8682,蒟蒻,
8370,8683,ETC,
8371,8684,東口,
8372,8685,X1,
8373,8686,面する,
8374,8687,視察,
8375,8688,農地,
8376,8689,ドック,
8377,8690,試み,
8378,8691,試乗,
8379,8692,豊田,
8380,8693,パレット,
8381,8694,耐熱,
8382,8695,AMEX,
8383,8696,汎用,
8384,8697,BS,
8385,8698,兵,
8386,8699,創設,
8387,8700,理想的,
8388,8701,クオーツ,
8389,8702,引き取る,
8390,8703,市街,
8391,8704,リトル,
8392,8705,水面,
8393,8706,秘める,
8394,8707,珊瑚,
8395,8708,プログラマー,
8396,8709,故人,
8397,8710,特約,
8398,8711,うかがう,
8399,8712,電球,
8400,8713,ミュージシャン,
8401,8714,均一,
8402,8715,試食,
8403,8716,ぶつける,
8404,8717,書き込む,
8405,8718,稲荷,
8406,8719,賭ける,
8407,8720,那覇,
8408,8721,合戦,
8409,8722,受け継ぐ,
8410,8723,ロス,
8411,8724,蛸,
8412,8725,人格,
8413,8726,取り揃える,
8414,8727,有益,
8415,8728,校長,
8416,8729,立ち上がる,
8417,8730,暦,
8418,8731,海苔,
8419,8732,苦戦,
8420,8733,校舎,
8421,8734,角形,
8422,8735,直感,
8423,8736,吉祥寺,
8424,8737,日常的,
8425,8738,シーリング,
8426,8739,マイケル,
8427,8740,用紙,
8428,8741,カットソー,
8429,8742,見本,
8430,8743,飛び出す,
8431,8744,駆動,
8432,8745,グラウンド,
8433,8746,悲報,
8434,8747,青木,
8435,8748,御自分,
8436,8749,ディズニーランド,
8437,8750,バット,
8438,8751,再建,
8439,8752,☆彡,
8440,8753,ロマン,
8441,8754,無駄毛,
8442,8755,労災,
8443,8756,最小限,
8444,8757,上り,
8445,8758,野村,
8446,8759,ペースト,
8447,8760,Microsoft,
8448,8761,勤務地,
8449,8762,菜,
8450,8763,浴槽,
8451,8764,外れ,
8452,8765,絶望,
8453,8766,信頼性,
8454,8767,然程,
8455,8768,羽生,
8456,8769,釣果,
8457,8770,染まる,
8458,8771,択,
8459,8772,多岐,
8460,8773,摘む,
8461,8774,携帯電話,
8462,8775,ぎゅっ,
8463,8776,マウスピース,
8464,8777,配分,
8465,8778,損する,
8466,8779,ポンド,
8467,8780,だらだら,
8468,8781,エフェクト,
8469,8782,コレステロール,
8470,8783,雇う,
8471,8784,有力,
8472,8785,締め,
8473,8786,著名,
8474,8787,ねえ,
8475,8788,後払い,
8476,8789,プラダ,
8477,8790,卒業生,
8478,8791,試みる,
8479,8792,毛先,
8480,8794,兵器,
8481,8795,戸惑う,
8482,8796,分け,
8483,8797,鯛,
8484,8798,出番,
8485,8799,将軍,
8486,8800,バイキング,
8487,8801,癌,
8488,8802,新入,
8489,8803,RE,
8490,8804,沿線,
8491,8805,ライナー,
8492,8806,論理,
8493,8807,hulu,
8494,8809,マリア,
8495,8810,長谷川,
8496,8812,減量,
8497,8813,学費,
8498,8814,カレッジ,
8499,8815,散る,
8500,8816,退院,
8501,8817,腎臓,
8502,8818,眉毛,
8503,8819,金融機関,
8504,8820,浦和,
8505,8821,パワフル,
8506,8822,意気,
8507,8823,プリキュア,
8508,8824,岡本,
8509,8825,走,
8510,8826,妥協,
8511,8827,原点,
8512,8828,問題集,
8513,8829,蛸焼き,
8514,8830,擦れる,
8515,8831,大家,
8516,8832,助言,
8517,8833,集う,
8518,8834,葵,
8519,8835,大匙,
8520,8836,着手,
8521,8837,転載,
8522,8838,とことん,
8523,8839,親しい,
8524,8840,調剤,
8525,8841,チェリー,
8526,8842,使い分ける,
8527,8843,含有,
8528,8844,錯誤,
8529,8845,労力,
8530,8846,来日,
8531,8847,矢鱈,
8532,8848,格差,
8533,8849,京都市,
8534,8850,コンボ,
8535,8851,あく,
8536,8852,ほっこり,
8537,8853,大人しい,
8538,8854,備品,
8539,8855,素朴,
8540,8856,ヘルプ,
8541,8857,プライド,
8542,8858,親友,
8543,8859,協同,
8544,8860,越え,
8545,8861,旗,
8546,8862,気楽,
8547,8863,成年,
8548,8864,魚介,
8549,8865,創立,
8550,8866,成人式,
8551,8867,蛍,
8552,8868,亀,
8553,8869,祝福,
8554,8870,YouTuber,
8555,8871,昨夜,
8556,8872,優位,
8557,8873,最長,
8558,8874,新生,
8559,8875,そっと,
8560,8876,英語力,
8561,8877,CS,
8562,8878,税率,
8563,8879,格段,
8564,8880,些細,
8565,8881,熊本県,
8566,8882,介護職,
8567,8883,大野,
8568,8885,島根,
8569,8886,エディター,
8570,8887,御供,
8571,8888,漬け物,
8572,8889,貸し付け,
8573,8890,長期間,
8574,8891,プロミス,
8575,8892,岡山県,
8576,8893,蹴る,
8577,8894,適性,
8578,8895,着実,
8579,8896,レインボー,
8580,8897,傑作,
8581,8898,和らげる,
8582,8899,大使,
8583,8900,パイロット,
8584,8901,MP,
8585,8902,長所,
8586,8903,リーダーシップ,
8587,8904,武将,
8588,8905,古典,
8589,8906,ダッシュ,
8590,8907,ロフト,
8591,8909,一式,
8592,8910,農,
8593,8911,幹事,
8594,8912,エッセー,
8595,8913,トリプル,
8596,8914,大凡,
8597,8915,担任,
8598,8916,慶応,
8599,8917,(^O^),
8600,8918,牛蒡,
8601,8919,嵌める,
8602,8920,スムージー,
8603,8921,解決策,
8604,8922,愛車,
8605,8924,希望者,
8606,8926,スタンス,
8607,8927,ゾンビ,
8608,8928,中級,
8609,8929,共用,
8610,8930,捧げる,
8611,8931,近藤,
8612,8932,紳士,
8613,8933,持ち手,
8614,8934,成り立つ,
8615,8935,細やか,
8616,8936,フリル,
8617,8937,突き込む,
8618,8938,野外,
8619,8939,諸島,
8620,8940,ファンディング,
8621,8941,集落,
8622,8942,竿,
8623,8943,フェーク,
8624,8944,幻想,
8625,8945,排泄,
8626,8946,適量,
8627,8947,対象者,
8628,8948,報,
8629,8949,武蔵,
8630,8950,ブレード,
8631,8951,ラグ,
8632,8952,API,
8633,8953,留意,
8634,8954,キャバクラ,
8635,8955,受付中,
8636,8956,尤も,
8637,8957,住まう,
8638,8958,李,
8639,8959,ビック,
8640,8960,作動,
8641,8962,揺る,
8642,8963,日日,
8643,8964,ペンギン,
8644,8965,偽物,
8645,8966,韓国語,
8646,8967,所有者,
8647,8968,かわり,
8648,8969,っぺ,
8649,8970,マヨネーズ,
8650,8971,劇団,
8651,8972,東南,
8652,8973,使い熟す,
8653,8974,偽,
8654,8975,歯茎,
8655,8976,薬品,
8656,8977,葬,
8657,8978,眉,
8658,8979,レタス,
8659,8980,ゆうゆう,
8660,8981,膨脛,
8661,8982,雑,
8662,8983,ソーセージ,
8663,8984,タイト,
8664,8985,特大,
8665,8986,品番,
8666,8987,募金,
8667,8988,彼岸,
8668,8989,食パン,
8669,8990,まったり,
8670,8991,ギヤ,
8671,8992,筆記,
8672,8993,霊園,
8673,8994,術後,
8674,8995,パフェ,
8675,8996,ディオール,
8676,8998,エクステリア,
8677,8999,パーセント,
8678,9000,ココア,
8679,9001,ヤフオク,
8680,9002,手摺,
8681,9003,コンプレックス,
8682,9004,感心,
8683,9005,能,
8684,9006,赤坂,
8685,9007,当面,
8686,9008,こっそり,
8687,9009,雑草,
8688,9010,苦情,
8689,9011,養生,
8690,9012,屋敷,
8691,9013,カカオ,
8692,9014,本学,
8693,9015,偏る,
8694,9016,貧困,
8695,9017,果汁,
8696,9018,プロレス,
8697,9019,プランニング,
8698,9020,続出,
8699,9021,曲線,
8700,9022,就く,
8701,9023,勝率,
8702,9024,生産者,
8703,9025,出来,
8704,9026,SBI,
8705,9027,バレーボール,
8706,9028,揉む,
8707,9029,コスチューム,
8708,9030,ピッチ,
8709,9031,ハロー,
8710,9032,石原,
8711,9033,先発,
8712,9034,研修会,
8713,9035,がんがん,
8714,9036,ぎ,
8715,9037,葬式,
8716,9038,持ち歩く,
8717,9039,振り込む,
8718,9040,軽井沢,
8719,9041,ブラ,
8720,9042,交流会,
8721,9043,逸早く,
8722,9044,遠征,
8723,9045,豊,
8724,9046,粒子,
8725,9047,半日,
8726,9048,チェスト,
8727,9049,マイカー,
8728,9050,起用,
8729,9051,軽やか,
8730,9052,FM,
8731,9053,交感,
8732,9054,アボカド,
8733,9055,税制,
8734,9056,ハリー,
8735,9057,滞納,
8736,9058,現物,
8737,9059,トピック,
8738,9060,にゃん,
8739,9061,専任,
8740,9062,舞う,
8741,9063,滅多,
8742,9064,親身,
8743,9065,一々,
8744,9066,先祖,
8745,9067,換算,
8746,9068,スノーボード,
8747,9069,刺さる,
8748,9070,脈,
8749,9071,スワップ,
8750,9072,錦,
8751,9073,ドラフト,
8752,9074,民法,
8753,9075,船橋,
8754,9076,ずばり,
8755,9077,いえ,
8756,9079,音響,
8757,9080,収縮,
8758,9081,セレクション,
8759,9082,厨房,
8760,9083,カフェイン,
8761,9084,対人,
8762,9085,東部,
8763,9086,平気,
8764,9087,暴落,
8765,9088,白菜,
8766,9089,祝う,
8767,9090,織り,
8768,9091,突っ込み,
8769,9092,踏み出す,
8770,9093,商社,
8771,9094,スーツケース,
8772,9095,トレール,
8773,9096,ボブ,
8774,9097,説得,
8775,9098,(^_^;),
8776,9099,司法書士,
8777,9100,入れ替え,
8778,9101,友情,
8779,9102,着目,
8780,9103,北口,
8781,9104,ピーマン,
8782,9105,牽引,
8783,9106,秘書,
8784,9107,高松,
8785,9108,蝶,
8786,9109,損なう,
8787,9110,プレース,
8788,9111,ビルド,
8789,9112,洋食,
8790,9114,緩む,
8791,9115,煎餅,
8792,9116,キャビネット,
8793,9117,勢,
8794,9118,渡し,
8795,9119,遡る,
8796,9120,デトックス,
8797,9121,増殖,
8798,9122,年寄り,
8799,9123,消去,
8800,9124,この先,
8801,9125,生存,
8802,9126,毛布,
8803,9128,世田谷,
8804,9129,武,
8805,9130,佐野,
8806,9131,日勤,
8807,9132,烏,
8808,9133,青汁,
8809,9134,マック,
8810,9135,ランドリー,
8811,9136,不用,
8812,9137,動詞,
8813,9138,冬場,
8814,9139,買い換える,
8815,9140,筋膜,
8816,9141,カラーリング,
8817,9142,EV,
8818,9143,渡航,
8819,9145,格,
8820,9146,小野,
8821,9147,ダンサー,
8822,9148,フェーズ,
8823,9149,饅頭,
8824,9150,ハンドバッグ,
8825,9151,少数,
8826,9152,固有,
8827,9153,衛星,
8828,9154,椿,
8829,9155,昇格,
8830,9156,因む,
8831,9157,DJ,
8832,9158,賃料,
8833,9159,妊活,
8834,9160,現金化,
8835,9161,年内,
8836,9162,履き心地,
8837,9163,敷地内,
8838,9164,尾,
8839,9165,高等学校,
8840,9166,田村,
8841,9167,求人情報,
8842,9168,茶碗,
8843,9169,ニトリ,
8844,9170,却って,
8845,9171,セクション,
8846,9172,戦力,
8847,9173,ごろごろ,
8848,9174,主任,
8849,9175,仮装,
8850,9176,外交,
8851,9177,交通事故,
8852,9178,法要,
8853,9179,自民党,
8854,9180,温もり,
8855,9181,空ける,
8856,9182,物販,
8857,9184,エンタメ,
8858,9185,和装,
8859,9186,考案,
8860,9187,用事,
8861,9188,アンパンマン,
8862,9189,登壇,
8863,9190,日替わり,
8864,9191,乗り切る,
8865,9192,DNA,
8866,9193,乳癌,
8867,9195,菊,
8868,9196,絶える,
8869,9198,搬入,
8870,9199,七夕,
8871,9200,鯨,
8872,9201,不備,
8873,9202,シンデレラ,
8874,9203,直ちに,
8875,9204,惜しい,
8876,9205,据える,
8877,9206,純米,
8878,9207,前進,
8879,9208,受託,
8880,9209,観覧,
8881,9210,洪水,
8882,9211,バスケ,
8883,9212,賞金,
8884,9213,ミサイル,
8885,9214,大腸,
8886,9215,実技,
8887,9216,重症,
8888,9217,薔薇,
8889,9218,ばたばた,
8890,9219,インスタント,
8891,9220,保冷,
8892,9221,ラケット,
8893,9222,水戸,
8894,9223,絞り,
8895,9224,野,
8896,9225,コンシェルジュ,
8897,9226,非公開,
8898,9227,カリフォルニア,
8899,9228,琉球,
8900,9229,麹,
8901,9230,別名,
8902,9231,クラッチ,
8903,9232,仕付け,
8904,9233,石田,
8905,9234,給水,
8906,9235,織る,
8907,9236,撤退,
8908,9237,My,
8909,9238,本能,
8910,9239,つかる,
8911,9240,表れる,
8912,9241,審議,
8913,9242,歯並び,
8914,9243,蜜,
8915,9244,緑色,
8916,9245,一味,
8917,9246,アイランド,
8918,9247,潤う,
8919,9248,内面,
8920,9249,格別,
8921,9250,育毛剤,
8922,9251,NET,
8923,9252,エディション,
8924,9253,蔓延,
8925,9254,ぐるぐる,
8926,9255,容疑,
8927,9256,木曜日,
8928,9257,火山,
8929,9258,誤り,
8930,9259,新郎,
8931,9260,単身,
8932,9261,出,
8933,9262,ミスター,
8934,9263,計上,
8935,9264,正当,
8936,9265,和田,
8937,9266,風俗,
8938,9267,読み込む,
8939,9268,キャン,
8940,9269,レクチャー,
8941,9270,人員,
8942,9271,居宅,
8943,9272,ピラティス,
8944,9273,インフレ,
8945,9274,相棒,
8946,9275,コメディー,
8947,9276,役職,
8948,9277,良,
8949,9278,鉄筋,
8950,9279,シャドー,
8951,9280,離乳食,
8952,9281,最先端,
8953,9282,ノー,
8954,9283,準ずる,
8955,9284,ジョイント,
8956,9285,家屋,
8957,9286,瑞々しい,
8958,9287,油断,
8959,9288,レジェンド,
8960,9289,知名度,
8961,9290,お好み焼き,
8962,9291,バレー,
8963,9293,OB,
8964,9294,知育,
8965,9295,段差,
8966,9296,年賀,
8967,9297,鮮度,
8968,9298,黙る,
8969,9299,冊子,
8970,9300,頭部,
8971,9301,打ち込む,
8972,9302,知見,
8973,9303,ペッパー,
8974,9304,つくば,
8975,9305,協働,
8976,9306,燐,
8977,9307,札幌市,
8978,9308,責める,
8979,9309,井戸,
8980,9310,セリア,
8981,9311,無人,
8982,9312,示唆,
8983,9313,トリガー,
8984,9314,リア,
8985,9315,宅急便,
8986,9316,改める,
8987,9317,呪術,
8988,9318,パワハラ,
8989,9319,明石,
8990,9320,熟練,
8991,9321,体育館,
8992,9322,開き,
8993,9323,生体,
8994,9324,浮かべる,
8995,9325,おい,
8996,9326,トレ,
8997,9327,分岐,
8998,9328,授与,
8999,9329,単発,
9000,9330,乳幼児,
9001,9331,数千,
9002,9332,自動化,
9003,9333,青森県,
9004,9334,近辺,
9005,9335,大河,
9006,9336,手触り,
9007,9338,運賃,
9008,9339,尿,
9009,9340,乙,
9010,9342,小麦粉,
9011,9343,放映,
9012,9344,白石,
9013,9345,レシート,
9014,9346,コーラ,
9015,9347,目印,
9016,9348,国境,
9017,9349,目高,
9018,9350,オーク,
9019,9351,マツダ,
9020,9352,率いる,
9021,9353,凝る,
9022,9354,オペラ,
9023,9355,潮,
9024,9356,海賊,
9025,9357,矢印,
9026,9358,もり,
9027,9359,返答,
9028,9361,マグカップ,
9029,9362,黒猫,
9030,9363,引き籠もり,
9031,9364,表参道,
9032,9365,エコー,
9033,9366,精進,
9034,9367,鹿児島県,
9035,9368,鳥居,
9036,9369,グラビア,
9037,9370,後々,
9038,9371,損切り,
9039,9372,梅干し,
9040,9373,写し,
9041,9374,三脚,
9042,9375,苑,
9043,9376,バグ,
9044,9377,越し,
9045,9378,早,
9046,9379,信念,
9047,9380,名詞,
9048,9381,我が儘,
9049,9382,木々,
9050,9383,題材,
9051,9384,おでん,
9052,9386,亜鉛,
9053,9387,大社,
9054,9388,EA,
9055,9389,帆立,
9056,9390,言い方,
9057,9391,下回る,
9058,9392,稼ぎ,
9059,9393,簿,
9060,9394,欠品,
9061,9395,神戸市,
9062,9396,編み,
9063,9397,販促,
9064,9398,品揃え,
9065,9399,オメガ,
9066,9400,厳密,
9067,9401,古墳,
9068,9402,理系,
9069,9403,権力,
9070,9404,日祝,
9071,9405,必殺,
9072,9406,アーチ,
9073,9407,豚カツ,
9074,9408,特技,
9075,9409,OL,
9076,9410,所要,
9077,9411,昇給,
9078,9412,新婦,
9079,9413,半数,
9080,9414,痩せ,
9081,9415,シリアル,
9082,9416,カンボジア,
9083,9417,ひんやり,
9084,9418,待望,
9085,9419,乾燥機,
9086,9420,余,
9087,9421,欅,
9088,9422,高崎,
9089,9423,ちょっぴり,
9090,9424,野田,
9091,9425,コントラスト,
9092,9426,拍手,
9093,9427,ビート,
9094,9428,肺炎,
9095,9429,夏祭り,
9096,9430,満席,
9097,9431,燃やす,
9098,9432,過酷,
9099,9433,トレッキング,
9100,9434,誤,
9101,9435,拭き取る,
9102,9436,殻,
9103,9437,袴,
9104,9438,研究科,
9105,9439,オフライン,
9106,9440,包,
9107,9441,ディテール,
9108,9442,文献,
9109,9443,血糖値,
9110,9444,所得税,
9111,9445,在留,
9112,9446,乳液,
9113,9447,スモール,
9114,9448,切開,
9115,9449,瞼,
9116,9450,開通,
9117,9451,糖尿,
9118,9452,チャーシュー,
9119,9453,娱乐,
9120,9454,遺族,
9121,9455,杖,
9122,9456,寄り,
9123,9457,甘酒,
9124,9458,エジプト,
9125,9459,めりはり,
9126,9460,3M,
9127,9461,有名人,
9128,9462,乱れ,
9129,9463,御礼,
9130,9464,忍者,
9131,9465,同伴,
9132,9466,トランク,
9133,9467,王者,
9134,9468,歌舞伎,
9135,9469,ワンタッチ,
9136,9470,矛盾,
9137,9471,隔離,
9138,9472,蒸気,
9139,9473,鰹,
9140,9474,ICT,
9141,9475,誘い,
9142,9476,仕立てる,
9143,9477,福田,
9144,9478,結び,
9145,9479,猛暑,
9146,9480,PCR,
9147,9481,エキストラ,
9148,9482,組み込む,
9149,9483,探検,
9150,9484,実写,
9151,9485,和紙,
9152,9486,殺害,
9153,9487,発足,
9154,9488,羽,
9155,9489,ミート,
9156,9490,参考書,
9157,9491,円形,
9158,9492,空中,
9159,9493,添削,
9160,9495,PHP,
9161,9496,ZIP,
9162,9497,電機,
9163,9498,ロレックス,
9164,9499,球団,
9165,9500,絞り込む,
9166,9501,施主,
9167,9502,貧乏,
9168,9503,SR,
9169,9504,将来的,
9170,9505,達磨,
9171,9506,思い遣り,
9172,9507,凍る,
9173,9508,コミックス,
9174,9509,CBD,
9175,9510,サーキット,
9176,9511,発散,
9177,9512,大企業,
9178,9513,菅,
9179,9514,母子,
9180,9515,JCB,
9181,9517,史上,
9182,9518,損益,
9183,9519,東西,
9184,9520,アルミニウム,
9185,9521,博,
9186,9522,ふんだん,
9187,9523,プロパティー,
9188,9524,ストール,
9189,9525,干渉,
9190,9526,大山,
9191,9527,仁,
9192,9528,.com,
9193,9529,地帯,
9194,9530,ファブリック,
9195,9531,駅近,
9196,9532,ズーム,
9197,9533,堀,
9198,9534,シフォン,
9199,9535,例え,
9200,9536,銭湯,
9201,9537,MAC,
9202,9538,リバウンド,
9203,9539,デュアル,
9204,9540,アルプス,
9205,9541,初夏,
9206,9542,課する,
9207,9543,CG,
9208,9545,夫妻,
9209,9546,アジ,
9210,9547,県外,
9211,9548,同日,
9212,9549,緑茶,
9213,9550,直し,
9214,9551,後藤,
9215,9552,採択,
9216,9553,遠藤,
9217,9554,引き締める,
9218,9555,ミリタリー,
9219,9556,鳴く,
9220,9557,研,
9221,9558,購読,
9222,9559,介入,
9223,9560,カッコイイ,
9224,9561,ミディアム,
9225,9562,葉酸,
9226,9563,ベルギー,
9227,9564,西部,
9228,9565,営利,
9229,9566,連想,
9230,9568,フリマ,
9231,9569,有用,
9232,9570,一読,
9233,9572,ファイナンシャル,
9234,9573,放課後,
9235,9574,ナトリウム,
9236,9575,各号,
9237,9576,治安,
9238,9577,不動,
9239,9578,アイリス,
9240,9579,アナウンス,
9241,9580,エントランス,
9242,9581,旭川,
9243,9582,学級,
9244,9583,達人,
9245,9584,諸国,
9246,9585,山葵,
9247,9586,カープ,
9248,9587,タトゥー,
9249,9588,オールド,
9250,9589,モア,
9251,9590,提言,
9252,9591,石垣島,
9253,9592,色違い,
9254,9593,防,
9255,9594,駅伝,
9256,9595,倫理,
9257,9596,美脚,
9258,9597,福岡市,
9259,9598,意向,
9260,9599,テロ,
9261,9600,サブスク,
9262,9601,オーケストラ,
9263,9602,最多,
9264,9603,のぞく,
9265,9604,怠る,
9266,9605,物品,
9267,9606,目茶目茶,
9268,9607,洗い流す,
9269,9608,感激,
9270,9609,お姉さん,
9271,9610,ジョギング,
9272,9611,質疑,
9273,9612,プリンス,
9274,9613,ネコポス,
9275,9614,車庫,
9276,9615,陽気,
9277,9616,米軍,
9278,9617,すく,
9279,9619,メモリー,
9280,9620,ぶ,
9281,9621,冬季,
9282,9622,ハードウェア,
9283,9624,沼,
9284,9625,Mac,
9285,9626,琵琶湖,
9286,9627,感度,
9287,9628,ムラ,
9288,9629,任務,
9289,9630,争う,
9290,9631,刊行,
9291,9632,共生,
9292,9633,煽る,
9293,9634,盾,
9294,9635,霧,
9295,9636,京橋,
9296,9637,オートバイ,
9297,9638,捕まる,
9298,9639,あら,
9299,9640,セルフケア,
9300,9641,目的地,
9301,9642,CO2,
9302,9643,理事長,
9303,9644,無職,
9304,9645,ホテルルートイン,
9305,9646,絵柄,
9306,9647,一員,
9307,9648,アルゴリズム,
9308,9649,郷,
9309,9650,奥深い,
9310,9651,インポート,
9311,9652,酔い,
9312,9653,小山,
9313,9654,悪戯,
9314,9655,超音波,
9315,9656,思い込み,
9316,9658,プレーン,
9317,9659,路面,
9318,9660,心強い,
9319,9661,被せる,
9320,9662,文化財,
9321,9663,ススメ,
9322,9664,転ぶ,
9323,9666,名曲,
9324,9667,立案,
9325,9668,遮光,
9326,9669,後者,
9327,9670,アルファベット,
9328,9671,ベイト,
9329,9672,偉大,
9330,9673,翌月,
9331,9674,鱗,
9332,9675,機内,
9333,9676,歴史的,
9334,9677,イラン,
9335,9678,購買,
9336,9679,ソーダ,
9337,9680,ハリウッド,
9338,9681,名店,
9339,9682,ジャン,
9340,9684,甘える,
9341,9685,緊急事態宣言,
9342,9686,ドキュメンタリー,
9343,9687,助手,
9344,9688,早く,
9345,9689,増税,
9346,9690,知,
9347,9691,小田急,
9348,9692,郊外,
9349,9693,引き上げる,
9350,9694,差し込む,
9351,9695,透ける,
9352,9696,最安値,
9353,9697,GP,
9354,9698,愛着,
9355,9699,しっくり,
9356,9700,はな,
9357,9701,断つ,
9358,9702,冷房,
9359,9703,栄,
9360,9704,万一,
9361,9705,徳川,
9362,9706,パステル,
9363,9707,貫く,
9364,9708,言わば,
9365,9709,サボる,
9366,9710,販売中,
9367,9711,買い替え,
9368,9712,山梨県,
9369,9713,定評,
9370,9714,足裏,
9371,9715,凝縮,
9372,9716,任天堂,
9373,9717,かわる,
9374,9718,年上,
9375,9719,戦術,
9376,9720,仕込む,
9377,9721,お買い得,
9378,9722,中期,
9379,9723,議長,
9380,9724,レクリエーション,
9381,9725,後遺,
9382,9726,天然石,
9383,9727,事案,
9384,9728,ブラン,
9385,9729,南口,
9386,9730,攻撃力,
9387,9731,種子,
9388,9732,ルーチン,
9389,9733,ES,
9390,9734,お笑い,
9391,9735,フットサル,
9392,9736,ヤクルト,
9393,9737,節目,
9394,9738,自衛隊,
9395,9739,ファクタリング,
9396,9740,主題歌,
9397,9741,ミニチュア,
9398,9742,未知,
9399,9743,あしらう,
9400,9744,死者,
9401,9745,辛口,
9402,9746,セントラル,
9403,9747,嫉妬,
9404,9748,ハワイアン,
9405,9749,ストロベリー,
9406,9750,ボトム,
9407,9751,分量,
9408,9752,殴る,
9409,9753,廃棄物,
9410,9754,洗濯物,
9411,9755,見舞い,
9412,9756,通算,
9413,9757,定休日,
9414,9758,QR,
9415,9759,書道,
9416,9760,制覇,
9417,9761,アン,
9418,9762,東証,
9419,9763,IH,
9420,9764,添加物,
9421,9765,道中,
9422,9766,UI,
9423,9767,躊躇,
9424,9768,日払い,
9425,9769,右下,
9426,9770,防音,
9427,9771,圭,
9428,9772,浸かる,
9429,9773,作物,
9430,9774,安田,
9431,9775,守護,
9432,9776,集結,
9433,9777,IPO,
9434,9778,スリー,
9435,9779,北側,
9436,9780,柔軟性,
9437,9781,映画館,
9438,9782,海軍,
9439,9783,ヘルスケア,
9440,9784,蓮,
9441,9785,食塩,
9442,9786,シャンパン,
9443,9787,かご,
9444,9788,ボクシング,
9445,9789,年長,
9446,9790,砂漠,
9447,9791,量産,
9448,9792,甲斐,
9449,9793,車中,
9450,9794,安易,
9451,9795,滑り,
9452,9796,岩手県,
9453,9797,連発,
9454,9798,潜む,
9455,9799,トップページ,
9456,9800,温水,
9457,9801,隠れ家,
9458,9802,放射線,
9459,9804,手厚い,
9460,9805,子犬,
9461,9806,内訳,
9462,9807,大字,
9463,9808,asp,
9464,9809,大物,
9465,9810,仕事内容,
9466,9811,部材,
9467,9812,窯,
9468,9813,食らう,
9469,9814,デパート,
9470,9815,繰り広げる,
9471,9816,医科,
9472,9817,宅地,
9473,9818,度合い,
9474,9819,唱える,
9475,9820,都営,
9476,9821,くるくる,
9477,9822,地名,
9478,9823,ショートカット,
9479,9824,ワーカー,
9480,9825,管理職,
9481,9826,起毛,
9482,9827,当局,
9483,9828,ジョー,
9484,9829,首都圏,
9485,9830,ぴかぴか,
9486,9831,爽快,
9487,9832,つ折り,
9488,9833,パレード,
9489,9834,コスモス,
9490,9835,科学的,
9491,9836,いやいや,
9492,9837,根本的,
9493,9838,電鉄,
9494,9839,再婚,
9495,9840,温か,
9496,9841,行使,
9497,9842,戦隊,
9498,9843,役目,
9499,9844,煮物,
9500,9845,大久保,
9501,9846,ステッチ,
9502,9847,産休,
9503,9848,足る,
9504,9849,儀式,
9505,9850,翌朝,
9506,9851,百合,
9507,9852,盛り上がり,
9508,9854,覆刻,
9509,9855,銀河,
9510,9856,ユナイテッド,
9511,9857,Eメール,
9512,9858,石川県,
9513,9859,断念,
9514,9860,ちび,
9515,9861,dmm,
9516,9862,写真集,
9517,9863,アイボリー,
9518,9864,要約,
9519,9865,細工,
9520,9866,バスルーム,
9521,9867,重心,
9522,9868,落語,
9523,9869,限度額,
9524,9870,軽自動車,
9525,9871,巾着,
9526,9872,確定申告,
9527,9873,拘束,
9528,9874,φ,
9529,9875,m(__)m,
9530,9876,大福,
9531,9877,缶詰め,
9532,9878,fod,
9533,9879,内田,
9534,9880,翌,
9535,9881,ブルゾン,
9536,9882,松井,
9537,9883,ボトムス,
9538,9884,芝居,
9539,9885,毎度,
9540,9886,真鍮,
9541,9887,わいわい,
9542,9888,ミャンマー,
9543,9889,てん,
9544,9890,平屋,
9545,9891,ルーフ,
9546,9892,早起き,
9547,9893,迷い,
9548,9894,まあまあ,
9549,9895,起業家,
9550,9896,ポストカード,
9551,9897,難関,
9552,9898,皇帝,
9553,9899,ST,
9554,9900,零,
9555,9901,西側,
9556,9902,絨毯,
9557,9903,原子,
9558,9904,主催者,
9559,9905,製菓,
9560,9906,名字,
9561,9907,追い付く,
9562,9908,セレモニー,
9563,9909,詰め込む,
9564,9910,鴨,
9565,9911,真っ赤,
9566,9912,園内,
9567,9913,一生懸命,
9568,9914,清,
9569,9915,お買い上げ,
9570,9916,イスラエル,
9571,9917,乾杯,
9572,9918,高田,
9573,9919,彼処,
9574,9920,ナット,
9575,9921,スタミナ,
9576,9922,絶大,
9577,9923,当事,
9578,9924,平仮名,
9579,9925,ディスカッション,
9580,9927,抗議,
9581,9928,器用,
9582,9929,節分,
9583,9930,めん,
9584,9931,賛成,
9585,9933,へえ,
9586,9934,シード,
9587,9935,近道,
9588,9936,傾く,
9589,9937,進展,
9590,9938,蒸し,
9591,9939,たより,
9592,9940,小鳥,
9593,9941,ぎっくり腰,
9594,9942,スヌーピー,
9595,9943,トラウマ,
9596,9944,ヘビー,
9597,9945,絵の具,
9598,9946,ウォッシュ,
9599,9947,ヤング,
9600,9948,辻,
9601,9949,婚姻,
9602,9950,警報,
9603,9951,アマチュア,
9604,9952,年版,
9605,9953,山形県,
9606,9954,ニート,
9607,9955,akb,
9608,9956,負,
9609,9957,落ち着き,
9610,9958,豚骨,
9611,9959,蕩ける,
9612,9960,賛同,
9613,9961,点滴,
9614,9962,ヘアカラー,
9615,9963,織布,
9616,9964,増進,
9617,9965,投函,
9618,9966,富む,
9619,9967,タイガー,
9620,9968,搬送,
9621,9969,脚,
9622,9970,規程,
9623,9971,予備校,
9624,9972,長官,
9625,9973,均等,
9626,9974,クローズ,
9627,9975,賞品,
9628,9976,害虫,
9629,9977,フェルト,
9630,9978,上乗せ,
9631,9979,サーフ,
9632,9980,原宿,
9633,9981,xm,
9634,9982,蕾,
9635,9983,風通し,
9636,9984,着脱,
9637,9985,v,
9638,9986,比例,
9639,9987,台北,
9640,9988,ださい,
9641,9989,不当,
9642,9990,西宮,
9643,9991,左上,
9644,9992,実店舗,
9645,9993,BMW,
9646,9994,後押し,
9647,9995,当て,
9648,9996,構図,
9649,9997,巡回,
9650,9998,共通点,
9651,9999,破れる,
9652,10000,民家,
9653,10001,分別,
9654,10002,今時,
9655,10003,シー,
9656,10004,潤,
9657,10005,ミニマリスト,
9658,10006,明示,
9659,10007,両側,
9660,10008,小田原,
9661,10009,神経質,
9662,10010,合唱,
9663,10011,おける,
9664,10012,リアルタイム,
9665,10013,謝る,
9666,10014,休める,
9667,10015,基板,
9668,10016,梨,
9669,10017,サントリー,
9670,10018,プラセンタ,
9671,10019,注意事項,
9672,10020,臓器,
9673,10021,さてさて,
9674,10022,破綻,
9675,10023,一望,
9676,10024,分配,
9677,10025,値動き,
9678,10026,付録,
9679,10027,熱海,
9680,10028,買い求める,
9681,10029,農場,
9682,10030,妨害,
9683,10031,略,
9684,10032,輸入品,
9685,10033,私服,
9686,10034,操る,
9687,10035,マスコット,
9688,10036,ファイン,
9689,10037,ブックマーク,
9690,10038,熊野,
9691,10039,レーベル,
9692,10040,傾斜,
9693,10041,ホールド,
9694,10042,坊主,
9695,10043,セーブ,
9696,10044,バスタオル,
9697,10045,抜け出す,
9698,10046,ハンマー,
9699,10047,置き物,
9700,10048,主力,
9701,10049,ご入金,
9702,10050,外注,
9703,10051,震える,
9704,10052,ふく,
9705,10053,プルオーバー,
9706,10054,強風,
9707,10055,重厚,
9708,10056,高木,
9709,10057,制する,
9710,10058,生活費,
9711,10059,ロマンチック,
9712,10060,直営,
9713,10061,メート,
9714,10062,西日本,
9715,10063,貴族,
9716,10064,イージー,
9717,10065,原田,
9718,10066,凹凸,
9719,10067,マチ,
9720,10068,SSL,
9721,10069,お復習い,
9722,10070,半導体,
9723,10071,浮上,
9724,10072,テナント,
9725,10073,Na,
9726,10074,まめ,
9727,10075,好意,
9728,10076,殺到,
9729,10077,ガイドブック,
9730,10080,弱る,
9731,10081,コロナウイルス,
9732,10082,己,
9733,10083,シナモン,
9734,10084,相違,
9735,10085,余談,
9736,10086,倉敷,
9737,10087,出走,
9738,10088,初詣で,
9739,10089,鳩,
9740,10090,再販,
9741,10091,天下,
9742,10092,ダービー,
9743,10093,ハザード,
9744,10094,風船,
9745,10095,安定性,
9746,10096,クローバー,
9747,10097,尚且つ,
9748,10098,主導,
9749,10099,宅建,
9750,10100,海豚,
9751,10101,ターボ,
9752,10102,絡める,
9753,10103,成婚,
9754,10104,払い戻し,
9755,10105,西村,
9756,10106,キンドル,
9757,10107,チェックアウト,
9758,10108,研究室,
9759,10109,プレ,
9760,10110,図形,
9761,10111,塩素,
9762,10112,ミュゼ,
9763,10113,中傷,
9764,10114,赤色,
9765,10116,那須,
9766,10117,エキスパート,
9767,10119,一先ず,
9768,10120,爆,
9769,10121,機嫌,
9770,10122,広がり,
9771,10123,X,
9772,10124,カードローン,
9773,10125,コンソール,
9774,10126,超絶,
9775,10127,若布,
9776,10128,手助け,
9777,10129,月末,
9778,10130,然う然う,
9779,10131,日立,
9780,10133,房,
9781,10135,尚更,
9782,10136,上流,
9783,10137,タピオカ,
9784,10138,たま,
9785,10139,使い心地,
9786,10140,置き換える,
9787,10141,上級者,
9788,10142,還元率,
9789,10143,透析,
9790,10144,仮説,
9791,10145,一覧表,
9792,10146,充電器,
9793,10147,別荘,
9794,10148,マイルド,
9795,10149,部長,
9796,10150,水温,
9797,10151,プリザーブド,
9798,10152,弗素,
9799,10153,過失,
9800,10154,スパイ,
9801,10155,政治家,
9802,10156,子猫,
9803,10157,押し,
9804,10158,ブリーチ,
9805,10159,ベーカリー,
9806,10160,CEO,
9807,10161,脳内,
9808,10162,パン屋,
9809,10163,横幅,
9810,10164,臭,
9811,10165,各々,
9812,10166,日米,
9813,10167,斯く,
9814,10168,ディーゼル,
9815,10169,時折,
9816,10170,後見,
9817,10171,誓う,
9818,10172,びびる,
9819,10173,因子,
9820,10174,妖精,
9821,10175,チーク,
9822,10176,出世,
9823,10177,たてる,
9824,10178,伊丹,
9825,10179,多様性,
9826,10180,農林,
9827,10181,ラフ,
9828,10182,奨学金,
9829,10183,芸,
9830,10184,学問,
9831,10185,手芸,
9832,10186,VIP,
9833,10187,眺め,
9834,10188,牛革,
9835,10189,励ます,
9836,10190,雛祭り,
9837,10191,ブランケット,
9838,10192,モーション,
9839,10193,宇治,
9840,10194,吸水,
9841,10195,阻害,
9842,10196,入り込む,
9843,10197,ポロシャツ,
9844,10198,はかる,
9845,10199,チューリップ,
9846,10200,互換,
9847,10201,ゴースト,
9848,10202,血糖,
9849,10203,妨げる,
9850,10204,白黒,
9851,10205,おろし,
9852,10206,鈴,
9853,10207,エッセンシャル,
9854,10208,浸る,
9855,10209,トン,
9856,10210,雲丹,
9857,10211,千歳,
9858,10212,年月日,
9859,10213,中盤,
9860,10214,一挙,
9861,10215,ぽかぽか,
9862,10216,ご指定,
9863,10217,新刊,
9864,10218,妥当,
9865,10219,発令,
9866,10220,積もる,
9867,10221,内障,
9868,10222,陰性,
9869,10223,狂う,
9870,10224,進撃,
9871,10226,同年,
9872,10227,自衛,
9873,10228,レントゲン,
9874,10229,労働省,
9875,10230,ボストン,
9876,10231,スキー場,
9877,10233,伸び伸び,
9878,10234,自民,
9879,10235,クルー,
9880,10236,cookie,
9881,10237,圧巻,
9882,10238,粘膜,
9883,10239,放る,
9884,10241,悪影響,
9885,10242,格納,
9886,10243,ユニセックス,
9887,10244,兼ね備える,
9888,10245,愛媛県,
9889,10246,振る舞う,
9890,10247,激,
9891,10248,シン,
9892,10249,密か,
9893,10250,斬新,
9894,10251,青色,
9895,10252,注力,
9896,10253,唯々,
9897,10254,美容院,
9898,10255,申し出,
9899,10256,原価,
9900,10257,守,
9901,10258,入学式,
9902,10259,免責,
9903,10260,私的,
9904,10261,廻,
9905,10262,喫茶店,
9906,10263,連勝,
9907,10264,暗示,
9908,10265,bts,
9909,10267,募る,
9910,10268,況して,
9911,10269,御中元,
9912,10270,何時,
9913,10271,属,
9914,10272,失業,
9915,10273,サーチ,
9916,10274,競う,
9917,10275,MS,
9918,10276,南側,
9919,10277,乳酸菌,
9920,10278,西川,
9921,10279,疾病,
9922,10280,ぼ,
9923,10281,怪獣,
9924,10282,壮大,
9925,10283,ジョージ,
9926,10285,割高,
9927,10286,猿,
9928,10287,オブジェ,
9929,10288,収束,
9930,10289,US,
9931,10290,治癒,
9932,10291,レーダー,
9933,10292,スターバックス,
9934,10293,眩しい,
9935,10294,芸能界,
9936,10295,レイ,
9937,10296,集約,
9938,10297,飯田,
9939,10298,ロース,
9940,10299,ブラインド,
9941,10300,作詞,
9942,10301,電気代,
9943,10302,吐き気,
9944,10303,渋い,
9945,10304,着替える,
9946,10305,盛岡,
9947,10306,何者,
9948,10307,余地,
9949,10308,OP,
9950,10309,最寄り駅,
9951,10310,たこ,
9952,10311,主題,
9953,10312,代表取締役,
9954,10313,着信,
9955,10314,アッシュ,
9956,10315,蚊,
9957,10316,水洗い,
9958,10317,キングダム,
9959,10318,彼奴,
9960,10319,救済,
9961,10320,コースター,
9962,10321,亮,
9963,10322,前走,
9964,10323,厚,
9965,10324,名簿,
9966,10325,偶,
9967,10326,茶葉,
9968,10327,留学生,
9969,10328,地道,
9970,10329,助,
9971,10330,パイナップル,
9972,10331,花屋,
9973,10332,ウォーズ,
9974,10333,断食,
9975,10334,北区,
9976,10335,隙,
9977,10336,仕舞い,
9978,10337,抗体,
9979,10338,セーフティー,
9980,10339,仕切り,
9981,10340,エナジー,
9982,10341,茶色,
9983,10342,ジブリ,
9984,10343,ブレス,
9985,10344,容疑者,
9986,10345,使い分け,
9987,10346,岬,
9988,10347,煮込む,
9989,10348,判別,
9990,10349,コープ,
9991,10350,めでたい,
9992,10351,役場,
9993,10352,ロッテ,
9994,10353,ビーム,
9995,10354,飛び込む,
9996,10355,御当地,
9997,10356,粥,
9998,10357,火傷,
9999,10358,文具,
10000,10359,マイ,
